host_time,seq,t_ms,setA,velA,pwmA,setB,velB,pwmB,setC,velC,pwmC
0.0131,5297,28615,0.000,0.000,0.0,0.000,0.000,0.0,0.000,0.000,0.0
0.0131,5298,28620,0.000,0.000,0.0,0.000,0.000,0.0,0.000,0.000,0.0
0.0131,5299,28625,0.000,0.000,0.0,0.000,0.000,0.0,0.000,0.000,0.0
0.0131,5300,28630,0.000,0.000,0.0,0.000,0.000,0.0,0.000,0.000,0.0
0.0131,5301,28635,0.000,0.000,0.0,0.000,0.000,0.0,0.000,0.000,0.0
0.0131,5302,28640,0.000,0.000,0.0,0.000,0.000,0.0,0.000,0.000,0.0
0.0131,5303,28645,0.000,0.000,0.0,0.000,0.000,0.0,0.000,0.000,0.0
0.0131,5304,28650,0.000,0.000,0.0,0.000,0.000,0.0,0.000,0.000,0.0
0.0783,5306,28660,0.000,0.000,0.0,0.000,0.000,0.0,0.000,0.000,0.0
0.0783,5307,28665,0.000,0.000,0.0,0.000,0.000,0.0,0.000,0.000,0.0
0.0783,5308,28670,0.000,0.000,0.0,0.000,0.000,0.0,0.000,0.000,0.0
0.0783,5309,28675,0.000,0.000,0.0,0.000,0.000,0.0,0.000,0.000,0.0
0.0783,5310,28680,0.000,0.000,0.0,0.000,0.000,0.0,0.000,0.000,0.0
0.0783,5311,28685,0.000,0.000,0.0,0.000,0.000,0.0,0.000,0.000,0.0
0.0783,5312,28690,0.000,0.000,0.0,0.000,0.000,0.0,0.000,0.000,0.0
0.0783,5313,28695,0.000,0.000,0.0,0.000,0.000,0.0,0.000,0.000,0.0
0.1341,5314,28700,0.000,0.000,0.0,0.000,0.000,0.0,0.000,0.000,0.0
0.1341,5315,28705,0.000,0.000,0.0,0.000,0.000,0.0,0.000,0.000,0.0
0.1341,5316,28710,0.000,0.000,0.0,0.000,0.000,0.0,0.000,0.000,0.0
0.1341,5317,28715,0.000,0.000,0.0,0.000,0.000,0.0,0.000,0.000,0.0
0.1341,5318,28720,0.000,0.000,0.0,0.000,0.000,0.0,0.000,0.000,0.0
0.1341,5319,28725,0.000,0.000,0.0,0.000,0.000,0.0,0.000,0.000,0.0
0.1341,5320,28730,0.000,0.000,0.0,0.000,0.000,0.0,0.000,0.000,0.0
0.1341,5321,28735,0.000,0.000,0.0,0.000,0.000,0.0,0.000,0.000,0.0
0.1341,5322,28740,0.000,0.000,0.0,0.000,0.000,0.0,0.000,0.000,0.0
0.1341,5323,28745,0.000,0.000,0.0,0.000,0.000,0.0,0.000,0.000,0.0
0.1341,5324,28750,0.000,0.000,0.0,0.000,0.000,0.0,0.000,0.000,0.0
0.1341,5325,28755,0.000,0.000,0.0,0.000,0.000,0.0,0.000,0.000,0.0
0.1341,5326,28760,0.000,0.000,0.0,0.000,0.000,0.0,0.000,0.000,0.0
0.1341,5327,28765,0.000,0.000,0.0,0.000,0.000,0.0,0.000,0.000,0.0
0.1341,5328,28770,0.000,0.000,0.0,0.000,0.000,0.0,0.000,0.000,0.0
0.1341,5329,28775,0.000,0.000,0.0,0.000,0.000,0.0,0.000,0.000,0.0
0.1851,5330,28780,0.000,0.000,0.0,0.000,0.000,0.0,0.000,0.000,0.0
0.1851,5331,28785,0.000,0.000,0.0,0.000,0.000,0.0,0.000,0.000,0.0
0.1851,5332,28790,0.000,0.000,0.0,0.000,0.000,0.0,0.000,0.000,0.0
0.1851,5333,28795,0.000,0.000,0.0,0.000,0.000,0.0,0.000,0.000,0.0
0.1851,5334,28800,0.000,0.000,0.0,0.000,0.000,0.0,0.000,0.000,0.0
0.1851,5335,28805,0.000,0.000,0.0,0.000,0.000,0.0,0.000,0.000,0.0
0.1851,5336,28810,0.000,0.000,0.0,0.000,0.000,0.0,0.000,0.000,0.0
0.1851,5337,28815,0.000,0.000,0.0,0.000,0.000,0.0,0.000,0.000,0.0
0.2470,5338,28820,0.000,0.000,0.0,0.000,0.000,0.0,0.000,0.000,0.0
0.2470,5339,28825,0.000,0.000,0.0,0.000,0.000,0.0,0.000,0.000,0.0
0.2470,5340,28830,0.000,0.000,0.0,0.000,0.000,0.0,0.000,0.000,0.0
0.2470,5341,28835,0.000,0.000,0.0,0.000,0.000,0.0,0.000,0.000,0.0
0.2470,5342,28840,0.000,0.000,0.0,0.000,0.000,0.0,0.000,0.000,0.0
0.2470,5343,28845,0.000,0.000,0.0,0.000,0.000,0.0,0.000,0.000,0.0
0.2470,5344,28850,0.000,0.000,0.0,0.000,0.000,0.0,0.000,0.000,0.0
0.2470,5345,28855,0.000,0.000,0.0,0.000,0.000,0.0,0.000,0.000,0.0
0.3085,5346,28860,0.000,0.000,0.0,0.000,0.000,0.0,0.000,0.000,0.0
0.3085,5347,28865,0.000,0.000,0.0,0.000,0.000,0.0,0.000,0.000,0.0
0.3085,5348,28870,0.000,0.000,0.0,0.000,0.000,0.0,0.000,0.000,0.0
0.3085,5349,28875,0.000,0.000,0.0,0.000,0.000,0.0,0.000,0.000,0.0
0.3085,5350,28880,0.000,0.000,0.0,0.000,0.000,0.0,0.000,0.000,0.0
0.3085,5351,28885,0.000,0.000,0.0,0.000,0.000,0.0,0.000,0.000,0.0
0.3085,5352,28890,0.000,0.000,0.0,0.000,0.000,0.0,0.000,0.000,0.0
0.3085,5353,28895,0.000,0.000,0.0,0.000,0.000,0.0,0.000,0.000,0.0
0.3085,5354,28900,0.000,0.000,0.0,0.000,0.000,0.0,0.000,0.000,0.0
0.3085,5355,28905,0.000,0.000,0.0,0.000,0.000,0.0,0.000,0.000,0.0
0.3085,5356,28910,0.000,0.000,0.0,0.000,0.000,0.0,0.000,0.000,0.0
0.3085,5357,28915,0.000,0.000,0.0,0.000,0.000,0.0,0.000,0.000,0.0
0.3085,5358,28920,0.000,0.000,0.0,0.000,0.000,0.0,0.000,0.000,0.0
0.3085,5359,28925,0.000,0.000,0.0,0.000,0.000,0.0,0.000,0.000,0.0
0.3085,5360,28930,0.000,0.000,0.0,0.000,0.000,0.0,0.000,0.000,0.0
0.3085,5361,28935,0.000,0.000,0.0,0.000,0.000,0.0,0.000,0.000,0.0
0.3710,5362,28940,0.000,0.000,0.0,0.000,0.000,0.0,0.000,0.000,0.0
0.3710,5363,28945,0.000,0.000,0.0,0.000,0.000,0.0,0.000,0.000,0.0
0.3710,5364,28950,0.000,0.000,0.0,0.000,0.000,0.0,0.000,0.000,0.0
0.3710,5365,28955,0.000,0.000,0.0,0.000,0.000,0.0,0.000,0.000,0.0
0.3710,5366,28960,0.000,0.000,0.0,0.000,0.000,0.0,0.000,0.000,0.0
0.3710,5367,28965,0.000,0.000,0.0,0.000,0.000,0.0,0.000,0.000,0.0
0.3710,5368,28970,0.000,0.000,0.0,0.000,0.000,0.0,0.000,0.000,0.0
0.3710,5369,28975,0.000,0.000,0.0,0.000,0.000,0.0,0.000,0.000,0.0
0.4354,5370,28980,0.000,0.000,0.0,0.000,0.000,0.0,0.000,0.000,0.0
0.4354,5371,28985,0.000,0.000,0.0,0.000,0.000,0.0,0.000,0.000,0.0
0.4354,5372,28990,0.000,0.000,0.0,0.000,0.000,0.0,0.000,0.000,0.0
0.4354,5373,28995,0.000,0.000,0.0,0.000,0.000,0.0,0.000,0.000,0.0
0.4354,5374,29000,0.000,0.000,0.0,0.000,0.000,0.0,0.000,0.000,0.0
0.4354,5375,29005,0.000,0.000,0.0,0.000,0.000,0.0,0.000,0.000,0.0
0.4354,5376,29010,0.000,0.000,0.0,0.000,0.000,0.0,0.000,0.000,0.0
0.4354,5377,29015,0.000,0.000,0.0,0.000,0.000,0.0,0.000,0.000,0.0
0.4354,5378,29020,0.000,0.000,0.0,0.000,0.000,0.0,0.000,0.000,0.0
0.4354,5379,29025,0.000,0.000,0.0,0.000,0.000,0.0,0.000,0.000,0.0
0.4354,5380,29030,0.000,0.000,0.0,0.000,0.000,0.0,0.000,0.000,0.0
0.4354,5381,29035,0.000,0.000,0.0,0.000,0.000,0.0,0.000,0.000,0.0
0.4354,5382,29040,0.000,0.000,0.0,0.000,0.000,0.0,0.000,0.000,0.0
0.4354,5383,29045,0.000,0.000,0.0,0.000,0.000,0.0,0.000,0.000,0.0
0.4354,5384,29050,0.000,0.000,0.0,0.000,0.000,0.0,0.000,0.000,0.0
0.4354,5385,29055,0.000,0.000,0.0,0.000,0.000,0.0,0.000,0.000,0.0
0.4968,5386,29060,0.000,0.000,0.0,0.000,0.000,0.0,0.000,0.000,0.0
0.4968,5387,29065,0.000,0.000,0.0,0.000,0.000,0.0,0.000,0.000,0.0
0.4968,5388,29070,0.000,0.000,0.0,0.000,0.000,0.0,0.000,0.000,0.0
0.4968,5389,29075,0.000,0.000,0.0,0.000,0.000,0.0,0.000,0.000,0.0
0.4968,5390,29080,0.000,0.000,0.0,0.000,0.000,0.0,0.000,0.000,0.0
0.4968,5391,29085,0.000,0.000,0.0,0.000,0.000,0.0,0.000,0.000,0.0
0.4968,5392,29090,0.000,0.000,0.0,0.000,0.000,0.0,0.000,0.000,0.0
0.4968,5393,29095,0.000,0.000,0.0,0.000,0.000,0.0,0.000,0.000,0.0
0.4968,5394,29100,0.000,0.000,0.0,0.000,0.000,0.0,0.000,0.000,0.0
0.4968,5395,29105,0.000,0.000,0.0,0.000,0.000,0.0,0.000,0.000,0.0
0.4968,5396,29110,0.000,0.000,0.0,0.000,0.000,0.0,0.000,0.000,0.0
0.4968,5397,29115,0.000,0.000,0.0,0.000,0.000,0.0,0.000,0.000,0.0
0.4968,5398,29120,0.000,0.000,0.0,0.000,0.000,0.0,0.000,0.000,0.0
0.4968,5399,29125,0.000,0.000,0.0,0.000,0.000,0.0,0.000,0.000,0.0
0.4968,5400,29130,0.000,0.000,0.0,0.000,0.000,0.0,0.000,0.000,0.0
0.4968,5401,29135,0.000,0.000,0.0,0.000,0.000,0.0,0.000,0.000,0.0
0.5587,5402,29140,0.000,0.000,0.0,0.000,0.000,0.0,0.000,0.000,0.0
0.5587,5403,29145,0.000,0.000,0.0,0.000,0.000,0.0,0.000,0.000,0.0
0.5587,5404,29150,0.000,0.000,0.0,0.000,0.000,0.0,0.000,0.000,0.0
0.5587,5405,29155,0.000,0.000,0.0,0.000,0.000,0.0,0.000,0.000,0.0
0.5587,5406,29160,0.000,0.000,0.0,0.000,0.000,0.0,0.000,0.000,0.0
0.5587,5407,29165,0.000,0.000,0.0,0.000,0.000,0.0,0.000,0.000,0.0
0.5587,5408,29170,0.000,0.000,0.0,0.000,0.000,0.0,0.000,0.000,0.0
0.5587,5409,29175,0.000,0.000,0.0,0.000,0.000,0.0,0.000,0.000,0.0
0.6222,5410,29180,0.000,0.000,0.0,0.000,0.000,0.0,0.000,0.000,0.0
0.6222,5411,29185,0.000,0.000,0.0,0.000,0.000,0.0,0.000,0.000,0.0
0.6222,5412,29190,0.000,0.000,0.0,0.000,0.000,0.0,0.000,0.000,0.0
0.6222,5413,29195,0.000,0.000,0.0,0.000,0.000,0.0,0.000,0.000,0.0
0.6222,5414,29200,0.000,0.000,0.0,0.000,0.000,0.0,0.000,0.000,0.0
0.6222,5415,29205,0.000,0.000,0.0,0.000,0.000,0.0,0.000,0.000,0.0
0.6222,5416,29210,0.000,0.000,0.0,0.000,0.000,0.0,0.000,0.000,0.0
0.6222,5417,29215,0.000,0.000,0.0,0.000,0.000,0.0,0.000,0.000,0.0
0.6232,5418,29220,0.000,0.000,0.0,0.000,0.000,0.0,0.000,0.000,0.0
0.6232,5419,29225,0.000,0.000,0.0,0.000,0.000,0.0,0.000,0.000,0.0
0.6232,5420,29230,0.000,0.000,0.0,0.000,0.000,0.0,0.000,0.000,0.0
0.6232,5421,29235,0.000,0.000,0.0,0.000,0.000,0.0,0.000,0.000,0.0
0.6232,5422,29240,0.000,0.000,0.0,0.000,0.000,0.0,0.000,0.000,0.0
0.6232,5423,29245,0.000,0.000,0.0,0.000,0.000,0.0,0.000,0.000,0.0
0.6232,5424,29250,0.000,0.000,0.0,0.000,0.000,0.0,0.000,0.000,0.0
0.6232,5425,29255,0.000,0.000,0.0,0.000,0.000,0.0,0.000,0.000,0.0
0.6818,5426,29260,0.000,0.000,0.0,0.000,0.000,0.0,0.000,0.000,0.0
0.6818,5427,29265,0.000,0.000,0.0,0.000,0.000,0.0,0.000,0.000,0.0
0.6818,5428,29270,0.000,0.000,0.0,0.000,0.000,0.0,0.000,0.000,0.0
0.6818,5429,29275,0.000,0.000,0.0,0.000,0.000,0.0,0.000,0.000,0.0
0.6818,5430,29280,0.000,0.000,0.0,0.000,0.000,0.0,0.000,0.000,0.0
0.6818,5431,29285,0.000,0.000,0.0,0.000,0.000,0.0,0.000,0.000,0.0
0.6818,5432,29290,0.000,0.000,0.0,0.000,0.000,0.0,0.000,0.000,0.0
0.6818,5433,29295,0.000,0.000,0.0,0.000,0.000,0.0,0.000,0.000,0.0
0.7431,5434,29300,0.000,0.000,0.0,0.000,0.000,0.0,0.000,0.000,0.0
0.7431,5435,29305,0.000,0.000,0.0,0.000,0.000,0.0,0.000,0.000,0.0
0.7431,5436,29310,0.000,0.000,0.0,0.000,0.000,0.0,0.000,0.000,0.0
0.7431,5437,29315,0.000,0.000,0.0,0.000,0.000,0.0,0.000,0.000,0.0
0.7431,5438,29320,0.000,0.000,0.0,0.000,0.000,0.0,0.000,0.000,0.0
0.7431,5439,29325,0.000,0.000,0.0,0.000,0.000,0.0,0.000,0.000,0.0
0.7431,5440,29330,0.000,0.000,0.0,0.000,0.000,0.0,0.000,0.000,0.0
0.7431,5441,29335,0.000,0.000,0.0,0.000,0.000,0.0,0.000,0.000,0.0
0.7431,5442,29340,0.000,0.000,0.0,0.000,0.000,0.0,0.000,0.000,0.0
0.7431,5443,29345,0.000,0.000,0.0,0.000,0.000,0.0,0.000,0.000,0.0
0.7431,5444,29350,0.000,0.000,0.0,0.000,0.000,0.0,0.000,0.000,0.0
0.7431,5445,29355,0.000,0.000,0.0,0.000,0.000,0.0,0.000,0.000,0.0
0.7431,5446,29360,0.000,0.000,0.0,0.000,0.000,0.0,0.000,0.000,0.0
0.7431,5447,29365,0.000,0.000,0.0,0.000,0.000,0.0,0.000,0.000,0.0
0.7431,5448,29370,0.000,0.000,0.0,0.000,0.000,0.0,0.000,0.000,0.0
0.7431,5449,29375,0.000,0.000,0.0,0.000,0.000,0.0,0.000,0.000,0.0
0.8086,5450,29380,0.000,0.000,0.0,0.000,0.000,0.0,0.000,0.000,0.0
0.8086,5451,29385,0.000,0.000,0.0,0.000,0.000,0.0,0.000,0.000,0.0
0.8086,5452,29390,0.000,0.000,0.0,0.000,0.000,0.0,0.000,0.000,0.0
0.8086,5453,29395,0.000,0.000,0.0,0.000,0.000,0.0,0.000,0.000,0.0
0.8086,5454,29400,0.000,0.000,0.0,0.000,0.000,0.0,0.000,0.000,0.0
0.8086,5455,29405,0.000,0.000,0.0,0.000,0.000,0.0,0.000,0.000,0.0
0.8086,5456,29410,0.000,0.000,0.0,0.000,0.000,0.0,0.000,0.000,0.0
0.8086,5457,29415,0.000,0.000,0.0,0.000,0.000,0.0,0.000,0.000,0.0
0.8658,5458,29420,0.000,0.000,0.0,0.000,0.000,0.0,0.000,0.000,0.0
0.8658,5459,29425,0.000,0.000,0.0,0.000,0.000,0.0,0.000,0.000,0.0
0.8658,5460,29430,0.000,0.000,0.0,0.000,0.000,0.0,0.000,0.000,0.0
0.8658,5461,29435,0.000,0.000,0.0,0.000,0.000,0.0,0.000,0.000,0.0
0.8658,5462,29440,0.000,0.000,0.0,0.000,0.000,0.0,0.000,0.000,0.0
0.8658,5463,29445,0.000,0.000,0.0,0.000,0.000,0.0,0.000,0.000,0.0
0.8658,5464,29450,0.000,0.000,0.0,0.000,0.000,0.0,0.000,0.000,0.0
0.8658,5465,29455,0.000,0.000,0.0,0.000,0.000,0.0,0.000,0.000,0.0
0.8668,5466,29460,0.000,0.000,0.0,0.000,0.000,0.0,0.000,0.000,0.0
0.8668,5467,29465,0.000,0.000,0.0,0.000,0.000,0.0,0.000,0.000,0.0
0.8668,5468,29470,0.000,0.000,0.0,0.000,0.000,0.0,0.000,0.000,0.0
0.8668,5469,29475,0.000,0.000,0.0,0.000,0.000,0.0,0.000,0.000,0.0
0.8668,5470,29480,0.000,0.000,0.0,0.000,0.000,0.0,0.000,0.000,0.0
0.8668,5471,29485,0.000,0.000,0.0,0.000,0.000,0.0,0.000,0.000,0.0
0.8668,5472,29490,0.000,0.000,0.0,0.000,0.000,0.0,0.000,0.000,0.0
0.8668,5473,29495,0.000,0.000,0.0,0.000,0.000,0.0,0.000,0.000,0.0
0.9313,5474,29500,0.000,0.000,0.0,0.000,0.000,0.0,0.000,0.000,0.0
0.9313,5475,29505,0.000,0.000,0.0,0.000,0.000,0.0,0.000,0.000,0.0
0.9313,5476,29510,0.000,0.000,0.0,0.000,0.000,0.0,0.000,0.000,0.0
0.9313,5477,29515,0.000,0.000,0.0,0.000,0.000,0.0,0.000,0.000,0.0
0.9313,5478,29520,0.000,0.000,0.0,0.000,0.000,0.0,0.000,0.000,0.0
0.9313,5479,29525,0.000,0.000,0.0,0.000,0.000,0.0,0.000,0.000,0.0
0.9313,5480,29530,0.000,0.000,0.0,0.000,0.000,0.0,0.000,0.000,0.0
0.9313,5481,29535,0.000,0.000,0.0,0.000,0.000,0.0,0.000,0.000,0.0
0.9942,5482,29540,0.000,0.000,0.0,0.000,0.000,0.0,0.000,0.000,0.0
0.9942,5483,29545,0.000,0.000,0.0,0.000,0.000,0.0,0.000,0.000,0.0
0.9942,5484,29550,0.000,0.000,0.0,0.000,0.000,0.0,0.000,0.000,0.0
0.9942,5485,29555,0.000,0.000,0.0,0.000,0.000,0.0,0.000,0.000,0.0
0.9942,5486,29560,0.000,0.000,0.0,0.000,0.000,0.0,0.000,0.000,0.0
0.9942,5487,29565,0.000,0.000,0.0,0.000,0.000,0.0,0.000,0.000,0.0
0.9942,5488,29570,0.000,0.000,0.0,0.000,0.000,0.0,0.000,0.000,0.0
0.9942,5489,29575,0.000,0.000,0.0,0.000,0.000,0.0,0.000,0.000,0.0
0.9942,5490,29580,0.000,0.000,0.0,0.000,0.000,0.0,0.000,0.000,0.0
0.9942,5491,29585,0.000,0.000,0.0,0.000,0.000,0.0,0.000,0.000,0.0
0.9942,5492,29590,0.000,0.000,0.0,0.000,0.000,0.0,0.000,0.000,0.0
0.9942,5493,29595,0.000,0.000,0.0,0.000,0.000,0.0,0.000,0.000,0.0
0.9942,5494,29600,0.000,0.000,0.0,0.000,0.000,0.0,0.000,0.000,0.0
0.9942,5495,29605,0.000,0.000,0.0,0.000,0.000,0.0,0.000,0.000,0.0
0.9942,5496,29610,0.000,0.000,0.0,0.000,0.000,0.0,0.000,0.000,0.0
0.9942,5497,29615,0.000,0.000,0.0,0.000,0.000,0.0,0.000,0.000,0.0
1.0519,5498,29620,0.000,0.000,0.0,0.000,0.000,0.0,0.000,0.000,0.0
1.0519,5499,29625,0.000,0.000,0.0,0.000,0.000,0.0,0.000,0.000,0.0
1.0519,5500,29630,0.000,0.000,0.0,0.000,0.000,0.0,0.000,0.000,0.0
1.0519,5501,29635,0.000,0.000,0.0,0.000,0.000,0.0,0.000,0.000,0.0
1.0519,5502,29640,0.000,0.000,0.0,0.000,0.000,0.0,0.000,0.000,0.0
1.0519,5503,29645,0.000,0.000,0.0,0.000,0.000,0.0,0.000,0.000,0.0
1.0519,5504,29650,0.000,0.000,0.0,0.000,0.000,0.0,0.000,0.000,0.0
1.0519,5505,29655,0.000,0.000,0.0,0.000,0.000,0.0,0.000,0.000,0.0
1.1141,5506,29660,0.000,0.000,0.0,0.000,0.000,0.0,0.000,0.000,0.0
1.1141,5507,29665,0.000,0.000,0.0,0.000,0.000,0.0,0.000,0.000,0.0
1.1141,5508,29670,0.000,0.000,0.0,0.000,0.000,0.0,0.000,0.000,0.0
1.1141,5509,29675,0.000,0.000,0.0,0.000,0.000,0.0,0.000,0.000,0.0
1.1141,5510,29680,0.000,0.000,0.0,0.000,0.000,0.0,0.000,0.000,0.0
1.1141,5511,29685,0.000,0.000,0.0,0.000,0.000,0.0,0.000,0.000,0.0
1.1141,5512,29690,0.000,0.000,0.0,0.000,0.000,0.0,0.000,0.000,0.0
1.1141,5513,29695,0.000,0.000,0.0,0.000,0.000,0.0,0.000,0.000,0.0
1.1141,5514,29700,0.000,0.000,0.0,0.000,0.000,0.0,0.000,0.000,0.0
1.1141,5515,29705,0.000,0.000,0.0,0.000,0.000,0.0,0.000,0.000,0.0
1.1141,5516,29710,0.000,0.000,0.0,0.000,0.000,0.0,0.000,0.000,0.0
1.1141,5517,29715,0.000,0.000,0.0,0.000,0.000,0.0,0.000,0.000,0.0
1.1141,5518,29720,0.000,0.000,0.0,0.000,0.000,0.0,0.000,0.000,0.0
1.1141,5519,29725,0.000,0.000,0.0,0.000,0.000,0.0,0.000,0.000,0.0
1.1141,5520,29730,0.000,0.000,0.0,0.000,0.000,0.0,0.000,0.000,0.0
1.1141,5521,29735,0.000,0.000,0.0,0.000,0.000,0.0,0.000,0.000,0.0
1.1742,5522,29740,0.000,0.000,0.0,0.000,0.000,0.0,0.000,0.000,0.0
1.1742,5523,29745,0.000,0.000,0.0,0.000,0.000,0.0,0.000,0.000,0.0
1.1742,5524,29750,0.000,0.000,0.0,0.000,0.000,0.0,0.000,0.000,0.0
1.1742,5525,29755,0.000,0.000,0.0,0.000,0.000,0.0,0.000,0.000,0.0
1.1742,5526,29760,0.000,0.000,0.0,0.000,0.000,0.0,0.000,0.000,0.0
1.1742,5527,29765,0.000,0.000,0.0,0.000,0.000,0.0,0.000,0.000,0.0
1.1742,5528,29770,0.000,0.000,0.0,0.000,0.000,0.0,0.000,0.000,0.0
1.1742,5529,29775,0.000,0.000,0.0,0.000,0.000,0.0,0.000,0.000,0.0
1.1742,5530,29780,0.000,0.000,0.0,0.000,0.000,0.0,0.000,0.000,0.0
1.1742,5531,29785,0.000,0.000,0.0,0.000,0.000,0.0,0.000,0.000,0.0
1.1742,5532,29790,0.000,0.000,0.0,0.000,0.000,0.0,0.000,0.000,0.0
1.1742,5533,29795,0.000,0.000,0.0,0.000,0.000,0.0,0.000,0.000,0.0
1.1742,5534,29800,0.000,0.000,0.0,0.000,0.000,0.0,0.000,0.000,0.0
1.1742,5535,29805,0.000,0.000,0.0,0.000,0.000,0.0,0.000,0.000,0.0
1.1742,5536,29810,0.000,0.000,0.0,0.000,0.000,0.0,0.000,0.000,0.0
1.1742,5537,29815,0.000,0.000,0.0,0.000,0.000,0.0,0.000,0.000,0.0
1.2277,5538,29820,0.000,0.000,0.0,0.000,0.000,0.0,0.000,0.000,0.0
1.2277,5539,29825,0.000,0.000,0.0,0.000,0.000,0.0,0.000,0.000,0.0
1.2277,5540,29830,0.000,0.000,0.0,0.000,0.000,0.0,0.000,0.000,0.0
1.2277,5541,29835,0.000,0.000,0.0,0.000,0.000,0.0,0.000,0.000,0.0
1.2277,5542,29840,0.000,0.000,0.0,0.000,0.000,0.0,0.000,0.000,0.0
1.2277,5543,29845,0.000,0.000,0.0,0.000,0.000,0.0,0.000,0.000,0.0
1.2277,5544,29850,0.000,0.000,0.0,0.000,0.000,0.0,0.000,0.000,0.0
1.2277,5545,29855,0.000,0.000,0.0,0.000,0.000,0.0,0.000,0.000,0.0
1.2928,5546,29860,0.000,0.000,0.0,0.000,0.000,0.0,0.000,0.000,0.0
1.2928,5547,29865,0.000,0.000,0.0,0.000,0.000,0.0,0.000,0.000,0.0
1.2928,5548,29870,0.000,0.000,0.0,0.000,0.000,0.0,0.000,0.000,0.0
1.2928,5549,29875,0.000,0.000,0.0,0.000,0.000,0.0,0.000,0.000,0.0
1.2928,5550,29880,0.000,0.000,0.0,0.000,0.000,0.0,0.000,0.000,0.0
1.2928,5551,29885,0.000,0.000,0.0,0.000,0.000,0.0,0.000,0.000,0.0
1.2928,5552,29890,0.000,0.000,0.0,0.000,0.000,0.0,0.000,0.000,0.0
1.2928,5553,29895,0.000,0.000,0.0,0.000,0.000,0.0,0.000,0.000,0.0
1.3469,5554,29900,0.000,0.000,0.0,0.000,0.000,0.0,0.000,0.000,0.0
1.3469,5555,29905,0.000,0.000,0.0,0.000,0.000,0.0,0.000,0.000,0.0
1.3469,5556,29910,0.000,0.000,0.0,0.000,0.000,0.0,0.000,0.000,0.0
1.3469,5557,29915,0.000,0.000,0.0,0.000,0.000,0.0,0.000,0.000,0.0
1.3469,5558,29920,0.000,0.000,0.0,0.000,0.000,0.0,0.000,0.000,0.0
1.3469,5559,29925,0.000,0.000,0.0,0.000,0.000,0.0,0.000,0.000,0.0
1.3469,5560,29930,0.000,0.000,0.0,0.000,0.000,0.0,0.000,0.000,0.0
1.3469,5561,29935,0.000,0.000,0.0,0.000,0.000,0.0,0.000,0.000,0.0
1.3469,5562,29940,0.000,0.000,0.0,0.000,0.000,0.0,0.000,0.000,0.0
1.3469,5563,29945,0.000,0.000,0.0,0.000,0.000,0.0,0.000,0.000,0.0
1.3469,5564,29950,0.000,0.000,0.0,0.000,0.000,0.0,0.000,0.000,0.0
1.3469,5565,29955,0.000,0.000,0.0,0.000,0.000,0.0,0.000,0.000,0.0
1.3469,5566,29960,0.000,0.000,0.0,0.000,0.000,0.0,0.000,0.000,0.0
1.3469,5567,29965,0.000,0.000,0.0,0.000,0.000,0.0,0.000,0.000,0.0
1.3469,5568,29970,0.000,0.000,0.0,0.000,0.000,0.0,0.000,0.000,0.0
1.3469,5569,29975,0.000,0.000,0.0,0.000,0.000,0.0,0.000,0.000,0.0
1.3948,5570,29980,0.000,0.000,0.0,0.000,0.000,0.0,0.000,0.000,0.0
1.3948,5571,29985,0.000,0.000,0.0,0.000,0.000,0.0,0.000,0.000,0.0
1.3948,5572,29990,0.000,0.000,0.0,0.000,0.000,0.0,0.000,0.000,0.0
1.3948,5573,29995,0.000,0.000,0.0,0.000,0.000,0.0,0.000,0.000,0.0
1.3948,5574,30000,0.000,0.000,0.0,0.000,0.000,0.0,0.000,0.000,0.0
1.3948,5575,30005,0.000,0.000,0.0,0.000,0.000,0.0,0.000,0.000,0.0
1.3948,5576,30010,0.000,0.000,0.0,0.000,0.000,0.0,0.000,0.000,0.0
1.3948,5577,30015,0.000,0.000,0.0,0.000,0.000,0.0,0.000,0.000,0.0
1.4643,5578,30020,0.000,0.000,0.0,0.000,0.000,0.0,0.000,0.000,0.0
1.4643,5579,30025,0.000,0.000,0.0,0.000,0.000,0.0,0.000,0.000,0.0
1.4643,5580,30030,0.000,0.000,0.0,0.000,0.000,0.0,0.000,0.000,0.0
1.4643,5581,30035,0.000,0.000,0.0,0.000,0.000,0.0,0.000,0.000,0.0
1.4643,5582,30040,0.000,0.000,0.0,0.000,0.000,0.0,0.000,0.000,0.0
1.4643,5583,30045,0.000,0.000,0.0,0.000,0.000,0.0,0.000,0.000,0.0
1.4643,5584,30050,0.000,0.000,0.0,0.000,0.000,0.0,0.000,0.000,0.0
1.4643,5585,30055,0.000,0.000,0.0,0.000,0.000,0.0,0.000,0.000,0.0
1.4643,5586,30060,0.000,0.000,0.0,0.000,0.000,0.0,0.000,0.000,0.0
1.4643,5587,30065,0.000,0.000,0.0,0.000,0.000,0.0,0.000,0.000,0.0
1.4643,5588,30070,0.000,0.000,0.0,0.000,0.000,0.0,0.000,0.000,0.0
1.4643,5589,30075,0.000,0.000,0.0,0.000,0.000,0.0,0.000,0.000,0.0
1.4643,5590,30080,0.000,0.000,0.0,0.000,0.000,0.0,0.000,0.000,0.0
1.4643,5591,30085,0.000,0.000,0.0,0.000,0.000,0.0,0.000,0.000,0.0
1.4643,5592,30090,0.000,0.000,0.0,0.000,0.000,0.0,0.000,0.000,0.0
1.4643,5593,30095,0.000,0.000,0.0,0.000,0.000,0.0,0.000,0.000,0.0
1.5177,5594,30100,0.000,0.000,0.0,0.000,0.000,0.0,0.000,0.000,0.0
1.5177,5595,30105,0.000,0.000,0.0,0.000,0.000,0.0,0.000,0.000,0.0
1.5177,5596,30110,0.000,0.000,0.0,0.000,0.000,0.0,0.000,0.000,0.0
1.5177,5597,30115,0.000,0.000,0.0,0.000,0.000,0.0,0.000,0.000,0.0
1.5177,5598,30120,0.000,0.000,0.0,0.000,0.000,0.0,0.000,0.000,0.0
1.5177,5599,30125,0.000,0.000,0.0,0.000,0.000,0.0,0.000,0.000,0.0
1.5177,5600,30130,0.000,0.000,0.0,0.000,0.000,0.0,0.000,0.000,0.0
1.5177,5601,30135,0.000,0.000,0.0,0.000,0.000,0.0,0.000,0.000,0.0
1.5797,5602,30140,0.000,0.000,0.0,0.000,0.000,0.0,0.000,0.000,0.0
1.5797,5603,30145,0.000,0.000,0.0,0.000,0.000,0.0,0.000,0.000,0.0
1.5797,5604,30150,0.000,0.000,0.0,0.000,0.000,0.0,0.000,0.000,0.0
1.5797,5605,30155,0.000,0.000,0.0,0.000,0.000,0.0,0.000,0.000,0.0
1.5797,5606,30160,0.000,0.000,0.0,0.000,0.000,0.0,0.000,0.000,0.0
1.5797,5607,30165,0.000,0.000,0.0,0.000,0.000,0.0,0.000,0.000,0.0
1.5797,5608,30170,0.000,0.000,0.0,0.000,0.000,0.0,0.000,0.000,0.0
1.5797,5609,30175,0.000,0.000,0.0,0.000,0.000,0.0,0.000,0.000,0.0
1.5797,5610,30180,0.000,0.000,0.0,0.000,0.000,0.0,0.000,0.000,0.0
1.5808,5611,30185,0.000,0.000,0.0,0.000,0.000,0.0,0.000,0.000,0.0
1.5808,5612,30190,0.000,0.000,0.0,0.000,0.000,0.0,0.000,0.000,0.0
1.5808,5613,30195,0.000,0.000,0.0,0.000,0.000,0.0,0.000,0.000,0.0
1.5808,5614,30200,0.000,0.000,0.0,0.000,0.000,0.0,0.000,0.000,0.0
1.5808,5615,30205,0.000,0.000,0.0,0.000,0.000,0.0,0.000,0.000,0.0
1.5808,5616,30210,0.000,0.000,0.0,0.000,0.000,0.0,0.000,0.000,0.0
1.5808,5617,30215,0.000,0.000,0.0,0.000,0.000,0.0,0.000,0.000,0.0
1.6466,5618,30220,0.000,0.000,0.0,0.000,0.000,0.0,0.000,0.000,0.0
1.6466,5619,30225,0.000,0.000,0.0,0.000,0.000,0.0,0.000,0.000,0.0
1.6466,5620,30230,0.000,0.000,0.0,0.000,0.000,0.0,0.000,0.000,0.0
1.6466,5621,30235,0.000,0.000,0.0,0.000,0.000,0.0,0.000,0.000,0.0
1.6466,5622,30240,0.000,0.000,0.0,0.000,0.000,0.0,0.000,0.000,0.0
1.6466,5623,30245,0.000,0.000,0.0,0.000,0.000,0.0,0.000,0.000,0.0
1.6466,5624,30250,0.000,0.000,0.0,0.000,0.000,0.0,0.000,0.000,0.0
1.6466,5625,30255,0.000,0.000,0.0,0.000,0.000,0.0,0.000,0.000,0.0
1.7072,5626,30260,0.000,0.000,0.0,0.000,0.000,0.0,0.000,0.000,0.0
1.7072,5627,30265,0.000,0.000,0.0,0.000,0.000,0.0,0.000,0.000,0.0
1.7072,5628,30270,0.000,0.000,0.0,0.000,0.000,0.0,0.000,0.000,0.0
1.7072,5629,30275,0.000,0.000,0.0,0.000,0.000,0.0,0.000,0.000,0.0
1.7072,5630,30280,0.000,0.000,0.0,0.000,0.000,0.0,0.000,0.000,0.0
1.7072,5631,30285,0.000,0.000,0.0,0.000,0.000,0.0,0.000,0.000,0.0
1.7072,5632,30290,0.000,0.000,0.0,0.000,0.000,0.0,0.000,0.000,0.0
1.7072,5633,30295,0.000,0.000,0.0,0.000,0.000,0.0,0.000,0.000,0.0
1.7072,5634,30300,0.000,0.000,0.0,0.000,0.000,0.0,0.000,0.000,0.0
1.7072,5635,30305,0.000,0.000,0.0,0.000,0.000,0.0,0.000,0.000,0.0
1.7072,5636,30310,0.000,0.000,0.0,0.000,0.000,0.0,0.000,0.000,0.0
1.7072,5637,30315,0.000,0.000,0.0,0.000,0.000,0.0,0.000,0.000,0.0
1.7072,5638,30320,0.000,0.000,0.0,0.000,0.000,0.0,0.000,0.000,0.0
1.7072,5639,30325,0.000,0.000,0.0,0.000,0.000,0.0,0.000,0.000,0.0
1.7072,5640,30330,0.000,0.000,0.0,0.000,0.000,0.0,0.000,0.000,0.0
1.7072,5641,30335,0.000,0.000,0.0,0.000,0.000,0.0,0.000,0.000,0.0
1.7691,5642,30340,0.000,0.000,0.0,0.000,0.000,0.0,0.000,0.000,0.0
1.7691,5643,30345,0.000,0.000,0.0,0.000,0.000,0.0,0.000,0.000,0.0
1.7691,5644,30350,0.000,0.000,0.0,0.000,0.000,0.0,0.000,0.000,0.0
1.7691,5645,30355,0.000,0.000,0.0,0.000,0.000,0.0,0.000,0.000,0.0
1.7691,5646,30360,0.000,0.000,0.0,0.000,0.000,0.0,0.000,0.000,0.0
1.7691,5647,30365,0.000,0.000,0.0,0.000,0.000,0.0,0.000,0.000,0.0
1.7691,5648,30370,0.000,0.000,0.0,0.000,0.000,0.0,0.000,0.000,0.0
1.7691,5649,30375,0.000,0.000,0.0,0.000,0.000,0.0,0.000,0.000,0.0
1.8314,5650,30380,0.000,0.000,0.0,0.000,0.000,0.0,0.000,0.000,0.0
1.8314,5651,30385,0.000,0.000,0.0,0.000,0.000,0.0,0.000,0.000,0.0
1.8314,5652,30390,0.000,0.000,0.0,0.000,0.000,0.0,0.000,0.000,0.0
1.8314,5653,30395,0.000,0.000,0.0,0.000,0.000,0.0,0.000,0.000,0.0
1.8314,5654,30400,0.000,0.000,0.0,0.000,0.000,0.0,0.000,0.000,0.0
1.8314,5655,30405,0.000,0.000,0.0,0.000,0.000,0.0,0.000,0.000,0.0
1.8314,5656,30410,0.000,0.000,0.0,0.000,0.000,0.0,0.000,0.000,0.0
1.8314,5657,30415,0.000,0.000,0.0,0.000,0.000,0.0,0.000,0.000,0.0
1.8314,5658,30420,0.000,0.000,0.0,0.000,0.000,0.0,0.000,0.000,0.0
1.8314,5659,30425,0.000,0.000,0.0,0.000,0.000,0.0,0.000,0.000,0.0
1.8314,5660,30430,0.000,0.000,0.0,0.000,0.000,0.0,0.000,0.000,0.0
1.8314,5661,30435,0.000,0.000,0.0,0.000,0.000,0.0,0.000,0.000,0.0
1.8314,5662,30440,0.000,0.000,0.0,0.000,0.000,0.0,0.000,0.000,0.0
1.8314,5663,30445,0.000,0.000,0.0,0.000,0.000,0.0,0.000,0.000,0.0
1.8314,5664,30450,0.000,0.000,0.0,0.000,0.000,0.0,0.000,0.000,0.0
1.8314,5665,30455,0.000,0.000,0.0,0.000,0.000,0.0,0.000,0.000,0.0
1.8909,5666,30460,0.000,0.000,0.0,0.000,0.000,0.0,0.000,0.000,0.0
1.8909,5667,30465,0.000,0.000,0.0,0.000,0.000,0.0,0.000,0.000,0.0
1.8909,5668,30470,0.000,0.000,0.0,0.000,0.000,0.0,0.000,0.000,0.0
1.8909,5669,30475,0.000,0.000,0.0,0.000,0.000,0.0,0.000,0.000,0.0
1.8909,5670,30480,0.000,0.000,0.0,0.000,0.000,0.0,0.000,0.000,0.0
1.8909,5671,30485,0.000,0.000,0.0,0.000,0.000,0.0,0.000,0.000,0.0
1.8909,5672,30490,0.000,0.000,0.0,0.000,0.000,0.0,0.000,0.000,0.0
1.8909,5673,30495,0.000,0.000,0.0,0.000,0.000,0.0,0.000,0.000,0.0
1.9535,5674,30500,0.000,0.000,0.0,0.000,0.000,0.0,0.000,0.000,0.0
1.9535,5675,30505,0.000,0.000,0.0,0.000,0.000,0.0,0.000,0.000,0.0
1.9535,5676,30510,0.000,0.000,0.0,0.000,0.000,0.0,0.000,0.000,0.0
1.9535,5677,30515,0.000,0.000,0.0,0.000,0.000,0.0,0.000,0.000,0.0
1.9535,5678,30520,0.000,0.000,0.0,0.000,0.000,0.0,0.000,0.000,0.0
1.9535,5679,30525,0.000,0.000,0.0,0.000,0.000,0.0,0.000,0.000,0.0
1.9535,5680,30530,0.000,0.000,0.0,0.000,0.000,0.0,0.000,0.000,0.0
1.9535,5681,30535,0.000,0.000,0.0,0.000,0.000,0.0,0.000,0.000,0.0
1.9535,5682,30540,0.000,0.000,0.0,0.000,0.000,0.0,0.000,0.000,0.0
1.9535,5683,30545,0.000,0.000,0.0,0.000,0.000,0.0,0.000,0.000,0.0
1.9535,5684,30550,0.000,0.000,0.0,0.000,0.000,0.0,0.000,0.000,0.0
1.9535,5685,30555,0.000,0.000,0.0,0.000,0.000,0.0,0.000,0.000,0.0
1.9535,5686,30560,0.000,0.000,0.0,0.000,0.000,0.0,0.000,0.000,0.0
1.9535,5687,30565,0.000,0.000,0.0,0.000,0.000,0.0,0.000,0.000,0.0
1.9535,5688,30570,0.000,0.000,0.0,0.000,0.000,0.0,0.000,0.000,0.0
1.9535,5689,30575,0.000,0.000,0.0,0.000,0.000,0.0,0.000,0.000,0.0
2.0183,5690,30580,0.000,0.000,0.0,0.000,0.000,0.0,0.000,0.000,0.0
2.0183,5691,30585,0.000,0.000,0.0,0.000,0.000,0.0,0.000,0.000,0.0
2.0183,5692,30590,0.000,0.000,0.0,0.000,0.000,0.0,0.000,0.000,0.0
2.0183,5693,30595,0.000,0.000,0.0,0.000,0.000,0.0,0.000,0.000,0.0
2.0183,5694,30600,0.000,0.000,0.0,0.000,0.000,0.0,0.000,0.000,0.0
2.0183,5695,30605,0.000,0.000,0.0,0.000,0.000,0.0,0.000,0.000,0.0
2.0183,5696,30610,0.000,0.000,0.0,0.000,0.000,0.0,0.000,0.000,0.0
2.0183,5697,30615,0.000,0.000,0.0,0.000,0.000,0.0,0.000,0.000,0.0
2.0183,5698,30620,0.000,0.000,0.0,0.000,0.000,0.0,0.000,0.000,0.0
2.0183,5699,30625,0.000,0.000,0.0,0.000,0.000,0.0,0.000,0.000,0.0
2.0183,5700,30630,0.000,0.000,0.0,0.000,0.000,0.0,0.000,0.000,0.0
2.0183,5701,30635,0.000,0.000,0.0,0.000,0.000,0.0,0.000,0.000,0.0
2.0183,5702,30640,0.000,0.000,0.0,0.000,0.000,0.0,0.000,0.000,0.0
2.0183,5703,30645,0.000,0.000,0.0,0.000,0.000,0.0,0.000,0.000,0.0
2.0183,5704,30650,0.000,0.000,0.0,0.000,0.000,0.0,0.000,0.000,0.0
2.0183,5705,30655,0.000,0.000,0.0,0.000,0.000,0.0,0.000,0.000,0.0
2.0797,5706,30660,0.000,0.000,0.0,0.000,0.000,0.0,0.000,0.000,0.0
2.0797,5707,30665,0.000,0.000,0.0,0.000,0.000,0.0,0.000,0.000,0.0
2.0797,5708,30670,0.000,0.000,0.0,0.000,0.000,0.0,0.000,0.000,0.0
2.0797,5709,30675,0.000,0.000,0.0,0.000,0.000,0.0,0.000,0.000,0.0
2.0797,5710,30680,0.000,0.000,0.0,0.000,0.000,0.0,0.000,0.000,0.0
2.0797,5711,30685,0.000,0.000,0.0,0.000,0.000,0.0,0.000,0.000,0.0
2.0797,5712,30690,0.000,0.000,0.0,0.000,0.000,0.0,0.000,0.000,0.0
2.0797,5713,30695,0.000,0.000,0.0,0.000,0.000,0.0,0.000,0.000,0.0
2.1313,5714,30700,0.000,0.000,0.0,0.000,0.000,0.0,0.000,0.000,0.0
2.1313,5715,30705,0.000,0.000,0.0,0.000,0.000,0.0,0.000,0.000,0.0
2.1313,5716,30710,0.000,0.000,0.0,0.000,0.000,0.0,0.000,0.000,0.0
2.1313,5717,30715,0.000,0.000,0.0,0.000,0.000,0.0,0.000,0.000,0.0
2.1313,5718,30720,0.000,0.000,0.0,0.000,0.000,0.0,0.000,0.000,0.0
2.1313,5719,30725,0.000,0.000,0.0,0.000,0.000,0.0,0.000,0.000,0.0
2.1313,5720,30730,0.000,0.000,0.0,0.000,0.000,0.0,0.000,0.000,0.0
2.1313,5721,30735,0.000,0.000,0.0,0.000,0.000,0.0,0.000,0.000,0.0
2.1862,5722,30740,0.000,0.000,0.0,0.000,0.000,0.0,0.000,0.000,0.0
2.1862,5723,30745,0.000,0.000,0.0,0.000,0.000,0.0,0.000,0.000,0.0
2.1862,5724,30750,0.000,0.000,0.0,0.000,0.000,0.0,0.000,0.000,0.0
2.1862,5725,30755,0.000,0.000,0.0,0.000,0.000,0.0,0.000,0.000,0.0
2.1862,5726,30760,0.000,0.000,0.0,0.000,0.000,0.0,0.000,0.000,0.0
2.1862,5727,30765,0.000,0.000,0.0,0.000,0.000,0.0,0.000,0.000,0.0
2.1862,5728,30770,0.000,0.000,0.0,0.000,0.000,0.0,0.000,0.000,0.0
2.1862,5729,30775,0.000,0.000,0.0,0.000,0.000,0.0,0.000,0.000,0.0
2.1862,5730,30780,0.000,0.000,0.0,0.000,0.000,0.0,0.000,0.000,0.0
2.1862,5731,30785,0.000,0.000,0.0,0.000,0.000,0.0,0.000,0.000,0.0
2.1862,5732,30790,0.000,0.000,0.0,0.000,0.000,0.0,0.000,0.000,0.0
2.1862,5733,30795,0.000,0.000,0.0,0.000,0.000,0.0,0.000,0.000,0.0
2.1862,5734,30800,0.000,0.000,0.0,0.000,0.000,0.0,0.000,0.000,0.0
2.1862,5735,30805,0.000,0.000,0.0,0.000,0.000,0.0,0.000,0.000,0.0
2.1862,5736,30810,0.000,0.000,0.0,0.000,0.000,0.0,0.000,0.000,0.0
2.1862,5737,30815,0.000,0.000,0.0,0.000,0.000,0.0,0.000,0.000,0.0
2.2350,5738,30820,0.000,0.000,0.0,0.000,0.000,0.0,0.000,0.000,0.0
2.2350,5739,30825,0.000,0.000,0.0,0.000,0.000,0.0,0.000,0.000,0.0
2.2350,5740,30830,0.000,0.000,0.0,0.000,0.000,0.0,0.000,0.000,0.0
2.2350,5741,30835,0.000,0.000,0.0,0.000,0.000,0.0,0.000,0.000,0.0
2.2350,5742,30840,0.000,0.000,0.0,0.000,0.000,0.0,0.000,0.000,0.0
2.2350,5743,30845,0.000,0.000,0.0,0.000,0.000,0.0,0.000,0.000,0.0
2.2350,5744,30850,0.000,0.000,0.0,0.000,0.000,0.0,0.000,0.000,0.0
2.2350,5745,30855,0.000,0.000,0.0,0.000,0.000,0.0,0.000,0.000,0.0
2.2979,5746,30860,0.000,0.000,0.0,0.000,0.000,0.0,0.000,0.000,0.0
2.2979,5747,30865,0.000,0.000,0.0,0.000,0.000,0.0,0.000,0.000,0.0
2.2979,5748,30870,0.000,0.000,0.0,0.000,0.000,0.0,0.000,0.000,0.0
2.2979,5749,30875,0.000,0.000,0.0,0.000,0.000,0.0,0.000,0.000,0.0
2.2979,5750,30880,0.000,0.000,0.0,0.000,0.000,0.0,0.000,0.000,0.0
2.2979,5751,30885,0.000,0.000,0.0,0.000,0.000,0.0,0.000,0.000,0.0
2.2979,5752,30890,0.000,0.000,0.0,0.000,0.000,0.0,0.000,0.000,0.0
2.2979,5753,30895,0.000,0.000,0.0,0.000,0.000,0.0,0.000,0.000,0.0
2.2979,5754,30900,0.000,0.000,0.0,0.000,0.000,0.0,0.000,0.000,0.0
2.2979,5755,30905,0.000,0.000,0.0,0.000,0.000,0.0,0.000,0.000,0.0
2.2979,5756,30910,0.000,0.000,0.0,0.000,0.000,0.0,0.000,0.000,0.0
2.2979,5757,30915,0.000,0.000,0.0,0.000,0.000,0.0,0.000,0.000,0.0
2.2979,5758,30920,0.000,0.000,0.0,0.000,0.000,0.0,0.000,0.000,0.0
2.2979,5759,30925,0.000,0.000,0.0,0.000,0.000,0.0,0.000,0.000,0.0
2.2979,5760,30930,0.000,0.000,0.0,0.000,0.000,0.0,0.000,0.000,0.0
2.2979,5761,30935,0.000,0.000,0.0,0.000,0.000,0.0,0.000,0.000,0.0
2.6341,5762,30940,0.000,0.000,0.0,0.000,0.000,0.0,0.000,0.000,0.0
2.6341,5763,30945,0.000,0.000,0.0,0.000,0.000,0.0,0.000,0.000,0.0
2.6341,5764,30950,0.000,0.000,0.0,0.000,0.000,0.0,0.000,0.000,0.0
2.6341,5765,30955,0.000,0.000,0.0,0.000,0.000,0.0,0.000,0.000,0.0
2.6341,5766,30960,0.000,0.000,0.0,0.000,0.000,0.0,0.000,0.000,0.0
2.6341,5767,30965,0.000,0.000,0.0,0.000,0.000,0.0,0.000,0.000,0.0
2.6341,5768,30970,0.000,0.000,0.0,0.000,0.000,0.0,0.000,0.000,0.0
2.6341,5769,30975,0.000,0.000,0.0,0.000,0.000,0.0,0.000,0.000,0.0
2.6341,5770,30980,0.000,0.000,0.0,0.000,0.000,0.0,0.000,0.000,0.0
2.6341,5771,30985,0.000,0.000,0.0,0.000,0.000,0.0,0.000,0.000,0.0
2.6341,5772,30990,0.000,0.000,0.0,0.000,0.000,0.0,0.000,0.000,0.0
2.6341,5773,30995,0.000,0.000,0.0,0.000,0.000,0.0,0.000,0.000,0.0
2.6341,5774,31000,0.000,0.000,0.0,0.000,0.000,0.0,0.000,0.000,0.0
2.6341,5775,31005,0.000,0.000,0.0,0.000,0.000,0.0,0.000,0.000,0.0
2.6341,5776,31010,0.000,0.000,0.0,0.000,0.000,0.0,0.000,0.000,0.0
2.6341,5777,31015,0.000,0.000,0.0,0.000,0.000,0.0,0.000,0.000,0.0
2.6341,5778,31020,0.000,0.000,0.0,0.000,0.000,0.0,0.000,0.000,0.0
2.6341,5779,31025,0.000,0.000,0.0,0.000,0.000,0.0,0.000,0.000,0.0
2.6341,5780,31030,0.000,0.000,0.0,0.000,0.000,0.0,0.000,0.000,0.0
2.6341,5781,31035,0.000,0.000,0.0,0.000,0.000,0.0,0.000,0.000,0.0
2.6341,5782,31040,0.000,0.000,0.0,0.000,0.000,0.0,0.000,0.000,0.0
2.6341,5783,31045,0.000,0.000,0.0,0.000,0.000,0.0,0.000,0.000,0.0
2.6341,5784,31050,0.000,0.000,0.0,0.000,0.000,0.0,0.000,0.000,0.0
2.6341,5785,31055,0.000,0.000,0.0,0.000,0.000,0.0,0.000,0.000,0.0
2.7393,5786,31060,0.000,0.000,0.0,0.000,0.000,0.0,0.000,0.000,0.0
2.7393,5787,31065,0.000,0.000,0.0,0.000,0.000,0.0,0.000,0.000,0.0
2.7393,5788,31070,0.000,0.000,0.0,0.000,0.000,0.0,0.000,0.000,0.0
2.7393,5789,31075,0.000,0.000,0.0,0.000,0.000,0.0,0.000,0.000,0.0
2.7393,5790,31080,0.000,0.000,0.0,0.000,0.000,0.0,0.000,0.000,0.0
2.7393,5791,31085,0.000,0.000,0.0,0.000,0.000,0.0,0.000,0.000,0.0
2.7393,5792,31090,0.000,0.000,0.0,0.000,0.000,0.0,0.000,0.000,0.0
2.7393,5793,31095,0.000,0.000,0.0,0.000,0.000,0.0,0.000,0.000,0.0
2.7393,5794,31100,0.000,0.000,0.0,0.000,0.000,0.0,0.000,0.000,0.0
2.7393,5795,31105,0.000,0.000,0.0,0.000,0.000,0.0,0.000,0.000,0.0
2.7393,5796,31110,0.000,0.000,0.0,0.000,0.000,0.0,0.000,0.000,0.0
2.7393,5797,31115,0.000,0.000,0.0,0.000,0.000,0.0,0.000,0.000,0.0
2.7393,5798,31120,0.000,0.000,0.0,0.000,0.000,0.0,0.000,0.000,0.0
2.7393,5799,31125,0.000,0.000,0.0,0.000,0.000,0.0,0.000,0.000,0.0
2.7393,5800,31130,0.000,0.000,0.0,0.000,0.000,0.0,0.000,0.000,0.0
2.7393,5801,31135,0.000,0.000,0.0,0.000,0.000,0.0,0.000,0.000,0.0
2.7393,5802,31140,0.000,0.000,0.0,0.000,0.000,0.0,0.000,0.000,0.0
2.7393,5803,31145,0.000,0.000,0.0,0.000,0.000,0.0,0.000,0.000,0.0
2.7393,5804,31150,0.000,0.000,0.0,0.000,0.000,0.0,0.000,0.000,0.0
2.7393,5805,31155,0.000,0.000,0.0,0.000,0.000,0.0,0.000,0.000,0.0
2.7393,5806,31160,0.000,0.000,0.0,0.000,0.000,0.0,0.000,0.000,0.0
2.7393,5807,31165,0.000,0.000,0.0,0.000,0.000,0.0,0.000,0.000,0.0
2.7393,5808,31170,0.000,0.000,0.0,0.000,0.000,0.0,0.000,0.000,0.0
2.7393,5809,31175,0.000,0.000,0.0,0.000,0.000,0.0,0.000,0.000,0.0
2.7393,5810,31180,0.000,0.000,0.0,0.000,0.000,0.0,0.000,0.000,0.0
2.7393,5811,31185,0.000,0.000,0.0,0.000,0.000,0.0,0.000,0.000,0.0
2.7393,5812,31190,0.000,0.000,0.0,0.000,0.000,0.0,0.000,0.000,0.0
2.7393,5813,31195,0.000,0.000,0.0,0.000,0.000,0.0,0.000,0.000,0.0
2.7393,5814,31200,0.000,0.000,0.0,0.000,0.000,0.0,0.000,0.000,0.0
2.7393,5815,31205,0.000,0.000,0.0,0.000,0.000,0.0,0.000,0.000,0.0
2.7393,5816,31210,0.000,0.000,0.0,0.000,0.000,0.0,0.000,0.000,0.0
2.7393,5817,31215,0.000,0.000,0.0,0.000,0.000,0.0,0.000,0.000,0.0
2.7393,5818,31285,0.000,0.000,0.0,0.000,0.000,0.0,0.000,0.000,0.0
2.7393,5819,31290,0.000,0.000,0.0,0.000,0.000,0.0,0.000,0.000,0.0
2.7393,5820,31295,0.000,0.000,0.0,0.000,0.000,0.0,0.000,0.000,0.0
2.7393,5821,31300,0.000,0.000,0.0,0.000,0.000,0.0,0.000,0.000,0.0
2.7393,5822,31305,0.000,0.000,0.0,0.000,0.000,0.0,0.000,0.000,0.0
2.7393,5823,31310,0.000,0.000,0.0,0.000,0.000,0.0,0.000,0.000,0.0
2.7393,5824,31315,0.000,0.000,0.0,0.000,0.000,0.0,0.000,0.000,0.0
2.7393,5825,31320,0.000,0.000,0.0,0.000,0.000,0.0,0.000,0.000,0.0
2.7551,5826,31325,0.000,0.000,0.0,0.000,0.000,0.0,0.000,0.000,0.0
2.7551,5827,31330,0.000,0.000,0.0,0.000,0.000,0.0,0.000,0.000,0.0
2.7551,5828,31335,0.000,0.000,0.0,0.000,0.000,0.0,0.000,0.000,0.0
2.7551,5829,31340,0.000,0.000,0.0,0.000,0.000,0.0,0.000,0.000,0.0
2.7551,5830,31345,0.000,0.000,0.0,0.000,0.000,0.0,0.000,0.000,0.0
2.7551,5831,31350,0.000,0.000,0.0,0.000,0.000,0.0,0.000,0.000,0.0
2.7551,5832,31355,0.000,0.000,0.0,0.000,0.000,0.0,0.000,0.000,0.0
2.7551,5833,31360,0.000,0.000,0.0,0.000,0.000,0.0,0.000,0.000,0.0
2.8103,5834,31365,0.000,0.000,0.0,0.000,0.000,0.0,0.000,0.000,0.0
2.8103,5835,31370,0.000,0.000,0.0,0.000,0.000,0.0,0.000,0.000,0.0
2.8103,5836,31375,0.000,0.000,0.0,0.000,0.000,0.0,0.000,0.000,0.0
2.8103,5837,31380,0.000,0.000,0.0,0.000,0.000,0.0,0.000,0.000,0.0
2.8103,5838,31385,0.000,0.000,0.0,0.000,0.000,0.0,0.000,0.000,0.0
2.8103,5839,31390,0.000,0.000,0.0,0.000,0.000,0.0,0.000,0.000,0.0
2.8103,5840,31395,0.000,0.000,0.0,0.000,0.000,0.0,0.000,0.000,0.0
2.8103,5841,31400,0.000,0.000,0.0,0.000,0.000,0.0,0.000,0.000,0.0
2.8103,5842,31405,0.000,0.000,0.0,0.000,0.000,0.0,0.000,0.000,0.0
2.8103,5843,31410,0.000,0.000,0.0,0.000,0.000,0.0,0.000,0.000,0.0
2.8103,5844,31415,0.000,0.000,0.0,0.000,0.000,0.0,0.000,0.000,0.0
2.8103,5845,31420,0.000,0.000,0.0,0.000,0.000,0.0,0.000,0.000,0.0
2.8103,5846,31425,0.000,0.000,0.0,0.000,0.000,0.0,0.000,0.000,0.0
2.8103,5847,31430,0.000,0.000,0.0,0.000,0.000,0.0,0.000,0.000,0.0
2.8103,5848,31435,0.000,0.000,0.0,0.000,0.000,0.0,0.000,0.000,0.0
2.8103,5849,31440,0.000,0.000,0.0,0.000,0.000,0.0,0.000,0.000,0.0
2.8779,5850,31445,0.000,0.000,0.0,0.000,0.000,0.0,0.000,0.000,0.0
2.8779,5851,31450,0.000,0.000,0.0,0.000,0.000,0.0,0.000,0.000,0.0
2.8779,5852,31455,0.000,0.000,0.0,0.000,0.000,0.0,0.000,0.000,0.0
2.8779,5853,31460,0.000,0.000,0.0,0.000,0.000,0.0,0.000,0.000,0.0
2.8779,5854,31465,0.000,0.000,0.0,0.000,0.000,0.0,0.000,0.000,0.0
2.8779,5855,31470,0.000,0.000,0.0,0.000,0.000,0.0,0.000,0.000,0.0
2.8779,5856,31475,0.000,0.000,0.0,0.000,0.000,0.0,0.000,0.000,0.0
2.8779,5857,31480,0.000,0.000,0.0,0.000,0.000,0.0,0.000,0.000,0.0
2.9395,5858,31485,0.000,0.000,0.0,0.000,0.000,0.0,0.000,0.000,0.0
2.9395,5859,31490,0.000,0.000,0.0,0.000,0.000,0.0,0.000,0.000,0.0
2.9395,5860,31495,0.000,0.000,0.0,0.000,0.000,0.0,0.000,0.000,0.0
2.9395,5861,31500,0.000,0.000,0.0,0.000,0.000,0.0,0.000,0.000,0.0
2.9395,5862,31505,0.000,0.000,0.0,0.000,0.000,0.0,0.000,0.000,0.0
2.9395,5863,31510,0.000,0.000,0.0,0.000,0.000,0.0,0.000,0.000,0.0
2.9395,5864,31515,0.000,0.000,0.0,0.000,0.000,0.0,0.000,0.000,0.0
2.9395,5865,31520,0.000,0.000,0.0,0.000,0.000,0.0,0.000,0.000,0.0
2.9395,5866,31525,0.000,0.000,0.0,0.000,0.000,0.0,0.000,0.000,0.0
2.9395,5867,31530,0.000,0.000,0.0,0.000,0.000,0.0,0.000,0.000,0.0
2.9395,5868,31535,0.000,0.000,0.0,0.000,0.000,0.0,0.000,0.000,0.0
2.9395,5869,31540,0.000,0.000,0.0,0.000,0.000,0.0,0.000,0.000,0.0
2.9395,5870,31545,0.000,0.000,0.0,0.000,0.000,0.0,0.000,0.000,0.0
2.9395,5871,31550,0.000,0.000,0.0,0.000,0.000,0.0,0.000,0.000,0.0
2.9395,5872,31555,0.000,0.000,0.0,0.000,0.000,0.0,0.000,0.000,0.0
2.9395,5873,31560,0.000,0.000,0.0,0.000,0.000,0.0,0.000,0.000,0.0
2.9997,5874,31565,0.000,0.000,0.0,0.000,0.000,0.0,0.000,0.000,0.0
2.9997,5875,31570,0.000,0.000,0.0,0.000,0.000,0.0,0.000,0.000,0.0
2.9997,5876,31575,0.000,0.000,0.0,0.000,0.000,0.0,0.000,0.000,0.0
2.9997,5877,31580,0.000,0.000,0.0,0.000,0.000,0.0,0.000,0.000,0.0
2.9997,5878,31585,0.000,0.000,0.0,0.000,0.000,0.0,0.000,0.000,0.0
2.9997,5879,31590,0.000,0.000,0.0,0.000,0.000,0.0,0.000,0.000,0.0
2.9997,5880,31595,0.000,0.000,0.0,0.000,0.000,0.0,0.000,0.000,0.0
2.9997,5881,31600,0.000,0.000,0.0,0.000,0.000,0.0,0.000,0.000,0.0
3.0566,5882,31605,0.000,0.000,0.0,0.000,0.000,0.0,0.000,0.000,0.0
3.0566,5883,31610,0.000,0.000,0.0,0.000,0.000,0.0,0.000,0.000,0.0
3.0566,5884,31615,0.000,0.000,0.0,0.000,0.000,0.0,0.000,0.000,0.0
3.0566,5885,31620,0.000,0.000,0.0,0.000,0.000,0.0,0.000,0.000,0.0
3.0566,5886,31625,0.000,0.000,0.0,0.000,0.000,0.0,0.000,0.000,0.0
3.0566,5887,31630,0.000,0.000,0.0,0.000,0.000,0.0,0.000,0.000,0.0
3.0566,5888,31635,0.000,0.000,0.0,0.000,0.000,0.0,0.000,0.000,0.0
3.0566,5889,31640,0.000,0.000,0.0,0.000,0.000,0.0,0.000,0.000,0.0
3.0576,5890,31645,0.000,0.000,0.0,0.000,0.000,0.0,0.000,0.000,0.0
3.0576,5891,31650,0.000,0.000,0.0,0.000,0.000,0.0,0.000,0.000,0.0
3.0576,5892,31655,0.000,0.000,0.0,0.000,0.000,0.0,0.000,0.000,0.0
3.0576,5893,31660,0.000,0.000,0.0,0.000,0.000,0.0,0.000,0.000,0.0
3.0576,5894,31665,0.000,0.000,0.0,0.000,0.000,0.0,0.000,0.000,0.0
3.0576,5895,31670,0.000,0.000,0.0,0.000,0.000,0.0,0.000,0.000,0.0
3.0576,5896,31675,0.000,0.000,0.0,0.000,0.000,0.0,0.000,0.000,0.0
3.0576,5897,31680,0.000,0.000,0.0,0.000,0.000,0.0,0.000,0.000,0.0
3.1107,5898,31685,0.000,0.000,0.0,0.000,0.000,0.0,0.000,0.000,0.0
3.1107,5899,31690,0.000,0.000,0.0,0.000,0.000,0.0,0.000,0.000,0.0
3.1107,5900,31695,0.000,0.000,0.0,0.000,0.000,0.0,0.000,0.000,0.0
3.1107,5901,31700,0.000,0.000,0.0,0.000,0.000,0.0,0.000,0.000,0.0
3.1107,5902,31705,0.000,0.000,0.0,0.000,0.000,0.0,0.000,0.000,0.0
3.1107,5903,31710,0.000,0.000,0.0,0.000,0.000,0.0,0.000,0.000,0.0
3.1107,5904,31715,0.000,0.000,0.0,0.000,0.000,0.0,0.000,0.000,0.0
3.1107,5905,31720,0.000,0.000,0.0,0.000,0.000,0.0,0.000,0.000,0.0
3.1758,5906,31725,0.000,0.000,0.0,0.000,0.000,0.0,0.000,0.000,0.0
3.1758,5907,31730,0.000,0.000,0.0,0.000,0.000,0.0,0.000,0.000,0.0
3.1758,5908,31735,0.000,0.000,0.0,0.000,0.000,0.0,0.000,0.000,0.0
3.1758,5909,31740,0.000,0.000,0.0,0.000,0.000,0.0,0.000,0.000,0.0
3.1758,5910,31745,0.000,0.000,0.0,0.000,0.000,0.0,0.000,0.000,0.0
3.1758,5911,31750,0.000,0.000,0.0,0.000,0.000,0.0,0.000,0.000,0.0
3.1758,5912,31755,0.000,0.000,0.0,0.000,0.000,0.0,0.000,0.000,0.0
3.1758,5913,31760,0.000,0.000,0.0,0.000,0.000,0.0,0.000,0.000,0.0
3.1758,5914,31765,0.000,0.000,0.0,0.000,0.000,0.0,0.000,0.000,0.0
3.1758,5915,31770,0.000,0.000,0.0,0.000,0.000,0.0,0.000,0.000,0.0
3.1758,5916,31775,0.000,0.000,0.0,0.000,0.000,0.0,0.000,0.000,0.0
3.1758,5917,31780,0.000,0.000,0.0,0.000,0.000,0.0,0.000,0.000,0.0
3.1758,5918,31785,0.000,0.000,0.0,0.000,0.000,0.0,0.000,0.000,0.0
3.1758,5919,31790,0.000,0.000,0.0,0.000,0.000,0.0,0.000,0.000,0.0
3.1758,5920,31795,0.000,0.000,0.0,0.000,0.000,0.0,0.000,0.000,0.0
3.1758,5921,31800,0.000,0.000,0.0,0.000,0.000,0.0,0.000,0.000,0.0
3.2379,5922,31805,0.000,0.000,0.0,0.000,0.000,0.0,0.000,0.000,0.0
3.2379,5923,31810,0.000,0.000,0.0,0.000,0.000,0.0,0.000,0.000,0.0
3.2379,5924,31815,0.000,0.000,0.0,0.000,0.000,0.0,0.000,0.000,0.0
3.2379,5925,31820,0.000,0.000,0.0,0.000,0.000,0.0,0.000,0.000,0.0
3.2379,5926,31825,0.000,0.000,0.0,0.000,0.000,0.0,0.000,0.000,0.0
3.2379,5927,31830,0.000,0.000,0.0,0.000,0.000,0.0,0.000,0.000,0.0
3.2379,5928,31835,0.000,0.000,0.0,0.000,0.000,0.0,0.000,0.000,0.0
3.2379,5929,31840,0.000,0.000,0.0,0.000,0.000,0.0,0.000,0.000,0.0
3.3003,5930,31845,0.000,0.000,0.0,0.000,0.000,0.0,0.000,0.000,0.0
3.3003,5931,31850,0.000,0.000,0.0,0.000,0.000,0.0,0.000,0.000,0.0
3.3003,5932,31855,0.000,0.000,0.0,0.000,0.000,0.0,0.000,0.000,0.0
3.3003,5933,31860,0.000,0.000,0.0,0.000,0.000,0.0,0.000,0.000,0.0
3.3003,5934,31865,0.000,0.000,0.0,0.000,0.000,0.0,0.000,0.000,0.0
3.3003,5935,31870,0.000,0.000,0.0,0.000,0.000,0.0,0.000,0.000,0.0
3.3003,5936,31875,0.000,0.000,0.0,0.000,0.000,0.0,0.000,0.000,0.0
3.3003,5937,31880,0.000,0.000,0.0,0.000,0.000,0.0,0.000,0.000,0.0
3.3013,5938,31885,0.000,0.000,0.0,0.000,0.000,0.0,0.000,0.000,0.0
3.3013,5939,31890,0.000,0.000,0.0,0.000,0.000,0.0,0.000,0.000,0.0
3.3013,5940,31895,0.000,0.000,0.0,0.000,0.000,0.0,0.000,0.000,0.0
3.3013,5941,31900,0.000,0.000,0.0,0.000,0.000,0.0,0.000,0.000,0.0
3.3013,5942,31905,0.000,0.000,0.0,0.000,0.000,0.0,0.000,0.000,0.0
3.3013,5943,31910,0.000,0.000,0.0,0.000,0.000,0.0,0.000,0.000,0.0
3.3013,5944,31915,0.000,0.000,0.0,0.000,0.000,0.0,0.000,0.000,0.0
3.3013,5945,31920,0.000,0.000,0.0,0.000,0.000,0.0,0.000,0.000,0.0
3.3564,5946,31925,0.000,0.000,0.0,0.000,0.000,0.0,0.000,0.000,0.0
3.3564,5947,31930,0.000,0.000,0.0,0.000,0.000,0.0,0.000,0.000,0.0
3.3564,5948,31935,0.000,0.000,0.0,0.000,0.000,0.0,0.000,0.000,0.0
3.3564,5949,31940,0.000,0.000,0.0,0.000,0.000,0.0,0.000,0.000,0.0
3.3564,5950,31945,0.000,0.000,0.0,0.000,0.000,0.0,0.000,0.000,0.0
3.3564,5951,31950,0.000,0.000,0.0,0.000,0.000,0.0,0.000,0.000,0.0
3.3564,5952,31955,0.000,0.000,0.0,0.000,0.000,0.0,0.000,0.000,0.0
3.3564,5953,31960,0.000,0.000,0.0,0.000,0.000,0.0,0.000,0.000,0.0
3.4160,5954,31965,0.000,0.000,0.0,0.000,0.000,0.0,0.000,0.000,0.0
3.4160,5955,31970,0.000,0.000,0.0,0.000,0.000,0.0,0.000,0.000,0.0
3.4160,5956,31975,0.000,0.000,0.0,0.000,0.000,0.0,0.000,0.000,0.0
3.4160,5957,31980,0.000,0.000,0.0,0.000,0.000,0.0,0.000,0.000,0.0
3.4160,5958,31985,0.000,0.000,0.0,0.000,0.000,0.0,0.000,0.000,0.0
3.4160,5959,31990,0.000,0.000,0.0,0.000,0.000,0.0,0.000,0.000,0.0
3.4160,5960,31995,0.000,0.000,0.0,0.000,0.000,0.0,0.000,0.000,0.0
3.4160,5961,32000,0.000,0.000,0.0,0.000,0.000,0.0,0.000,0.000,0.0
3.4160,5962,32005,0.000,0.000,0.0,0.000,0.000,0.0,0.000,0.000,0.0
3.4160,5963,32010,0.000,0.000,0.0,0.000,0.000,0.0,0.000,0.000,0.0
3.4160,5964,32015,0.000,0.000,0.0,0.000,0.000,0.0,0.000,0.000,0.0
3.4160,5965,32020,0.000,0.000,0.0,0.000,0.000,0.0,0.000,0.000,0.0
3.4160,5966,32025,0.000,0.000,0.0,0.000,0.000,0.0,0.000,0.000,0.0
3.4160,5967,32030,0.000,0.000,0.0,0.000,0.000,0.0,0.000,0.000,0.0
3.4160,5968,32035,0.000,0.000,0.0,0.000,0.000,0.0,0.000,0.000,0.0
3.4160,5969,32040,0.000,0.000,0.0,0.000,0.000,0.0,0.000,0.000,0.0
3.4804,5970,32045,0.000,0.000,0.0,0.000,0.000,0.0,0.000,0.000,0.0
3.4804,5971,32050,0.000,0.000,0.0,0.000,0.000,0.0,0.000,0.000,0.0
3.4804,5972,32055,0.000,0.000,0.0,0.000,0.000,0.0,0.000,0.000,0.0
3.4804,5973,32060,0.000,0.000,0.0,0.000,0.000,0.0,0.000,0.000,0.0
3.4804,5974,32065,0.000,0.000,0.0,0.000,0.000,0.0,0.000,0.000,0.0
3.4804,5975,32070,0.000,0.000,0.0,0.000,0.000,0.0,0.000,0.000,0.0
3.4804,5976,32075,0.000,0.000,0.0,0.000,0.000,0.0,0.000,0.000,0.0
3.4804,5977,32080,0.000,0.000,0.0,0.000,0.000,0.0,0.000,0.000,0.0
3.4804,5978,32085,0.000,0.000,0.0,0.000,0.000,0.0,0.000,0.000,0.0
3.4804,5979,32090,0.000,0.000,0.0,0.000,0.000,0.0,0.000,0.000,0.0
3.4804,5980,32095,0.000,0.000,0.0,0.000,0.000,0.0,0.000,0.000,0.0
3.4804,5981,32100,0.000,0.000,0.0,0.000,0.000,0.0,0.000,0.000,0.0
3.4804,5982,32105,0.000,0.000,0.0,0.000,0.000,0.0,0.000,0.000,0.0
3.4804,5983,32110,0.000,0.000,0.0,0.000,0.000,0.0,0.000,0.000,0.0
3.4804,5984,32115,0.000,0.000,0.0,0.000,0.000,0.0,0.000,0.000,0.0
3.4804,5985,32120,0.000,0.000,0.0,0.000,0.000,0.0,0.000,0.000,0.0
3.5466,5986,32125,0.000,0.000,0.0,0.000,0.000,0.0,0.000,0.000,0.0
3.5466,5987,32130,0.000,0.000,0.0,0.000,0.000,0.0,0.000,0.000,0.0
3.5466,5988,32135,0.000,0.000,0.0,0.000,0.000,0.0,0.000,0.000,0.0
3.5466,5989,32140,0.000,0.000,0.0,0.000,0.000,0.0,0.000,0.000,0.0
3.5466,5990,32145,0.000,0.000,0.0,0.000,0.000,0.0,0.000,0.000,0.0
3.5466,5991,32150,0.000,0.000,0.0,0.000,0.000,0.0,0.000,0.000,0.0
3.5466,5992,32155,0.000,0.000,0.0,0.000,0.000,0.0,0.000,0.000,0.0
3.5466,5993,32160,0.000,0.000,0.0,0.000,0.000,0.0,0.000,0.000,0.0
3.6063,5994,32165,0.000,0.000,0.0,0.000,0.000,0.0,0.000,0.000,0.0
3.6063,5995,32170,0.000,0.000,0.0,0.000,0.000,0.0,0.000,0.000,0.0
3.6063,5996,32175,0.000,0.000,0.0,0.000,0.000,0.0,0.000,0.000,0.0
3.6063,5997,32180,0.000,0.000,0.0,0.000,0.000,0.0,0.000,0.000,0.0
3.6063,5998,32185,0.000,0.000,0.0,0.000,0.000,0.0,0.000,0.000,0.0
3.6063,5999,32190,0.000,0.000,0.0,0.000,0.000,0.0,0.000,0.000,0.0
3.6063,6000,32195,0.000,0.000,0.0,0.000,0.000,0.0,0.000,0.000,0.0
3.6063,6001,32200,0.000,0.000,0.0,0.000,0.000,0.0,0.000,0.000,0.0
3.6063,6002,32205,0.000,0.000,0.0,0.000,0.000,0.0,0.000,0.000,0.0
3.6063,6003,32210,0.000,0.000,0.0,0.000,0.000,0.0,0.000,0.000,0.0
3.6063,6004,32215,0.000,0.000,0.0,0.000,0.000,0.0,0.000,0.000,0.0
3.6063,6005,32220,0.000,0.000,0.0,0.000,0.000,0.0,0.000,0.000,0.0
3.6063,6006,32225,0.000,0.000,0.0,0.000,0.000,0.0,0.000,0.000,0.0
3.6063,6007,32230,0.000,0.000,0.0,0.000,0.000,0.0,0.000,0.000,0.0
3.6063,6008,32235,0.000,0.000,0.0,0.000,0.000,0.0,0.000,0.000,0.0
3.6063,6009,32240,0.000,0.000,0.0,0.000,0.000,0.0,0.000,0.000,0.0
3.6695,6010,32245,0.000,0.000,0.0,0.000,0.000,0.0,0.000,0.000,0.0
3.6695,6011,32250,0.000,0.000,0.0,0.000,0.000,0.0,0.000,0.000,0.0
3.6695,6012,32255,0.000,0.000,0.0,0.000,0.000,0.0,0.000,0.000,0.0
3.6695,6013,32260,0.000,0.000,0.0,0.000,0.000,0.0,0.000,0.000,0.0
3.6695,6014,32265,0.000,0.000,0.0,0.000,0.000,0.0,0.000,0.000,0.0
3.6695,6015,32270,0.000,0.000,0.0,0.000,0.000,0.0,0.000,0.000,0.0
3.6695,6016,32275,0.000,0.000,0.0,0.000,0.000,0.0,0.000,0.000,0.0
3.6695,6017,32280,0.000,0.000,0.0,0.000,0.000,0.0,0.000,0.000,0.0
3.7322,6018,32285,0.000,0.000,0.0,0.000,0.000,0.0,0.000,0.000,0.0
3.7322,6019,32290,0.000,0.000,0.0,0.000,0.000,0.0,0.000,0.000,0.0
3.7322,6020,32295,0.000,0.000,0.0,0.000,0.000,0.0,0.000,0.000,0.0
3.7322,6021,32300,0.000,0.000,0.0,0.000,0.000,0.0,0.000,0.000,0.0
3.7322,6022,32305,0.000,0.000,0.0,0.000,0.000,0.0,0.000,0.000,0.0
3.7322,6023,32310,0.000,0.000,0.0,0.000,0.000,0.0,0.000,0.000,0.0
3.7322,6024,32315,0.000,0.000,0.0,0.000,0.000,0.0,0.000,0.000,0.0
3.7322,6025,32320,0.000,0.000,0.0,0.000,0.000,0.0,0.000,0.000,0.0
3.7322,6026,32325,0.000,0.000,0.0,0.000,0.000,0.0,0.000,0.000,0.0
3.7322,6027,32330,0.000,0.000,0.0,0.000,0.000,0.0,0.000,0.000,0.0
3.7322,6028,32335,0.000,0.000,0.0,0.000,0.000,0.0,0.000,0.000,0.0
3.7322,6029,32340,0.000,0.000,0.0,0.000,0.000,0.0,0.000,0.000,0.0
3.7322,6030,32345,0.000,0.000,0.0,0.000,0.000,0.0,0.000,0.000,0.0
3.7322,6031,32350,0.000,0.000,0.0,0.000,0.000,0.0,0.000,0.000,0.0
3.7322,6032,32355,0.000,0.000,0.0,0.000,0.000,0.0,0.000,0.000,0.0
3.7322,6033,32360,0.000,0.000,0.0,0.000,0.000,0.0,0.000,0.000,0.0
3.7925,6034,32365,0.000,0.000,0.0,0.000,0.000,0.0,0.000,0.000,0.0
3.7925,6035,32370,0.000,0.000,0.0,0.000,0.000,0.0,0.000,0.000,0.0
3.7925,6036,32375,0.000,0.000,0.0,0.000,0.000,0.0,0.000,0.000,0.0
3.7925,6037,32380,0.000,0.000,0.0,0.000,0.000,0.0,0.000,0.000,0.0
3.7925,6038,32385,0.000,0.000,0.0,0.000,0.000,0.0,0.000,0.000,0.0
3.7925,6039,32390,0.000,0.000,0.0,0.000,0.000,0.0,0.000,0.000,0.0
3.7925,6040,32395,0.000,0.000,0.0,0.000,0.000,0.0,0.000,0.000,0.0
3.7925,6041,32400,0.000,0.000,0.0,0.000,0.000,0.0,0.000,0.000,0.0
3.8538,6042,32405,0.000,0.000,0.0,0.000,0.000,0.0,0.000,0.000,0.0
3.8538,6043,32410,0.000,0.000,0.0,0.000,0.000,0.0,0.000,0.000,0.0
3.8538,6044,32415,0.000,0.000,0.0,0.000,0.000,0.0,0.000,0.000,0.0
3.8538,6045,32420,0.000,0.000,0.0,0.000,0.000,0.0,0.000,0.000,0.0
3.8538,6046,32425,0.000,0.000,0.0,0.000,0.000,0.0,0.000,0.000,0.0
3.8538,6047,32430,0.000,0.000,0.0,0.000,0.000,0.0,0.000,0.000,0.0
3.8538,6048,32435,0.000,0.000,0.0,0.000,0.000,0.0,0.000,0.000,0.0
3.8538,6049,32440,0.000,0.000,0.0,0.000,0.000,0.0,0.000,0.000,0.0
3.8538,6050,32445,0.000,0.000,0.0,0.000,0.000,0.0,0.000,0.000,0.0
3.8538,6051,32450,0.000,0.000,0.0,0.000,0.000,0.0,0.000,0.000,0.0
3.8538,6052,32455,0.000,0.000,0.0,0.000,0.000,0.0,0.000,0.000,0.0
3.8538,6053,32460,0.000,0.000,0.0,0.000,0.000,0.0,0.000,0.000,0.0
3.8538,6054,32465,0.000,0.000,0.0,0.000,0.000,0.0,0.000,0.000,0.0
3.8538,6055,32470,0.000,0.000,0.0,0.000,0.000,0.0,0.000,0.000,0.0
3.8538,6056,32475,0.000,0.000,0.0,0.000,0.000,0.0,0.000,0.000,0.0
3.8538,6057,32480,0.000,0.000,0.0,0.000,0.000,0.0,0.000,0.000,0.0
3.9164,6058,32485,0.000,0.000,0.0,0.000,0.000,0.0,0.000,0.000,0.0
3.9164,6059,32490,0.000,0.000,0.0,0.000,0.000,0.0,0.000,0.000,0.0
3.9164,6060,32495,0.000,0.000,0.0,0.000,0.000,0.0,0.000,0.000,0.0
3.9164,6061,32500,0.000,0.000,0.0,0.000,0.000,0.0,0.000,0.000,0.0
3.9164,6062,32505,0.000,0.000,0.0,0.000,0.000,0.0,0.000,0.000,0.0
3.9164,6063,32510,0.000,0.000,0.0,0.000,0.000,0.0,0.000,0.000,0.0
3.9164,6064,32515,0.000,0.000,0.0,0.000,0.000,0.0,0.000,0.000,0.0
3.9164,6065,32520,0.000,0.000,0.0,0.000,0.000,0.0,0.000,0.000,0.0
3.9766,6066,32525,0.000,0.000,0.0,0.000,0.000,0.0,0.000,0.000,0.0
3.9766,6067,32530,0.000,0.000,0.0,0.000,0.000,0.0,0.000,0.000,0.0
3.9766,6068,32535,0.000,0.000,0.0,0.000,0.000,0.0,0.000,0.000,0.0
3.9766,6069,32540,0.000,0.000,0.0,0.000,0.000,0.0,0.000,0.000,0.0
3.9766,6070,32545,0.000,0.000,0.0,0.000,0.000,0.0,0.000,0.000,0.0
3.9766,6071,32550,0.000,0.000,0.0,0.000,0.000,0.0,0.000,0.000,0.0
3.9766,6072,32555,0.000,0.000,0.0,0.000,0.000,0.0,0.000,0.000,0.0
3.9766,6073,32560,0.000,0.000,0.0,0.000,0.000,0.0,0.000,0.000,0.0
3.9766,6074,32565,0.000,0.000,0.0,0.000,0.000,0.0,0.000,0.000,0.0
3.9766,6075,32570,0.000,0.000,0.0,0.000,0.000,0.0,0.000,0.000,0.0
3.9766,6076,32575,0.000,0.000,0.0,0.000,0.000,0.0,0.000,0.000,0.0
3.9766,6077,32580,0.000,0.000,0.0,0.000,0.000,0.0,0.000,0.000,0.0
3.9766,6078,32585,0.000,0.000,0.0,0.000,0.000,0.0,0.000,0.000,0.0
3.9766,6079,32590,0.000,0.000,0.0,0.000,0.000,0.0,0.000,0.000,0.0
3.9766,6080,32595,0.000,0.000,0.0,0.000,0.000,0.0,0.000,0.000,0.0
3.9766,6081,32600,0.000,0.000,0.0,0.000,0.000,0.0,0.000,0.000,0.0
4.0401,6082,32605,0.000,0.000,0.0,0.000,0.000,0.0,0.000,0.000,0.0
4.0401,6083,32610,0.000,0.000,0.0,0.000,0.000,0.0,0.000,0.000,0.0
4.0401,6084,32615,0.000,0.000,0.0,0.000,0.000,0.0,0.000,0.000,0.0
4.0401,6085,32620,0.000,0.000,0.0,0.000,0.000,0.0,0.000,0.000,0.0
4.0401,6086,32625,0.000,0.000,0.0,0.000,0.000,0.0,0.000,0.000,0.0
4.0401,6087,32630,0.000,0.000,0.0,0.000,0.000,0.0,0.000,0.000,0.0
4.0401,6088,32635,0.000,0.000,0.0,0.000,0.000,0.0,0.000,0.000,0.0
4.0401,6089,32640,0.000,0.000,0.0,0.000,0.000,0.0,0.000,0.000,0.0
4.1021,6090,32645,0.000,0.000,0.0,0.000,0.000,0.0,0.000,0.000,0.0
4.1021,6091,32650,0.000,0.000,0.0,0.000,0.000,0.0,0.000,0.000,0.0
4.1021,6092,32655,0.000,0.000,0.0,0.000,0.000,0.0,0.000,0.000,0.0
4.1021,6093,32660,0.000,0.000,0.0,0.000,0.000,0.0,0.000,0.000,0.0
4.1021,6094,32665,0.000,0.000,0.0,0.000,0.000,0.0,0.000,0.000,0.0
4.1021,6095,32670,0.000,0.000,0.0,0.000,0.000,0.0,0.000,0.000,0.0
4.1021,6096,32675,0.000,0.000,0.0,0.000,0.000,0.0,0.000,0.000,0.0
4.1021,6097,32680,0.000,0.000,0.0,0.000,0.000,0.0,0.000,0.000,0.0
4.1021,6098,32685,0.000,0.000,0.0,0.000,0.000,0.0,0.000,0.000,0.0
4.1021,6099,32690,0.000,0.000,0.0,0.000,0.000,0.0,0.000,0.000,0.0
4.1021,6100,32695,0.000,0.000,0.0,0.000,0.000,0.0,0.000,0.000,0.0
4.1021,6101,32700,0.000,0.000,0.0,0.000,0.000,0.0,0.000,0.000,0.0
4.1021,6102,32705,0.000,0.000,0.0,0.000,0.000,0.0,0.000,0.000,0.0
4.1021,6103,32710,0.000,0.000,0.0,0.000,0.000,0.0,0.000,0.000,0.0
4.1021,6104,32715,0.000,0.000,0.0,0.000,0.000,0.0,0.000,0.000,0.0
4.1021,6105,32720,0.000,0.000,0.0,0.000,0.000,0.0,0.000,0.000,0.0
4.1657,6106,32725,0.000,0.000,0.0,0.000,0.000,0.0,0.000,0.000,0.0
4.1657,6107,32730,0.000,0.000,0.0,0.000,0.000,0.0,0.000,0.000,0.0
4.1657,6108,32735,0.000,0.000,0.0,0.000,0.000,0.0,0.000,0.000,0.0
4.1657,6109,32740,0.000,0.000,0.0,0.000,0.000,0.0,0.000,0.000,0.0
4.1657,6110,32745,0.000,0.000,0.0,0.000,0.000,0.0,0.000,0.000,0.0
4.1657,6111,32750,0.000,0.000,0.0,0.000,0.000,0.0,0.000,0.000,0.0
4.1657,6112,32755,0.000,0.000,0.0,0.000,0.000,0.0,0.000,0.000,0.0
4.1657,6113,32760,0.000,0.000,0.0,0.000,0.000,0.0,0.000,0.000,0.0
4.1657,6114,32765,0.000,0.000,0.0,0.000,0.000,0.0,0.000,0.000,0.0
4.1657,6115,32770,0.000,0.000,0.0,0.000,0.000,0.0,0.000,0.000,0.0
4.1657,6116,32775,0.000,0.000,0.0,0.000,0.000,0.0,0.000,0.000,0.0
4.1657,6117,32780,0.000,0.000,0.0,0.000,0.000,0.0,0.000,0.000,0.0
4.1657,6118,32785,0.000,0.000,0.0,0.000,0.000,0.0,0.000,0.000,0.0
4.1657,6119,32790,0.000,0.000,0.0,0.000,0.000,0.0,0.000,0.000,0.0
4.1657,6120,32795,0.000,0.000,0.0,0.000,0.000,0.0,0.000,0.000,0.0
4.1657,6121,32800,0.000,0.000,0.0,0.000,0.000,0.0,0.000,0.000,0.0
4.1998,6122,32805,0.000,0.000,0.0,0.000,0.000,0.0,0.000,0.000,0.0
4.1998,6123,32810,0.000,0.000,0.0,0.000,0.000,0.0,0.000,0.000,0.0
4.1998,6124,32815,0.000,0.000,0.0,0.000,0.000,0.0,0.000,0.000,0.0
4.1998,6125,32820,0.000,0.000,0.0,0.000,0.000,0.0,0.000,0.000,0.0
4.1998,6126,32825,10.000,0.000,101.2,10.000,0.000,101.2,10.000,0.000,101.2
4.1998,6127,32830,10.000,0.000,102.3,10.000,0.000,102.3,10.000,0.000,102.3
4.1998,6128,32835,10.000,0.179,102.3,10.000,0.180,102.3,10.000,0.179,102.3
4.1998,6129,32840,10.000,0.546,101.5,10.000,0.363,102.6,10.000,0.363,102.6
4.2644,6130,32845,10.000,0.914,101.0,10.000,0.546,103.0,10.000,0.730,101.8
4.2644,6131,32850,10.000,1.272,100.6,10.000,0.726,103.4,10.000,1.267,100.2
4.2644,6132,32855,10.000,1.817,98.9,10.000,1.089,102.5,10.000,1.812,99.0
4.2644,6133,32860,10.000,2.365,97.6,10.000,1.455,102.0,10.000,2.178,98.9
4.2644,6134,32865,10.000,2.908,96.3,10.000,1.998,100.3,10.000,2.902,95.9
4.2644,6135,32870,10.000,3.634,93.7,10.000,2.542,99.0,10.000,3.447,94.9
4.2644,6136,32875,10.000,4.178,92.6,10.000,2.905,98.8,10.000,4.173,92.3
4.2644,6137,32880,10.000,4.900,89.9,10.000,3.627,95.8,10.000,4.894,90.0
4.3192,6138,32885,10.000,5.274,89.7,10.000,4.000,95.8,10.000,5.451,88.7
4.3192,6139,32890,10.000,5.625,88.9,10.000,4.534,93.9,10.000,5.985,87.0
4.3192,6140,32895,10.000,5.798,89.1,10.000,4.892,93.5,10.000,6.521,85.3
4.3192,6141,32900,10.000,6.179,87.5,10.000,5.638,90.1,10.000,6.723,85.7
4.3192,6142,32905,10.000,6.328,87.9,10.000,5.968,90.2,10.000,7.045,84.4
4.3192,6143,32910,10.000,6.541,87.3,10.000,6.554,87.7,10.000,7.441,83.0
4.3192,6144,32915,10.000,6.714,87.1,10.000,6.906,87.2,10.000,7.611,83.1
4.3192,6145,32920,10.000,6.723,87.8,10.000,7.280,85.9,10.000,7.986,81.3
4.3192,6146,32925,10.000,7.081,85.9,10.000,7.818,83.6,10.000,8.160,81.3
4.3192,6147,32930,10.000,7.092,87.0,10.000,8.014,83.9,10.000,8.357,80.7
4.3192,6148,32935,10.000,7.434,85.1,10.000,8.536,81.2,10.000,8.515,80.3
4.3192,6149,32940,10.000,7.454,86.1,10.000,8.739,81.3,10.000,8.720,79.5
4.3192,6150,32945,10.000,7.810,84.1,10.000,9.097,79.6,10.000,8.715,80.2
4.3192,6151,32950,10.000,7.806,85.3,10.000,9.272,79.4,10.000,8.892,79.2
4.3192,6152,32955,10.000,8.024,84.1,10.000,9.491,78.5,10.000,8.939,79.4
4.3192,6153,32960,10.000,8.156,84.0,10.000,9.610,78.3,10.000,9.069,78.8
4.3689,6154,32965,10.000,8.354,83.2,10.000,9.628,78.5,10.000,9.086,79.1
4.3689,6155,32970,10.000,8.538,82.7,10.000,9.814,77.4,10.000,8.904,80.5
4.3689,6156,32975,10.000,8.530,83.4,10.000,9.808,77.9,10.000,9.079,79.0
4.3689,6157,32980,10.000,8.699,82.4,10.000,9.973,76.9,10.000,9.062,79.6
4.3689,6158,32985,10.000,8.719,82.8,10.000,9.814,78.3,10.000,9.082,79.6
4.3689,6159,32990,10.000,8.716,83.0,10.000,9.994,76.7,10.000,9.079,79.8
4.3689,6160,32995,10.000,8.714,83.2,10.000,9.992,77.2,10.000,9.076,79.9
4.3689,6161,33000,10.000,8.886,82.2,10.000,9.980,77.3,10.000,9.066,80.0
4.4321,6162,33005,10.000,8.898,82.7,10.000,9.988,77.2,10.000,9.075,80.1
4.4321,6163,33010,10.000,8.884,82.9,10.000,9.971,77.3,10.000,9.061,80.3
4.4321,6164,33015,10.000,8.900,82.9,10.000,9.992,77.1,10.000,9.083,80.2
4.4321,6165,33020,10.000,8.879,83.2,10.000,9.964,77.4,10.000,9.063,80.5
4.4321,6166,33025,10.000,8.906,83.1,10.000,9.990,77.1,10.000,8.910,81.5
4.4321,6167,33030,10.000,8.919,83.2,10.000,10.006,77.1,10.000,8.923,81.2
4.4321,6168,33035,10.000,9.092,82.3,10.000,9.997,77.2,10.000,8.915,81.4
4.4321,6169,33040,10.000,9.250,81.7,10.000,9.967,77.4,10.000,8.889,81.7
4.4969,6170,33045,10.000,9.275,82.1,10.000,9.990,77.2,10.000,8.914,81.6
4.4969,6171,33050,10.000,9.282,82.2,10.000,10.000,77.2,10.000,8.922,81.7
4.4969,6172,33055,10.000,9.248,82.5,10.000,10.147,76.2,10.000,8.889,82.1
4.4969,6173,33060,10.000,9.104,83.4,10.000,10.011,77.4,10.000,8.746,83.1
4.4969,6174,33065,10.000,9.068,83.4,10.000,10.151,76.2,10.000,8.884,82.0
4.4969,6175,33070,10.000,9.085,83.3,10.000,9.989,77.6,10.000,8.900,82.3
4.4969,6176,33075,10.000,9.078,83.5,10.000,10.163,76.1,10.000,8.890,82.6
4.4969,6177,33080,10.000,9.058,83.7,10.000,9.603,80.1,10.000,9.051,81.6
4.4969,6178,33085,10.000,8.897,84.8,10.000,9.806,77.5,10.000,9.068,82.0
4.4969,6179,33090,10.000,8.912,84.5,10.000,9.643,79.1,10.000,9.085,82.0
4.4969,6180,33095,10.000,9.061,83.7,10.000,9.795,77.7,10.000,9.058,82.4
4.4969,6181,33100,10.000,8.882,85.3,10.000,9.616,79.3,10.000,9.062,82.4
4.4969,6182,33105,10.000,8.886,85.0,10.000,9.621,78.8,10.000,9.067,82.5
4.4969,6183,33110,10.000,9.085,83.8,10.000,9.635,78.8,10.000,9.264,81.3
4.4969,6184,33115,10.000,9.082,84.4,10.000,9.634,78.9,10.000,9.084,83.0
4.4969,6185,33120,10.000,9.269,83.3,10.000,9.636,78.9,10.000,9.269,81.5
4.5545,6186,33125,10.000,9.248,84.0,10.000,9.609,79.1,10.000,9.247,82.2
4.5545,6187,33130,10.000,9.270,83.9,10.000,9.990,76.6,10.000,9.092,83.2
4.5545,6188,33135,10.000,9.225,84.3,10.000,9.939,77.9,10.000,9.225,82.1
4.5545,6189,33140,10.000,9.260,84.0,10.000,9.974,77.5,10.000,9.260,82.3
4.5545,6190,33145,10.000,9.276,84.1,10.000,9.989,77.5,10.000,9.273,82.4
4.5545,6191,33150,10.000,9.455,83.1,10.000,9.983,77.6,10.000,9.266,82.5
4.5545,6192,33155,10.000,9.452,83.6,10.000,9.979,77.6,10.000,9.085,83.8
4.5545,6193,33160,10.000,9.444,83.7,10.000,9.972,77.7,10.000,9.078,83.5
4.6086,6194,33165,10.000,9.628,82.5,10.000,9.975,77.6,10.000,9.080,83.5
4.6086,6195,33170,10.000,9.433,84.3,10.000,10.147,76.5,10.000,9.070,83.7
4.6086,6196,33175,10.000,9.459,83.7,10.000,9.813,79.1,10.000,9.099,83.6
4.6086,6197,33180,10.000,9.438,84.0,10.000,9.969,77.3,10.000,9.076,83.9
4.6086,6198,33185,10.000,9.653,82.6,10.000,9.826,78.6,10.000,8.933,84.9
4.6086,6199,33190,10.000,9.622,83.3,10.000,9.976,77.3,10.000,8.900,84.9
4.6086,6200,33195,10.000,9.435,84.5,10.000,9.789,78.9,10.000,8.894,85.0
4.6086,6201,33200,10.000,9.430,84.2,10.000,9.966,77.3,10.000,8.707,86.3
4.6086,6202,33205,10.000,9.623,83.0,10.000,9.798,78.8,10.000,8.897,84.8
4.6086,6203,33210,10.000,9.605,83.6,10.000,9.963,77.4,10.000,8.879,85.5
4.6086,6204,33215,10.000,9.450,84.6,10.000,9.811,78.8,10.000,8.723,86.6
4.6086,6205,33220,10.000,9.462,84.2,10.000,9.824,78.3,10.000,8.734,86.3
4.6086,6206,33225,10.000,9.613,83.3,10.000,9.979,77.4,10.000,8.704,86.7
4.6086,6207,33230,10.000,9.632,83.6,10.000,10.002,77.6,10.000,8.907,85.4
4.6086,6208,33235,10.000,9.430,85.0,10.000,9.981,77.8,10.000,8.885,86.2
4.6086,6209,33240,10.000,9.618,83.4,10.000,9.805,78.9,10.000,8.893,86.2
4.6627,6210,33245,10.000,9.635,83.8,10.000,9.821,78.4,10.000,8.907,86.3
4.6627,6211,33250,10.000,9.640,83.8,10.000,9.825,78.4,10.000,9.094,85.2
4.6627,6212,33255,10.000,9.456,85.1,10.000,9.827,78.4,10.000,9.095,85.7
4.6627,6213,33260,10.000,9.647,83.4,10.000,9.652,79.6,10.000,9.285,84.6
4.6627,6214,33265,10.000,9.627,84.1,10.000,9.631,79.4,10.000,9.448,84.1
4.6627,6215,33270,10.000,9.607,84.2,10.000,9.607,79.5,10.000,9.605,83.5
4.6627,6216,33275,10.000,9.635,84.0,10.000,9.631,79.3,10.000,9.631,83.8
4.6627,6217,33280,10.000,9.635,84.1,10.000,9.449,80.6,10.000,9.450,85.1
4.7246,6218,33285,10.000,9.644,84.1,10.000,9.457,80.2,10.000,9.637,83.5
4.7246,6219,33290,10.000,9.633,84.2,10.000,9.446,80.4,10.000,9.627,84.0
4.7246,6220,33295,10.000,9.611,84.4,10.000,9.426,80.5,10.000,9.787,83.0
4.7246,6221,33300,10.000,9.611,84.4,10.000,9.429,80.5,10.000,9.788,83.4
4.7246,6222,33305,10.000,9.636,84.3,10.000,9.451,80.4,10.000,9.810,83.3
4.7246,6223,33310,10.000,9.616,84.5,10.000,9.434,80.7,10.000,9.790,83.5
4.7246,6224,33315,10.000,9.611,84.5,10.000,9.607,79.6,10.000,9.963,82.3
4.7246,6225,33320,10.000,9.626,84.5,10.000,9.443,81.1,10.000,9.801,83.8
4.7246,6226,33325,10.000,9.445,85.7,10.000,9.261,82.0,10.000,9.983,82.3
4.7256,6227,33330,10.000,9.446,85.3,10.000,9.447,80.4,10.000,9.985,82.7
4.7256,6228,33335,10.000,9.614,84.3,10.000,9.439,81.0,10.000,9.976,82.8
4.7256,6229,33340,10.000,9.440,85.9,10.000,9.628,79.8,10.000,9.982,82.7
4.7256,6230,33345,10.000,9.278,86.6,10.000,9.466,81.3,10.000,10.008,82.5
4.7256,6231,33350,10.000,9.259,86.4,10.000,9.442,81.2,10.000,9.988,82.7
4.7256,6232,33355,10.000,9.250,86.5,10.000,9.433,81.2,10.000,10.162,81.6
4.7256,6233,33360,10.000,9.066,87.8,10.000,9.608,80.1,10.000,9.978,83.2
4.7898,6234,33365,10.000,9.089,87.3,10.000,9.451,81.6,10.000,10.005,82.5
4.7907,6235,33370,10.000,9.262,86.3,10.000,9.624,80.2,10.000,10.177,81.5
4.7907,6236,33375,10.000,9.261,86.8,10.000,9.809,79.4,10.000,9.997,83.1
4.7907,6237,33380,10.000,9.257,86.9,10.000,9.802,79.9,10.000,10.172,81.5
4.7907,6238,33385,10.000,9.079,88.2,10.000,9.981,78.8,10.000,9.994,83.0
4.7907,6239,33390,10.000,9.255,86.7,10.000,9.792,80.4,10.000,10.171,81.5
4.7907,6240,33395,10.000,9.439,86.0,10.000,10.160,77.6,10.000,9.988,83.1
4.7907,6241,33400,10.000,9.436,86.5,10.000,10.155,78.5,10.000,10.163,81.5
4.8495,6242,33405,10.000,9.625,85.4,10.000,10.158,78.5,10.000,9.982,83.1
4.8495,6243,33410,10.000,9.631,85.8,10.000,10.168,78.4,10.000,10.170,81.4
4.8495,6244,33415,10.000,9.624,85.9,10.000,9.980,79.6,10.000,9.982,83.1
4.8495,6245,33420,10.000,9.456,87.1,10.000,9.995,79.1,10.000,9.998,82.5
4.8495,6246,33425,10.000,9.442,86.8,10.000,10.159,78.0,10.000,10.161,81.5
4.8495,6247,33430,10.000,9.608,85.8,10.000,9.964,79.7,10.000,9.966,83.1
4.8495,6248,33435,10.000,9.636,86.0,10.000,9.998,79.0,10.000,10.179,81.3
4.8495,6249,33440,10.000,9.453,87.3,10.000,9.997,79.1,10.000,9.996,83.0
4.8495,6250,33445,10.000,9.433,87.1,10.000,9.970,79.3,10.000,10.152,81.5
4.8495,6251,33450,10.000,9.641,85.7,10.000,10.001,79.0,10.000,10.000,82.8
4.8495,6252,33455,10.000,9.452,87.5,10.000,9.999,79.1,10.000,10.182,81.3
4.8495,6253,33460,10.000,9.440,87.2,10.000,9.984,79.2,10.000,10.167,81.8
4.8495,6254,33465,10.000,9.450,87.2,10.000,9.991,79.1,10.000,10.176,81.7
4.8495,6255,33470,10.000,9.630,86.1,10.000,9.987,79.1,10.000,10.172,81.7
4.8495,6256,33475,10.000,9.611,86.7,10.000,9.967,79.3,10.000,9.975,83.0
4.8495,6257,33480,10.000,9.447,87.7,10.000,9.981,79.1,10.000,10.172,81.2
4.9096,6258,33485,10.000,9.448,87.4,10.000,9.979,79.2,10.000,9.986,82.9
4.9096,6259,33490,10.000,9.433,87.6,10.000,10.142,78.1,10.000,10.148,81.4
4.9096,6260,33495,10.000,9.627,86.3,10.000,9.979,79.5,10.000,10.168,81.6
4.9096,6261,33500,10.000,9.442,88.1,10.000,9.977,79.2,10.000,10.166,81.7
4.9096,6262,33505,10.000,9.442,87.7,10.000,9.976,79.2,10.000,10.164,81.7
4.9096,6263,33510,10.000,9.462,87.6,10.000,9.999,79.0,10.000,10.006,82.7
4.9096,6264,33515,10.000,9.454,87.8,10.000,10.358,76.7,10.000,10.181,81.1
4.9096,6265,33520,10.000,9.258,89.1,10.000,9.982,80.0,10.000,10.166,81.6
4.9604,6266,33525,10.000,9.270,88.6,10.000,9.994,79.0,10.000,10.176,81.5
4.9604,6267,33530,10.000,9.093,89.9,10.000,10.002,79.0,10.000,10.186,81.5
4.9604,6268,33535,10.000,9.239,88.6,10.000,9.967,79.3,10.000,10.335,80.5
4.9604,6269,33540,10.000,9.258,88.9,10.000,9.991,79.0,10.000,10.176,81.8
4.9604,6270,33545,10.000,9.075,90.3,10.000,9.806,80.3,10.000,10.172,81.5
4.9604,6271,33550,10.000,9.089,89.8,10.000,9.823,79.8,10.000,10.186,81.4
4.9604,6272,33555,10.000,9.066,90.1,10.000,9.978,78.8,10.000,10.158,81.5
4.9604,6273,33560,10.000,9.075,90.1,10.000,9.807,80.3,10.000,10.169,81.4
4.9604,6274,33565,10.000,9.076,90.2,10.000,9.804,79.9,10.000,10.166,81.4
4.9604,6275,33570,10.000,9.263,89.1,10.000,9.991,78.7,10.000,10.173,81.3
4.9604,6276,33575,10.000,9.083,90.8,10.000,9.457,82.6,10.000,10.176,81.3
4.9604,6277,33580,10.000,9.260,89.4,10.000,9.449,81.5,10.000,10.167,81.4
4.9604,6278,33585,10.000,9.104,90.9,10.000,9.291,82.6,10.000,10.009,82.4
4.9604,6279,33590,10.000,9.267,89.5,10.000,9.091,83.6,10.000,10.172,80.9
4.9604,6280,33595,10.000,9.269,90.0,10.000,9.276,82.0,10.000,10.175,81.3
4.9604,6281,33600,10.000,9.261,90.1,10.000,9.082,83.8,10.000,10.167,81.3
5.0100,6282,33605,10.000,9.275,90.1,10.000,9.096,83.3,10.000,10.181,81.2
5.0100,6283,33610,10.000,9.426,89.3,10.000,9.069,83.6,10.000,10.331,80.2
5.0100,6284,33615,10.000,9.441,89.6,10.000,9.091,83.5,10.000,10.168,81.6
5.0100,6285,33620,10.000,9.238,91.0,10.000,9.068,83.8,10.000,10.141,81.4
5.0100,6286,33625,10.000,9.613,88.2,10.000,9.622,80.3,10.000,10.154,81.2
5.0100,6287,33630,10.000,9.607,89.1,10.000,9.799,80.5,10.000,10.147,81.3
5.0100,6288,33635,10.000,9.619,89.1,10.000,9.810,80.9,10.000,10.159,81.1
5.0100,6289,33640,10.000,9.613,89.2,10.000,9.982,79.8,10.000,10.152,81.2
5.0705,6290,33645,10.000,9.620,89.2,10.000,9.989,80.2,10.000,10.159,81.1
5.0705,6291,33650,10.000,9.604,89.4,10.000,10.152,79.1,10.000,10.140,81.2
5.0705,6292,33655,10.000,9.805,88.1,10.000,10.177,79.3,10.000,10.168,81.0
5.0705,6293,33660,10.000,9.639,89.6,10.000,10.190,79.3,10.000,10.004,82.1
5.0705,6294,33665,10.000,9.786,88.3,10.000,10.149,79.6,10.000,10.147,80.8
5.0705,6295,33670,10.000,9.815,88.5,10.000,10.361,78.1,10.000,9.999,82.1
5.0705,6296,33675,10.000,9.633,89.8,10.000,10.180,79.7,10.000,10.182,80.5
5.0705,6297,33680,10.000,9.820,88.2,10.000,10.001,80.4,10.000,10.005,82.1
5.1231,6298,33685,10.000,9.785,88.9,10.000,10.142,79.1,10.000,10.145,80.8
5.1231,6299,33690,10.000,9.832,88.5,10.000,10.005,80.3,10.000,10.008,82.0
5.1231,6300,33695,10.000,9.807,88.8,10.000,9.981,80.1,10.000,9.979,81.8
5.1231,6301,33700,10.000,10.008,87.5,10.000,10.003,79.9,10.000,10.000,81.6
5.1231,6302,33705,10.000,9.787,89.4,10.000,9.779,81.4,10.000,9.772,83.2
5.1231,6303,33710,10.000,9.987,87.6,10.000,9.979,79.6,10.000,9.972,81.3
5.1231,6304,33715,10.000,9.834,89.1,10.000,9.826,81.1,10.000,9.820,82.8
5.1231,6305,33720,10.000,9.821,88.8,10.000,9.632,82.0,10.000,9.807,82.6
5.1231,6306,33725,10.000,10.003,87.6,10.000,9.809,80.4,10.000,9.804,82.6
5.1231,6307,33730,10.000,9.816,89.3,10.000,9.806,80.9,10.000,9.801,82.6
5.1231,6308,33735,10.000,9.997,87.6,10.000,9.813,80.9,10.000,9.629,83.7
5.1231,6309,33740,10.000,9.798,89.4,10.000,9.799,81.0,10.000,9.615,83.5
5.1231,6310,33745,10.000,10.000,87.6,10.000,9.818,80.9,10.000,9.638,83.3
5.1231,6311,33750,10.000,9.793,89.4,10.000,9.789,81.1,10.000,9.614,83.6
5.1231,6312,33755,10.000,9.832,88.7,10.000,9.829,80.8,10.000,9.654,83.3
5.1231,6313,33760,10.000,9.798,89.0,10.000,9.616,82.3,10.000,9.619,83.7
5.1849,6314,33765,10.000,9.803,89.0,10.000,9.620,81.8,10.000,9.623,83.6
5.1849,6315,33770,10.000,9.975,87.9,10.000,9.613,81.9,10.000,9.618,83.7
5.1849,6316,33775,10.000,9.802,89.4,10.000,9.627,81.9,10.000,9.446,84.8
5.1849,6317,33780,10.000,9.990,87.8,10.000,9.631,81.9,10.000,9.633,83.3
5.1849,6318,33785,10.000,9.817,89.4,10.000,9.636,81.9,10.000,9.637,83.7
5.1849,6319,33790,10.000,9.818,89.0,10.000,9.636,82.0,10.000,9.638,83.8
5.1849,6320,33795,10.000,9.791,89.2,10.000,9.793,81.0,10.000,9.612,84.0
5.1849,6321,33800,10.000,9.814,89.0,10.000,9.820,81.2,10.000,9.633,83.8
5.2458,6322,33805,10.000,9.964,88.1,10.000,9.789,81.5,10.000,9.603,84.1
5.2458,6323,33810,10.000,9.806,89.5,10.000,9.992,80.2,10.000,9.627,83.9
5.2458,6324,33815,10.000,9.979,88.0,10.000,9.986,80.7,10.000,9.622,84.1
5.2458,6325,33820,10.000,9.810,89.5,10.000,10.175,79.4,10.000,9.630,84.1
5.2458,6326,33825,10.000,9.985,88.0,10.000,10.164,79.9,10.000,9.621,84.2
5.2458,6327,33830,10.000,9.956,88.6,10.000,10.318,78.9,10.000,9.592,84.4
5.2458,6328,33835,10.000,9.983,88.4,10.000,10.167,80.2,10.000,9.621,84.2
5.2458,6329,33840,10.000,9.983,88.4,10.000,10.353,78.6,10.000,9.622,84.3
5.2458,6330,33845,10.000,9.995,88.3,10.000,9.823,82.5,10.000,9.629,84.3
5.2458,6331,33850,10.000,9.992,88.4,10.000,9.822,81.2,10.000,9.630,84.3
5.2458,6332,33855,10.000,9.811,89.6,10.000,10.001,80.1,10.000,9.809,83.2
5.2458,6333,33860,10.000,9.799,89.2,10.000,9.806,81.8,10.000,9.615,84.9
5.2458,6334,33865,10.000,9.619,90.4,10.000,9.992,80.1,10.000,9.799,83.3
5.2458,6335,33870,10.000,9.813,88.7,10.000,10.005,80.5,10.000,9.811,83.7
5.2458,6336,33875,10.000,9.618,90.5,10.000,9.989,80.6,10.000,9.977,82.7
5.2458,6337,33880,10.000,9.467,91.1,10.000,9.839,81.6,10.000,9.827,84.0
5.3070,6338,33885,10.000,9.624,89.7,10.000,9.993,80.2,10.000,9.801,83.9
5.3070,6339,33890,10.000,9.601,90.3,10.000,9.785,81.9,10.000,9.956,82.8
5.3070,6340,33895,10.000,9.445,91.3,10.000,10.173,78.9,10.000,9.807,84.2
5.3070,6341,33900,10.000,9.603,90.0,10.000,10.145,80.0,10.000,9.962,82.8
5.3070,6342,33905,10.000,9.633,90.2,10.000,9.997,80.9,10.000,9.813,84.2
5.3070,6343,33910,10.000,9.804,89.2,10.000,10.167,79.4,10.000,9.984,82.7
5.3070,6344,33915,10.000,9.803,89.7,10.000,9.982,81.0,10.000,9.798,84.3
5.3070,6345,33920,10.000,9.793,89.7,10.000,9.972,80.7,10.000,9.972,82.8
5.3696,6346,33925,10.000,9.792,89.7,10.000,9.790,81.8,10.000,9.968,83.2
5.3696,6347,33930,10.000,9.967,88.6,10.000,9.966,80.3,10.000,9.962,83.3
5.3696,6348,33935,10.000,9.802,90.1,10.000,9.805,81.8,10.000,10.163,81.9
5.3696,6349,33940,10.000,9.997,88.5,10.000,10.001,80.1,10.000,9.999,83.5
5.3696,6350,33945,10.000,9.982,89.0,10.000,10.164,79.5,10.000,10.161,82.0
5.3696,6351,33950,10.000,9.964,89.1,10.000,9.970,81.2,10.000,10.141,82.5
5.3696,6352,33955,10.000,9.963,89.1,10.000,10.153,79.5,10.000,10.141,82.5
5.3696,6353,33960,10.000,9.984,89.0,10.000,9.991,81.0,10.000,10.161,82.3
5.3696,6354,33965,10.000,9.985,89.0,10.000,10.175,79.4,10.000,10.162,82.3
5.3696,6355,33970,10.000,9.966,89.1,10.000,10.158,79.9,10.000,10.144,82.4
5.3696,6356,33975,10.000,9.995,88.9,10.000,10.191,79.6,10.000,9.998,83.3
5.3696,6357,33980,10.000,9.795,90.3,10.000,9.988,81.0,10.000,10.156,82.0
5.3696,6358,33985,10.000,9.975,88.6,10.000,10.167,79.4,10.000,9.970,83.5
5.3696,6359,33990,10.000,9.800,90.2,10.000,9.992,80.9,10.000,10.160,81.8
5.3696,6360,33995,10.000,9.806,89.8,10.000,10.000,80.5,10.000,9.984,83.4
5.3696,6361,34000,10.000,9.820,89.7,10.000,10.190,79.2,10.000,10.001,82.9
5.4297,6362,34005,10.000,9.820,89.8,10.000,10.004,80.9,10.000,9.999,83.0
5.4297,6363,34010,10.000,9.639,91.0,10.000,10.186,79.2,10.000,9.998,83.0
5.4297,6364,34015,10.000,9.788,89.6,10.000,9.975,81.0,10.000,10.151,82.0
5.4297,6365,34020,10.000,9.636,91.0,10.000,9.823,81.5,10.000,9.998,83.3
5.4297,6366,34025,10.000,9.800,89.6,10.000,9.987,80.1,10.000,10.162,81.9
5.4307,6367,34030,10.000,9.796,90.0,10.000,10.160,79.4,10.000,9.981,83.4
5.4307,6368,34035,10.000,9.638,91.1,10.000,10.001,80.8,10.000,10.003,82.8
5.4307,6369,34040,10.000,9.794,89.7,10.000,10.158,79.4,10.000,9.797,84.2
5.4940,6370,34045,10.000,9.802,90.1,10.000,10.165,79.7,10.000,9.989,82.5
5.4940,6371,34050,10.000,9.818,90.0,10.000,10.183,79.6,10.000,9.824,84.1
5.4940,6372,34055,10.000,9.797,90.2,10.000,10.164,79.7,10.000,9.805,83.8
5.4940,6373,34060,10.000,9.982,89.0,10.000,10.170,79.6,10.000,9.811,83.7
5.4940,6374,34065,10.000,9.823,90.5,10.000,10.367,78.4,10.000,9.648,84.8
5.4940,6375,34070,10.000,9.977,89.1,10.000,10.520,77.8,10.000,9.800,83.5
5.4940,6376,34075,10.000,9.794,90.7,10.000,10.338,79.3,10.000,9.617,85.1
5.4940,6377,34080,10.000,9.818,90.1,10.000,10.365,78.6,10.000,9.641,84.5
5.4940,6378,34085,10.000,9.977,89.1,10.000,10.342,78.8,10.000,9.800,83.6
5.4940,6379,34090,10.000,9.819,90.5,10.000,10.367,78.5,10.000,9.822,83.9
5.4940,6380,34095,10.000,9.977,89.2,10.000,10.344,78.7,10.000,9.798,84.1
5.4940,6381,34100,10.000,9.805,90.7,10.000,10.171,79.7,10.000,9.806,84.0
5.4940,6382,34105,10.000,9.814,90.2,10.000,10.361,78.1,10.000,9.997,82.8
5.4940,6383,34110,10.000,9.781,90.5,10.000,10.327,78.7,10.000,9.963,83.5
5.4940,6384,34115,10.000,9.789,90.4,10.000,10.154,79.7,10.000,9.971,83.3
5.4940,6385,34120,10.000,9.810,90.3,10.000,10.176,79.1,10.000,9.994,83.2
5.5543,6386,34125,10.000,9.806,90.4,10.000,10.349,78.0,10.000,9.986,83.3
5.5543,6387,34130,10.000,9.817,90.3,10.000,10.178,79.5,10.000,10.181,82.0
5.5543,6388,34135,10.000,9.783,90.6,10.000,10.331,78.1,10.000,10.152,82.7
5.5543,6389,34140,10.000,9.800,90.4,10.000,10.164,79.5,10.000,10.168,82.5
5.5543,6390,34145,10.000,9.789,90.6,10.000,10.151,79.2,10.000,10.155,82.6
5.5543,6391,34150,10.000,9.783,90.6,10.000,10.328,78.0,10.000,10.329,81.4
5.5543,6392,34155,10.000,9.967,89.4,10.000,10.330,78.4,10.000,10.151,82.9
5.5543,6393,34160,10.000,9.819,90.8,10.000,10.182,79.3,10.000,10.186,82.3
5.6161,6394,34165,10.000,9.812,90.5,10.000,10.172,79.0,10.000,10.176,82.4
5.6161,6395,34170,10.000,9.803,90.6,10.000,9.984,80.2,10.000,10.168,82.4
5.6161,6396,34175,10.000,9.811,90.5,10.000,9.996,79.6,10.000,10.362,81.1
5.6161,6397,34180,10.000,9.960,89.6,10.000,9.968,79.8,10.000,10.150,82.9
5.6161,6398,34185,10.000,9.818,90.9,10.000,10.006,79.5,10.000,10.187,82.1
5.6161,6399,34190,10.000,9.796,90.7,10.000,9.984,79.8,10.000,10.347,81.2
5.6161,6400,34195,10.000,9.799,90.7,10.000,9.809,80.9,10.000,10.351,81.5
5.6161,6401,34200,10.000,9.820,90.6,10.000,9.834,80.3,10.000,10.191,82.5
5.6161,6402,34205,10.000,9.790,90.8,10.000,9.623,81.8,10.000,10.339,81.1
5.6161,6403,34210,10.000,9.778,90.9,10.000,9.794,80.2,10.000,10.327,81.5
5.6161,6404,34215,10.000,9.963,89.6,10.000,9.616,81.8,10.000,10.332,81.4
5.6161,6405,34220,10.000,9.789,91.2,10.000,9.807,80.1,10.000,10.342,81.3
5.6161,6406,34225,10.000,9.784,90.9,10.000,9.797,80.7,10.000,10.331,81.4
5.6161,6407,34230,10.000,9.802,90.8,10.000,9.814,80.6,10.000,10.347,81.2
5.6161,6408,34235,10.000,9.788,90.9,10.000,9.798,80.7,10.000,10.332,81.3
5.6161,6409,34240,10.000,9.976,89.7,10.000,9.803,80.7,10.000,10.338,81.2
5.6770,6410,34245,10.000,9.821,91.1,10.000,10.008,79.4,10.000,10.181,82.2
5.6770,6411,34250,10.000,9.785,91.0,10.000,9.785,81.3,10.000,10.324,80.9
5.6770,6412,34255,10.000,9.814,90.8,10.000,9.814,80.6,10.000,10.175,82.1
5.6770,6413,34260,10.000,9.808,90.9,10.000,9.623,82.0,10.000,10.164,81.8
5.6770,6414,34265,10.000,9.837,90.7,10.000,9.830,80.2,10.000,10.376,80.4
5.6770,6415,34270,10.000,9.816,91.0,10.000,9.626,82.1,10.000,10.172,82.2
5.6770,6416,34275,10.000,9.643,92.1,10.000,9.640,81.5,10.000,10.186,81.6
5.6770,6417,34280,10.000,9.645,91.7,10.000,9.640,81.6,10.000,10.187,81.6
5.7421,6418,34285,10.000,9.633,91.8,10.000,9.624,81.7,10.000,10.170,81.7
5.7421,6419,34290,10.000,9.626,91.8,10.000,9.618,81.8,10.000,10.163,81.7
5.7421,6420,34295,10.000,9.634,91.8,10.000,9.447,82.9,10.000,10.173,81.6
5.7421,6421,34300,10.000,9.809,90.7,10.000,9.621,81.4,10.000,10.169,81.6
5.7421,6422,34305,10.000,9.631,92.3,10.000,9.807,80.7,10.000,10.173,81.6
5.7421,6423,34310,10.000,9.833,90.6,10.000,9.827,81.0,10.000,10.196,81.4
5.7421,6424,34315,10.000,9.624,92.5,10.000,9.987,80.1,10.000,9.986,82.8
5.7421,6425,34320,10.000,9.805,90.9,10.000,9.988,80.4,10.000,10.165,81.1
5.7421,6426,34325,10.000,9.991,90.1,10.000,9.991,80.4,10.000,9.985,82.7
5.7421,6427,34330,10.000,9.983,90.6,10.000,10.166,79.3,10.000,10.161,81.1
5.7421,6428,34335,10.000,9.988,90.6,10.000,9.996,80.8,10.000,9.988,82.7
5.7421,6429,34340,10.000,10.007,90.5,10.000,10.196,79.1,10.000,9.823,83.3
5.7421,6430,34345,10.000,10.151,89.6,10.000,10.338,78.6,10.000,9.967,82.0
5.7421,6431,34350,10.000,10.004,90.8,10.000,10.193,79.9,10.000,9.820,83.3
5.7421,6432,34355,10.000,10.182,89.3,10.000,10.186,79.5,10.000,9.815,83.0
5.7421,6433,34360,10.000,9.974,91.1,10.000,10.340,78.5,10.000,9.784,83.2
5.8063,6434,34365,10.000,10.158,89.4,10.000,10.156,80.0,10.000,9.783,83.2
5.8063,6435,34370,10.000,9.813,92.1,10.000,10.174,79.5,10.000,9.625,84.3
5.8063,6436,34375,10.000,9.973,90.2,10.000,10.153,79.6,10.000,9.785,82.9
5.8063,6437,34380,10.000,9.811,91.7,10.000,9.990,80.6,10.000,9.622,84.3
5.8063,6438,34385,10.000,9.977,90.2,10.000,10.156,79.1,10.000,9.614,84.0
5.8063,6439,34390,10.000,9.781,91.9,10.000,10.141,79.6,10.000,9.781,83.0
5.8063,6440,34395,10.000,9.808,91.3,10.000,9.986,80.6,10.000,9.626,84.4
5.8063,6441,34400,10.000,9.803,91.4,10.000,10.165,79.0,10.000,9.621,84.1
5.8063,6442,34405,10.000,9.782,91.5,10.000,10.141,79.6,10.000,9.779,83.1
5.8063,6443,34410,10.000,9.977,90.2,10.000,9.978,80.6,10.000,9.617,84.6
5.8063,6444,34415,10.000,9.794,91.9,10.000,10.164,79.0,10.000,9.620,84.2
5.8063,6445,34420,10.000,10.170,89.0,10.000,10.357,78.2,10.000,9.812,83.0
5.8063,6446,34425,10.000,9.997,91.1,10.000,10.182,79.7,10.000,9.639,84.6
5.8063,6447,34430,10.000,10.148,89.7,10.000,10.333,78.3,10.000,9.787,83.3
5.8063,6448,34435,10.000,10.196,89.7,10.000,10.381,78.3,10.000,9.829,83.4
5.8063,6449,34440,10.000,10.168,90.0,10.000,10.349,78.6,10.000,9.619,84.9
5.8679,6450,34445,10.000,10.164,89.9,10.000,10.340,78.5,10.000,9.791,83.3
5.8679,6451,34450,10.000,10.177,89.8,10.000,10.360,78.3,10.000,9.808,83.6
5.8679,6452,34455,10.000,10.156,89.9,10.000,10.167,79.6,10.000,9.616,84.9
5.8679,6453,34460,10.000,10.200,89.6,10.000,10.390,77.7,10.000,9.838,83.1
5.8679,6454,34465,10.000,10.169,89.9,10.000,10.352,78.4,10.000,9.807,83.8
5.8679,6455,34470,10.000,10.183,89.7,10.000,10.180,79.4,10.000,9.634,84.9
5.8679,6456,34475,10.000,10.171,89.8,10.000,10.347,77.9,10.000,9.800,83.5
5.8679,6457,34480,10.000,10.190,89.6,10.000,10.366,78.1,10.000,9.640,84.9
5.9153,6458,34485,10.000,10.183,89.7,10.000,10.172,79.4,10.000,9.814,83.4
5.9153,6459,34490,10.000,10.205,89.5,10.000,10.200,78.7,10.000,9.837,83.7
5.9153,6460,34495,10.000,10.177,89.7,10.000,10.359,77.7,10.000,9.815,83.9
5.9153,6461,34500,10.000,10.167,89.7,10.000,9.973,80.6,10.000,9.801,84.0
5.9153,6462,34505,10.000,10.209,89.4,10.000,10.189,78.2,10.000,10.017,82.6
5.9153,6463,34510,10.000,10.160,89.8,10.000,9.961,80.2,10.000,9.789,84.6
5.9153,6464,34515,10.000,10.193,89.4,10.000,10.002,79.4,10.000,9.822,83.9
5.9153,6465,34520,10.000,10.171,89.6,10.000,10.166,78.4,10.000,9.804,84.1
5.9801,6466,34525,10.000,10.172,89.5,10.000,9.986,80.0,10.000,9.623,85.2
5.9801,6467,34530,10.000,10.153,89.6,10.000,9.969,79.7,10.000,9.610,84.9
5.9801,6468,34535,10.000,10.152,89.6,10.000,10.153,78.4,10.000,9.425,86.1
5.9801,6469,34540,10.000,10.155,89.5,10.000,9.975,80.0,10.000,9.430,85.7
5.9801,6470,34545,10.000,10.182,89.4,10.000,10.001,79.4,10.000,9.456,85.6
5.9801,6471,34550,10.000,10.179,89.4,10.000,10.182,78.3,10.000,9.453,85.8
5.9801,6472,34555,10.000,9.977,90.7,10.000,10.159,78.9,10.000,9.428,86.0
5.9801,6473,34560,10.000,9.807,91.3,10.000,10.352,77.5,10.000,9.439,85.9
5.9801,6474,34565,10.000,9.992,89.7,10.000,10.167,79.2,10.000,9.439,86.0
5.9801,6475,34570,10.000,9.803,91.4,10.000,10.161,78.7,10.000,9.616,84.9
5.9801,6476,34575,10.000,9.823,90.9,10.000,10.367,77.4,10.000,9.641,85.3
5.9801,6477,34580,10.000,9.825,90.9,10.000,10.188,79.0,10.000,9.818,84.2
5.9801,6478,34585,10.000,9.637,92.2,10.000,10.184,78.6,10.000,9.815,84.7
5.9801,6479,34590,10.000,9.615,91.9,10.000,10.337,77.5,10.000,9.968,83.7
5.9801,6480,34595,10.000,9.620,91.8,10.000,10.161,79.0,10.000,9.792,85.2
5.9801,6481,34600,10.000,9.430,93.1,10.000,10.335,77.4,10.000,9.965,83.7
6.0419,6482,34605,10.000,9.643,91.4,10.000,10.184,78.8,10.000,9.816,85.1
6.0419,6483,34610,10.000,9.626,92.0,10.000,10.163,78.6,10.000,9.977,83.7
6.0419,6484,34615,10.000,9.451,93.2,10.000,10.360,77.2,10.000,10.173,82.8
6.0419,6485,34620,10.000,9.622,91.7,10.000,10.167,78.9,10.000,9.980,84.5
6.0419,6486,34625,10.000,9.617,92.2,10.000,10.162,78.4,10.000,10.158,82.9
6.0419,6487,34630,10.000,9.640,92.1,10.000,10.181,78.3,10.000,9.998,84.3
6.0419,6488,34635,10.000,9.615,92.3,10.000,10.152,78.5,10.000,10.151,82.9
6.0419,6489,34640,10.000,9.815,91.0,10.000,10.175,78.3,10.000,10.174,83.1
6.0419,6490,34645,10.000,9.629,92.7,10.000,10.168,78.3,10.000,10.168,83.2
6.0419,6491,34650,10.000,9.994,89.9,10.000,10.171,78.3,10.000,10.171,83.2
6.0419,6492,34655,10.000,9.802,92.1,10.000,10.348,77.1,10.000,10.165,83.2
6.0419,6493,34660,10.000,9.826,91.5,10.000,10.194,78.5,10.000,10.194,83.0
6.0419,6494,34665,10.000,9.968,90.6,10.000,10.150,78.4,10.000,10.149,83.3
6.0419,6495,34670,10.000,9.814,92.0,10.000,10.176,78.1,10.000,10.177,83.0
6.0419,6496,34675,10.000,9.985,90.5,10.000,10.164,78.2,10.000,10.164,83.1
6.0419,6497,34680,10.000,9.966,91.0,10.000,10.328,77.1,10.000,10.328,82.0
6.1054,6498,34685,10.000,9.974,91.0,10.000,10.155,78.6,10.000,10.157,83.5
6.1054,6499,34690,10.000,9.981,90.9,10.000,10.163,78.1,10.000,10.164,83.0
6.1054,6500,34695,10.000,9.983,90.9,10.000,10.349,76.9,10.000,10.349,81.8
6.1054,6501,34700,10.000,9.981,91.0,10.000,10.164,78.5,10.000,10.165,83.4
6.1054,6502,34705,10.000,9.978,91.0,10.000,10.161,78.1,10.000,10.345,81.8
6.1054,6503,34710,10.000,9.971,91.0,10.000,10.154,78.1,10.000,10.334,82.2
6.1054,6504,34715,10.000,9.995,90.8,10.000,10.177,77.9,10.000,10.178,83.2
6.1054,6505,34720,10.000,9.984,91.0,10.000,10.167,78.0,10.000,10.349,81.7
6.1646,6506,34725,10.000,9.980,91.0,10.000,10.160,78.0,10.000,10.342,82.1
6.1646,6507,34730,10.000,9.813,92.1,10.000,10.178,77.9,10.000,10.178,83.1
6.1646,6508,34735,10.000,10.008,90.4,10.000,10.193,77.8,10.000,10.375,81.4
6.1646,6509,34740,10.000,9.820,92.1,10.000,10.186,77.8,10.000,10.368,81.9
6.1646,6510,34745,10.000,9.975,90.7,10.000,9.982,79.1,10.000,10.341,82.0
6.1646,6511,34750,10.000,9.801,92.2,10.000,10.171,77.4,10.000,10.347,81.9
6.1646,6512,34755,10.000,9.978,90.6,10.000,10.166,77.9,10.000,10.343,81.9
6.1646,6513,34760,10.000,9.982,91.0,10.000,10.170,77.8,10.000,10.166,83.0
6.1646,6514,34765,10.000,9.991,91.0,10.000,10.176,77.8,10.000,10.353,81.3
6.1646,6515,34770,10.000,9.988,91.0,10.000,10.175,77.8,10.000,10.351,81.7
6.1646,6516,34775,10.000,9.822,92.1,10.000,10.192,77.6,10.000,10.187,82.7
6.1646,6517,34780,10.000,9.969,90.8,10.000,10.157,77.9,10.000,10.334,81.4
6.1646,6518,34785,10.000,9.971,91.1,10.000,10.156,77.8,10.000,10.334,81.7
6.1646,6519,34790,10.000,9.980,91.0,10.000,10.169,77.7,10.000,10.162,82.8
6.1646,6520,34795,10.000,10.004,90.9,10.000,10.189,77.6,10.000,10.187,82.2
6.1646,6521,34800,10.000,9.991,91.1,10.000,10.173,77.7,10.000,10.354,81.1
6.2240,6522,34805,10.000,9.977,91.1,10.000,9.976,78.9,10.000,10.155,82.8
6.2240,6523,34810,10.000,9.995,91.0,10.000,10.184,77.1,10.000,10.365,80.9
6.2240,6524,34815,10.000,9.800,92.3,10.000,9.992,78.8,10.000,10.355,81.5
6.2240,6525,34820,10.000,9.967,90.8,10.000,10.158,77.3,10.000,10.159,82.7
6.2240,6526,34825,10.000,9.970,91.1,10.000,10.163,77.6,10.000,10.345,81.0
6.2240,6527,34830,10.000,9.999,91.0,10.000,10.008,78.6,10.000,10.372,81.2
6.2240,6528,34835,10.000,9.801,92.3,10.000,9.993,78.4,10.000,10.173,82.5
6.2240,6529,34840,10.000,9.978,90.7,10.000,9.804,79.6,10.000,10.351,80.8
6.2733,6530,34845,10.000,9.811,92.2,10.000,10.000,77.9,10.000,10.183,82.3
6.2733,6531,34850,10.000,9.996,90.6,10.000,9.824,79.5,10.000,10.189,81.9
6.2733,6532,34855,10.000,9.816,92.3,10.000,9.828,79.0,10.000,10.371,80.7
6.2733,6533,34860,10.000,9.975,90.8,10.000,9.797,79.3,10.000,10.157,82.5
6.2733,6534,34865,10.000,9.986,91.1,10.000,9.807,79.2,10.000,10.170,81.9
6.2733,6535,34870,10.000,10.000,91.1,10.000,9.639,80.3,10.000,10.362,80.6
6.2733,6536,34875,10.000,10.000,91.1,10.000,9.639,79.9,10.000,10.181,82.2
6.2733,6537,34880,10.000,10.001,91.1,10.000,9.640,80.0,10.000,10.182,81.7
6.3359,6538,34885,10.000,9.992,91.2,10.000,9.806,78.9,10.000,10.350,80.6
6.3359,6539,34890,10.000,9.981,91.2,10.000,9.978,78.2,10.000,10.337,81.1
6.3359,6540,34895,10.000,9.978,91.2,10.000,9.795,79.8,10.000,10.338,81.0
6.3359,6541,34900,10.000,9.792,92.4,10.000,9.968,78.3,10.000,10.330,81.0
6.3359,6542,34905,10.000,9.813,91.8,10.000,9.989,78.6,10.000,10.173,82.0
6.3359,6543,34910,10.000,9.640,93.0,10.000,9.816,79.8,10.000,10.365,80.3
6.3359,6544,34915,10.000,9.603,92.9,10.000,9.955,78.5,10.000,10.143,82.2
6.3359,6545,34920,10.000,9.624,92.7,10.000,9.973,78.7,10.000,10.167,81.5
6.3359,6546,34925,10.000,9.627,92.8,10.000,9.792,79.9,10.000,10.167,81.5
6.3359,6547,34930,10.000,9.262,95.2,10.000,9.791,79.5,10.000,10.166,81.5
6.3359,6548,34935,10.000,9.267,94.4,10.000,9.800,79.5,10.000,9.996,82.6
6.3359,6549,34940,10.000,9.286,94.4,10.000,9.633,80.6,10.000,10.015,82.1
6.3359,6550,34945,10.000,9.273,94.6,10.000,9.799,79.2,10.000,9.999,82.2
6.3359,6551,34950,10.000,9.460,93.4,10.000,9.626,80.7,10.000,10.008,82.1
6.3359,6552,34955,10.000,9.455,94.0,10.000,9.621,80.4,10.000,10.002,82.2
6.3359,6553,34960,10.000,9.626,92.9,10.000,9.792,79.3,10.000,9.990,82.3
6.3990,6554,34965,10.000,9.644,93.2,10.000,9.633,80.8,10.000,10.007,82.1
6.3990,6555,34970,10.000,9.627,93.4,10.000,9.803,79.3,10.000,9.807,83.5
6.3990,6556,34975,10.000,9.623,93.5,10.000,9.801,79.7,10.000,9.988,81.8
6.3990,6557,34980,10.000,9.798,92.4,10.000,9.973,78.6,10.000,9.798,83.5
6.3990,6558,34985,10.000,9.819,92.7,10.000,9.816,80.1,10.000,10.003,81.7
6.3990,6559,34990,10.000,9.616,94.1,10.000,9.974,78.7,10.000,9.798,83.6
6.3990,6560,34995,10.000,9.633,93.5,10.000,9.998,78.9,10.000,9.818,83.0
6.3990,6561,35000,10.000,9.613,93.7,10.000,9.979,79.1,10.000,9.796,83.2
6.4596,6562,35005,10.000,9.622,93.7,10.000,10.172,77.8,10.000,9.803,83.1
6.4596,6563,35010,10.000,9.451,94.8,10.000,10.001,79.4,10.000,9.633,84.2
6.4596,6564,35015,10.000,9.617,93.4,10.000,10.170,77.9,10.000,9.802,82.8
6.4596,6565,35020,10.000,9.437,95.0,10.000,10.172,78.2,10.000,9.803,83.2
6.4596,6566,35025,10.000,9.445,94.6,10.000,10.178,78.2,10.000,9.626,84.4
6.4596,6567,35030,10.000,9.616,93.6,10.000,10.170,78.2,10.000,9.800,82.9
6.4596,6568,35035,10.000,9.794,92.9,10.000,10.166,78.2,10.000,9.612,84.5
6.4596,6569,35040,10.000,9.812,93.2,10.000,10.189,78.0,10.000,9.631,84.0
6.4596,6570,35045,10.000,9.959,92.3,10.000,10.146,78.3,10.000,9.773,83.2
6.4596,6571,35050,10.000,9.815,93.6,10.000,10.183,78.0,10.000,9.633,84.4
6.4596,6572,35055,10.000,9.984,92.2,10.000,10.171,78.1,10.000,9.622,84.2
6.4596,6573,35060,10.000,10.138,91.6,10.000,10.145,78.2,10.000,9.774,83.2
6.4596,6574,35065,10.000,9.997,92.9,10.000,10.188,77.9,10.000,9.634,84.5
6.4596,6575,35070,10.000,10.175,91.4,10.000,10.183,78.0,10.000,9.629,84.3
6.4596,6576,35075,10.000,10.322,90.8,10.000,10.151,78.2,10.000,9.776,83.4
6.4596,6577,35080,10.000,9.978,93.4,10.000,10.172,77.9,10.000,9.612,84.8
6.5231,6578,35085,10.000,9.994,92.4,10.000,10.183,77.9,10.000,9.625,84.4
6.5231,6579,35090,10.000,10.170,91.3,10.000,10.177,77.9,10.000,9.802,83.3
6.5231,6580,35095,10.000,9.994,92.9,10.000,10.185,77.9,10.000,9.631,84.8
6.5231,6581,35100,10.000,10.164,91.3,10.000,10.168,78.0,10.000,9.796,83.4
6.5231,6582,35105,10.000,10.172,91.7,10.000,10.177,77.9,10.000,9.803,83.8
6.5231,6583,35110,10.000,10.003,92.8,10.000,10.187,77.8,10.000,9.636,84.9
6.5231,6584,35115,10.000,10.153,91.4,10.000,10.151,78.0,10.000,9.784,83.6
6.5231,6585,35120,10.000,10.152,91.8,10.000,10.149,77.9,10.000,9.783,84.0
6.5231,6586,35125,10.000,10.186,91.5,10.000,10.178,77.7,10.000,9.817,83.8
6.5231,6587,35130,10.000,10.546,89.2,10.000,10.174,77.8,10.000,9.815,83.9
6.5231,6588,35135,10.000,10.347,91.3,10.000,10.162,77.8,10.000,9.984,82.8
6.5231,6589,35140,10.000,10.350,90.8,10.000,10.164,77.8,10.000,9.803,84.4
6.5231,6590,35145,10.000,10.547,89.5,10.000,9.998,78.9,10.000,9.997,82.7
6.5231,6591,35150,10.000,10.531,90.0,10.000,10.168,77.3,10.000,9.805,84.4
6.5231,6592,35155,10.000,10.338,91.1,10.000,10.152,77.8,10.000,9.971,82.9
6.5231,6593,35160,10.000,10.536,89.3,10.000,10.168,77.7,10.000,9.988,83.2
6.5857,6594,35165,10.000,10.541,89.7,10.000,10.169,77.7,10.000,9.988,83.2
6.5857,6595,35170,10.000,10.366,90.8,10.000,9.998,78.8,10.000,10.000,83.2
6.5857,6596,35175,10.000,10.336,90.6,10.000,10.152,77.4,10.000,9.970,83.4
6.5857,6597,35180,10.000,10.348,90.4,10.000,9.980,78.9,10.000,9.980,83.3
6.5857,6598,35185,10.000,10.542,89.1,10.000,10.173,77.2,10.000,9.992,83.2
6.5857,6599,35190,10.000,10.520,89.6,10.000,10.151,77.8,10.000,9.973,83.4
6.5857,6600,35195,10.000,10.524,89.5,10.000,10.156,77.7,10.000,9.979,83.3
6.5857,6601,35200,10.000,10.359,90.5,10.000,10.173,77.5,10.000,9.993,83.2
6.6508,6602,35205,10.000,10.535,88.9,10.000,9.987,78.8,10.000,9.988,83.3
6.6508,6603,35210,10.000,10.518,89.4,10.000,10.154,77.2,10.000,10.153,82.2
6.6508,6604,35215,10.000,10.538,89.2,10.000,9.997,78.7,10.000,9.997,83.6
6.6508,6605,35220,10.000,10.695,88.1,10.000,9.970,78.5,10.000,10.150,82.2
6.6508,6606,35225,10.000,10.729,88.2,10.000,10.004,78.2,10.000,10.183,82.3
6.6508,6607,35230,10.000,10.710,88.3,10.000,9.988,78.4,10.000,10.167,82.5
6.6508,6608,35235,10.000,10.525,89.4,10.000,9.987,78.3,10.000,10.167,82.4
6.6508,6609,35240,10.000,10.524,88.9,10.000,9.807,79.5,10.000,10.165,82.4
6.6508,6610,35245,10.000,10.535,88.8,10.000,9.999,77.8,10.000,10.174,82.4
6.6508,6611,35250,10.000,10.519,88.9,10.000,9.800,79.6,10.000,10.336,81.3
6.6508,6612,35255,10.000,10.526,88.7,10.000,9.809,79.1,10.000,10.167,82.8
6.6508,6613,35260,10.000,10.355,89.8,10.000,9.819,79.1,10.000,10.179,82.3
6.6508,6614,35265,10.000,10.174,90.5,10.000,9.820,79.1,10.000,10.179,82.3
6.6508,6615,35270,10.000,10.195,89.9,10.000,9.838,79.0,10.000,10.201,82.1
6.6508,6616,35275,10.000,9.982,91.3,10.000,9.626,80.4,10.000,9.988,83.5
6.6508,6617,35280,10.000,9.998,90.7,10.000,9.821,78.7,10.000,10.184,81.7
6.7115,6618,35285,10.000,9.980,90.9,10.000,9.617,80.5,10.000,10.159,82.3
6.7115,6619,35290,10.000,9.995,90.7,10.000,9.814,78.8,10.000,10.173,82.2
6.7115,6620,35295,10.000,9.798,92.1,10.000,9.437,81.8,10.000,10.158,82.3
6.7115,6621,35300,10.000,9.997,90.3,10.000,9.452,80.8,10.000,9.997,83.3
6.7115,6622,35305,10.000,10.011,90.7,10.000,9.647,79.6,10.000,10.191,81.6
6.7115,6623,35310,10.000,9.986,90.9,10.000,9.439,81.5,10.000,10.160,82.3
6.7115,6624,35315,10.000,10.167,89.7,10.000,9.438,81.1,10.000,10.159,82.2
6.7115,6625,35320,10.000,9.990,91.2,10.000,9.443,81.1,10.000,10.165,82.1
6.7710,6626,35325,10.000,10.168,89.6,10.000,9.618,80.0,10.000,10.163,82.1
6.7710,6627,35330,10.000,9.983,91.3,10.000,9.435,81.7,10.000,10.161,82.1
6.7710,6628,35335,10.000,10.171,89.6,10.000,9.444,81.3,10.000,10.172,82.0
6.7710,6629,35340,10.000,9.997,91.2,10.000,9.452,81.3,10.000,10.180,82.0
6.7710,6630,35345,10.000,10.184,89.5,10.000,9.638,80.2,10.000,10.188,81.9
6.7710,6631,35350,10.000,9.976,91.3,10.000,9.790,79.7,10.000,10.338,80.9
6.7710,6632,35355,10.000,9.980,90.8,10.000,9.609,81.2,10.000,10.156,82.5
6.7710,6633,35360,10.000,9.990,90.7,10.000,9.798,79.6,10.000,10.167,81.9
6.7710,6634,35365,10.000,9.989,90.8,10.000,9.797,80.1,10.000,10.165,82.0
6.7710,6635,35370,10.000,9.974,90.9,10.000,9.962,79.0,10.000,10.147,82.0
6.7710,6636,35375,10.000,10.007,90.6,10.000,9.815,80.4,10.000,10.363,80.6
6.7710,6637,35380,10.000,10.008,90.7,10.000,9.997,78.9,10.000,10.181,82.2
6.7710,6638,35385,10.000,9.832,91.8,10.000,10.002,79.3,10.000,10.186,81.7
6.7710,6639,35390,10.000,9.985,90.4,10.000,9.972,79.5,10.000,10.338,80.8
6.7710,6640,35395,10.000,9.620,93.2,10.000,10.155,78.2,10.000,10.156,82.3
6.7710,6641,35400,10.000,9.832,91.0,10.000,10.006,79.6,10.000,10.190,81.6
6.8371,6642,35405,10.000,9.639,92.7,10.000,10.176,78.2,10.000,10.179,81.7
6.8371,6643,35410,10.000,9.827,91.1,10.000,10.007,79.7,10.000,10.191,81.6
6.8371,6644,35415,10.000,9.612,93.0,10.000,10.153,78.3,10.000,10.337,80.6
6.8371,6645,35420,10.000,9.817,91.2,10.000,10.176,78.5,10.000,10.176,82.0
6.8371,6646,35425,10.000,9.627,92.9,10.000,10.169,78.6,10.000,10.167,81.7
6.8371,6647,35430,10.000,9.804,91.3,10.000,10.163,78.6,10.000,10.344,80.5
6.8371,6648,35435,10.000,9.626,93.0,10.000,10.169,78.5,10.000,10.167,82.0
6.8371,6649,35440,10.000,9.619,92.6,10.000,10.161,78.5,10.000,10.160,81.6
6.8960,6650,35445,10.000,9.804,91.4,10.000,10.163,78.5,10.000,10.344,80.4
6.8960,6651,35450,10.000,9.795,92.0,10.000,10.338,77.3,10.000,10.154,82.0
6.8960,6652,35455,10.000,9.797,92.0,10.000,10.161,78.9,10.000,10.342,80.3
6.8960,6653,35460,10.000,9.782,92.1,10.000,10.325,77.3,10.000,10.146,82.0
6.8960,6654,35465,10.000,9.822,91.8,10.000,10.188,78.6,10.000,10.193,81.2
6.8960,6655,35470,10.000,9.787,92.2,10.000,10.152,78.5,10.000,10.342,80.3
6.8960,6656,35475,10.000,9.788,92.1,10.000,10.337,77.2,10.000,10.160,81.8
6.8960,6657,35480,10.000,9.775,92.2,10.000,10.144,78.8,10.000,10.148,81.5
6.8960,6658,35485,10.000,9.959,91.0,10.000,10.326,77.2,10.000,10.330,80.2
6.8960,6659,35490,10.000,9.985,91.3,10.000,10.172,78.6,10.000,10.176,81.6
6.8960,6660,35495,10.000,9.981,91.4,10.000,10.170,78.2,10.000,10.174,81.2
6.8960,6661,35500,10.000,9.813,92.4,10.000,10.186,78.1,10.000,10.187,81.1
6.8960,6662,35505,10.000,9.793,92.2,10.000,10.166,78.2,10.000,10.163,81.3
6.8960,6663,35510,10.000,9.642,93.2,10.000,10.199,77.9,10.000,10.374,79.9
6.8960,6664,35515,10.000,9.792,91.9,10.000,10.169,78.2,10.000,10.339,80.5
6.8960,6665,35520,10.000,9.644,93.2,10.000,10.208,77.8,10.000,10.192,81.4
6.9637,6666,35525,10.000,9.628,93.0,10.000,10.185,78.1,10.000,10.353,80.0
6.9637,6667,35530,10.000,9.463,94.1,10.000,10.200,77.9,10.000,10.188,81.4
6.9637,6668,35535,10.000,9.622,92.7,10.000,10.181,78.0,10.000,10.169,81.1
6.9637,6669,35540,10.000,9.447,94.3,10.000,10.185,77.9,10.000,10.173,81.0
6.9637,6670,35545,10.000,9.449,93.9,10.000,10.187,77.9,10.000,10.173,81.0
6.9637,6671,35550,10.000,9.598,93.0,10.000,9.971,79.3,10.000,10.143,81.2
6.9637,6672,35555,10.000,9.616,93.3,10.000,9.991,78.7,10.000,10.167,80.9
6.9637,6673,35560,10.000,9.778,92.3,10.000,9.787,80.0,10.000,9.963,82.3
6.9637,6674,35565,10.000,9.621,93.8,10.000,9.991,78.2,10.000,9.988,81.6
6.9637,6675,35570,10.000,9.785,92.4,10.000,9.789,80.0,10.000,9.972,81.8
6.9637,6676,35575,10.000,9.804,92.6,10.000,9.632,80.6,10.000,9.998,81.6
6.9637,6677,35580,10.000,9.964,91.7,10.000,9.791,79.2,10.000,9.979,81.8
6.9637,6678,35585,10.000,9.798,93.1,10.000,9.441,81.9,10.000,9.811,82.8
6.9637,6679,35590,10.000,9.797,92.8,10.000,9.623,80.0,10.000,9.993,81.3
6.9637,6680,35595,10.000,9.962,91.7,10.000,9.425,81.7,10.000,9.796,83.0
6.9637,6681,35600,10.000,9.803,93.2,10.000,9.628,80.0,10.000,9.997,81.2
7.0278,6682,35605,10.000,10.001,91.5,10.000,9.636,80.5,10.000,9.823,82.8
7.0278,6683,35610,10.000,10.008,91.9,10.000,9.828,79.3,10.000,9.833,82.4
7.0278,6684,35615,10.000,9.983,92.1,10.000,9.622,81.1,10.000,9.804,82.6
7.0278,6685,35620,10.000,10.005,91.9,10.000,9.638,80.5,10.000,9.822,82.4
7.0278,6686,35625,10.000,9.979,92.1,10.000,9.791,79.6,10.000,9.610,83.9
7.0278,6687,35630,10.000,10.002,91.9,10.000,9.632,81.1,10.000,9.632,83.3
7.0278,6688,35635,10.000,10.006,92.0,10.000,10.000,78.3,10.000,9.819,82.2
7.0278,6689,35640,10.000,9.984,92.1,10.000,9.972,79.4,10.000,9.612,84.0
7.0850,6690,35645,10.000,10.007,91.9,10.000,9.990,79.2,10.000,9.813,82.2
7.0850,6691,35650,10.000,10.007,92.0,10.000,9.991,79.2,10.000,9.633,83.9
7.0850,6692,35655,10.000,9.811,93.2,10.000,9.986,79.3,10.000,9.627,83.5
7.0850,6693,35660,10.000,9.787,92.9,10.000,9.958,79.5,10.000,9.603,83.7
7.0850,6694,35665,10.000,9.822,92.7,10.000,10.178,78.0,10.000,9.646,83.4
7.0850,6695,35670,10.000,9.609,94.2,10.000,10.326,77.5,10.000,9.614,83.8
7.0850,6696,35675,10.000,9.804,92.4,10.000,10.163,78.9,10.000,9.632,83.6
7.0850,6697,35680,10.000,9.623,94.1,10.000,10.347,77.3,10.000,9.813,82.5
7.0850,6698,35685,10.000,9.808,92.5,10.000,10.165,78.9,10.000,9.631,84.2
7.0850,6699,35690,10.000,9.825,92.9,10.000,10.187,78.3,10.000,9.650,83.7
7.0850,6700,35695,10.000,9.820,93.0,10.000,10.370,77.1,10.000,9.466,85.0
7.0850,6701,35700,10.000,9.972,92.0,10.000,10.159,78.9,10.000,9.615,83.6
7.0850,6702,35705,10.000,9.977,92.3,10.000,10.347,77.1,10.000,9.619,84.0
7.0850,6703,35710,10.000,10.001,92.2,10.000,10.371,77.4,10.000,9.820,82.7
7.0850,6704,35715,10.000,9.989,92.3,10.000,10.175,78.7,10.000,9.624,84.5
7.0850,6705,35720,10.000,10.182,91.0,10.000,10.191,78.1,10.000,9.638,84.0
7.1471,6706,35725,10.000,10.163,91.6,10.000,10.171,78.2,10.000,9.794,83.0
7.1471,6707,35730,10.000,10.362,90.2,10.000,10.190,78.0,10.000,9.628,84.5
7.1471,6708,35735,10.000,10.153,92.0,10.000,10.344,77.1,10.000,9.604,84.3
7.1471,6709,35740,10.000,10.339,90.3,10.000,10.166,78.5,10.000,9.789,83.1
7.1471,6710,35745,10.000,10.333,90.7,10.000,10.158,78.1,10.000,9.782,83.6
7.1471,6711,35750,10.000,10.177,91.7,10.000,10.180,78.0,10.000,9.809,83.5
7.1471,6712,35755,10.000,10.356,90.1,10.000,10.175,78.0,10.000,9.805,83.6
7.1471,6713,35760,10.000,10.185,91.6,10.000,10.188,77.9,10.000,9.635,84.7
7.2094,6714,35765,10.000,10.337,90.2,10.000,10.159,78.1,10.000,9.783,83.4
7.2094,6715,35770,10.000,10.341,90.5,10.000,10.164,78.0,10.000,9.786,83.7
7.2094,6716,35775,10.000,10.354,90.4,10.000,10.358,76.7,10.000,9.804,83.6
7.2094,6717,35780,10.000,10.155,91.7,10.000,10.158,78.4,10.000,9.788,83.8
7.2094,6718,35785,10.000,10.360,89.9,10.000,10.185,77.8,10.000,9.995,82.4
7.2094,6719,35790,10.000,10.339,90.5,10.000,10.165,77.9,10.000,9.972,83.1
7.2094,6720,35795,10.000,10.173,91.4,10.000,10.186,77.7,10.000,9.989,82.9
7.2094,6721,35800,10.000,10.360,89.8,10.000,10.191,77.7,10.000,9.812,84.1
7.2094,6722,35805,10.000,10.336,90.4,10.000,10.164,77.9,10.000,9.968,82.7
7.2094,6723,35810,10.000,10.145,91.5,10.000,10.156,77.9,10.000,10.143,81.9
7.2094,6724,35815,10.000,10.183,90.8,10.000,10.190,77.6,10.000,10.001,83.3
7.2094,6725,35820,10.000,9.985,92.2,10.000,10.171,77.8,10.000,10.162,81.9
7.2094,6726,35825,10.000,10.006,91.6,10.000,10.008,78.8,10.000,10.000,83.3
7.2094,6727,35830,10.000,10.166,90.6,10.000,10.166,77.4,10.000,10.159,81.9
7.2094,6728,35835,10.000,10.175,90.9,10.000,9.991,78.9,10.000,9.983,83.4
7.2094,6729,35840,10.000,10.001,92.0,10.000,10.177,77.2,10.000,9.990,82.9
7.2722,6730,35845,10.000,10.184,90.4,10.000,10.168,77.7,10.000,10.168,81.8
7.2722,6731,35850,10.000,10.156,91.0,10.000,10.146,77.8,10.000,10.146,82.3
7.2722,6732,35855,10.000,10.003,91.9,10.000,10.182,77.5,10.000,10.182,82.0
7.2722,6733,35860,10.000,10.350,89.3,10.000,9.984,78.9,10.000,9.984,83.4
7.2722,6734,35865,10.000,10.160,91.3,10.000,10.161,77.3,10.000,10.161,81.8
7.2722,6735,35870,10.000,10.188,90.6,10.000,10.009,78.7,10.000,10.010,83.1
7.2722,6736,35875,10.000,10.168,90.8,10.000,10.173,77.2,10.000,10.173,81.7
7.2722,6737,35880,10.000,10.168,90.8,10.000,10.174,77.6,10.000,10.174,82.1
7.3330,6738,35885,10.000,9.985,91.9,10.000,10.172,77.6,10.000,10.173,82.1
7.3330,6739,35890,10.000,9.810,92.6,10.000,10.181,77.5,10.000,10.182,82.0
7.3330,6740,35895,10.000,9.791,92.4,10.000,9.985,78.8,10.000,9.985,83.3
7.3330,6741,35900,10.000,9.633,93.4,10.000,10.185,77.0,10.000,10.185,81.5
7.3330,6742,35905,10.000,9.803,91.9,10.000,9.986,78.8,10.000,9.986,83.3
7.3330,6743,35910,10.000,9.638,93.4,10.000,10.184,77.0,10.000,10.184,81.5
7.3330,6744,35915,10.000,9.785,92.1,10.000,10.145,77.7,10.000,10.145,82.2
7.3330,6745,35920,10.000,9.800,92.4,10.000,10.162,77.5,10.000,10.164,82.0
7.3330,6746,35925,10.000,9.787,92.5,10.000,10.145,77.6,10.000,10.145,82.1
7.3330,6747,35930,10.000,9.803,92.4,10.000,9.981,78.6,10.000,9.981,83.1
7.3330,6748,35935,10.000,9.792,92.6,10.000,10.155,77.1,10.000,10.155,81.6
7.3330,6749,35940,10.000,10.162,90.1,10.000,10.163,77.4,10.000,9.981,83.1
7.3330,6750,35945,10.000,9.985,92.2,10.000,10.167,77.4,10.000,10.168,81.5
7.3330,6751,35950,10.000,10.168,90.6,10.000,9.986,78.6,10.000,10.169,81.9
7.3330,6752,35955,10.000,9.971,92.3,10.000,9.970,78.3,10.000,10.153,82.0
7.3330,6753,35960,10.000,10.174,90.5,10.000,9.806,79.3,10.000,10.173,81.8
7.3933,6754,35965,10.000,10.013,92.0,10.000,9.825,78.8,10.000,10.013,82.9
7.3933,6755,35970,10.000,10.147,90.7,10.000,9.780,79.2,10.000,10.147,81.6
7.3933,6756,35975,10.000,10.005,91.9,10.000,9.641,80.0,10.000,10.192,81.6
7.3933,6757,35980,10.000,9.991,91.7,10.000,9.808,78.6,10.000,10.181,81.8
7.3933,6758,35985,10.000,10.001,91.6,10.000,9.635,80.2,10.000,10.191,81.7
7.3933,6759,35990,10.000,9.973,91.8,10.000,9.606,80.0,10.000,10.345,80.7
7.3933,6760,35995,10.000,9.973,91.7,10.000,9.607,79.9,10.000,10.162,82.2
7.3933,6761,36000,10.000,9.984,91.7,10.000,9.800,78.7,10.000,10.174,81.7
7.4480,6762,36005,10.000,9.991,91.7,10.000,9.806,79.2,10.000,10.180,81.6
7.4480,6763,36010,10.000,9.976,91.8,10.000,9.976,78.1,10.000,10.167,81.7
7.4480,6764,36015,10.000,9.972,91.8,10.000,9.795,79.7,10.000,10.343,80.5
7.4480,6765,36020,10.000,10.002,91.6,10.000,10.004,77.9,10.000,10.189,81.9
7.4480,6766,36025,10.000,9.991,91.7,10.000,9.992,78.5,10.000,10.177,81.6
7.4480,6767,36030,10.000,9.997,91.6,10.000,9.997,78.4,10.000,10.179,81.5
7.4480,6768,36035,10.000,9.964,91.9,10.000,10.141,77.5,10.000,10.140,81.8
7.4480,6769,36040,10.000,10.016,91.5,10.000,10.008,78.7,10.000,10.193,81.3
7.4480,6770,36045,10.000,9.999,91.7,10.000,10.167,77.4,10.000,10.174,81.5
7.4480,6771,36050,10.000,9.990,91.7,10.000,9.978,78.9,10.000,10.166,81.5
7.4480,6772,36055,10.000,9.999,91.6,10.000,10.171,77.2,10.000,10.360,80.2
7.4480,6773,36060,10.000,9.997,91.7,10.000,9.986,78.9,10.000,10.174,81.9
7.4480,6774,36065,10.000,9.830,92.7,10.000,10.001,78.3,10.000,10.192,81.3
7.4480,6775,36070,10.000,9.790,92.6,10.000,9.959,78.7,10.000,10.157,81.5
7.4480,6776,36075,10.000,9.792,92.5,10.000,9.962,78.5,10.000,10.160,81.4
7.4480,6777,36080,10.000,9.818,92.4,10.000,9.805,79.6,10.000,10.369,80.0
7.5077,6778,36085,10.000,9.827,92.4,10.000,9.634,80.3,10.000,10.198,81.6
7.5077,6779,36090,10.000,9.814,92.6,10.000,9.807,78.8,10.000,10.184,81.3
7.5077,6780,36095,10.000,9.807,92.6,10.000,9.624,80.5,10.000,10.358,80.1
7.5077,6781,36100,10.000,9.807,92.6,10.000,9.805,78.9,10.000,10.174,81.7
7.5077,6782,36105,10.000,9.808,92.6,10.000,9.624,80.5,10.000,10.175,81.2
7.5077,6783,36110,10.000,9.813,92.6,10.000,9.628,80.1,10.000,10.180,81.1
7.5077,6784,36115,10.000,9.975,91.6,10.000,9.785,79.1,10.000,10.154,81.3
7.5077,6785,36120,10.000,10.007,91.8,10.000,9.817,79.3,10.000,10.363,79.9
7.5676,6786,36125,10.000,10.011,91.8,10.000,9.820,79.4,10.000,10.183,81.5
7.5676,6787,36130,10.000,9.996,91.9,10.000,9.807,79.5,10.000,10.167,81.1
7.5676,6788,36135,10.000,9.993,91.9,10.000,9.987,78.3,10.000,10.344,79.9
7.5676,6789,36140,10.000,9.989,91.9,10.000,9.982,78.8,10.000,10.158,81.5
7.5676,6790,36145,10.000,10.014,91.8,10.000,10.006,78.6,10.000,10.188,80.9
7.5676,6791,36150,10.000,9.984,92.0,10.000,9.974,78.9,10.000,10.161,81.1
7.5676,6792,36155,10.000,10.000,91.8,10.000,9.991,78.7,10.000,10.182,80.9
7.5676,6793,36160,10.000,9.994,91.9,10.000,10.168,77.6,10.000,10.357,79.8
7.5676,6794,36165,10.000,9.993,91.9,10.000,10.165,78.0,10.000,10.178,81.3
7.5676,6795,36170,10.000,9.997,91.9,10.000,9.988,79.2,10.000,10.185,80.8
7.5676,6796,36175,10.000,9.988,91.9,10.000,10.164,77.6,10.000,10.178,80.9
7.5676,6797,36180,10.000,9.986,91.9,10.000,10.161,78.0,10.000,10.174,80.8
7.5676,6798,36185,10.000,10.000,91.8,10.000,10.178,77.9,10.000,10.012,81.9
7.5676,6799,36190,10.000,9.973,92.0,10.000,10.150,78.1,10.000,10.164,80.5
7.5676,6800,36195,10.000,9.972,92.0,10.000,10.149,78.0,10.000,9.981,82.0
7.5676,6801,36200,10.000,10.006,91.8,10.000,10.185,77.8,10.000,10.011,81.4
7.6293,6802,36205,10.000,10.149,90.9,10.000,10.146,78.1,10.000,9.962,81.8
7.6293,6803,36210,10.000,9.967,92.4,10.000,10.147,78.0,10.000,9.783,82.8
7.6293,6804,36215,10.000,10.181,90.6,10.000,10.188,77.7,10.000,10.001,81.0
7.6293,6805,36220,10.000,9.980,92.4,10.000,10.168,77.9,10.000,9.797,82.9
7.6293,6806,36225,10.000,10.166,90.7,10.000,10.171,77.8,10.000,9.800,82.4
7.6293,6807,36230,10.000,10.169,91.1,10.000,10.174,77.8,10.000,9.803,82.4
7.6293,6808,36235,10.000,10.157,91.2,10.000,10.159,77.8,10.000,9.790,82.5
7.6293,6809,36240,10.000,10.186,91.0,10.000,10.188,77.6,10.000,9.637,83.5
7.6942,6810,36245,10.000,10.168,91.1,10.000,10.168,77.8,10.000,9.796,82.1
7.6942,6811,36250,10.000,10.162,91.1,10.000,10.164,77.7,10.000,9.792,82.6
7.6942,6812,36255,10.000,10.018,92.0,10.000,10.201,77.5,10.000,9.653,83.5
7.6942,6813,36260,10.000,10.182,90.6,10.000,10.182,77.7,10.000,9.815,82.1
7.6942,6814,36265,10.000,9.991,92.2,10.000,10.172,77.7,10.000,9.622,83.8
7.6942,6815,36270,10.000,10.170,90.6,10.000,10.171,77.6,10.000,9.621,83.4
7.6942,6816,36275,10.000,10.155,91.1,10.000,10.155,77.7,10.000,9.789,82.3
7.6942,6817,36280,10.000,9.984,92.1,10.000,10.166,77.6,10.000,9.617,83.9
7.6951,6818,36285,10.000,10.164,90.6,10.000,10.165,77.6,10.000,9.618,83.5
7.6951,6819,36290,10.000,9.986,92.1,10.000,9.804,79.9,10.000,9.624,83.5
7.6951,6820,36295,10.000,10.172,90.5,10.000,9.993,77.8,10.000,9.634,83.5
7.6951,6821,36300,10.000,10.183,90.9,10.000,9.819,79.4,10.000,9.642,83.5
7.6951,6822,36305,10.000,10.155,91.0,10.000,9.970,78.1,10.000,9.613,83.8
7.6951,6823,36310,10.000,10.156,91.0,10.000,9.969,78.4,10.000,9.612,83.7
7.6951,6824,36315,10.000,10.163,90.9,10.000,9.794,79.6,10.000,9.620,83.7
7.6951,6825,36320,10.000,10.180,90.8,10.000,9.991,77.9,10.000,9.636,83.7
7.7563,6826,36325,10.000,10.173,90.8,10.000,9.983,78.4,10.000,9.625,83.8
7.7563,6827,36330,10.000,10.169,90.8,10.000,9.980,78.4,10.000,9.624,83.9
7.7563,6828,36335,10.000,10.166,90.8,10.000,9.978,78.4,10.000,9.621,83.9
7.7563,6829,36340,10.000,10.348,89.6,10.000,10.161,77.2,10.000,9.804,82.8
7.7563,6830,36345,10.000,10.163,91.2,10.000,10.154,77.7,10.000,9.617,84.5
7.7563,6831,36350,10.000,10.161,90.8,10.000,10.335,76.5,10.000,9.616,84.1
7.7563,6832,36355,10.000,10.358,89.5,10.000,10.170,78.0,10.000,9.813,82.8
7.7563,6833,36360,10.000,10.173,91.1,10.000,10.164,77.6,10.000,9.628,84.5
7.8156,6834,36365,10.000,10.359,89.4,10.000,10.164,77.5,10.000,9.628,84.1
7.8156,6835,36370,10.000,10.173,91.0,10.000,9.977,78.7,10.000,9.806,83.0
7.8156,6836,36375,10.000,10.189,90.5,10.000,9.998,78.2,10.000,9.644,84.5
7.8156,6837,36380,10.000,10.356,89.4,10.000,9.983,78.3,10.000,9.810,83.1
7.8156,6838,36385,10.000,10.366,89.7,10.000,9.993,78.2,10.000,9.819,83.4
7.8156,6839,36390,10.000,10.165,91.0,10.000,10.156,77.2,10.000,9.797,83.6
7.8156,6840,36395,10.000,10.366,89.2,10.000,9.994,78.6,10.000,9.815,83.5
7.8156,6841,36400,10.000,10.178,90.8,10.000,9.989,78.2,10.000,9.810,83.6
7.8156,6842,36405,10.000,10.159,90.5,10.000,9.971,78.4,10.000,9.609,84.9
7.8156,6843,36410,10.000,10.369,89.1,10.000,10.005,78.1,10.000,9.639,84.3
7.8156,6844,36415,10.000,10.332,89.8,10.000,10.155,77.2,10.000,9.788,83.4
7.8156,6845,36420,10.000,10.337,89.6,10.000,10.160,77.5,10.000,9.611,84.9
7.8156,6846,36425,10.000,10.153,90.8,10.000,10.155,77.5,10.000,9.607,84.6
7.8156,6847,36430,10.000,10.168,90.2,10.000,10.167,77.4,10.000,9.439,85.7
7.8156,6848,36435,10.000,9.994,91.4,10.000,10.176,77.4,10.000,9.628,84.1
7.8156,6849,36440,10.000,10.180,89.7,10.000,10.181,77.3,10.000,9.451,85.8
7.8822,6850,36445,10.000,10.152,90.3,10.000,10.155,77.5,10.000,9.426,85.6
7.8822,6851,36450,10.000,10.148,90.3,10.000,10.152,77.4,10.000,9.605,84.4
7.8822,6852,36455,10.000,10.176,90.1,10.000,10.179,77.2,10.000,9.632,84.7
7.8822,6853,36460,10.000,10.165,90.2,10.000,10.165,77.4,10.000,9.620,84.9
7.8822,6854,36465,10.000,10.002,91.2,10.000,10.003,78.4,10.000,9.456,86.0
7.8822,6855,36470,10.000,10.167,89.7,10.000,10.167,76.9,10.000,9.443,85.8
7.8822,6856,36475,10.000,10.343,89.0,10.000,10.161,77.3,10.000,9.438,85.8
7.8822,6857,36480,10.000,10.155,90.6,10.000,10.157,77.3,10.000,9.616,84.7
7.9457,6858,36485,10.000,10.349,88.8,10.000,10.164,77.3,10.000,9.440,86.3
7.9457,6859,36490,10.000,10.158,90.5,10.000,9.976,78.5,10.000,9.432,86.0
7.9457,6860,36495,10.000,10.177,89.9,10.000,10.177,76.7,10.000,9.452,85.9
7.9457,6861,36500,10.000,10.178,89.9,10.000,9.995,78.4,10.000,9.451,86.1
7.9457,6862,36505,10.000,10.167,90.0,10.000,10.166,76.8,10.000,9.442,86.2
7.9457,6863,36510,10.000,9.990,91.1,10.000,10.173,77.2,10.000,9.631,85.0
7.9457,6864,36515,10.000,9.996,90.6,10.000,10.178,77.1,10.000,9.637,85.4
7.9457,6865,36520,10.000,9.996,90.7,10.000,10.175,77.1,10.000,9.813,84.4
7.9457,6866,36525,10.000,9.815,91.8,10.000,9.995,78.3,10.000,9.812,84.8
7.9457,6867,36530,10.000,9.820,91.4,10.000,10.184,76.6,10.000,9.820,84.8
7.9457,6868,36535,10.000,9.629,92.7,10.000,10.180,77.1,10.000,9.816,84.8
7.9457,6869,36540,10.000,9.801,91.1,10.000,9.994,78.3,10.000,9.986,83.7
7.9457,6870,36545,10.000,9.630,92.7,10.000,10.006,77.7,10.000,9.997,84.1
7.9457,6871,36550,10.000,9.813,91.1,10.000,10.007,77.8,10.000,9.999,84.1
7.9457,6872,36555,10.000,9.628,92.8,10.000,10.003,77.8,10.000,9.995,84.1
7.9457,6873,36560,10.000,9.805,91.2,10.000,9.816,79.0,10.000,9.989,84.2
8.0026,6874,36565,10.000,9.781,91.8,10.000,9.967,77.6,10.000,10.140,83.2
8.0026,6875,36570,10.000,9.792,91.7,10.000,9.982,77.9,10.000,9.973,84.6
8.0026,6876,36575,10.000,9.803,91.7,10.000,9.994,77.8,10.000,10.168,82.9
8.0026,6877,36580,10.000,9.982,90.6,10.000,9.989,77.9,10.000,9.980,84.6
8.0026,6878,36585,10.000,9.977,91.1,10.000,9.801,79.1,10.000,10.156,83.0
8.0026,6879,36590,10.000,9.995,90.9,10.000,10.174,76.2,10.000,10.173,83.3
8.0026,6880,36595,10.000,9.978,91.1,10.000,10.151,77.3,10.000,10.333,82.3
8.0026,6881,36600,10.000,9.988,91.0,10.000,10.162,77.1,10.000,10.162,83.7
8.0026,6882,36605,10.000,9.975,91.1,10.000,10.142,77.2,10.000,10.324,82.3
8.0026,6883,36610,10.000,9.972,91.1,10.000,10.141,77.2,10.000,10.322,82.6
8.0026,6884,36615,10.000,9.999,90.9,10.000,10.178,76.9,10.000,10.176,83.5
8.0026,6885,36620,10.000,9.821,92.1,10.000,9.999,78.2,10.000,10.359,82.0
8.0026,6886,36625,10.000,10.009,90.5,10.000,10.186,76.5,10.000,10.181,83.5
8.0037,6887,36630,10.000,9.805,92.3,10.000,10.160,77.1,10.000,10.337,82.1
8.0037,6888,36635,10.000,9.996,90.6,10.000,10.168,77.0,10.000,10.347,82.3
8.0037,6889,36640,10.000,9.805,92.3,10.000,10.157,77.1,10.000,10.336,82.4
8.0674,6890,36645,10.000,10.012,90.5,10.000,9.999,78.0,10.000,10.178,83.3
8.0674,6891,36650,10.000,9.818,92.2,10.000,10.171,76.5,10.000,10.350,81.8
8.0674,6892,36655,10.000,9.814,91.8,10.000,9.991,78.1,10.000,10.348,82.2
8.0674,6893,36660,10.000,9.637,93.0,10.000,10.178,76.5,10.000,10.353,82.1
8.0674,6894,36665,10.000,9.637,92.6,10.000,9.992,78.1,10.000,10.349,82.1
8.0674,6895,36670,10.000,9.637,92.6,10.000,10.174,76.5,10.000,10.353,82.1
8.0674,6896,36675,10.000,9.610,92.9,10.000,10.147,77.1,10.000,10.508,81.0
8.0674,6897,36680,10.000,9.633,92.7,10.000,9.992,78.0,10.000,10.354,82.3
8.1321,6898,36685,10.000,9.445,94.0,10.000,10.166,76.5,10.000,10.345,82.0
8.1321,6899,36690,10.000,9.447,93.6,10.000,9.988,78.0,10.000,10.346,81.9
8.1321,6900,36695,10.000,9.261,94.9,10.000,9.991,77.6,10.000,10.534,80.7
8.1321,6901,36700,10.000,9.422,93.5,10.000,9.789,78.9,10.000,10.332,82.4
8.1321,6902,36705,10.000,9.449,93.8,10.000,10.000,77.1,10.000,10.365,81.6
8.1321,6903,36710,10.000,9.615,92.8,10.000,9.981,77.7,10.000,10.347,81.8
8.1321,6904,36715,10.000,9.627,93.2,10.000,9.996,77.6,10.000,10.362,81.6
8.1321,6905,36720,10.000,9.795,92.1,10.000,9.982,77.7,10.000,10.347,81.7
8.1321,6906,36725,10.000,9.633,93.6,10.000,9.818,78.7,10.000,10.364,81.5
8.1321,6907,36730,10.000,9.621,93.4,10.000,9.987,77.3,10.000,10.352,81.6
8.1321,6908,36735,10.000,9.806,92.2,10.000,9.811,78.8,10.000,10.359,81.5
8.1321,6909,36740,10.000,9.820,92.5,10.000,10.008,77.1,10.000,10.378,81.3
8.1321,6910,36745,10.000,9.967,91.6,10.000,9.974,77.8,10.000,10.156,82.8
8.1321,6911,36750,10.000,9.812,93.0,10.000,10.183,76.4,10.000,10.367,80.8
8.1321,6912,36755,10.000,9.967,91.6,10.000,10.153,77.1,10.000,10.337,81.5
8.1321,6913,36760,10.000,9.816,93.0,10.000,10.004,77.9,10.000,10.188,82.4
8.1940,6914,36765,10.000,9.961,91.7,10.000,10.144,76.7,10.000,10.329,81.1
8.1940,6915,36770,10.000,9.798,93.1,10.000,9.983,78.0,10.000,10.351,81.2
8.1940,6916,36775,10.000,9.968,91.7,10.000,10.156,76.5,10.000,10.339,81.3
8.1940,6917,36780,10.000,9.784,93.3,10.000,9.971,78.1,10.000,10.338,81.2
8.1940,6918,36785,10.000,9.808,92.7,10.000,9.989,77.6,10.000,10.360,81.1
8.1940,6919,36790,10.000,9.801,92.8,10.000,9.981,77.7,10.000,10.170,82.3
8.1940,6920,36795,10.000,9.823,92.7,10.000,9.999,77.5,10.000,10.373,80.5
8.1940,6921,36800,10.000,9.805,92.9,10.000,9.978,77.7,10.000,10.169,82.3
8.2584,6922,36805,10.000,9.835,92.7,10.000,9.823,78.7,10.000,10.197,81.6
8.2584,6923,36810,10.000,9.793,93.0,10.000,9.958,77.4,10.000,10.331,80.8
8.2584,6924,36815,10.000,9.818,92.8,10.000,9.985,77.6,10.000,10.175,82.1
8.2584,6925,36820,10.000,9.995,91.7,10.000,9.980,77.7,10.000,10.170,81.7
8.2584,6926,36825,10.000,9.827,93.2,10.000,9.994,77.6,10.000,10.004,82.8
8.2584,6927,36830,10.000,10.017,91.6,10.000,9.821,78.8,10.000,10.193,81.1
8.2584,6928,36835,10.000,9.805,93.4,10.000,9.976,77.4,10.000,9.980,82.9
8.2584,6929,36840,10.000,9.806,93.0,10.000,9.796,78.9,10.000,10.163,81.2
8.2584,6930,36845,10.000,9.809,93.0,10.000,9.979,77.3,10.000,9.982,82.8
8.2584,6931,36850,10.000,9.619,94.2,10.000,9.965,77.8,10.000,10.147,81.3
8.2584,6932,36855,10.000,9.433,95.0,10.000,9.965,77.8,10.000,9.964,82.9
8.2584,6933,36860,10.000,9.644,93.3,10.000,9.999,77.6,10.000,9.816,83.4
8.2584,6934,36865,10.000,9.465,95.0,10.000,9.820,78.8,10.000,10.004,81.9
8.2584,6935,36870,10.000,9.465,94.6,10.000,10.001,77.3,10.000,9.820,83.5
8.2584,6936,36875,10.000,9.444,94.8,10.000,9.798,79.0,10.000,9.975,82.1
8.2584,6937,36880,10.000,9.632,93.6,10.000,10.167,76.1,10.000,9.799,83.6
8.3212,6938,36885,10.000,9.620,94.2,10.000,10.150,77.1,10.000,9.786,83.3
8.3212,6939,36890,10.000,9.821,92.9,10.000,10.168,76.9,10.000,9.622,84.4
8.3212,6940,36895,10.000,9.640,94.6,10.000,10.171,76.9,10.000,9.807,82.8
8.3212,6941,36900,10.000,9.820,93.0,10.000,9.995,78.1,10.000,9.631,84.4
8.3212,6942,36905,10.000,9.988,92.4,10.000,10.165,76.6,10.000,9.620,84.1
8.3212,6943,36910,10.000,9.807,93.9,10.000,10.167,76.9,10.000,9.620,84.1
8.3212,6944,36915,10.000,9.983,92.4,10.000,10.160,77.0,10.000,9.431,85.4
8.3212,6945,36920,10.000,9.802,94.0,10.000,10.162,76.9,10.000,9.432,85.0
8.3790,6946,36925,10.000,9.808,93.5,10.000,10.165,76.9,10.000,9.259,86.2
8.3790,6947,36930,10.000,9.619,94.8,10.000,10.158,76.9,10.000,9.251,85.9
8.3790,6948,36935,10.000,9.819,93.1,10.000,10.003,77.9,10.000,9.274,85.8
8.3790,6949,36940,10.000,9.629,94.8,10.000,9.995,77.6,10.000,9.266,86.0
8.3790,6950,36945,10.000,9.787,93.4,10.000,9.792,78.9,10.000,9.063,87.4
8.3790,6951,36950,10.000,9.811,93.6,10.000,10.000,77.1,10.000,9.271,85.7
8.3790,6952,36955,10.000,9.823,93.6,10.000,10.010,77.5,10.000,9.280,86.2
8.3790,6953,36960,10.000,9.814,93.7,10.000,9.817,78.8,10.000,9.270,86.4
8.3790,6954,36965,10.000,9.808,93.8,10.000,9.992,77.2,10.000,9.264,86.5
8.3790,6955,36970,10.000,9.813,93.8,10.000,9.815,78.8,10.000,9.269,86.5
8.3790,6956,36975,10.000,9.991,92.6,10.000,9.997,77.2,10.000,9.270,86.6
8.3790,6957,36980,10.000,10.181,91.8,10.000,9.822,78.7,10.000,9.095,87.8
8.3790,6958,36985,10.000,10.000,93.4,10.000,10.001,77.2,10.000,9.274,86.3
8.3790,6959,36990,10.000,10.153,92.0,10.000,10.156,76.6,10.000,9.250,87.0
8.3790,6960,36995,10.000,9.985,93.4,10.000,10.167,76.9,10.000,9.259,87.0
8.3790,6961,37000,10.000,10.180,91.8,10.000,10.180,76.8,10.000,9.089,88.2
8.4441,6962,37005,10.000,10.177,92.2,10.000,9.992,78.0,10.000,9.084,87.9
8.4441,6963,37010,10.000,10.343,91.1,10.000,10.161,76.5,10.000,9.252,86.9
8.4441,6964,37015,10.000,10.353,91.4,10.000,9.990,78.0,10.000,9.263,87.4
8.4441,6965,37020,10.000,10.346,91.5,10.000,10.164,76.4,10.000,9.255,87.5
8.4441,6966,37025,10.000,10.353,91.4,10.000,9.988,78.0,10.000,9.442,86.4
8.4441,6967,37030,10.000,10.321,91.5,10.000,9.962,77.7,10.000,9.597,85.9
8.4441,6968,37035,10.000,10.530,90.1,10.000,9.990,77.5,10.000,9.626,86.1
8.4441,6969,37040,10.000,10.533,90.5,10.000,9.812,78.7,10.000,9.626,86.2
8.4441,6970,37045,10.000,10.729,89.2,10.000,10.007,77.0,10.000,9.823,85.0
8.4441,6971,37050,10.000,10.518,90.9,10.000,9.795,78.9,10.000,9.794,85.7
8.4441,6972,37055,10.000,10.521,90.3,10.000,9.984,77.2,10.000,9.984,84.4
8.4441,6973,37060,10.000,10.546,90.1,10.000,9.826,78.7,10.000,9.826,85.9
8.4441,6974,37065,10.000,10.523,90.3,10.000,9.984,77.3,10.000,9.984,84.5
8.4441,6975,37070,10.000,10.702,89.0,10.000,9.982,77.7,10.000,10.163,83.7
8.4441,6976,37075,10.000,10.713,89.3,10.000,9.809,78.8,10.000,9.991,85.2
8.4441,6977,37080,10.000,10.755,88.9,10.000,10.029,77.0,10.000,10.212,83.4
8.5086,6978,37085,10.000,10.709,89.2,10.000,9.801,79.0,10.000,9.984,85.3
8.5086,6979,37090,10.000,10.725,88.9,10.000,9.997,77.2,10.000,10.181,83.5
8.5086,6980,37095,10.000,10.536,90.1,10.000,9.993,77.7,10.000,10.176,84.0
8.5086,6981,37100,10.000,10.715,88.4,10.000,9.993,77.7,10.000,10.176,84.0
8.5086,6982,37105,10.000,10.727,88.7,10.000,10.003,77.6,10.000,10.185,83.9
8.5086,6983,37110,10.000,10.715,88.7,10.000,9.993,77.7,10.000,10.357,82.8
8.5086,6984,37115,10.000,10.551,89.7,10.000,10.012,77.5,10.000,10.194,84.2
8.5086,6985,37120,10.000,10.558,89.2,10.000,9.836,78.7,10.000,10.201,83.8
8.5672,6986,37125,10.000,10.366,90.4,10.000,10.187,76.0,10.000,10.368,82.7
8.5672,6987,37130,10.000,10.346,90.0,10.000,9.986,78.2,10.000,10.167,84.3
8.5672,6988,37135,10.000,10.336,90.0,10.000,10.158,76.6,10.000,10.339,82.7
8.5672,6989,37140,10.000,10.159,91.1,10.000,9.980,78.1,10.000,10.343,83.0
8.5672,6990,37145,10.000,10.344,89.4,10.000,9.800,78.9,10.000,10.163,84.2
8.5672,6991,37150,10.000,10.181,90.9,10.000,9.816,78.4,10.000,10.361,82.4
8.5672,6992,37155,10.000,10.146,90.7,10.000,9.781,78.6,10.000,10.326,83.1
8.5672,6993,37160,10.000,9.981,91.7,10.000,9.797,78.5,10.000,10.161,84.1
8.5672,6994,37165,10.000,10.146,90.2,10.000,9.598,79.8,10.000,10.324,82.6
8.5672,6995,37170,10.000,9.966,91.8,10.000,9.602,79.4,10.000,10.145,84.1
8.5672,6996,37175,10.000,10.159,90.1,10.000,9.435,80.5,10.000,10.163,83.5
8.5672,6997,37180,10.000,9.986,91.7,10.000,9.442,80.1,10.000,10.351,82.3
8.5672,6998,37185,10.000,9.987,91.2,10.000,9.264,81.4,10.000,10.174,83.9
8.5672,6999,37190,10.000,9.987,91.3,10.000,9.265,81.0,10.000,10.173,83.5
8.5672,7000,37195,10.000,9.995,91.2,10.000,9.455,79.9,10.000,10.364,82.2
8.5672,7001,37200,10.000,9.994,91.2,10.000,9.455,80.4,10.000,10.182,83.8
8.6308,7002,37205,10.000,10.006,91.1,10.000,9.284,81.6,10.000,10.193,83.3
8.6308,7003,37210,10.000,9.993,91.3,10.000,9.452,80.2,10.000,10.359,82.2
8.6308,7004,37215,10.000,9.998,91.2,10.000,9.460,80.6,10.000,10.368,82.5
8.6308,7005,37220,10.000,9.995,91.2,10.000,9.455,80.7,10.000,10.365,82.5
8.6308,7006,37225,10.000,9.975,91.4,10.000,9.438,80.9,10.000,10.341,82.6
8.6308,7007,37230,10.000,9.975,91.3,10.000,9.619,79.7,10.000,10.342,82.5
8.6308,7008,37235,10.000,10.007,91.1,10.000,9.648,80.0,10.000,10.370,82.3
8.6308,7009,37240,10.000,9.985,91.3,10.000,9.624,80.2,10.000,10.343,82.5
8.6972,7010,37245,10.000,9.987,91.3,10.000,9.441,81.4,10.000,10.343,82.4
8.6972,7011,37250,10.000,9.967,91.4,10.000,9.599,80.0,10.000,10.323,82.5
8.6972,7012,37255,10.000,9.979,91.3,10.000,9.431,81.5,10.000,10.340,82.3
8.6972,7013,37260,10.000,9.620,93.6,10.000,9.255,82.4,10.000,10.348,82.2
8.6972,7014,37265,10.000,9.635,92.7,10.000,9.266,81.9,10.000,10.179,83.3
8.6972,7015,37270,10.000,9.635,92.8,10.000,9.266,82.1,10.000,10.360,81.7
8.6972,7016,37275,10.000,9.628,92.9,10.000,9.260,82.2,10.000,10.355,82.1
8.6972,7017,37280,10.000,9.621,93.0,10.000,9.252,82.3,10.000,10.345,82.1
8.6972,7018,37285,10.000,9.437,94.2,10.000,9.249,82.4,10.000,10.343,82.1
8.6972,7019,37290,10.000,9.641,92.5,10.000,9.273,82.3,10.000,10.371,81.9
8.6972,7020,37295,10.000,9.610,93.2,10.000,9.428,81.4,10.000,10.341,82.1
8.6972,7021,37300,10.000,9.625,93.1,10.000,9.265,82.9,10.000,10.357,81.9
8.6972,7022,37305,10.000,9.618,93.2,10.000,9.440,81.5,10.000,10.346,81.9
8.6972,7023,37310,10.000,9.984,90.9,10.000,9.441,82.0,10.000,10.348,81.9
8.6972,7024,37315,10.000,9.989,91.7,10.000,9.445,82.0,10.000,10.352,81.8
8.6972,7025,37320,10.000,9.967,91.9,10.000,9.602,81.1,10.000,10.326,81.9
8.7531,7026,37325,10.000,9.983,91.7,10.000,9.793,80.2,10.000,10.341,81.7
8.7531,7027,37330,10.000,9.989,91.7,10.000,9.619,81.9,10.000,10.348,81.7
8.7531,7028,37335,10.000,10.161,90.6,10.000,9.794,80.3,10.000,10.342,81.7
8.7531,7029,37340,10.000,9.975,92.2,10.000,9.969,79.6,10.000,10.333,81.7
8.7531,7030,37345,10.000,10.004,91.6,10.000,9.814,81.1,10.000,10.365,81.4
8.7531,7031,37350,10.000,9.993,91.7,10.000,9.982,79.6,10.000,10.353,81.6
8.7531,7032,37355,10.000,9.997,91.7,10.000,10.168,78.8,10.000,10.358,81.4
8.7531,7033,37360,10.000,10.000,91.7,10.000,10.171,79.2,10.000,10.360,81.4
8.8042,7034,37365,10.000,9.969,91.9,10.000,10.321,78.2,10.000,10.334,81.5
8.8042,7035,37370,10.000,9.985,91.7,10.000,10.341,78.4,10.000,10.353,81.3
8.8042,7036,37375,10.000,10.000,91.6,10.000,10.360,78.3,10.000,10.372,81.2
8.8042,7037,37380,10.000,10.006,91.6,10.000,10.365,78.3,10.000,10.195,82.3
8.8042,7038,37385,10.000,9.984,91.8,10.000,10.342,78.4,10.000,10.351,80.9
8.8042,7039,37390,10.000,9.993,91.7,10.000,10.352,78.3,10.000,10.363,81.1
8.8042,7040,37395,10.000,9.987,91.7,10.000,10.348,78.3,10.000,10.174,82.4
8.8042,7041,37400,10.000,9.987,91.7,10.000,10.347,78.2,10.000,10.353,80.7
8.8042,7042,37405,10.000,9.979,91.8,10.000,10.337,78.2,10.000,10.342,81.2
8.8042,7043,37410,10.000,9.987,91.7,10.000,10.346,78.1,10.000,10.168,82.2
8.8042,7044,37415,10.000,9.980,91.8,10.000,10.343,78.1,10.000,10.343,80.7
8.8042,7045,37420,10.000,9.990,91.7,10.000,10.354,78.0,10.000,10.355,81.0
8.8042,7046,37425,10.000,9.814,92.9,10.000,10.177,79.2,10.000,10.177,82.1
8.8042,7047,37430,10.000,9.963,91.5,10.000,10.325,77.7,10.000,10.324,80.7
8.8042,7048,37435,10.000,9.816,92.8,10.000,10.362,77.8,10.000,10.179,82.0
8.8042,7049,37440,10.000,9.995,91.3,10.000,10.177,79.1,10.000,10.175,81.6
8.8659,7050,37445,10.000,9.968,91.9,10.000,10.329,77.6,10.000,10.326,80.6
8.8659,7051,37450,10.000,9.978,91.8,10.000,10.341,77.9,10.000,10.158,82.0
8.8659,7052,37455,10.000,9.982,91.8,10.000,10.169,79.0,10.000,10.166,81.6
8.8659,7053,37460,10.000,9.948,92.0,10.000,10.312,77.6,10.000,10.132,81.8
8.8659,7054,37465,10.000,10.011,91.6,10.000,10.186,78.7,10.000,10.007,82.5
8.8659,7055,37470,10.000,9.986,91.9,10.000,10.155,78.6,10.000,9.974,82.4
8.8659,7056,37475,10.000,10.153,90.7,10.000,10.322,77.4,10.000,9.960,82.4
8.8659,7057,37480,10.000,10.175,91.0,10.000,10.163,78.8,10.000,9.984,82.3
8.9274,7058,37485,10.000,10.176,91.0,10.000,10.162,78.4,10.000,9.983,82.3
8.9287,7059,37490,10.000,10.173,91.0,10.000,10.160,78.4,10.000,9.978,82.3
8.9287,7060,37495,10.000,10.011,92.0,10.000,10.184,78.3,10.000,9.823,83.3
8.9287,7061,37500,10.000,10.170,90.6,10.000,10.161,78.4,10.000,9.803,83.1
8.9287,7062,37505,10.000,10.165,91.0,10.000,10.335,77.2,10.000,9.798,83.1
8.9287,7063,37510,10.000,10.201,90.7,10.000,10.193,78.5,10.000,9.831,82.9
8.9287,7064,37515,10.000,10.145,91.1,10.000,10.324,77.3,10.000,9.962,82.2
8.9287,7065,37520,10.000,10.163,90.9,10.000,10.165,78.6,10.000,9.805,83.5
8.9287,7066,37525,10.000,10.173,90.8,10.000,10.175,78.2,10.000,9.811,83.1
8.9287,7067,37530,10.000,9.994,92.0,10.000,10.360,77.0,10.000,9.633,84.3
8.9287,7068,37535,10.000,10.162,90.5,10.000,10.165,78.6,10.000,9.803,82.8
8.9287,7069,37540,10.000,9.984,92.0,10.000,10.350,76.9,10.000,9.626,84.4
8.9287,7070,37545,10.000,10.139,90.6,10.000,10.144,78.7,10.000,9.778,83.0
8.9287,7071,37550,10.000,10.173,90.7,10.000,10.180,77.9,10.000,9.807,83.2
8.9287,7072,37555,10.000,10.004,91.9,10.000,10.193,77.9,10.000,9.637,84.4
8.9287,7073,37560,10.000,10.169,90.4,10.000,9.995,79.2,10.000,9.621,84.2
8.9911,7074,37565,10.000,10.170,90.8,10.000,9.994,78.8,10.000,9.620,84.2
8.9911,7075,37570,10.000,10.166,90.8,10.000,9.990,78.8,10.000,9.616,84.3
8.9911,7076,37575,10.000,9.992,91.9,10.000,10.004,78.7,10.000,9.813,83.0
8.9911,7077,37580,10.000,9.991,91.5,10.000,10.002,78.7,10.000,9.811,83.5
8.9911,7078,37585,10.000,9.791,92.8,10.000,9.983,78.8,10.000,9.610,84.8
8.9911,7079,37590,10.000,9.801,92.3,10.000,9.995,78.7,10.000,9.805,83.1
8.9911,7080,37595,10.000,9.812,92.2,10.000,10.004,78.7,10.000,9.636,84.7
8.9911,7081,37600,10.000,9.809,92.3,10.000,10.001,78.7,10.000,9.635,84.4
9.0518,7082,37605,10.000,9.968,91.3,10.000,9.795,80.1,10.000,9.791,83.4
9.0518,7083,37610,10.000,9.806,92.7,10.000,9.999,78.3,10.000,9.813,83.6
9.0518,7084,37615,10.000,9.818,92.3,10.000,10.015,78.7,10.000,9.648,84.8
9.0518,7085,37620,10.000,9.987,91.2,10.000,10.183,77.6,10.000,9.815,83.4
9.0518,7086,37625,10.000,9.982,91.7,10.000,9.992,79.2,10.000,9.625,85.0
9.0518,7087,37630,10.000,10.151,90.6,10.000,9.976,78.9,10.000,9.792,83.5
9.0518,7088,37635,10.000,10.347,89.7,10.000,10.173,77.6,10.000,9.808,83.8
9.0518,7089,37640,10.000,10.335,90.2,10.000,9.977,79.3,10.000,9.793,84.0
9.0518,7090,37645,10.000,10.354,90.0,10.000,10.172,77.5,10.000,9.807,83.9
9.0518,7091,37650,10.000,10.347,90.0,10.000,9.985,79.2,10.000,9.984,82.8
9.0518,7092,37655,10.000,10.184,91.0,10.000,10.188,77.4,10.000,9.825,84.3
9.0518,7093,37660,10.000,10.347,89.6,10.000,10.348,76.9,10.000,9.804,84.0
9.0518,7094,37665,10.000,10.333,90.0,10.000,10.155,78.5,10.000,9.791,84.1
9.0518,7095,37670,10.000,10.168,91.0,10.000,9.990,79.1,10.000,9.627,85.1
9.0518,7096,37675,10.000,10.340,89.5,10.000,9.980,78.7,10.000,9.798,83.7
9.0518,7097,37680,10.000,10.361,89.7,10.000,10.002,78.6,10.000,9.637,85.2
9.1151,7098,37685,10.000,10.343,89.8,10.000,9.803,79.9,10.000,9.619,84.9
9.1151,7099,37690,10.000,10.342,89.8,10.000,9.802,79.5,10.000,9.619,84.9
9.1151,7100,37695,10.000,10.330,89.8,10.000,9.795,79.5,10.000,9.613,85.0
9.1151,7101,37700,10.000,10.172,90.8,10.000,9.817,79.4,10.000,9.452,86.1
9.1151,7102,37705,10.000,10.333,89.3,10.000,9.616,80.8,10.000,9.613,84.7
9.1151,7103,37710,10.000,10.310,89.8,10.000,9.592,80.5,10.000,9.772,84.1
9.1151,7104,37715,10.000,10.179,90.6,10.000,9.640,80.2,10.000,9.820,84.2
9.1151,7105,37720,10.000,10.349,89.1,10.000,9.630,80.4,10.000,9.810,84.4
9.1778,7106,37725,10.000,10.330,89.6,10.000,9.791,79.4,10.000,9.788,84.6
9.1778,7107,37730,10.000,10.139,90.8,10.000,9.782,79.8,10.000,9.963,83.4
9.1778,7108,37735,10.000,10.170,90.1,10.000,9.812,79.6,10.000,9.993,83.6
9.1778,7109,37740,10.000,10.173,90.1,10.000,9.814,79.7,10.000,9.995,83.7
9.1778,7110,37745,10.000,10.180,90.1,10.000,9.820,79.7,10.000,10.000,83.7
9.1778,7111,37750,10.000,10.158,90.2,10.000,9.980,78.7,10.000,10.160,82.6
9.1778,7112,37755,10.000,10.177,90.0,10.000,9.995,79.0,10.000,9.996,84.1
9.1778,7113,37760,10.000,10.011,91.1,10.000,10.010,78.9,10.000,10.012,83.6
9.1778,7114,37765,10.000,9.974,91.0,10.000,9.972,79.2,10.000,9.972,83.9
9.1778,7115,37770,10.000,9.984,90.8,10.000,10.163,77.9,10.000,9.982,83.7
9.1778,7116,37775,10.000,9.823,91.9,10.000,10.189,78.2,10.000,10.008,83.6
9.1778,7117,37780,10.000,10.004,90.4,10.000,10.006,79.4,10.000,9.825,84.8
9.1778,7118,37785,10.000,9.800,92.1,10.000,10.160,77.9,10.000,9.800,84.5
9.1778,7119,37790,10.000,9.997,90.4,10.000,10.172,78.2,10.000,9.630,85.6
9.1778,7120,37795,10.000,9.805,92.1,10.000,10.161,78.3,10.000,9.800,84.1
9.1778,7121,37800,10.000,9.812,91.6,10.000,10.169,78.2,10.000,9.625,85.7
9.2333,7122,37805,10.000,9.614,92.9,10.000,10.329,77.2,10.000,9.785,84.3
9.2333,7123,37810,10.000,9.802,91.3,10.000,10.156,78.6,10.000,9.611,85.8
9.2333,7124,37815,10.000,9.809,91.7,10.000,10.347,77.0,10.000,9.802,84.2
9.2333,7125,37820,10.000,9.617,93.0,10.000,10.154,78.6,10.000,9.792,84.8
9.2333,7126,37825,10.000,9.624,92.5,10.000,10.162,78.1,10.000,9.800,84.7
9.2333,7127,37830,10.000,9.630,92.6,10.000,10.349,76.9,10.000,9.805,84.7
9.2333,7128,37835,10.000,9.650,92.5,10.000,10.191,78.3,10.000,10.008,83.4
9.2333,7129,37840,10.000,9.432,94.0,10.000,10.335,77.0,10.000,9.973,84.2
9.2988,7130,37845,10.000,9.455,93.4,10.000,10.177,78.3,10.000,10.000,83.9
9.2988,7131,37850,10.000,9.623,92.4,10.000,10.164,78.0,10.000,10.170,82.9
9.2988,7132,37855,10.000,9.639,92.8,10.000,10.005,79.0,10.000,10.011,84.3
9.2988,7133,37860,10.000,9.459,94.0,10.000,10.004,78.6,10.000,10.193,82.7
9.2988,7134,37865,10.000,9.617,92.6,10.000,9.979,78.8,10.000,10.168,83.3
9.2988,7135,37870,10.000,9.638,92.9,10.000,10.001,78.6,10.000,10.190,83.1
9.2988,7136,37875,10.000,9.809,91.9,10.000,9.986,78.7,10.000,10.174,83.2
9.2988,7137,37880,10.000,9.626,93.5,10.000,9.987,78.7,10.000,10.358,81.9
9.2988,7138,37885,10.000,9.786,92.1,10.000,9.966,78.8,10.000,10.154,83.7
9.2988,7139,37890,10.000,9.805,92.3,10.000,9.990,78.6,10.000,10.357,81.8
9.2988,7140,37895,10.000,9.989,91.2,10.000,10.175,77.5,10.000,10.358,82.3
9.2988,7141,37900,10.000,9.797,92.9,10.000,9.983,79.1,10.000,10.166,83.5
9.2988,7142,37905,10.000,9.799,92.5,10.000,10.166,77.5,10.000,10.349,81.8
9.2988,7143,37910,10.000,9.978,91.3,10.000,10.164,77.9,10.000,10.345,82.2
9.2988,7144,37915,10.000,9.815,92.8,10.000,10.182,77.8,10.000,10.183,83.3
9.2988,7145,37920,10.000,9.985,91.3,10.000,10.170,77.9,10.000,10.353,81.7
9.3612,7146,37925,10.000,9.816,92.8,10.000,10.000,78.9,10.000,10.367,82.0
9.3612,7147,37930,10.000,9.801,92.6,10.000,9.803,79.8,10.000,10.350,82.1
9.3612,7148,37935,10.000,9.640,93.6,10.000,10.006,78.0,10.000,10.371,81.9
9.3612,7149,37940,10.000,9.643,93.2,10.000,9.825,79.7,10.000,10.371,81.9
9.3612,7150,37945,10.000,9.608,93.5,10.000,9.790,79.5,10.000,10.336,82.1
9.3612,7151,37950,10.000,9.634,93.3,10.000,9.816,79.3,10.000,10.363,81.8
9.3612,7152,37955,10.000,9.616,93.5,10.000,9.616,80.7,10.000,10.340,82.0
9.3612,7153,37960,10.000,9.445,94.6,10.000,9.810,79.0,10.000,10.354,81.8
9.3612,7154,37965,10.000,9.612,93.2,10.000,9.616,80.7,10.000,10.518,80.7
9.3612,7155,37970,10.000,9.431,94.8,10.000,9.800,79.1,10.000,10.338,82.2
9.3612,7156,37975,10.000,9.420,94.5,10.000,9.792,79.6,10.000,10.327,81.8
9.3612,7157,37980,10.000,9.620,93.3,10.000,9.991,78.3,10.000,10.348,81.6
9.3612,7158,37985,10.000,9.610,93.9,10.000,9.797,80.1,10.000,10.337,81.7
9.3612,7159,37990,10.000,9.782,92.7,10.000,9.970,78.5,10.000,10.327,81.7
9.3612,7160,37995,10.000,9.636,94.1,10.000,10.008,78.7,10.000,10.366,81.4
9.3612,7161,38000,10.000,9.790,92.8,10.000,9.983,78.9,10.000,10.340,81.6
9.4257,7162,38005,10.000,9.807,93.1,10.000,10.179,77.6,10.000,10.358,81.4
9.4257,7163,38010,10.000,9.981,92.0,10.000,9.807,80.5,10.000,10.351,81.4
9.4257,7164,38015,10.000,9.820,93.5,10.000,10.008,78.3,10.000,10.374,81.2
9.4257,7165,38020,10.000,9.987,92.1,10.000,9.993,78.9,10.000,10.361,81.3
9.4257,7166,38025,10.000,9.993,92.4,10.000,9.998,78.8,10.000,10.370,81.2
9.4257,7167,38030,10.000,9.810,93.6,10.000,9.996,78.8,10.000,10.365,81.2
9.4257,7168,38035,10.000,9.801,93.3,10.000,9.988,78.9,10.000,10.357,81.2
9.4257,7169,38040,10.000,9.806,93.2,10.000,9.994,78.8,10.000,10.363,81.1
9.4876,7170,38045,10.000,9.801,93.3,10.000,9.986,78.9,10.000,10.356,81.1
9.4876,7171,38050,10.000,9.817,93.2,10.000,10.000,78.8,10.000,10.370,81.0
9.4876,7172,38055,10.000,9.813,93.3,10.000,9.999,78.8,10.000,10.370,81.0
9.4876,7173,38060,10.000,9.811,93.3,10.000,10.360,76.5,10.000,10.183,82.1
9.4876,7174,38065,10.000,9.959,92.4,10.000,9.621,82.1,10.000,10.148,81.9
9.4876,7175,38070,10.000,9.822,93.6,10.000,9.668,80.1,10.000,10.375,80.3
9.4876,7176,38075,10.000,9.985,92.3,10.000,9.832,79.2,10.000,10.175,82.1
9.4876,7177,38080,10.000,9.978,92.7,10.000,9.646,80.8,10.000,10.170,81.6
9.4876,7178,38085,10.000,10.159,91.5,10.000,9.822,79.2,10.000,10.169,81.6
9.4876,7179,38090,10.000,10.172,91.8,10.000,9.837,79.6,10.000,10.184,81.5
9.4876,7180,38095,10.000,10.156,91.9,10.000,9.640,80.9,10.000,9.986,82.8
9.4876,7181,38100,10.000,10.155,91.9,10.000,9.819,79.3,10.000,10.166,81.2
9.4876,7182,38105,10.000,10.338,90.7,10.000,9.639,80.9,10.000,9.984,82.8
9.4876,7183,38110,10.000,10.159,92.2,10.000,9.642,80.5,10.000,9.988,82.3
9.4876,7184,38115,10.000,10.182,91.7,10.000,10.371,75.8,10.000,10.011,82.2
9.4876,7185,38120,10.000,10.167,91.8,10.000,10.354,77.6,10.000,9.811,83.5
9.5485,7186,38125,10.000,10.164,91.7,10.000,10.347,77.6,10.000,9.984,81.9
9.5485,7187,38130,10.000,10.343,90.6,10.000,10.346,77.6,10.000,9.800,83.5
9.5485,7188,38135,10.000,10.181,92.0,10.000,10.370,77.4,10.000,9.820,83.0
9.5485,7189,38140,10.000,10.175,91.6,10.000,10.178,78.6,10.000,9.811,83.1
9.5485,7190,38145,10.000,10.182,91.6,10.000,10.368,76.9,10.000,9.818,83.1
9.5485,7191,38150,10.000,10.163,91.7,10.000,10.349,77.4,10.000,9.800,83.2
9.5485,7192,38155,10.000,10.163,91.6,10.000,10.349,77.4,10.000,9.801,83.2
9.5485,7193,38160,10.000,10.170,91.5,10.000,10.357,77.3,10.000,9.806,83.2
9.6154,7194,38165,10.000,10.168,91.6,10.000,10.353,77.3,10.000,9.803,83.3
9.6154,7195,38170,10.000,10.333,90.5,10.000,10.153,78.5,10.000,9.787,83.4
9.6154,7196,38175,10.000,10.165,91.9,10.000,10.172,77.9,10.000,9.624,84.4
9.6154,7197,38180,10.000,9.990,92.6,10.000,10.175,77.9,10.000,9.810,82.9
9.6154,7198,38185,10.000,9.972,92.3,10.000,10.153,78.0,10.000,9.791,83.5
9.6154,7199,38190,10.000,9.968,92.3,10.000,10.331,76.8,10.000,9.604,84.7
9.6154,7200,38195,10.000,9.984,92.2,10.000,10.165,78.3,10.000,9.807,82.9
9.6154,7201,38200,10.000,9.800,93.4,10.000,10.158,77.9,10.000,9.623,84.6
9.6154,7202,38205,10.000,9.815,92.9,10.000,10.352,76.6,10.000,9.632,84.2
9.6154,7203,38210,10.000,9.805,93.0,10.000,10.160,78.3,10.000,9.807,83.1
9.6154,7204,38215,10.000,9.637,94.1,10.000,10.178,77.7,10.000,9.642,84.6
9.6154,7205,38220,10.000,9.440,95.1,10.000,10.160,77.8,10.000,9.625,84.4
9.6154,7206,38225,10.000,9.454,94.6,10.000,10.178,77.6,10.000,9.824,83.1
9.6154,7207,38230,10.000,9.445,94.7,10.000,10.347,76.6,10.000,9.631,84.8
9.6154,7208,38235,10.000,9.643,93.5,10.000,10.186,78.0,10.000,9.829,83.1
9.6154,7209,38240,10.000,9.464,95.1,10.000,10.191,77.5,10.000,9.835,83.6
9.6736,7210,38245,10.000,9.610,93.8,10.000,10.155,77.8,10.000,9.612,85.1
9.6736,7211,38250,10.000,9.632,94.1,10.000,10.184,77.5,10.000,9.637,84.4
9.6736,7212,38255,10.000,9.622,94.2,10.000,9.994,78.8,10.000,9.631,84.6
9.6736,7213,38260,10.000,9.610,94.3,10.000,10.159,77.2,10.000,9.435,85.9
9.6736,7214,38265,10.000,9.802,93.1,10.000,10.169,77.5,10.000,9.442,85.4
9.6736,7215,38270,10.000,9.814,93.5,10.000,10.182,77.5,10.000,9.455,85.4
9.6736,7216,38275,10.000,9.971,92.5,10.000,10.152,77.7,10.000,9.424,85.7
9.6736,7217,38280,10.000,9.988,92.8,10.000,9.990,78.6,10.000,9.444,85.6
9.7236,7218,38285,10.000,9.792,94.1,10.000,10.152,77.2,10.000,9.246,87.0
9.7236,7219,38290,10.000,9.977,92.5,10.000,9.973,78.7,10.000,9.246,86.6
9.7236,7220,38295,10.000,9.997,92.8,10.000,10.174,77.0,10.000,9.451,85.3
9.7236,7221,38300,10.000,10.164,91.7,10.000,9.979,78.7,10.000,9.436,86.0
9.7236,7222,38305,10.000,9.985,93.3,10.000,9.982,78.2,10.000,9.621,84.8
9.7236,7223,38310,10.000,10.184,91.6,10.000,10.002,78.1,10.000,9.639,85.2
9.7236,7224,38315,10.000,10.168,92.1,10.000,9.803,79.5,10.000,9.805,84.2
9.7236,7225,38320,10.000,10.347,90.9,10.000,9.802,79.0,10.000,9.804,84.6
9.7236,7226,38325,10.000,10.171,92.4,10.000,9.625,80.2,10.000,9.810,84.6
9.7236,7227,38330,10.000,10.180,91.9,10.000,9.820,78.5,10.000,9.818,84.6
9.7236,7228,38335,10.000,10.191,91.9,10.000,9.654,80.1,10.000,10.012,83.3
9.7236,7229,38340,10.000,10.154,92.1,10.000,9.800,78.8,10.000,9.983,84.0
9.7236,7230,38345,10.000,10.165,91.9,10.000,9.626,80.3,10.000,9.990,83.9
9.7236,7231,38350,10.000,10.376,90.6,10.000,9.649,79.8,10.000,10.013,83.8
9.7236,7232,38355,10.000,10.525,90.1,10.000,9.797,78.9,10.000,9.981,84.0
9.7236,7233,38360,10.000,10.338,91.6,10.000,9.792,79.3,10.000,10.155,82.8
9.7926,7234,38365,10.000,10.327,91.2,10.000,9.780,79.4,10.000,10.142,83.3
9.7926,7235,38370,10.000,10.369,90.8,10.000,10.004,77.9,10.000,10.179,83.0
9.7926,7236,38375,10.000,10.533,89.8,10.000,9.993,78.6,10.000,10.165,83.2
9.7926,7237,38380,10.000,10.523,90.2,10.000,9.980,78.6,10.000,10.154,83.2
9.7926,7238,38385,10.000,10.715,88.9,10.000,9.990,78.5,10.000,10.166,83.1
9.7926,7239,38390,10.000,10.545,90.4,10.000,9.995,78.5,10.000,10.170,83.0
9.7926,7240,38395,10.000,10.536,90.0,10.000,9.988,78.6,10.000,10.162,83.1
9.7926,7241,38400,10.000,10.156,92.3,10.000,10.158,77.4,10.000,10.332,81.9
9.8481,7242,38405,10.000,10.192,91.2,10.000,10.192,77.6,10.000,10.183,83.3
9.8481,7243,38410,10.000,10.196,91.2,10.000,10.017,78.8,10.000,10.192,82.8
9.8481,7244,38415,10.000,10.201,91.2,10.000,10.205,77.2,10.000,10.200,82.8
9.8481,7245,38420,10.000,9.976,92.6,10.000,9.978,79.1,10.000,10.160,83.0
9.8481,7246,38425,10.000,9.998,92.0,10.000,10.177,77.2,10.000,10.181,82.8
9.8481,7247,38430,10.000,9.978,92.1,10.000,10.151,77.9,10.000,10.339,81.8
9.8481,7248,38435,10.000,9.979,92.1,10.000,10.152,77.8,10.000,10.156,83.3
9.8481,7249,38440,10.000,9.995,92.0,10.000,10.173,77.6,10.000,10.355,81.6
9.8481,7250,38445,10.000,9.997,92.0,10.000,10.171,77.7,10.000,10.172,83.2
9.8481,7251,38450,10.000,9.992,92.0,10.000,10.165,77.7,10.000,10.164,82.8
9.8481,7252,38455,10.000,9.980,92.1,10.000,9.976,78.9,10.000,10.341,81.6
9.8481,7253,38460,10.000,10.157,90.9,10.000,10.152,77.3,10.000,10.152,83.2
9.8481,7254,38465,10.000,9.979,92.5,10.000,10.152,77.7,10.000,10.152,82.8
9.8481,7255,38470,10.000,10.179,90.8,10.000,10.171,77.6,10.000,10.355,81.4
9.8481,7256,38475,10.000,9.999,92.4,10.000,10.170,77.6,10.000,10.172,83.1
9.8481,7257,38480,10.000,10.194,90.7,10.000,10.006,78.6,10.000,10.190,82.5
9.9107,7258,38485,10.000,9.989,92.5,10.000,9.981,78.4,10.000,10.344,81.5
9.9107,7259,38490,10.000,10.163,90.9,10.000,9.793,79.6,10.000,10.156,83.0
9.9107,7260,38495,10.000,9.978,92.5,10.000,9.978,77.9,10.000,10.340,81.4
9.9107,7261,38500,10.000,10.172,90.8,10.000,9.809,79.5,10.000,10.356,81.7
9.9107,7262,38505,10.000,10.002,92.3,10.000,9.818,79.0,10.000,10.183,82.8
9.9107,7263,38510,10.000,9.982,92.0,10.000,9.797,79.2,10.000,10.343,81.3
9.9107,7264,38515,10.000,9.993,91.9,10.000,9.630,80.3,10.000,10.358,81.6
9.9107,7265,38520,10.000,9.989,92.0,10.000,9.809,78.8,10.000,10.171,82.8
9.9736,7266,38525,10.000,9.996,91.9,10.000,9.266,82.7,10.000,10.361,81.1
9.9736,7267,38530,10.000,9.989,92.0,10.000,9.441,80.4,10.000,10.353,81.5
9.9736,7268,38535,10.000,9.985,92.0,10.000,9.438,80.9,10.000,10.349,81.5
9.9736,7269,38540,10.000,10.002,91.9,10.000,9.638,79.6,10.000,10.366,81.4
9.9736,7270,38545,10.000,10.002,91.9,10.000,9.636,80.2,10.000,10.364,81.4
9.9736,7271,38550,10.000,9.967,92.1,10.000,9.605,80.4,10.000,10.325,81.6
9.9736,7272,38555,10.000,9.988,91.9,10.000,9.815,79.0,10.000,10.347,81.3
9.9736,7273,38560,10.000,9.983,92.0,10.000,9.633,80.7,10.000,10.165,82.5
9.9736,7274,38565,10.000,9.998,91.9,10.000,9.832,79.0,10.000,9.997,83.1
9.9736,7275,38570,10.000,9.968,92.1,10.000,9.624,80.9,10.000,9.972,82.9
9.9736,7276,38575,10.000,9.779,93.3,10.000,10.170,76.9,10.000,9.967,82.9
9.9736,7277,38580,10.000,9.611,94.0,10.000,10.001,79.3,10.000,9.798,84.0
9.9736,7278,38585,10.000,9.792,92.4,10.000,10.182,77.7,10.000,9.802,83.6
9.9736,7279,38590,10.000,9.616,94.0,10.000,10.005,79.2,10.000,9.623,84.7
9.9736,7280,38595,10.000,9.784,92.6,10.000,9.989,78.9,10.000,9.606,84.5
9.9736,7281,38600,10.000,9.822,92.7,10.000,10.206,77.5,10.000,9.465,85.4
10.0378,7282,38605,10.000,9.780,93.1,10.000,10.151,78.3,10.000,9.419,85.4
10.0378,7283,38610,10.000,9.805,92.9,10.000,10.175,78.0,10.000,9.443,85.2
10.0378,7284,38615,10.000,9.796,93.0,10.000,10.167,78.1,10.000,9.435,85.4
10.0378,7285,38620,10.000,9.810,92.9,10.000,10.178,78.0,10.000,9.627,84.2
10.0378,7286,38625,10.000,9.996,91.8,10.000,10.181,78.0,10.000,9.447,85.9
10.0378,7287,38630,10.000,10.146,91.2,10.000,10.330,77.0,10.000,9.595,84.5
10.0378,7288,38635,10.000,9.808,93.8,10.000,10.177,78.3,10.000,9.442,85.9
10.0378,7289,38640,10.000,9.966,92.0,10.000,10.333,76.9,10.000,9.784,83.4
10.0982,7290,38645,10.000,9.813,93.4,10.000,10.181,78.2,10.000,9.632,85.2
10.0982,7291,38650,10.000,9.805,93.1,10.000,10.172,77.9,10.000,9.806,83.8
10.0982,7292,38655,10.000,9.799,93.1,10.000,10.168,77.9,10.000,9.803,84.2
10.0982,7293,38660,10.000,9.804,93.1,10.000,10.171,77.9,10.000,9.989,83.0
10.0982,7294,38665,10.000,9.798,93.2,10.000,10.163,77.9,10.000,10.165,82.3
10.0982,7295,38670,10.000,9.790,93.2,10.000,10.334,76.7,10.000,9.977,84.0
10.0982,7296,38675,10.000,9.973,92.0,10.000,10.152,78.3,10.000,9.978,83.5
10.0982,7297,38680,10.000,9.825,93.4,10.000,10.188,77.6,10.000,9.830,84.5
10.0982,7298,38685,10.000,10.183,90.8,10.000,10.178,77.7,10.000,10.002,83.0
10.0982,7299,38690,10.000,10.012,92.7,10.000,10.192,77.6,10.000,9.833,84.5
10.0982,7300,38695,10.000,10.155,91.4,10.000,10.335,76.7,10.000,9.798,84.4
10.0982,7301,38700,10.000,10.161,91.7,10.000,10.158,78.1,10.000,9.805,84.3
10.0982,7302,38705,10.000,10.187,91.5,10.000,10.190,77.5,10.000,9.831,84.1
10.0982,7303,38710,10.000,10.165,91.7,10.000,10.170,77.7,10.000,9.629,85.6
10.0982,7304,38715,10.000,10.150,91.7,10.000,10.151,77.7,10.000,9.610,85.2
10.0982,7305,38720,10.000,10.179,91.5,10.000,9.999,78.7,10.000,9.636,85.1
10.1607,7306,38725,10.000,9.996,92.7,10.000,10.179,77.1,10.000,9.634,85.2
10.1607,7307,38730,10.000,10.171,91.1,10.000,9.989,78.8,10.000,9.811,84.1
10.1607,7308,38735,10.000,9.983,92.7,10.000,9.985,78.3,10.000,9.625,85.7
10.1607,7309,38740,10.000,9.956,92.5,10.000,9.950,78.6,10.000,9.772,84.4
10.1607,7310,38745,10.000,9.810,93.4,10.000,9.621,80.6,10.000,9.807,84.5
10.1607,7311,38750,10.000,9.822,93.0,10.000,9.630,79.8,10.000,9.631,85.8
10.1607,7312,38755,10.000,9.793,93.2,10.000,9.595,80.1,10.000,9.779,84.4
10.1607,7313,38760,10.000,9.629,94.2,10.000,9.610,80.0,10.000,9.794,84.7
10.1607,7314,38765,10.000,9.831,92.5,10.000,9.448,81.1,10.000,9.816,84.6
10.1607,7315,38770,10.000,9.636,94.3,10.000,9.618,79.7,10.000,9.804,84.8
10.1607,7316,38775,10.000,9.813,92.7,10.000,9.432,81.3,10.000,9.802,84.8
10.1607,7317,38780,10.000,9.609,94.5,10.000,9.587,80.0,10.000,9.774,85.0
10.1607,7318,38785,10.000,9.804,92.8,10.000,9.597,80.3,10.000,9.784,84.9
10.1607,7319,38790,10.000,9.839,93.1,10.000,9.642,80.1,10.000,9.461,87.0
10.1607,7320,38795,10.000,9.987,92.2,10.000,9.974,78.1,10.000,9.429,86.5
10.1607,7321,38800,10.000,9.975,92.6,10.000,9.782,80.1,10.000,9.420,86.6
10.2206,7322,38805,10.000,9.991,92.5,10.000,9.797,79.6,10.000,9.256,87.7
10.2206,7323,38810,10.000,10.174,91.4,10.000,9.800,79.6,10.000,9.076,88.5
10.2206,7324,38815,10.000,9.987,93.0,10.000,9.982,78.5,10.000,8.892,89.4
10.2206,7325,38820,10.000,10.182,91.3,10.000,9.811,80.0,10.000,8.902,89.0
10.2206,7326,38825,10.000,10.157,91.9,10.000,9.967,78.6,10.000,8.880,89.3
10.2206,7327,38830,10.000,10.176,91.7,10.000,9.991,78.8,10.000,8.721,90.4
10.2206,7328,38835,10.000,10.165,91.8,10.000,9.982,79.0,10.000,8.713,90.3
10.2206,7329,38840,10.000,10.340,90.6,10.000,9.973,79.0,10.000,8.888,89.2
10.2817,7330,38845,10.000,10.187,92.0,10.000,10.003,78.8,10.000,8.914,89.6
10.2817,7331,38850,10.000,10.178,91.6,10.000,10.179,77.7,10.000,8.907,89.9
10.2817,7332,38855,10.000,10.369,90.4,10.000,10.192,78.0,10.000,9.101,88.7
10.2817,7333,38860,10.000,10.163,92.1,10.000,10.342,77.1,10.000,9.257,88.3
10.2817,7334,38865,10.000,10.341,90.4,10.000,10.156,78.6,10.000,9.253,88.7
10.2817,7335,38870,10.000,10.342,90.8,10.000,10.340,76.9,10.000,9.437,87.6
10.2817,7336,38875,10.000,10.366,90.6,10.000,10.183,78.4,10.000,9.458,88.0
10.2817,7337,38880,10.000,10.366,90.6,10.000,10.182,78.0,10.000,9.458,88.1
10.2817,7338,38885,10.000,10.346,90.7,10.000,10.343,76.9,10.000,9.618,87.1
10.2817,7339,38890,10.000,10.372,90.5,10.000,10.182,78.3,10.000,9.640,87.4
10.2817,7340,38895,10.000,10.340,90.7,10.000,10.147,78.1,10.000,9.610,87.7
10.2817,7341,38900,10.000,10.350,90.5,10.000,10.154,78.0,10.000,9.618,87.6
10.2817,7342,38905,10.000,10.352,90.5,10.000,10.155,78.0,10.000,9.436,88.9
10.2817,7343,38910,10.000,10.536,89.3,10.000,10.164,77.9,10.000,9.443,88.5
10.2817,7344,38915,10.000,10.359,90.8,10.000,10.168,77.9,10.000,9.446,88.5
10.2817,7345,38920,10.000,10.349,90.4,10.000,10.157,77.9,10.000,9.437,88.6
10.3474,7346,38925,10.000,10.343,90.4,10.000,10.148,77.9,10.000,9.427,88.8
10.3474,7347,38930,10.000,10.543,89.0,10.000,10.170,77.8,10.000,9.631,87.5
10.3474,7348,38935,10.000,10.385,90.5,10.000,10.015,78.8,10.000,9.477,89.0
10.3474,7349,38940,10.000,10.343,90.3,10.000,10.159,77.5,10.000,9.620,87.8
10.3474,7350,38945,10.000,10.538,88.9,10.000,10.176,77.7,10.000,9.634,88.1
10.3474,7351,38950,10.000,10.358,90.5,10.000,10.178,77.7,10.000,9.820,86.9
10.3474,7352,38955,10.000,10.336,90.1,10.000,10.155,77.8,10.000,9.801,87.5
10.3474,7353,38960,10.000,10.358,89.9,10.000,9.996,78.8,10.000,10.003,86.2
10.4074,7354,38965,10.000,10.544,88.7,10.000,10.180,77.2,10.000,10.004,86.6
10.4074,7355,38970,10.000,10.359,90.3,10.000,9.996,78.8,10.000,10.001,86.7
10.4074,7356,38975,10.000,10.369,89.7,10.000,10.009,78.3,10.000,10.197,85.4
10.4074,7357,38980,10.000,10.350,89.9,10.000,9.986,78.5,10.000,10.171,86.0
10.4074,7358,38985,10.000,10.507,88.7,10.000,9.963,78.6,10.000,10.150,86.1
10.4074,7359,38990,10.000,10.344,90.1,10.000,9.801,79.6,10.000,10.171,85.9
10.4074,7360,38995,10.000,10.348,89.7,10.000,9.805,79.2,10.000,10.355,84.7
10.4074,7361,39000,10.000,10.357,89.6,10.000,9.813,79.2,10.000,10.180,86.2
10.4074,7362,39005,10.000,10.347,89.6,10.000,9.625,80.5,10.000,10.348,84.7
10.4074,7363,39010,10.000,10.165,90.7,10.000,9.808,78.9,10.000,10.348,85.1
10.4074,7364,39015,10.000,10.160,90.3,10.000,9.623,80.5,10.000,10.530,83.8
10.4074,7365,39020,10.000,10.164,90.3,10.000,9.808,78.9,10.000,10.533,84.2
10.4074,7366,39025,10.000,9.985,91.4,10.000,9.811,79.4,10.000,10.353,85.3
10.4074,7367,39030,10.000,9.975,91.1,10.000,9.801,79.5,10.000,10.345,84.9
10.4074,7368,39035,10.000,9.820,92.0,10.000,9.825,79.3,10.000,10.550,83.5
10.4074,7369,39040,10.000,9.986,90.6,10.000,9.990,78.3,10.000,10.533,84.0
10.4701,7370,39045,10.000,9.816,92.1,10.000,9.816,79.8,10.000,10.542,83.9
10.4701,7371,39050,10.000,9.958,90.8,10.000,9.781,79.7,10.000,10.684,82.9
10.4701,7372,39055,10.000,9.820,92.1,10.000,9.827,79.3,10.000,10.739,82.8
10.4701,7373,39060,10.000,9.977,90.7,10.000,9.621,80.8,10.000,10.712,83.0
10.4701,7374,39065,10.000,9.983,91.1,10.000,9.809,79.1,10.000,10.533,84.0
10.4701,7375,39070,10.000,9.975,91.1,10.000,9.619,80.8,10.000,10.523,83.6
10.4701,7376,39075,10.000,9.968,91.2,10.000,9.612,80.4,10.000,10.698,82.4
10.4701,7377,39080,10.000,9.802,92.2,10.000,9.446,81.6,10.000,10.716,82.6
10.5172,7378,39085,10.000,9.600,93.2,10.000,9.598,80.2,10.000,10.685,82.8
10.5172,7379,39090,10.000,9.440,93.8,10.000,9.439,81.7,10.000,10.525,83.7
10.5172,7380,39095,10.000,9.438,93.5,10.000,9.626,80.1,10.000,10.530,83.2
10.5172,7381,39100,10.000,9.282,94.5,10.000,9.646,80.5,10.000,10.555,83.0
10.5172,7382,39105,10.000,9.434,93.3,10.000,9.795,79.6,10.000,10.517,83.2
10.5172,7383,39110,10.000,9.282,94.7,10.000,9.822,79.8,10.000,10.549,82.9
10.5172,7384,39115,10.000,9.077,95.7,10.000,9.796,80.1,10.000,10.708,81.8
10.5172,7385,39120,10.000,9.097,95.2,10.000,9.815,79.9,10.000,10.730,82.0
10.5793,7386,39125,10.000,9.255,94.3,10.000,9.971,79.0,10.000,10.704,82.1
10.5793,7387,39130,10.000,9.249,94.8,10.000,10.148,78.2,10.000,10.516,83.2
10.5793,7388,39135,10.000,9.630,92.4,10.000,9.994,79.6,10.000,10.544,82.5
10.5793,7389,39140,10.000,9.625,93.4,10.000,10.171,78.1,10.000,10.722,81.4
10.5793,7390,39145,10.000,9.617,93.5,10.000,9.979,79.7,10.000,10.707,81.8
10.5793,7391,39150,10.000,9.795,92.4,10.000,10.157,78.1,10.000,10.706,81.7
10.5793,7392,39155,10.000,9.627,93.9,10.000,10.172,78.4,10.000,10.538,82.7
10.5793,7393,39160,10.000,9.805,92.4,10.000,10.168,78.5,10.000,10.533,82.3
10.5793,7394,39165,10.000,9.808,92.8,10.000,10.169,78.4,10.000,10.534,82.2
10.5793,7395,39170,10.000,9.973,91.8,10.000,10.335,77.3,10.000,10.517,82.3
10.5793,7396,39175,10.000,9.819,93.2,10.000,10.184,78.7,10.000,10.548,81.9
10.5793,7397,39180,10.000,9.822,92.8,10.000,10.187,78.3,10.000,10.551,81.9
10.5793,7398,39185,10.000,9.619,94.2,10.000,10.342,77.3,10.000,10.524,82.1
10.5793,7399,39190,10.000,9.623,93.7,10.000,10.163,78.8,10.000,10.345,83.1
10.5793,7400,39195,10.000,9.636,93.7,10.000,10.361,77.0,10.000,10.179,83.7
10.5793,7401,39200,10.000,9.455,94.9,10.000,10.180,78.6,10.000,10.177,83.3
10.6446,7402,39205,10.000,9.611,93.5,10.000,10.150,78.4,10.000,10.153,83.4
10.6446,7403,39210,10.000,9.445,95.0,10.000,10.354,77.0,10.000,10.174,83.2
10.6446,7404,39215,10.000,9.428,94.8,10.000,10.160,78.7,10.000,10.156,83.4
10.6446,7405,39220,10.000,9.442,94.7,10.000,10.173,78.1,10.000,9.986,84.4
10.6446,7406,39225,10.000,9.435,94.9,10.000,10.164,78.2,10.000,9.974,84.1
10.6446,7407,39230,10.000,9.611,93.8,10.000,10.159,78.2,10.000,9.971,84.1
10.6446,7408,39235,10.000,9.634,94.1,10.000,10.188,77.9,10.000,10.000,83.9
10.6446,7409,39240,10.000,9.634,94.2,10.000,10.002,79.2,10.000,10.180,82.8
10.6446,7410,39245,10.000,9.803,93.1,10.000,9.987,78.8,10.000,10.168,83.3
10.6446,7411,39250,10.000,9.801,93.6,10.000,9.984,78.8,10.000,10.161,83.3
10.6446,7412,39255,10.000,9.641,94.6,10.000,10.012,78.6,10.000,10.370,81.9
10.6446,7413,39260,10.000,9.608,94.5,10.000,9.969,79.0,10.000,10.148,83.8
10.6446,7414,39265,10.000,9.814,93.1,10.000,9.993,78.7,10.000,10.176,83.1
10.6446,7415,39270,10.000,9.622,94.9,10.000,9.983,78.9,10.000,10.350,82.0
10.6446,7416,39275,10.000,9.807,93.3,10.000,10.168,77.6,10.000,10.174,83.5
10.6446,7417,39280,10.000,9.626,94.9,10.000,9.986,79.2,10.000,10.355,81.9
10.7113,7418,39285,10.000,9.820,93.3,10.000,9.995,78.7,10.000,10.364,82.2
10.7113,7419,39290,10.000,9.989,92.7,10.000,10.349,76.5,10.000,10.170,83.4
10.7113,7420,39295,10.000,9.793,94.3,10.000,10.155,78.5,10.000,10.338,81.9
10.7113,7421,39300,10.000,9.984,92.6,10.000,10.347,76.8,10.000,10.168,83.3
10.7113,7422,39305,10.000,9.992,93.1,10.000,10.171,78.4,10.000,9.989,84.1
10.7113,7423,39310,10.000,10.174,91.9,10.000,10.173,77.9,10.000,10.170,82.5
10.7113,7424,39315,10.000,9.998,93.5,10.000,10.362,76.7,10.000,9.996,84.0
10.7113,7425,39320,10.000,10.184,91.8,10.000,10.184,78.2,10.000,9.999,83.6
10.7673,7426,39325,10.000,10.163,92.4,10.000,10.161,77.9,10.000,9.980,83.7
10.7673,7427,39330,10.000,10.164,92.3,10.000,10.161,77.9,10.000,9.981,83.7
10.7673,7428,39335,10.000,10.162,92.3,10.000,10.165,77.8,10.000,9.799,84.9
10.7673,7429,39340,10.000,9.994,93.4,10.000,10.181,77.7,10.000,9.812,84.4
10.7673,7430,39345,10.000,10.178,91.8,10.000,10.183,77.7,10.000,9.815,84.4
10.7673,7431,39350,10.000,10.161,92.3,10.000,10.167,77.8,10.000,9.801,84.5
10.7673,7432,39355,10.000,10.157,92.3,10.000,10.162,77.8,10.000,9.979,83.3
10.7673,7433,39360,10.000,10.178,92.1,10.000,10.183,77.6,10.000,9.818,84.8
10.7673,7434,39365,10.000,10.361,91.0,10.000,9.997,78.9,10.000,9.998,83.3
10.7673,7435,39370,10.000,10.356,91.4,10.000,9.995,78.4,10.000,9.813,84.9
10.7673,7436,39375,10.000,10.180,92.5,10.000,9.822,79.5,10.000,9.818,84.5
10.7673,7437,39380,10.000,10.376,90.8,10.000,10.019,77.9,10.000,9.832,84.4
10.7673,7438,39385,10.000,10.348,91.4,10.000,9.808,79.7,10.000,9.806,84.6
10.7673,7439,39390,10.000,10.344,91.3,10.000,9.802,79.3,10.000,9.985,83.4
10.7673,7440,39395,10.000,10.365,91.1,10.000,9.821,79.2,10.000,9.823,84.9
10.7673,7441,39400,10.000,10.182,92.3,10.000,9.638,80.4,10.000,9.821,84.6
10.8411,7442,39405,10.000,10.351,90.7,10.000,9.805,78.9,10.000,9.803,84.7
10.8411,7443,39410,10.000,10.337,91.2,10.000,9.610,80.6,10.000,9.792,84.7
10.8411,7444,39415,10.000,10.145,92.4,10.000,9.788,79.0,10.000,9.787,84.8
10.8411,7445,39420,10.000,10.176,91.7,10.000,9.811,79.3,10.000,9.811,84.6
10.8411,7446,39425,10.000,10.349,90.6,10.000,9.984,78.3,10.000,9.983,83.6
10.8411,7447,39430,10.000,10.160,92.2,10.000,9.978,78.7,10.000,9.795,85.2
10.8411,7448,39435,10.000,10.176,91.6,10.000,9.991,78.6,10.000,9.808,84.7
10.8411,7449,39440,10.000,10.179,91.6,10.000,9.996,78.6,10.000,9.629,85.9
10.8959,7450,39445,10.000,10.157,91.8,10.000,9.976,78.8,10.000,9.608,85.7
10.8959,7451,39450,10.000,10.159,91.7,10.000,10.158,77.6,10.000,9.788,84.5
10.8959,7452,39455,10.000,9.975,92.9,10.000,10.155,78.0,10.000,9.609,86.1
10.8959,7453,39460,10.000,9.989,92.3,10.000,10.167,77.9,10.000,9.621,85.7
10.8959,7454,39465,10.000,10.008,92.3,10.000,10.189,77.8,10.000,9.457,86.8
10.8959,7455,39470,10.000,9.789,93.7,10.000,10.156,78.0,10.000,9.424,86.7
10.8959,7456,39475,10.000,9.638,94.2,10.000,10.189,77.7,10.000,9.275,87.6
10.8959,7457,39480,10.000,9.623,94.0,10.000,9.990,79.0,10.000,9.439,86.3
10.8959,7458,39485,10.000,9.443,95.2,10.000,10.172,77.4,10.000,9.439,86.8
10.8959,7459,39490,10.000,9.440,94.8,10.000,9.987,79.0,10.000,9.435,86.8
10.8959,7460,39495,10.000,9.257,96.1,10.000,10.165,77.4,10.000,9.435,86.9
10.8959,7461,39500,10.000,9.274,95.6,10.000,10.184,77.7,10.000,9.458,86.8
10.8959,7462,39505,10.000,9.473,94.4,10.000,10.021,78.8,10.000,9.472,86.8
10.8959,7463,39510,10.000,9.264,96.3,10.000,10.171,77.4,10.000,9.622,86.0
10.8959,7464,39515,10.000,9.258,96.0,10.000,10.165,77.8,10.000,9.616,86.4
10.8959,7465,39520,10.000,9.451,94.8,10.000,10.175,77.7,10.000,9.628,86.4
10.9591,7466,39525,10.000,9.431,95.4,10.000,10.148,77.9,10.000,9.784,85.4
10.9591,7467,39530,10.000,9.620,94.2,10.000,10.156,77.7,10.000,9.612,86.9
10.9591,7468,39535,10.000,9.627,94.7,10.000,10.168,77.7,10.000,9.805,85.3
10.9591,7469,39540,10.000,9.795,93.6,10.000,10.335,76.6,10.000,9.793,85.9
10.9591,7470,39545,10.000,9.994,92.8,10.000,10.173,78.0,10.000,9.992,84.6
10.9591,7471,39550,10.000,10.153,92.2,10.000,10.147,77.8,10.000,9.965,85.2
10.9591,7472,39555,10.000,9.981,93.7,10.000,10.159,77.6,10.000,9.977,85.1
10.9591,7473,39560,10.000,10.174,92.0,10.000,9.996,78.7,10.000,9.994,85.0
11.0202,7474,39565,10.000,10.335,91.4,10.000,9.790,79.6,10.000,9.972,85.2
11.0202,7475,39570,10.000,10.172,92.8,10.000,9.810,79.0,10.000,10.178,83.8
11.0202,7476,39575,10.000,10.341,91.3,10.000,9.803,79.1,10.000,10.169,84.3
11.0202,7477,39580,10.000,10.163,92.8,10.000,9.807,79.1,10.000,10.174,84.3
11.0202,7478,39585,10.000,10.340,91.2,10.000,9.616,80.4,10.000,10.167,84.3
11.0202,7479,39590,10.000,10.172,92.7,10.000,9.632,79.9,10.000,10.180,84.2
11.0202,7480,39595,10.000,9.986,93.5,10.000,9.445,81.2,10.000,10.173,84.2
11.0202,7481,39600,10.000,10.010,92.9,10.000,9.470,80.6,10.000,10.015,85.2
11.0202,7482,39605,10.000,10.162,92.0,10.000,9.440,80.9,10.000,10.164,83.9
11.0202,7483,39610,10.000,10.157,92.3,10.000,9.616,79.8,10.000,10.160,84.2
11.0202,7484,39615,10.000,9.991,93.4,10.000,9.450,81.3,10.000,10.359,82.9
11.0202,7485,39620,10.000,9.974,93.1,10.000,9.615,79.9,10.000,10.156,84.7
11.0202,7486,39625,10.000,9.825,94.0,10.000,9.647,80.2,10.000,10.189,83.9
11.0202,7487,39630,10.000,10.002,92.6,10.000,9.643,80.3,10.000,10.365,82.9
11.0202,7488,39635,10.000,9.796,94.3,10.000,9.796,79.3,10.000,10.159,84.6
11.0202,7489,39640,10.000,9.794,93.9,10.000,9.610,80.9,10.000,10.338,82.9
11.0836,7490,39645,10.000,9.989,92.6,10.000,9.986,78.1,10.000,10.352,83.2
11.0836,7491,39650,10.000,9.801,94.3,10.000,9.983,79.0,10.000,10.348,83.2
11.0836,7492,39655,10.000,9.805,93.9,10.000,9.989,79.0,10.000,10.355,83.1
11.0836,7493,39660,10.000,9.648,94.9,10.000,10.014,78.8,10.000,10.197,84.1
11.0836,7494,39665,10.000,9.817,93.5,10.000,10.366,76.6,10.000,10.184,83.8
11.0836,7495,39670,10.000,9.797,94.0,10.000,10.162,78.7,10.000,10.340,82.7
11.0836,7496,39675,10.000,9.976,92.8,10.000,10.160,78.2,10.000,10.339,83.1
11.0836,7497,39680,10.000,9.963,93.4,10.000,10.327,77.1,10.000,10.326,83.1
11.0836,7498,39685,10.000,10.004,93.1,10.000,10.189,78.4,10.000,10.364,82.8
11.0836,7499,39690,10.000,10.187,92.0,10.000,10.374,76.8,10.000,10.367,82.8
11.0836,7500,39695,10.000,9.975,93.8,10.000,10.341,77.4,10.000,10.333,83.0
11.0836,7501,39700,10.000,10.155,92.1,10.000,10.156,78.5,10.000,10.330,82.9
11.0836,7502,39705,10.000,9.980,93.6,10.000,10.341,76.8,10.000,10.335,82.9
11.0836,7503,39710,10.000,10.150,92.1,10.000,10.146,78.5,10.000,10.506,81.7
11.0836,7504,39715,10.000,9.981,93.6,10.000,10.160,77.9,10.000,10.337,83.2
11.0836,7505,39720,10.000,10.188,91.9,10.000,10.366,76.6,10.000,10.364,82.5
11.1457,7506,39725,10.000,10.155,92.5,10.000,9.977,79.6,10.000,10.330,82.8
11.1457,7507,39730,10.000,9.996,93.5,10.000,10.001,78.5,10.000,10.354,82.5
11.1457,7508,39735,10.000,10.155,92.1,10.000,9.983,78.7,10.000,10.335,82.7
11.1457,7509,39740,10.000,9.966,93.7,10.000,9.973,78.7,10.000,10.326,82.6
11.1457,7510,39745,10.000,10.165,91.9,10.000,9.993,78.6,10.000,10.165,83.6
11.1457,7511,39750,10.000,10.002,93.4,10.000,10.013,78.5,10.000,10.372,81.9
11.1457,7512,39755,10.000,10.173,91.9,10.000,10.003,78.6,10.000,10.361,82.4
11.1457,7513,39760,10.000,9.994,93.5,10.000,10.005,78.6,10.000,10.363,82.3
11.2069,7514,39765,10.000,10.170,91.9,10.000,9.997,78.6,10.000,10.356,82.3
11.2069,7515,39770,10.000,9.975,93.6,10.000,9.804,79.9,10.000,10.345,82.3
11.2069,7516,39775,10.000,10.005,92.9,10.000,10.007,78.1,10.000,10.376,82.1
11.2069,7517,39780,10.000,9.998,93.0,10.000,10.000,78.6,10.000,10.186,83.3
11.2069,7518,39785,10.000,9.999,93.0,10.000,9.998,78.6,10.000,10.367,81.7
11.2069,7519,39790,10.000,9.995,93.0,10.000,9.994,78.6,10.000,10.361,82.1
11.2069,7520,39795,10.000,9.999,93.0,10.000,9.999,78.6,10.000,10.365,82.0
11.2069,7521,39800,10.000,10.161,92.0,10.000,9.977,78.7,10.000,10.340,82.2
11.2069,7522,39805,10.000,9.980,93.5,10.000,9.973,78.7,10.000,10.335,82.1
11.2069,7523,39810,10.000,10.158,91.9,10.000,10.154,77.5,10.000,10.334,82.0
11.2069,7524,39815,10.000,9.981,93.5,10.000,9.979,79.1,10.000,10.523,80.8
11.2069,7525,39820,10.000,10.174,91.8,10.000,10.171,77.4,10.000,10.352,82.3
11.2069,7526,39825,10.000,10.000,93.4,10.000,10.178,77.8,10.000,10.361,81.8
11.2069,7527,39830,10.000,10.165,91.9,10.000,10.161,77.9,10.000,10.526,80.7
11.2069,7528,39835,10.000,9.984,93.4,10.000,10.343,76.7,10.000,10.526,81.0
11.2069,7529,39840,10.000,10.175,91.8,10.000,10.172,78.2,10.000,10.539,80.9
11.2710,7530,39845,10.000,10.154,92.3,10.000,10.147,77.9,10.000,10.695,79.8
11.2710,7531,39850,10.000,9.973,93.5,10.000,10.330,76.7,10.000,10.696,80.1
11.2710,7532,39855,10.000,10.191,91.6,10.000,10.189,78.0,10.000,10.741,79.7
11.2710,7533,39860,10.000,10.002,93.3,10.000,10.179,77.7,10.000,10.731,79.8
11.2710,7534,39865,10.000,10.165,91.8,10.000,10.160,77.8,10.000,10.529,81.0
11.2710,7535,39870,10.000,9.995,93.3,10.000,10.178,77.6,10.000,10.544,80.4
11.2710,7536,39875,10.000,10.143,91.9,10.000,10.324,76.7,10.000,10.507,80.6
11.2710,7537,39880,10.000,10.158,92.2,10.000,10.158,78.1,10.000,10.340,81.5
11.3303,7538,39885,10.000,10.172,92.1,10.000,10.173,77.5,10.000,10.355,81.0
11.3303,7539,39890,10.000,10.163,92.2,10.000,10.167,77.6,10.000,10.167,82.2
11.3303,7540,39895,10.000,9.999,93.2,10.000,10.188,77.4,10.000,10.006,82.8
11.3303,7541,39900,10.000,10.179,91.6,10.000,10.004,78.6,10.000,10.005,82.4
11.3303,7542,39905,10.000,9.979,93.3,10.000,9.987,78.3,10.000,9.801,83.8
11.3313,7543,39910,10.000,10.175,91.6,10.000,9.820,79.4,10.000,9.817,83.2
11.3313,7544,39915,10.000,9.994,93.2,10.000,9.999,77.8,10.000,9.996,82.1
11.3313,7545,39920,10.000,10.172,91.6,10.000,9.989,78.3,10.000,9.987,82.6
11.3313,7546,39925,10.000,9.998,93.2,10.000,9.990,78.3,10.000,9.988,82.5
11.3313,7547,39930,10.000,10.000,92.7,10.000,9.994,78.3,10.000,10.174,81.3
11.3313,7548,39935,10.000,9.992,92.8,10.000,9.988,78.3,10.000,9.986,83.0
11.3313,7549,39940,10.000,10.004,92.7,10.000,9.997,78.2,10.000,10.177,81.3
11.3313,7550,39945,10.000,10.161,91.7,10.000,9.972,78.4,10.000,10.156,81.9
11.3313,7551,39950,10.000,9.985,93.2,10.000,10.160,77.1,10.000,10.163,81.7
11.3313,7552,39955,10.000,10.166,91.6,10.000,10.159,77.6,10.000,10.161,81.8
11.3313,7553,39960,10.000,9.978,93.3,10.000,10.335,76.4,10.000,10.155,81.8
11.3843,7554,39965,10.000,10.167,91.6,10.000,10.163,77.9,10.000,9.983,82.9
11.3843,7555,39970,10.000,10.146,92.1,10.000,10.143,77.6,10.000,10.148,81.4
11.3843,7556,39975,10.000,10.168,91.9,10.000,10.175,77.3,10.000,9.997,82.7
11.3843,7557,39980,10.000,10.172,91.9,10.000,10.175,77.4,10.000,9.998,82.4
11.3843,7558,39985,10.000,10.357,90.7,10.000,10.176,77.4,10.000,9.998,82.4
11.3843,7559,39990,10.000,10.153,92.5,10.000,10.155,77.5,10.000,9.973,82.5
11.3843,7560,39995,10.000,10.187,91.7,10.000,10.189,77.2,10.000,10.002,82.3
11.3843,7561,40000,10.000,10.179,91.8,10.000,9.996,78.5,10.000,9.808,83.6
11.4459,7562,40005,10.000,10.165,91.9,10.000,10.164,77.0,10.000,9.976,82.1
11.4459,7563,40010,10.000,10.349,90.6,10.000,9.986,78.5,10.000,9.797,83.7
11.4459,7564,40015,10.000,10.178,92.2,10.000,9.998,78.0,10.000,9.994,82.0
11.4459,7565,40020,10.000,10.188,91.7,10.000,9.824,79.2,10.000,9.820,83.6
11.4459,7566,40025,10.000,10.181,91.7,10.000,9.634,80.0,10.000,9.812,83.2
11.4459,7567,40030,10.000,10.164,91.8,10.000,9.799,78.5,10.000,9.795,83.3
11.4459,7568,40035,10.000,10.165,91.7,10.000,9.617,80.1,10.000,9.796,83.3
11.4459,7569,40040,10.000,10.177,91.6,10.000,9.629,79.7,10.000,9.629,84.4
11.4459,7570,40045,10.000,10.158,91.8,10.000,9.607,79.9,10.000,9.790,83.0
11.4459,7571,40050,10.000,10.353,90.4,10.000,9.622,79.8,10.000,9.805,83.3
11.4459,7572,40055,10.000,10.184,91.9,10.000,9.637,79.7,10.000,9.638,84.5
11.4459,7573,40060,10.000,10.186,91.5,10.000,9.637,79.8,10.000,9.638,84.1
11.4459,7574,40065,10.000,10.181,91.5,10.000,9.811,78.7,10.000,9.447,85.4
11.4459,7575,40070,10.000,10.165,91.6,10.000,9.798,79.3,10.000,9.435,85.1
11.4459,7576,40075,10.000,10.349,90.3,10.000,9.983,78.0,10.000,9.437,85.1
11.4459,7577,40080,10.000,10.181,91.8,10.000,9.816,79.6,10.000,9.270,86.3
11.5060,7578,40085,10.000,10.144,91.7,10.000,9.957,78.3,10.000,9.411,85.0
11.5060,7579,40090,10.000,10.351,90.2,10.000,9.982,78.5,10.000,9.436,85.3
11.5060,7580,40095,10.000,10.172,91.8,10.000,9.986,78.5,10.000,9.260,86.6
11.5060,7581,40100,10.000,10.173,91.4,10.000,9.986,78.5,10.000,9.260,86.2
11.5060,7582,40105,10.000,10.355,90.2,10.000,9.986,78.5,10.000,9.260,86.3
11.5060,7583,40110,10.000,10.149,91.9,10.000,10.139,77.5,10.000,9.414,85.4
11.5060,7584,40115,10.000,10.347,90.1,10.000,9.972,78.9,10.000,9.428,85.7
11.5060,7585,40120,10.000,10.361,90.4,10.000,10.165,77.3,10.000,9.439,85.8
11.5674,7586,40125,10.000,10.173,91.7,10.000,9.975,79.0,10.000,9.430,85.9
11.5674,7587,40130,10.000,10.357,90.0,10.000,10.160,77.3,10.000,9.616,84.7
11.5674,7588,40135,10.000,10.383,90.2,10.000,10.191,77.5,10.000,9.464,86.2
11.5674,7589,40140,10.000,10.177,91.6,10.000,9.986,78.9,10.000,9.442,86.1
11.5674,7590,40145,10.000,10.348,89.9,10.000,9.976,78.5,10.000,9.434,86.1
11.5674,7591,40150,10.000,10.354,90.3,10.000,9.981,78.5,10.000,9.438,86.1
11.5674,7592,40155,10.000,10.173,91.4,10.000,9.982,78.5,10.000,9.257,87.4
11.5674,7593,40160,10.000,10.382,89.6,10.000,9.831,79.4,10.000,9.106,88.0
11.5674,7594,40165,10.000,10.344,90.3,10.000,9.975,78.2,10.000,9.072,88.0
11.5674,7595,40170,10.000,10.333,90.3,10.000,9.965,78.6,10.000,9.064,88.1
11.5674,7596,40175,10.000,10.348,90.1,10.000,9.983,78.4,10.000,9.082,88.0
11.5674,7597,40180,10.000,10.348,90.1,10.000,9.982,78.5,10.000,8.898,89.4
11.5674,7598,40185,10.000,10.176,91.2,10.000,9.810,79.6,10.000,8.906,89.0
11.5674,7599,40190,10.000,10.337,89.7,10.000,10.152,77.0,10.000,9.067,88.1
11.5674,7600,40195,10.000,10.365,89.9,10.000,10.180,77.6,10.000,9.091,88.5
11.5674,7601,40200,10.000,10.334,90.1,10.000,10.153,77.8,10.000,9.065,88.8
11.6313,7602,40205,10.000,10.340,89.9,10.000,10.158,77.7,10.000,9.435,86.4
11.6313,7603,40210,10.000,10.327,90.0,10.000,10.330,76.6,10.000,9.424,87.4
11.6313,7604,40215,10.000,10.347,89.8,10.000,10.173,78.0,10.000,9.626,86.2
11.6313,7605,40220,10.000,10.184,90.9,10.000,10.191,77.5,10.000,9.642,86.6
11.6313,7606,40225,10.000,10.364,89.3,10.000,10.186,77.5,10.000,9.820,85.5
11.6313,7607,40230,10.000,10.176,90.9,10.000,10.181,77.5,10.000,9.816,86.0
11.6313,7608,40235,10.000,10.319,89.5,10.000,10.324,76.6,10.000,9.960,85.1
11.6313,7609,40240,10.000,10.345,89.6,10.000,10.167,77.9,10.000,9.802,86.4
11.6944,7610,40245,10.000,10.163,90.8,10.000,10.166,77.5,10.000,9.984,84.9
11.6944,7611,40250,10.000,10.172,90.3,10.000,10.175,77.4,10.000,10.174,84.1
11.6944,7612,40255,10.000,10.168,90.4,10.000,10.174,77.4,10.000,9.990,85.7
11.6944,7613,40260,10.000,10.173,90.3,10.000,9.814,79.8,10.000,10.175,84.1
11.6944,7614,40265,10.000,9.993,91.5,10.000,9.998,77.7,10.000,9.995,85.7
11.6944,7615,40270,10.000,10.153,90.0,10.000,9.793,79.5,10.000,10.151,84.2
11.6944,7616,40275,10.000,9.978,91.5,10.000,9.986,77.8,10.000,10.163,84.5
11.6944,7617,40280,10.000,9.964,91.2,10.000,9.970,78.3,10.000,10.149,84.6
11.6944,7618,40285,10.000,9.996,90.9,10.000,9.637,80.5,10.000,10.178,84.4
11.6944,7619,40290,10.000,9.817,92.2,10.000,9.824,78.5,10.000,10.367,83.2
11.6944,7620,40295,10.000,9.993,90.6,10.000,9.636,80.2,10.000,10.360,83.7
11.6944,7621,40300,10.000,9.820,92.2,10.000,9.828,78.5,10.000,10.189,84.7
11.6944,7622,40305,10.000,9.982,90.7,10.000,9.806,79.2,10.000,10.350,83.2
11.6944,7623,40310,10.000,9.630,93.4,10.000,9.816,79.1,10.000,10.181,84.7
11.6944,7624,40315,10.000,9.793,91.5,10.000,9.797,79.2,10.000,10.344,83.2
11.6944,7625,40320,10.000,9.630,93.0,10.000,9.814,79.1,10.000,10.366,83.4
11.7578,7626,40325,10.000,9.625,92.7,10.000,9.806,79.2,10.000,10.356,83.5
11.7578,7627,40330,10.000,9.620,92.8,10.000,9.800,79.3,10.000,10.352,83.4
11.7578,7628,40335,10.000,9.608,92.9,10.000,10.154,77.0,10.000,10.342,83.4
11.7578,7629,40340,10.000,9.611,92.9,10.000,9.973,79.0,10.000,10.345,83.4
11.7578,7630,40345,10.000,9.436,94.1,10.000,10.165,77.3,10.000,10.171,84.5
11.7578,7631,40350,10.000,9.437,93.7,10.000,9.981,78.9,10.000,10.353,82.8
11.7578,7632,40355,10.000,9.436,93.8,10.000,9.980,78.5,10.000,10.352,83.2
11.7578,7633,40360,10.000,9.618,92.6,10.000,10.345,76.1,10.000,10.532,82.0
11.8234,7634,40365,10.000,9.448,94.2,10.000,10.175,78.1,10.000,10.362,83.5
11.8234,7635,40370,10.000,9.604,92.9,10.000,10.331,76.6,10.000,10.336,83.2
11.8234,7636,40375,10.000,9.611,93.2,10.000,10.159,78.1,10.000,10.348,83.0
11.8234,7637,40380,10.000,9.626,93.2,10.000,9.994,78.7,10.000,10.544,81.8
11.8234,7638,40385,10.000,9.641,93.2,10.000,9.644,80.6,10.000,10.376,83.3
11.8234,7639,40390,10.000,9.623,93.4,10.000,9.626,79.9,10.000,10.354,83.0
11.8234,7640,40395,10.000,9.801,92.2,10.000,9.437,81.1,10.000,10.531,81.7
11.8234,7641,40400,10.000,9.792,92.7,10.000,9.607,79.7,10.000,10.518,82.2
11.8234,7642,40405,10.000,9.797,92.7,10.000,9.432,81.2,10.000,10.521,82.1
11.8234,7643,40410,10.000,9.789,92.8,10.000,9.243,82.1,10.000,10.334,83.2
11.8234,7644,40415,10.000,9.799,92.7,10.000,9.436,80.5,10.000,10.528,81.5
11.8234,7645,40420,10.000,9.824,92.6,10.000,9.096,83.2,10.000,10.370,82.9
11.8234,7646,40425,10.000,9.810,92.8,10.000,9.263,81.4,10.000,10.352,82.6
11.8234,7647,40430,10.000,9.994,91.6,10.000,9.265,81.9,10.000,10.354,82.5
11.8234,7648,40435,10.000,9.965,92.2,10.000,9.601,79.8,10.000,10.508,81.5
11.8234,7649,40440,10.000,9.976,92.1,10.000,9.794,79.4,10.000,10.519,81.7
11.8789,7650,40445,10.000,9.804,93.2,10.000,9.803,79.8,10.000,10.345,82.8
11.8789,7651,40450,10.000,9.993,91.6,10.000,9.814,79.8,10.000,10.358,82.3
11.8789,7652,40455,10.000,9.815,93.2,10.000,9.817,79.8,10.000,10.183,83.4
11.8789,7653,40460,10.000,9.980,91.7,10.000,9.979,78.8,10.000,10.344,81.9
11.8789,7654,40465,10.000,10.154,91.0,10.000,9.969,79.3,10.000,10.333,82.3
11.8789,7655,40470,10.000,9.977,92.6,10.000,10.160,78.0,10.000,10.525,81.0
11.8789,7656,40475,10.000,10.142,91.1,10.000,10.143,78.6,10.000,10.329,82.7
11.8789,7657,40480,10.000,9.964,92.6,10.000,10.145,78.5,10.000,10.332,82.2
11.9420,7658,40485,10.000,9.985,92.0,10.000,9.983,79.5,10.000,10.351,82.0
11.9420,7659,40490,10.000,9.990,92.1,10.000,9.808,80.3,10.000,10.360,81.9
11.9420,7660,40495,10.000,10.165,90.9,10.000,9.802,79.9,10.000,10.539,80.8
11.9420,7661,40500,10.000,9.962,92.6,10.000,9.777,80.1,10.000,10.510,81.3
11.9420,7662,40505,10.000,10.161,90.9,10.000,9.791,80.0,10.000,10.526,81.1
11.9420,7663,40510,10.000,10.004,92.4,10.000,9.268,83.4,10.000,10.370,82.1
11.9420,7664,40515,10.000,10.014,91.9,10.000,9.280,82.2,10.000,10.199,82.8
11.9420,7665,40520,10.000,9.999,92.0,10.000,9.082,83.6,10.000,10.178,82.5
11.9428,7666,40525,10.000,10.007,91.9,10.000,9.088,83.2,10.000,10.182,82.4
11.9428,7667,40530,10.000,9.990,92.1,10.000,9.072,83.4,10.000,10.163,82.5
11.9428,7668,40535,10.000,9.997,92.0,10.000,9.264,82.2,10.000,9.991,83.5
11.9428,7669,40540,10.000,10.001,92.0,10.000,9.266,82.7,10.000,9.995,83.1
11.9428,7670,40545,10.000,10.001,92.0,10.000,9.448,81.7,10.000,9.810,84.3
11.9428,7671,40550,10.000,9.995,92.0,10.000,9.440,82.2,10.000,9.803,83.9
11.9428,7672,40555,10.000,9.989,92.1,10.000,9.436,82.3,10.000,9.980,82.8
11.9428,7673,40560,10.000,9.987,92.0,10.000,9.985,78.8,10.000,9.979,83.2
12.0055,7674,40565,10.000,9.965,92.2,10.000,9.960,80.2,10.000,10.137,82.2
12.0055,7675,40570,10.000,9.988,92.0,10.000,10.165,78.8,10.000,9.981,83.6
12.0055,7676,40575,10.000,9.975,92.1,10.000,10.154,79.4,10.000,10.150,82.1
12.0055,7677,40580,10.000,10.183,90.7,10.000,10.364,78.0,10.000,9.997,83.5
12.0055,7678,40585,15.000,9.945,113.4,15.000,10.290,99.5,15.000,9.936,104.1
12.0055,7679,40590,15.000,10.165,111.9,15.000,10.515,98.4,15.000,9.786,105.5
12.0055,7680,40595,15.000,9.999,114.1,15.000,10.349,100.5,15.000,9.989,104.4
12.0055,7681,40600,15.000,10.356,111.9,15.000,10.352,100.7,15.000,9.815,106.6
12.0066,7682,40605,15.000,10.361,113.3,15.000,10.537,100.0,15.000,9.818,106.8
12.0066,7683,40610,15.000,10.537,112.7,15.000,10.531,101.0,15.000,9.812,107.4
12.0066,7684,40615,15.000,10.553,113.5,15.000,10.368,102.5,15.000,9.832,107.9
12.0066,7685,40620,15.000,10.728,112.9,15.000,10.542,101.6,15.000,10.005,107.4
12.0066,7686,40625,15.000,10.931,112.5,15.000,10.562,102.4,15.000,10.025,108.3
12.0066,7687,40630,15.000,10.918,113.6,15.000,10.367,104.2,15.000,10.196,107.8
12.0066,7688,40635,15.000,11.128,112.6,15.000,10.588,102.8,15.000,10.410,107.3
12.0066,7689,40640,15.000,11.265,112.7,15.000,10.538,104.2,15.000,10.550,107.5
12.0667,7690,40645,15.000,11.433,112.4,15.000,10.703,103.5,15.000,10.712,107.3
12.0667,7691,40650,15.000,11.276,114.2,15.000,10.726,104.2,15.000,10.912,106.8
12.0667,7692,40655,15.000,11.448,113.1,15.000,10.719,104.8,15.000,10.905,107.8
12.0667,7693,40660,15.000,11.449,113.9,15.000,10.719,105.3,15.000,11.087,107.1
12.0667,7694,40665,15.000,11.621,113.2,15.000,10.891,104.7,15.000,11.077,108.0
12.0667,7695,40670,15.000,11.798,112.9,15.000,10.703,106.8,15.000,11.072,108.5
12.0667,7696,40675,15.000,11.434,116.0,15.000,10.886,105.6,15.000,11.073,108.9
12.0667,7697,40680,15.000,11.595,114.5,15.000,11.227,104.3,15.000,11.054,109.5
12.1288,7698,40685,15.000,11.811,113.9,15.000,11.079,106.5,15.000,11.083,109.7
12.1288,7699,40690,15.000,11.621,116.0,15.000,11.255,105.5,15.000,11.260,109.1
12.1288,7700,40695,15.000,11.804,114.8,15.000,11.441,105.1,15.000,11.080,111.1
12.1288,7701,40700,15.000,11.981,114.4,15.000,11.617,104.8,15.000,11.075,111.2
12.1288,7702,40705,15.000,11.975,115.2,15.000,11.610,105.7,15.000,11.248,110.5
12.1288,7703,40710,15.000,11.982,115.5,15.000,11.801,104.8,15.000,11.256,111.3
12.1288,7704,40715,15.000,11.995,115.8,15.000,11.812,105.6,15.000,11.267,111.7
12.1288,7705,40720,15.000,11.987,116.2,15.000,12.170,103.6,15.000,11.442,111.0
12.1288,7706,40725,15.000,12.343,114.2,15.000,12.159,104.9,15.000,11.433,111.9
12.1288,7707,40730,15.000,12.351,115.3,15.000,12.169,105.1,15.000,11.621,111.0
12.1288,7708,40735,15.000,12.160,116.9,15.000,12.347,104.3,15.000,11.802,110.7
12.1288,7709,40740,15.000,12.369,115.4,15.000,12.373,104.9,15.000,11.641,112.6
12.1288,7710,40745,15.000,12.343,116.4,15.000,11.987,107.8,15.000,11.797,111.5
12.1288,7711,40750,15.000,12.339,116.7,15.000,11.802,108.4,15.000,11.972,111.1
12.1288,7712,40755,15.000,12.184,118.0,15.000,12.012,106.9,15.000,12.003,111.7
12.1288,7713,40760,15.000,12.352,116.8,15.000,11.999,107.9,15.000,11.992,112.2
12.1907,7714,40765,15.000,12.328,117.7,15.000,12.329,106.0,15.000,12.143,111.5
12.1907,7715,40770,15.000,12.162,119.0,15.000,12.351,107.0,15.000,12.165,112.1
12.1907,7716,40775,15.000,12.152,119.0,15.000,12.343,107.4,15.000,12.337,111.3
12.1907,7717,40780,15.000,12.162,119.3,15.000,12.353,107.6,15.000,12.348,112.0
12.1907,7718,40785,15.000,12.360,118.3,15.000,12.368,107.9,15.000,12.363,112.2
12.1907,7719,40790,15.000,12.319,119.4,15.000,12.328,108.5,15.000,12.506,111.6
12.1907,7720,40795,15.000,12.327,119.5,15.000,12.693,106.3,15.000,12.514,112.2
12.1907,7721,40800,15.000,12.360,119.6,15.000,12.723,107.2,15.000,12.549,112.3
12.2514,7722,40805,15.000,12.341,120.1,15.000,12.700,107.7,15.000,12.525,112.8
12.2514,7723,40810,15.000,12.325,120.5,15.000,12.683,108.0,15.000,12.689,112.0
12.2514,7724,40815,15.000,12.524,119.5,15.000,12.711,108.1,15.000,12.714,112.5
12.2514,7725,40820,15.000,12.690,119.2,15.000,12.687,108.6,15.000,12.691,112.9
12.2514,7726,40825,15.000,12.736,119.5,15.000,12.735,108.5,15.000,12.740,112.8
12.2514,7727,40830,15.000,12.544,121.1,15.000,12.541,110.1,15.000,12.725,113.3
12.2514,7728,40835,15.000,12.495,121.3,15.000,12.669,109.1,15.000,12.852,112.7
12.2514,7729,40840,15.000,12.554,121.1,15.000,12.728,109.3,15.000,12.912,112.9
12.2514,7730,40845,15.000,12.540,121.6,15.000,12.713,109.8,15.000,12.896,113.3
12.2514,7731,40850,15.000,12.512,122.0,15.000,13.051,107.8,15.000,12.868,113.7
12.2514,7732,40855,15.000,12.717,120.9,15.000,12.893,109.9,15.000,12.896,113.7
12.2514,7733,40860,15.000,12.719,121.6,15.000,12.894,109.7,15.000,13.076,112.9
12.2514,7734,40865,15.000,12.564,122.9,15.000,12.738,111.0,15.000,13.101,113.3
12.2514,7735,40870,15.000,12.728,121.8,15.000,12.723,111.0,15.000,13.086,113.7
12.2514,7736,40875,15.000,12.711,122.5,15.000,12.705,111.3,15.000,13.068,114.0
12.2514,7737,40880,15.000,12.892,121.6,15.000,13.064,109.2,15.000,13.248,113.0
12.2972,7738,40885,15.000,12.920,122.1,15.000,12.552,113.6,15.000,13.098,114.6
12.2972,7739,40890,15.000,12.872,122.7,15.000,12.502,113.0,15.000,13.049,114.8
12.2972,7740,40895,15.000,12.903,122.6,15.000,12.722,111.7,15.000,13.269,113.5
12.2972,7741,40900,15.000,13.097,121.7,15.000,12.552,113.6,15.000,13.279,114.2
12.2972,7742,40905,15.000,13.049,122.7,15.000,12.867,111.4,15.000,13.230,114.7
12.2972,7743,40910,15.000,13.081,122.6,15.000,12.899,112.2,15.000,13.267,114.5
12.2972,7744,40915,15.000,13.049,123.1,15.000,12.866,112.8,15.000,13.231,115.1
12.2972,7745,40920,15.000,13.090,122.9,15.000,12.903,112.7,15.000,13.271,114.9
12.3616,7746,40925,15.000,13.055,123.5,15.000,12.686,114.4,15.000,13.410,114.3
12.3616,7747,40930,15.000,13.090,123.4,15.000,12.360,116.3,15.000,13.269,115.7
12.3616,7748,40935,15.000,12.896,125.0,15.000,12.351,115.9,15.000,13.436,114.5
12.3616,7749,40940,15.000,12.920,124.6,15.000,12.192,117.2,15.000,13.460,114.9
12.3616,7750,40945,15.000,13.061,124.0,15.000,11.969,118.6,15.000,13.417,115.5
12.3616,7751,40950,15.000,12.909,125.5,15.000,11.999,118.2,15.000,13.446,115.3
12.3616,7752,40955,15.000,12.932,125.2,15.000,11.843,119.6,15.000,13.469,115.4
12.3616,7753,40960,15.000,12.884,125.8,15.000,11.972,118.8,15.000,13.414,116.0
12.3616,7754,40965,15.000,13.084,124.7,15.000,11.805,120.5,15.000,13.430,116.0
12.3616,7755,40970,15.000,12.692,127.9,15.000,11.958,119.5,15.000,13.582,115.2
12.3616,7756,40975,15.000,12.726,127.0,15.000,12.176,118.8,15.000,13.444,116.6
12.3616,7757,40980,15.000,12.698,127.6,15.000,12.510,117.5,15.000,13.590,115.5
12.3616,7758,40985,15.000,13.071,125.3,15.000,13.059,115.0,15.000,13.424,117.1
12.3616,7759,40990,15.000,13.064,126.5,15.000,13.239,115.4,15.000,13.604,115.7
12.3616,7760,40995,15.000,12.917,127.7,15.000,13.452,114.6,15.000,13.454,117.3
12.3616,7761,41000,15.000,13.053,126.6,15.000,13.408,115.6,15.000,13.590,116.2
12.4294,7762,41005,15.000,13.066,127.1,15.000,13.230,116.8,15.000,13.779,115.5
12.4294,7763,41010,15.000,12.921,128.3,15.000,13.098,117.5,15.000,13.646,117.0
12.4294,7764,41015,15.000,12.885,128.4,15.000,13.251,116.4,15.000,13.797,115.8
12.4294,7765,41020,15.000,13.082,127.3,15.000,13.088,118.0,15.000,13.631,117.4
12.4294,7766,41025,15.000,13.063,128.1,15.000,13.248,116.8,15.000,13.791,116.1
12.4294,7767,41030,15.000,13.087,128.2,15.000,13.090,118.4,15.000,13.819,116.5
12.4294,7768,41035,15.000,12.717,130.8,15.000,12.903,119.5,15.000,13.812,116.7
12.4294,7769,41040,15.000,12.712,130.2,15.000,13.078,118.1,15.000,13.803,116.9
12.4891,7770,41045,15.000,12.711,130.5,15.000,12.892,120.0,15.000,13.800,117.0
12.4891,7771,41050,15.000,12.548,131.8,15.000,12.546,122.0,15.000,13.823,117.0
12.4891,7772,41055,15.000,12.343,133.1,15.000,12.351,122.7,15.000,13.802,117.3
12.4891,7773,41060,15.000,12.502,131.8,15.000,12.321,122.8,15.000,13.773,117.6
12.4891,7774,41065,15.000,12.356,133.5,15.000,12.353,122.8,15.000,13.807,117.4
12.4891,7775,41070,15.000,12.351,133.4,15.000,12.348,123.2,15.000,13.986,116.5
12.4891,7776,41075,15.000,12.355,133.7,15.000,12.171,124.7,15.000,13.808,118.2
12.4891,7777,41080,15.000,12.527,132.9,15.000,12.343,123.4,15.000,13.800,118.0
12.4891,7778,41085,15.000,12.721,132.3,15.000,12.353,124.1,15.000,13.989,116.9
12.4906,7779,41090,15.000,12.903,131.9,15.000,12.356,124.4,15.000,13.810,118.6
12.4906,7780,41095,15.000,12.888,132.6,15.000,12.524,123.6,15.000,13.977,117.2
12.4906,7781,41100,15.000,13.063,131.7,15.000,12.882,122.0,15.000,13.786,119.0
12.4906,7782,41105,15.000,13.425,130.0,15.000,13.422,119.5,15.000,13.787,118.6
12.4906,7783,41110,15.000,13.474,130.7,15.000,13.658,119.5,15.000,13.836,118.5
12.4906,7784,41115,15.000,13.631,130.0,15.000,13.816,119.2,15.000,13.812,118.9
12.4906,7785,41120,15.000,13.810,129.4,15.000,13.994,118.5,15.000,13.625,120.2
12.5520,7786,41125,15.000,13.810,129.9,15.000,14.171,117.9,15.000,13.805,118.7
12.5520,7787,41130,15.000,13.786,130.2,15.000,13.970,119.8,15.000,13.599,120.6
12.5520,7788,41135,15.000,13.786,130.3,15.000,14.157,118.2,15.000,13.607,120.2
12.5520,7789,41140,15.000,13.795,130.4,15.000,14.164,118.7,15.000,13.613,120.4
12.5520,7790,41145,15.000,13.802,130.5,15.000,14.172,118.7,15.000,13.622,120.5
12.5520,7791,41150,15.000,13.790,130.7,15.000,14.339,117.8,15.000,13.608,120.8
12.5520,7792,41155,15.000,13.648,131.8,15.000,14.386,117.9,15.000,13.655,120.6
12.5520,7793,41160,15.000,13.614,131.8,15.000,14.346,118.4,15.000,13.620,121.1
12.6097,7794,41165,15.000,13.622,131.8,15.000,14.351,118.3,15.000,13.625,121.1
12.6097,7795,41170,15.000,13.633,131.9,15.000,14.361,118.3,15.000,13.633,121.2
12.6097,7796,41175,15.000,13.793,131.1,15.000,14.347,118.5,15.000,13.620,121.5
12.6097,7797,41180,15.000,13.627,132.7,15.000,14.359,118.5,15.000,13.631,121.6
12.6097,7798,41185,15.000,13.641,132.4,15.000,14.374,118.5,15.000,13.646,121.6
12.6097,7799,41190,15.000,13.439,133.9,15.000,14.351,118.8,15.000,13.626,122.0
12.6097,7800,41195,15.000,13.429,133.6,15.000,14.338,118.9,15.000,13.614,122.2
12.6097,7801,41200,15.000,13.266,134.8,15.000,14.362,118.8,15.000,13.634,122.2
12.6097,7802,41205,15.000,13.411,133.7,15.000,14.317,119.2,15.000,13.588,122.7
12.6097,7803,41210,15.000,13.424,134.1,15.000,14.333,119.0,15.000,13.603,122.6
12.6097,7804,41215,15.000,13.435,134.3,15.000,14.347,119.1,15.000,13.618,122.7
12.6097,7805,41220,15.000,13.234,135.8,15.000,14.147,120.5,15.000,13.781,121.8
12.6097,7806,41225,15.000,13.273,135.3,15.000,13.999,121.1,15.000,13.633,123.3
12.6097,7807,41230,15.000,13.267,135.6,15.000,14.174,119.7,15.000,13.810,122.0
12.6097,7808,41235,15.000,13.419,134.8,15.000,13.962,121.6,15.000,13.773,122.8
12.6097,7809,41240,15.000,13.618,134.0,15.000,13.982,121.1,15.000,13.793,122.7
12.6607,7810,41245,15.000,13.449,135.8,15.000,13.812,122.3,15.000,13.803,122.8
12.6607,7811,41250,15.000,13.644,134.3,15.000,13.824,122.0,15.000,13.814,122.9
12.6607,7812,41255,15.000,13.633,135.0,15.000,13.817,122.2,15.000,13.808,123.1
12.6607,7813,41260,15.000,13.789,134.1,15.000,13.788,122.5,15.000,13.961,122.3
12.6607,7814,41265,15.000,13.806,134.5,15.000,13.621,123.7,15.000,13.794,123.8
12.6607,7815,41270,15.000,13.798,134.7,15.000,13.791,122.3,15.000,13.784,123.6
12.6607,7816,41275,15.000,13.807,134.8,15.000,13.799,122.8,15.000,13.976,122.5
12.6607,7817,41280,15.000,13.822,134.9,15.000,13.816,122.8,15.000,13.992,123.0
12.7206,7818,41285,15.000,13.470,137.3,15.000,14.004,121.8,15.000,14.001,123.1
12.7206,7819,41290,15.000,13.435,136.9,15.000,13.969,122.6,15.000,13.969,123.4
12.7206,7820,41295,15.000,13.827,134.4,15.000,14.186,121.2,15.000,14.007,123.2
12.7206,7821,41300,15.000,13.788,135.7,15.000,14.144,122.1,15.000,14.150,122.5
12.7206,7822,41305,15.000,13.815,135.6,15.000,14.171,121.9,15.000,14.177,122.7
12.7206,7823,41310,15.000,13.811,135.8,15.000,14.168,122.1,15.000,14.173,122.9
12.7206,7824,41315,15.000,13.780,136.2,15.000,14.320,121.2,15.000,14.325,122.0
12.7206,7825,41320,15.000,13.991,134.9,15.000,14.353,121.4,15.000,14.355,122.3
12.7206,7826,41325,15.000,13.991,135.5,15.000,14.534,120.4,15.000,14.170,123.6
12.7206,7827,41330,15.000,14.150,134.6,15.000,14.511,121.0,15.000,14.149,123.4
12.7206,7828,41335,15.000,14.347,133.8,15.000,14.533,120.9,15.000,14.173,123.3
12.7206,7829,41340,15.000,14.357,134.2,15.000,14.544,120.9,15.000,14.360,122.2
12.7206,7830,41345,15.000,14.345,134.4,15.000,14.528,121.1,15.000,14.344,122.9
12.7206,7831,41350,15.000,13.976,136.9,15.000,14.693,120.1,15.000,14.331,123.0
12.7206,7832,41355,15.000,13.999,136.0,15.000,14.716,120.3,15.000,14.168,124.1
12.7206,7833,41360,15.000,13.803,137.4,15.000,14.520,121.7,15.000,14.326,122.8
12.7826,7834,41365,15.000,13.830,136.9,15.000,14.540,121.2,15.000,14.162,124.3
12.7826,7835,41370,15.000,13.834,137.1,15.000,14.549,121.2,15.000,14.176,123.9
12.7826,7836,41375,15.000,13.795,137.5,15.000,14.515,121.5,15.000,14.322,123.1
12.7826,7837,41380,15.000,13.798,137.5,15.000,14.515,121.5,15.000,14.323,123.5
12.7826,7838,41385,15.000,13.965,136.5,15.000,14.498,121.6,15.000,14.305,123.7
12.7826,7839,41390,15.000,14.004,136.8,15.000,14.537,121.4,15.000,14.345,123.5
12.7826,7840,41395,15.000,13.991,137.1,15.000,14.703,120.5,15.000,14.329,123.8
12.7826,7841,41400,15.000,14.380,134.7,15.000,14.562,121.8,15.000,14.366,123.6
12.8449,7842,41405,15.000,14.352,135.8,15.000,14.531,121.7,15.000,14.520,122.7
12.8449,7843,41410,15.000,14.539,134.6,15.000,14.718,120.5,15.000,14.354,124.2
12.8449,7844,41415,15.000,14.550,135.1,15.000,14.553,122.0,15.000,14.558,122.6
12.8449,7845,41420,15.000,14.524,135.3,15.000,14.522,121.9,15.000,14.526,123.3
12.8449,7846,41425,15.000,14.491,135.5,15.000,14.660,121.0,15.000,14.662,122.4
12.8449,7847,41430,15.000,14.547,135.1,15.000,14.533,122.2,15.000,14.537,123.6
12.8449,7848,41435,15.000,14.569,135.2,15.000,14.554,121.8,15.000,14.558,123.2
12.8449,7849,41440,15.000,14.526,135.6,15.000,14.689,121.0,15.000,14.514,123.6
12.8449,7850,41445,15.000,14.514,135.6,15.000,14.496,122.6,15.000,14.501,123.6
12.8449,7851,41450,15.000,14.523,135.6,15.000,14.505,122.2,15.000,14.510,123.6
12.8449,7852,41455,15.000,14.344,136.8,15.000,14.512,122.2,15.000,14.518,123.6
12.8449,7853,41460,15.000,14.377,136.2,15.000,14.362,123.3,15.000,14.550,123.5
12.8449,7854,41465,15.000,14.302,136.9,15.000,14.644,121.1,15.000,14.647,123.0
12.8449,7855,41470,15.000,14.166,137.7,15.000,14.510,122.7,15.000,14.512,124.1
12.8449,7856,41475,15.000,14.209,137.1,15.000,14.560,122.1,15.000,14.383,124.7
12.8449,7857,41480,15.000,14.146,137.7,15.000,14.682,121.5,15.000,14.324,124.9
12.9080,7858,41485,15.000,14.159,137.6,15.000,14.692,121.8,15.000,14.335,124.7
12.9080,7859,41490,15.000,14.167,137.7,15.000,14.520,123.0,15.000,14.162,125.9
12.9080,7860,41495,15.000,14.164,137.8,15.000,14.523,122.6,15.000,14.166,125.6
12.9080,7861,41500,15.000,14.170,137.9,15.000,14.528,122.6,15.000,13.986,126.9
12.9080,7862,41505,15.000,14.338,136.9,15.000,14.693,121.6,15.000,13.970,126.7
12.9080,7863,41510,15.000,14.319,137.5,15.000,14.856,121.0,15.000,13.770,128.0
12.9080,7864,41515,15.000,14.207,138.3,15.000,14.755,122.0,15.000,13.670,128.4
12.9080,7865,41520,15.000,14.342,137.2,15.000,14.888,120.9,15.000,13.804,127.4
12.9682,7866,41525,15.000,14.511,136.5,15.000,14.694,122.5,15.000,13.790,128.0
12.9682,7867,41530,15.000,14.549,136.7,15.000,14.735,121.8,15.000,14.011,126.6
12.9682,7868,41535,15.000,14.488,137.3,15.000,14.855,121.2,15.000,13.952,127.6
12.9682,7869,41540,15.000,14.539,136.8,15.000,14.906,121.2,15.000,14.183,126.1
12.9682,7870,41545,15.000,14.551,136.9,15.000,14.915,121.2,15.000,14.193,126.7
12.9682,7871,41550,15.000,14.486,137.4,15.000,14.850,121.7,15.000,14.311,126.1
12.9682,7872,41555,15.000,14.531,137.0,15.000,14.715,122.4,15.000,14.170,127.3
12.9682,7873,41560,15.000,14.539,137.2,15.000,14.723,122.1,15.000,14.357,125.9
12.9682,7874,41565,15.000,14.863,135.1,15.000,14.858,121.3,15.000,14.314,126.7
12.9682,7875,41570,15.000,14.908,135.6,15.000,14.905,121.3,15.000,14.361,126.3
12.9682,7876,41575,15.000,14.705,137.1,15.000,14.887,121.5,15.000,14.343,126.7
12.9682,7877,41580,15.000,14.708,136.6,15.000,14.886,121.5,15.000,14.158,127.9
12.9682,7878,41585,15.000,14.747,136.4,15.000,14.747,122.4,15.000,14.196,127.3
12.9682,7879,41590,15.000,14.690,136.9,15.000,14.689,122.5,15.000,14.139,127.8
12.9682,7880,41595,15.000,14.702,136.7,15.000,14.702,122.3,15.000,14.151,127.7
12.9682,7881,41600,15.000,14.566,137.6,15.000,14.929,120.9,15.000,14.198,127.6
13.0159,7882,41605,15.000,14.161,140.0,15.000,14.879,121.8,15.000,14.334,126.9
13.0159,7883,41610,15.000,14.180,139.0,15.000,14.903,121.5,15.000,14.360,127.1
13.0159,7884,41615,15.000,13.829,141.4,15.000,14.738,122.7,15.000,14.369,127.2
13.0159,7885,41620,15.000,13.772,141.1,15.000,14.855,121.5,15.000,14.132,128.8
13.0159,7886,41625,15.000,13.831,140.7,15.000,14.916,121.4,15.000,14.192,128.0
13.0159,7887,41630,15.000,13.819,141.1,15.000,14.904,121.7,15.000,14.366,127.1
13.0159,7888,41635,15.000,13.618,142.5,15.000,14.883,121.8,15.000,14.344,127.7
13.0159,7889,41640,15.000,13.449,143.3,15.000,14.895,121.7,15.000,14.357,127.6
13.0777,7890,41645,15.000,13.255,144.3,15.000,14.880,121.8,15.000,14.342,127.8
13.0777,7891,41650,15.000,13.439,142.8,15.000,14.703,122.9,15.000,14.346,127.9
13.0777,7892,41655,15.000,13.814,141.0,15.000,14.905,121.2,15.000,14.364,127.8
13.0777,7893,41660,15.000,13.799,142.1,15.000,14.886,121.9,15.000,14.347,128.0
13.0777,7894,41665,15.000,14.143,140.0,15.000,14.867,122.0,15.000,14.330,128.2
13.0777,7895,41670,15.000,14.178,140.7,15.000,14.728,122.8,15.000,14.362,128.0
13.0777,7896,41675,15.000,14.169,140.9,15.000,14.716,122.6,15.000,14.350,128.2
13.0777,7897,41680,15.000,14.146,141.2,15.000,14.693,122.8,15.000,14.326,128.4
13.1416,7898,41685,15.000,14.519,138.8,15.000,14.882,121.5,15.000,14.334,128.4
13.1416,7899,41690,15.000,14.723,138.4,15.000,14.907,121.8,15.000,14.360,128.3
13.1416,7900,41695,15.000,14.878,137.9,15.000,14.885,122.0,15.000,14.337,128.6
13.1416,7901,41700,15.000,14.904,138.1,15.000,14.907,121.8,15.000,14.359,128.5
13.1416,7902,41705,15.000,15.062,137.2,15.000,14.704,123.2,15.000,14.339,128.8
13.1416,7903,41710,15.000,15.042,137.7,15.000,14.861,121.7,15.000,14.496,127.8
13.1416,7904,41715,15.000,14.922,138.4,15.000,14.919,121.8,15.000,14.555,127.8
13.1416,7905,41720,15.000,14.877,138.4,15.000,14.873,122.2,15.000,14.692,127.1
13.1416,7906,41725,15.000,14.886,138.3,15.000,14.881,122.1,15.000,14.700,127.4
13.1416,7907,41730,15.000,14.894,138.2,15.000,14.710,123.2,15.000,14.710,127.4
13.1416,7908,41735,15.000,14.899,138.2,15.000,14.537,124.0,15.000,14.719,127.4
13.1416,7909,41740,15.000,14.886,138.3,15.000,14.703,122.5,15.000,14.702,127.6
13.1416,7910,41745,15.000,14.737,139.3,15.000,14.737,122.7,15.000,14.737,127.3
13.1416,7911,41750,15.000,14.348,141.5,15.000,14.714,123.0,15.000,14.895,126.4
13.1416,7912,41755,15.000,14.162,141.9,15.000,14.706,123.0,15.000,14.886,126.9
13.1416,7913,41760,15.000,14.200,141.3,15.000,14.566,123.9,15.000,14.747,127.8
13.2067,7914,41765,15.000,14.329,140.6,15.000,14.513,124.0,15.000,14.694,127.8
13.2067,7915,41770,15.000,14.372,140.7,15.000,14.375,124.8,15.000,14.739,127.4
13.2067,7916,41775,15.000,14.324,141.2,15.000,13.971,127.2,15.000,14.870,126.7
13.2067,7917,41780,15.000,14.354,141.0,15.000,13.998,126.2,15.000,14.899,126.9
13.2067,7918,41785,15.000,14.331,141.3,15.000,13.973,126.5,15.000,14.874,127.1
13.2067,7919,41790,15.000,14.314,141.4,15.000,13.777,127.9,15.000,14.861,127.1
13.2067,7920,41795,15.000,14.498,140.2,15.000,13.778,127.5,15.000,14.862,127.1
13.2067,7921,41800,15.000,14.888,138.2,15.000,13.805,127.5,15.000,14.707,128.2
13.2067,7922,41805,15.000,15.052,138.1,15.000,13.787,127.8,15.000,14.867,126.8
13.2067,7923,41810,15.000,15.072,138.3,15.000,13.807,127.8,15.000,14.886,127.0
13.2067,7924,41815,15.000,14.897,139.5,15.000,13.818,127.9,15.000,14.898,127.0
13.2067,7925,41820,15.000,15.050,138.1,15.000,14.154,125.9,15.000,14.870,127.2
13.2067,7926,41825,15.000,15.100,138.1,15.000,14.559,124.1,15.000,14.741,128.0
13.2067,7927,41830,15.000,15.056,138.5,15.000,14.699,124.2,15.000,14.876,126.9
13.2067,7928,41835,15.000,14.914,139.4,15.000,14.739,124.3,15.000,14.917,127.0
13.2067,7929,41840,15.000,14.910,139.0,15.000,14.554,125.7,15.000,14.910,127.1
13.2634,7930,41845,15.000,14.871,139.3,15.000,14.508,125.6,15.000,15.043,126.2
13.2634,7931,41850,15.000,14.872,139.2,15.000,14.515,125.5,15.000,15.048,126.5
13.2634,7932,41855,15.000,14.742,140.1,15.000,14.383,126.4,15.000,14.923,127.3
13.2634,7933,41860,15.000,14.685,140.2,15.000,14.326,126.5,15.000,14.866,127.4
13.2634,7934,41865,15.000,14.691,140.0,15.000,14.328,126.5,15.000,15.048,126.1
13.2634,7935,41870,15.000,14.724,139.9,15.000,14.178,127.5,15.000,15.079,126.3
13.2634,7936,41875,15.000,14.685,140.2,15.000,14.137,127.5,15.000,15.038,126.7
13.2634,7937,41880,15.000,14.699,140.1,15.000,14.152,127.4,15.000,14.873,127.6
13.3115,7938,41885,15.000,14.696,140.2,15.000,14.145,127.6,15.000,15.050,126.1
13.3115,7939,41890,15.000,14.874,139.0,15.000,14.506,125.3,15.000,15.050,126.5
13.3115,7940,41895,15.000,14.935,139.1,15.000,14.575,125.8,15.000,14.943,127.2
13.3115,7941,41900,15.000,14.900,139.5,15.000,14.535,126.3,15.000,14.903,127.2
13.3115,7942,41905,15.000,14.865,139.6,15.000,14.681,125.3,15.000,15.043,126.2
13.3115,7943,41910,15.000,14.884,139.4,15.000,14.880,124.4,15.000,15.061,126.4
13.3115,7944,41915,15.000,14.914,139.3,15.000,14.912,124.7,15.000,14.914,127.4
13.3115,7945,41920,15.000,14.718,140.6,15.000,14.899,124.8,15.000,14.900,127.2
13.3596,7946,41925,15.000,14.896,139.0,15.000,14.897,124.8,15.000,15.075,126.0
13.3596,7947,41930,15.000,14.911,139.4,15.000,15.095,123.6,15.000,15.091,126.3
13.3596,7948,41935,15.000,14.881,139.6,15.000,15.071,124.2,15.000,14.884,127.7
13.3596,7949,41940,15.000,14.712,140.7,15.000,14.896,125.2,15.000,15.069,126.0
13.3596,7950,41945,15.000,14.894,139.1,15.000,14.894,124.9,15.000,15.068,126.5
13.3596,7951,41950,15.000,14.884,139.6,15.000,15.064,123.8,15.000,15.058,126.5
13.3596,7952,41955,15.000,14.907,139.5,15.000,15.087,124.0,15.000,14.903,127.5
13.3596,7953,41960,15.000,15.081,138.4,15.000,14.902,125.3,15.000,15.078,126.0
13.3596,7954,41965,15.000,15.033,139.1,15.000,15.027,124.0,15.000,15.026,126.7
13.3596,7955,41970,15.000,15.055,138.9,15.000,14.866,125.4,15.000,15.048,126.5
13.3596,7956,41975,15.000,14.918,139.8,15.000,14.912,124.7,15.000,14.918,127.4
13.3596,7957,41980,15.000,15.047,138.6,15.000,14.858,125.2,15.000,14.869,127.4
13.3596,7958,41985,15.000,15.065,138.8,15.000,14.871,125.0,15.000,15.063,126.0
13.3596,7959,41990,15.000,15.083,138.7,15.000,14.895,124.8,15.000,14.905,127.5
13.3596,7960,41995,15.000,15.039,139.1,15.000,15.031,124.0,15.000,14.863,127.4
13.3596,7961,42000,15.000,15.087,138.6,15.000,14.900,125.2,15.000,14.910,127.0
13.4227,7962,42005,15.000,14.882,140.1,15.000,14.337,128.6,15.000,14.881,127.3
13.4227,7963,42010,15.000,14.716,140.7,15.000,14.534,126.0,15.000,14.717,128.3
13.4227,7964,42015,15.000,14.739,140.2,15.000,14.383,127.5,15.000,14.743,127.8
13.4227,7965,42020,15.000,14.720,140.4,15.000,14.548,126.2,15.000,14.725,128.0
13.4227,7966,42025,15.000,14.701,140.5,15.000,14.711,125.5,15.000,14.704,128.1
13.4227,7967,42030,15.000,14.569,141.3,15.000,14.396,128.0,15.000,14.749,127.8
13.4227,7968,42035,15.000,14.712,140.1,15.000,14.363,127.5,15.000,14.534,129.4
13.4227,7969,42040,15.000,14.717,140.5,15.000,14.550,126.3,15.000,14.539,128.9
13.4872,7970,42045,15.000,14.709,140.6,15.000,14.360,128.1,15.000,14.527,129.0
13.4872,7971,42050,15.000,14.689,140.7,15.000,14.525,126.6,15.000,14.511,129.2
13.4872,7972,42055,15.000,14.879,139.5,15.000,15.074,123.5,15.000,14.526,129.1
13.4872,7973,42060,15.000,15.070,138.7,15.000,14.717,127.1,15.000,14.534,129.1
13.4872,7974,42065,15.000,15.045,139.3,15.000,14.689,126.5,15.000,14.506,129.4
13.4872,7975,42070,15.000,14.892,140.2,15.000,14.349,128.7,15.000,14.538,129.1
13.4872,7976,42075,15.000,15.060,138.8,15.000,13.973,130.4,15.000,14.525,129.4
13.4872,7977,42080,15.000,15.039,139.3,15.000,13.775,130.9,15.000,14.502,129.5
13.4872,7978,42085,15.000,15.101,138.9,15.000,13.828,130.2,15.000,14.558,129.2
13.4872,7979,42090,15.000,15.068,139.2,15.000,13.431,133.0,15.000,14.525,129.6
13.4872,7980,42095,15.000,14.892,140.3,15.000,13.439,132.2,15.000,14.531,129.5
13.4872,7981,42100,15.000,15.087,138.6,15.000,13.080,134.8,15.000,14.542,129.5
13.4872,7982,42105,15.000,15.095,139.0,15.000,13.087,134.1,15.000,14.549,129.5
13.4872,7983,42110,15.000,15.075,139.1,15.000,13.252,133.2,15.000,14.530,129.7
13.4872,7984,42115,15.000,15.106,138.9,15.000,13.284,133.6,15.000,14.563,129.5
13.4872,7985,42120,15.000,15.241,138.1,15.000,13.424,133.0,15.000,14.509,130.0
13.5491,7986,42125,15.000,15.233,138.4,15.000,13.594,132.4,15.000,14.679,128.8
13.5491,7987,42130,15.000,15.280,138.1,15.000,13.818,131.5,15.000,14.732,128.9
13.5491,7988,42135,15.000,15.260,138.3,15.000,13.804,132.3,15.000,14.715,129.2
13.5491,7989,42140,15.000,15.274,138.1,15.000,13.996,131.1,15.000,14.726,129.1
13.5491,7990,42145,15.000,15.270,138.1,15.000,13.993,131.7,15.000,14.725,129.2
13.5491,7991,42150,15.000,15.083,139.3,15.000,13.989,131.8,15.000,14.719,129.2
13.5491,7992,42155,15.000,15.239,137.8,15.000,13.968,132.1,15.000,14.874,128.3
13.5491,7993,42160,15.000,15.083,139.2,15.000,13.624,134.4,15.000,14.901,128.5
13.6158,7994,42165,15.000,15.050,139.0,15.000,13.587,134.0,15.000,14.863,128.8
13.6158,7995,42170,15.000,15.076,138.8,15.000,13.796,132.7,15.000,14.893,128.5
13.6158,7996,42175,15.000,15.081,138.8,15.000,13.804,133.3,15.000,14.901,128.6
13.6158,7997,42180,15.000,15.058,138.9,15.000,13.966,132.4,15.000,14.877,128.7
13.6158,7998,42185,15.000,14.878,140.1,15.000,13.968,132.9,15.000,14.878,128.7
13.6158,7999,42190,15.000,14.686,140.9,15.000,13.956,133.1,15.000,14.867,128.8
13.6158,8000,42195,15.000,14.725,140.2,15.000,13.994,132.9,15.000,14.905,128.5
13.6158,8001,42200,15.000,14.862,139.4,15.000,14.137,132.2,15.000,15.043,127.7
13.6158,8002,42205,15.000,14.702,140.8,15.000,14.330,131.4,15.000,14.880,129.1
13.6158,8003,42210,15.000,14.707,140.5,15.000,14.707,129.5,15.000,14.886,128.7
13.6158,8004,42215,15.000,14.867,139.5,15.000,14.870,129.3,15.000,15.050,127.7
13.6158,8005,42220,15.000,14.899,139.6,15.000,14.900,129.5,15.000,15.080,127.8
13.6158,8006,42225,15.000,14.533,142.1,15.000,14.894,129.7,15.000,14.892,129.1
13.6158,8007,42230,15.000,14.543,141.2,15.000,15.087,128.4,15.000,14.903,128.6
13.6158,8008,42235,15.000,14.526,141.4,15.000,15.071,129.0,15.000,14.883,128.8
13.6158,8009,42240,15.000,14.713,140.2,15.000,15.259,127.7,15.000,14.893,128.7
13.6762,8010,42245,15.000,14.695,140.8,15.000,15.238,128.3,15.000,14.872,128.9
13.6762,8011,42250,15.000,14.366,142.9,15.000,15.456,126.8,15.000,14.545,131.0
13.6762,8012,42255,15.000,14.534,141.1,15.000,15.270,128.4,15.000,14.536,130.3
13.6762,8013,42260,15.000,14.490,141.9,15.000,15.403,127.1,15.000,14.492,130.6
13.6762,8014,42265,15.000,14.374,142.6,15.000,15.287,128.1,15.000,14.191,132.5
13.6762,8015,42270,15.000,14.341,142.6,15.000,15.437,126.8,15.000,14.159,132.1
13.6762,8016,42275,15.000,14.534,141.3,15.000,15.450,127.1,15.000,14.172,132.0
13.6762,8017,42280,15.000,14.709,140.7,15.000,15.257,128.3,15.000,14.163,132.2
13.7392,8018,42285,15.000,14.719,141.1,15.000,15.264,127.8,15.000,14.172,132.2
13.7392,8019,42290,15.000,14.718,141.2,15.000,15.083,128.9,15.000,14.170,132.4
13.7392,8020,42295,15.000,14.864,140.2,15.000,15.055,128.7,15.000,14.320,131.5
13.7392,8021,42300,15.000,15.075,139.2,15.000,14.898,129.6,15.000,14.529,130.5
13.7392,8022,42305,15.000,14.915,140.8,15.000,14.918,129.1,15.000,14.551,131.0
13.7392,8023,42310,15.000,15.090,139.3,15.000,14.733,130.4,15.000,14.544,131.1
13.7392,8024,42315,15.000,15.067,139.8,15.000,14.708,130.1,15.000,14.883,128.9
13.7392,8025,42320,15.000,14.895,140.9,15.000,14.539,131.2,15.000,14.898,129.7
13.7392,8026,42325,15.000,14.901,140.4,15.000,14.724,129.6,15.000,14.901,129.7
13.7392,8027,42330,15.000,14.705,141.7,15.000,14.713,130.2,15.000,14.890,129.8
13.7392,8028,42335,15.000,14.842,140.4,15.000,14.677,130.4,15.000,15.031,128.9
13.7392,8029,42340,15.000,14.866,140.6,15.000,14.883,129.0,15.000,15.053,129.0
13.7392,8030,42345,15.000,14.714,141.7,15.000,14.909,129.4,15.000,14.901,130.1
13.7392,8031,42350,15.000,14.670,141.6,15.000,15.045,128.6,15.000,14.856,130.0
13.7392,8032,42355,15.000,14.872,140.2,15.000,15.062,128.8,15.000,15.057,128.6
13.7392,8033,42360,15.000,14.729,141.7,15.000,15.100,128.6,15.000,15.095,128.9
13.8060,8034,42365,15.000,14.542,142.6,15.000,15.271,127.5,15.000,14.907,130.2
13.8060,8035,42370,15.000,14.679,141.3,15.000,15.223,128.2,15.000,15.035,128.9
13.8060,8036,42375,15.000,14.678,141.7,15.000,15.044,129.2,15.000,15.039,129.2
13.8060,8037,42380,15.000,14.675,141.7,15.000,14.858,130.0,15.000,15.034,129.2
13.8060,8038,42385,15.000,14.744,141.3,15.000,14.919,129.2,15.000,15.103,128.7
13.8060,8039,42390,15.000,14.730,141.6,15.000,14.722,130.6,15.000,15.089,129.0
13.8060,8040,42395,15.000,14.712,141.7,15.000,14.703,130.3,15.000,15.248,127.9
13.8060,8041,42400,15.000,14.713,141.7,15.000,14.523,131.5,15.000,15.252,128.2
13.8614,8042,42405,15.000,14.516,143.0,15.000,14.505,131.2,15.000,15.049,129.5
13.8614,8043,42410,15.000,14.689,141.5,15.000,14.499,131.3,15.000,15.042,129.1
13.8614,8044,42415,15.000,14.718,141.7,15.000,14.357,132.2,15.000,15.081,128.8
13.8614,8045,42420,15.000,14.917,140.5,15.000,14.555,130.7,15.000,15.100,128.8
13.8614,8046,42425,15.000,14.892,141.2,15.000,14.527,131.4,15.000,15.072,129.0
13.8614,8047,42430,15.000,14.905,141.0,15.000,14.724,130.1,15.000,15.087,128.8
13.8614,8048,42435,15.000,14.859,141.4,15.000,14.682,130.9,15.000,14.860,130.3
13.8614,8049,42440,15.000,14.884,141.1,15.000,14.707,130.6,15.000,14.886,129.6
13.8614,8050,42445,15.000,14.886,141.2,15.000,14.883,129.6,15.000,14.705,130.9
13.8614,8051,42450,15.000,15.103,139.8,15.000,14.919,129.8,15.000,14.741,130.2
13.8614,8052,42455,15.000,15.104,140.3,15.000,14.927,129.8,15.000,14.749,130.3
13.8614,8053,42460,15.000,15.078,140.5,15.000,14.898,130.1,15.000,14.721,130.5
13.8614,8054,42465,15.000,15.046,140.6,15.000,14.860,130.2,15.000,14.861,129.6
13.8614,8055,42470,15.000,14.886,141.5,15.000,14.700,131.2,15.000,14.702,131.0
13.8614,8056,42475,15.000,15.091,139.8,15.000,14.544,131.9,15.000,14.728,130.5
13.8614,8057,42480,15.000,15.090,140.3,15.000,14.541,131.6,15.000,14.723,130.6
13.9272,8058,42485,15.000,15.084,140.4,15.000,14.532,131.7,15.000,14.714,130.7
13.9272,8059,42490,15.000,15.081,140.3,15.000,14.532,131.7,15.000,14.715,130.7
13.9272,8060,42495,15.000,15.248,139.2,15.000,14.348,133.0,15.000,14.709,130.7
13.9272,8061,42500,15.000,15.044,140.9,15.000,14.324,132.8,15.000,14.681,130.9
13.9272,8062,42505,15.000,15.208,139.4,15.000,14.488,131.7,15.000,14.669,131.0
13.9272,8063,42510,15.000,15.053,140.8,15.000,14.509,132.0,15.000,14.872,129.7
13.9272,8064,42515,15.000,15.268,139.0,15.000,14.547,131.9,15.000,14.731,131.1
13.9272,8065,42520,15.000,15.422,138.5,15.000,14.702,131.0,15.000,14.704,131.0
13.9272,8066,42525,15.000,15.243,139.9,15.000,14.885,130.2,15.000,14.706,130.9
13.9272,8067,42530,15.000,15.377,138.6,15.000,15.020,129.8,15.000,14.664,131.2
13.9272,8068,42535,15.000,15.250,139.7,15.000,15.077,129.8,15.000,14.719,130.8
13.9272,8069,42540,15.000,15.397,138.4,15.000,15.218,129.0,15.000,14.681,131.2
13.9272,8070,42545,15.000,15.267,139.6,15.000,15.269,128.9,15.000,14.732,130.8
13.9272,8071,42550,15.000,15.273,139.2,15.000,15.275,129.0,15.000,14.925,129.7
13.9272,8072,42555,15.000,15.288,139.1,15.000,15.288,128.9,15.000,14.933,130.1
13.9272,8073,42560,15.000,15.249,139.3,15.000,15.073,130.3,15.000,14.713,131.6
13.9892,8074,42565,15.000,15.433,138.0,15.000,15.256,128.6,15.000,14.712,131.1
13.9892,8075,42570,15.000,15.232,139.7,15.000,15.228,129.2,15.000,14.866,130.1
13.9892,8076,42575,15.000,15.086,140.2,15.000,15.277,128.8,15.000,14.914,130.2
13.9892,8077,42580,15.000,14.561,143.2,15.000,15.286,128.8,15.000,14.921,130.3
13.9892,8078,42585,15.000,14.369,143.3,15.000,15.277,128.8,15.000,14.914,130.4
13.9892,8079,42590,15.000,14.168,144.2,15.000,15.257,128.9,15.000,15.073,129.3
13.9892,8080,42595,15.000,14.149,143.9,15.000,15.234,129.0,15.000,15.050,129.8
13.9892,8081,42600,15.000,13.976,145.1,15.000,15.433,127.6,15.000,14.881,130.9
14.0443,8082,42605,15.000,13.782,146.1,15.000,15.056,130.5,15.000,15.045,129.4
14.0443,8083,42610,15.000,13.813,145.6,15.000,15.450,127.0,15.000,15.081,129.6
14.0443,8084,42615,15.000,13.773,146.0,15.000,15.411,128.2,15.000,15.224,128.7
14.0443,8085,42620,15.000,13.651,146.9,15.000,15.298,128.7,15.000,15.113,129.8
14.0443,8086,42625,15.000,13.770,146.0,15.000,15.402,127.8,15.000,15.037,130.0
14.0443,8087,42630,15.000,14.168,143.8,15.000,15.265,128.9,15.000,15.081,129.5
14.0443,8088,42635,15.000,14.322,143.8,15.000,15.416,127.5,15.000,15.230,128.6
14.0443,8089,42640,15.000,14.169,145.3,15.000,15.268,128.8,15.000,15.082,129.9
14.0443,8090,42645,15.000,14.007,146.1,15.000,15.472,127.1,15.000,15.102,129.4
14.0443,8091,42650,15.000,13.984,145.9,15.000,15.079,130.1,15.000,15.076,129.6
14.0443,8092,42655,15.000,13.974,146.1,15.000,15.432,126.8,15.000,14.891,130.8
14.0443,8093,42660,15.000,13.809,147.2,15.000,15.265,128.7,15.000,14.905,130.3
14.0443,8094,42665,15.000,13.449,149.3,15.000,15.264,128.3,15.000,14.547,132.6
14.0443,8095,42670,15.000,13.415,148.9,15.000,15.405,127.3,15.000,14.506,132.1
14.0443,8096,42675,15.000,13.272,149.9,15.000,15.272,128.5,15.000,14.551,131.8
14.0443,8097,42680,15.000,13.237,150.0,15.000,15.415,127.2,15.000,14.514,132.2
14.1066,8098,42685,15.000,12.904,152.3,15.000,15.267,128.5,15.000,14.366,133.1
14.1066,8099,42690,15.000,13.073,150.6,15.000,15.436,127.0,15.000,14.355,132.9
14.1066,8100,42695,15.000,13.250,150.1,15.000,15.248,128.6,15.000,14.534,131.8
14.1066,8101,42700,15.000,13.241,150.8,15.000,15.599,125.8,15.000,14.523,132.3
14.1066,8102,42705,15.000,13.267,150.8,15.000,15.262,128.8,15.000,14.547,132.2
14.1066,8103,42710,15.000,13.444,149.9,15.000,15.441,126.8,15.000,14.544,132.3
14.1066,8104,42715,15.000,13.417,150.7,15.000,15.404,127.4,15.000,14.866,130.3
14.1066,8105,42720,15.000,13.638,149.3,15.000,15.266,128.1,15.000,14.908,130.8
14.1692,8106,42725,15.000,13.785,149.1,15.000,15.403,126.9,15.000,14.866,131.2
14.1692,8107,42730,15.000,13.824,149.3,15.000,15.080,129.3,15.000,15.093,129.6
14.1692,8108,42735,15.000,14.181,147.2,15.000,15.071,128.6,15.000,15.083,130.2
14.1692,8109,42740,15.000,14.185,148.1,15.000,15.074,128.5,15.000,14.905,131.3
14.1692,8110,42745,15.000,14.353,147.1,15.000,15.239,127.4,15.000,14.887,131.0
14.1692,8111,42750,15.000,14.505,146.6,15.000,15.030,129.2,15.000,14.858,131.2
14.1692,8112,42755,15.000,14.540,146.8,15.000,15.435,126.0,15.000,14.893,130.9
14.1692,8113,42760,15.000,14.717,145.8,15.000,15.247,128.2,15.000,15.072,129.8
14.1702,8114,42765,15.000,14.914,145.0,15.000,15.265,127.6,15.000,14.912,131.3
14.1702,8115,42770,15.000,15.095,144.3,15.000,15.081,128.8,15.000,14.914,130.9
14.1702,8116,42775,15.000,15.116,144.6,15.000,15.110,128.1,15.000,15.121,129.6
14.1702,8117,42780,15.000,15.254,143.7,15.000,15.250,127.3,15.000,14.893,131.5
14.1702,8118,42785,15.000,15.223,144.2,15.000,15.394,126.7,15.000,15.036,130.1
14.1702,8119,42790,15.000,15.430,142.8,15.000,15.240,128.0,15.000,15.243,129.1
14.1702,8120,42795,15.000,15.254,144.4,15.000,15.249,127.5,15.000,15.253,129.5
14.1702,8121,42800,15.000,15.475,142.5,15.000,15.288,127.2,15.000,15.292,129.2
14.2317,8122,42805,15.000,15.428,143.2,15.000,15.227,127.7,15.000,15.418,128.5
14.2317,8123,42810,15.000,15.419,143.1,15.000,15.402,126.4,15.000,15.227,130.0
14.2317,8124,42815,15.000,15.631,141.7,15.000,15.081,128.8,15.000,15.268,129.2
14.2317,8125,42820,15.000,15.435,143.4,15.000,15.251,127.0,15.000,15.435,128.2
14.2317,8126,42825,15.000,15.608,141.8,15.000,15.240,127.4,15.000,15.244,129.8
14.2317,8127,42830,15.000,15.455,143.1,15.000,15.450,126.0,15.000,15.270,129.1
14.2317,8128,42835,15.000,15.650,141.4,15.000,15.287,127.5,15.000,15.109,130.2
14.2317,8129,42840,15.000,15.601,142.1,15.000,15.418,126.2,15.000,15.239,129.0
14.2985,8130,42845,15.000,15.604,141.9,15.000,15.237,127.7,15.000,15.057,130.4
14.2985,8131,42850,15.000,15.430,143.0,15.000,15.428,126.0,15.000,15.067,129.9
14.2985,8132,42855,15.000,15.629,141.2,15.000,15.271,127.4,15.000,14.911,130.9
14.2985,8133,42860,15.000,15.416,143.0,15.000,15.234,127.2,15.000,15.055,129.6
14.2985,8134,42865,15.000,15.258,143.5,15.000,15.436,125.8,15.000,15.074,129.9
14.2985,8135,42870,15.000,15.246,143.2,15.000,15.607,125.1,15.000,14.879,131.2
14.2985,8136,42875,15.000,15.262,143.0,15.000,15.440,126.5,15.000,14.892,130.6
14.2985,8137,42880,15.000,15.241,143.1,15.000,15.415,126.3,15.000,14.870,130.8
14.2985,8138,42885,15.000,15.233,143.1,15.000,15.406,126.2,15.000,14.860,130.8
14.2985,8139,42890,15.000,15.253,142.9,15.000,15.428,126.0,15.000,14.884,130.7
14.2985,8140,42895,15.000,15.087,144.0,15.000,15.452,125.8,15.000,14.908,130.6
14.2985,8141,42900,15.000,15.248,142.6,15.000,15.428,126.0,15.000,14.886,130.8
14.2985,8142,42905,15.000,15.059,144.2,15.000,15.421,125.9,15.000,14.879,130.8
14.2985,8143,42910,15.000,15.281,142.3,15.000,15.283,126.8,15.000,14.741,131.7
14.2985,8144,42915,15.000,15.264,142.9,15.000,15.449,125.3,15.000,14.724,131.5
14.2985,8145,42920,15.000,15.419,141.8,15.000,15.243,127.0,15.000,14.700,131.7
14.3564,8146,42925,15.000,15.401,142.2,15.000,15.404,125.4,15.000,14.680,131.8
14.3564,8147,42930,15.000,15.428,142.0,15.000,15.252,126.8,15.000,14.893,130.4
14.3564,8148,42935,15.000,15.451,141.8,15.000,15.278,126.2,15.000,14.919,130.7
14.3564,8149,42940,15.000,15.253,143.1,15.000,15.077,127.6,15.000,14.717,132.1
14.3564,8150,42945,15.000,15.621,140.2,15.000,15.075,127.1,15.000,14.715,131.7
14.3564,8151,42950,15.000,15.444,142.2,15.000,14.896,128.2,15.000,14.716,131.7
14.3564,8152,42955,15.000,15.600,140.7,15.000,14.871,128.0,15.000,14.870,130.7
14.3564,8153,42960,15.000,15.616,140.9,15.000,14.889,127.8,15.000,14.889,131.0
14.4205,8154,42965,15.000,15.604,140.9,15.000,14.691,129.2,15.000,14.873,131.2
14.4205,8155,42970,15.000,15.632,140.7,15.000,14.717,128.5,15.000,14.899,131.0
14.4205,8156,42975,15.000,15.457,141.8,15.000,14.547,129.8,15.000,14.911,131.0
14.4205,8157,42980,15.000,15.640,140.1,15.000,14.545,129.4,15.000,14.907,131.0
14.4205,8158,42985,15.000,15.446,141.8,15.000,14.715,128.4,15.000,14.895,131.1
14.4205,8159,42990,15.000,15.640,140.0,15.000,14.730,128.7,15.000,14.910,131.0
14.4205,8160,42995,15.000,15.432,141.7,15.000,14.705,128.9,15.000,15.064,130.0
14.4205,8161,43000,15.000,15.630,139.9,15.000,14.904,127.6,15.000,15.082,130.3
14.4205,8162,43005,15.000,15.464,141.4,15.000,14.917,128.0,15.000,14.917,131.4
14.4205,8163,43010,15.000,15.254,142.3,15.000,14.887,128.2,15.000,15.069,130.0
14.4205,8164,43015,15.000,15.247,141.8,15.000,15.066,127.0,15.000,15.066,130.4
14.4205,8165,43020,15.000,14.872,144.2,15.000,15.052,127.5,15.000,15.053,130.5
14.4205,8166,43025,15.000,14.898,143.1,15.000,15.263,126.1,15.000,15.079,130.2
14.4205,8167,43030,15.000,14.886,143.3,15.000,15.255,126.6,15.000,15.069,130.4
14.4205,8168,43035,15.000,14.883,143.3,15.000,15.067,127.8,15.000,15.064,130.4
14.4205,8169,43040,15.000,14.721,144.4,15.000,15.267,126.1,15.000,15.081,130.2
14.4891,8170,43045,15.000,14.881,143.0,15.000,15.245,126.7,15.000,15.059,130.4
14.4891,8171,43050,15.000,14.713,144.5,15.000,15.264,126.4,15.000,15.074,130.2
14.4891,8172,43055,15.000,14.889,142.9,15.000,15.263,126.5,15.000,15.254,129.1
14.4891,8173,43060,15.000,14.876,143.5,15.000,15.428,125.4,15.000,15.058,130.8
14.4891,8174,43065,15.000,15.084,142.1,15.000,15.270,126.7,15.000,15.082,130.2
14.4891,8175,43070,15.000,15.279,141.3,15.000,15.286,126.2,15.000,15.279,128.9
14.4891,8176,43075,15.000,15.413,140.9,15.000,15.055,127.7,15.000,15.232,129.7
14.4891,8177,43080,15.000,15.242,142.3,15.000,15.066,127.1,15.000,15.063,130.6
14.4891,8178,43085,15.000,15.239,141.8,15.000,15.057,127.2,15.000,15.233,129.1
14.4891,8179,43090,15.000,15.430,140.6,15.000,14.888,128.3,15.000,15.246,129.4
14.4891,8180,43095,15.000,15.241,142.2,15.000,14.881,127.9,15.000,15.238,129.5
14.4891,8181,43100,15.000,15.233,141.8,15.000,14.687,129.2,15.000,15.227,129.5
14.4891,8182,43105,15.000,15.250,141.6,15.000,14.702,128.6,15.000,15.064,130.5
14.4891,8183,43110,15.000,15.256,141.6,15.000,14.529,129.8,15.000,15.250,128.9
14.4891,8184,43115,15.000,15.089,142.7,15.000,14.545,129.4,15.000,15.266,129.2
14.4891,8185,43120,15.000,15.246,141.2,15.000,14.699,128.5,15.000,15.237,129.4
14.5398,8186,43125,15.000,15.086,142.6,15.000,14.718,128.7,15.000,15.257,129.2
14.5398,8187,43130,15.000,15.244,141.2,15.000,14.697,129.0,15.000,15.413,128.2
14.5398,8188,43135,15.000,15.071,142.7,15.000,14.891,127.7,15.000,15.248,129.6
14.5398,8189,43140,15.000,14.884,143.5,15.000,14.886,128.2,15.000,15.243,129.2
14.5398,8190,43145,15.000,14.927,142.8,15.000,14.925,127.9,15.000,15.287,128.8
14.5398,8191,43150,15.000,15.075,141.9,15.000,15.076,127.1,15.000,15.260,129.1
14.5398,8192,43155,15.000,14.873,143.6,15.000,15.054,127.5,15.000,15.414,128.0
14.5398,8193,43160,15.000,15.086,141.7,15.000,15.086,127.3,15.000,15.267,129.3
14.6042,8194,43165,15.000,15.060,142.4,15.000,15.237,126.4,15.000,15.238,129.1
14.6042,8195,43170,15.000,14.907,143.3,15.000,15.086,127.7,15.000,15.270,128.8
14.6042,8196,43175,15.000,15.050,142.0,15.000,15.233,126.4,15.000,15.239,129.0
14.6042,8197,43180,15.000,14.887,143.4,15.000,14.884,129.0,15.000,15.257,128.8
14.6042,8198,43185,15.000,15.065,141.9,15.000,14.882,128.1,15.000,15.256,128.8
14.6042,8199,43190,15.000,15.255,141.1,15.000,14.885,128.1,15.000,15.259,128.8
14.6042,8200,43195,15.000,15.218,141.7,15.000,15.029,127.2,15.000,15.041,130.2
14.6042,8201,43200,15.000,15.080,142.5,15.000,14.890,128.5,15.000,15.079,129.4
14.6042,8202,43205,15.000,15.270,140.9,15.000,15.075,126.9,15.000,14.909,130.6
14.6042,8203,43210,15.000,15.085,142.6,15.000,15.076,127.4,15.000,14.725,131.4
14.6042,8204,43215,15.000,15.235,141.1,15.000,14.869,128.7,15.000,14.698,131.2
14.6042,8205,43220,15.000,15.247,141.4,15.000,14.883,128.1,15.000,14.529,132.2
14.6042,8206,43225,15.000,15.284,141.1,15.000,14.917,128.0,15.000,14.560,131.7
14.6042,8207,43230,15.000,15.277,141.2,15.000,15.275,125.7,15.000,14.372,133.0
14.6042,8208,43235,15.000,15.443,140.1,15.000,15.259,126.6,15.000,14.357,132.7
14.6042,8209,43240,15.000,15.261,141.7,15.000,15.261,126.6,15.000,14.357,132.8
14.6642,8210,43245,15.000,15.450,140.0,15.000,15.268,126.5,15.000,14.364,132.8
14.6642,8211,43250,15.000,15.430,140.5,15.000,15.249,126.6,15.000,14.347,133.0
14.6642,8212,43255,15.000,15.256,141.5,15.000,15.264,126.4,15.000,14.358,133.0
14.6642,8213,43260,15.000,15.395,140.2,15.000,15.220,126.7,15.000,14.497,132.2
14.6642,8214,43265,15.000,15.260,141.3,15.000,15.447,125.1,15.000,14.542,132.3
14.6642,8215,43270,15.000,15.400,140.1,15.000,15.406,125.9,15.000,14.500,132.7
14.6642,8216,43275,15.000,15.239,141.4,15.000,15.431,125.6,15.000,14.521,132.5
14.6642,8217,43280,15.000,15.237,141.0,15.000,15.428,125.6,15.000,14.519,132.6
14.7270,8218,43285,15.000,15.264,140.8,15.000,15.270,126.6,15.000,14.358,133.7
14.7270,8219,43290,15.000,15.232,141.0,15.000,15.240,126.4,15.000,14.148,134.8
14.7270,8220,43295,15.000,15.087,141.9,15.000,15.284,126.0,15.000,13.818,136.5
14.7270,8221,43300,15.000,15.246,140.5,15.000,15.262,126.2,15.000,13.616,137.2
14.7270,8222,43305,15.000,15.245,140.9,15.000,15.259,126.1,15.000,13.614,136.9
14.7270,8223,43310,15.000,15.259,140.7,15.000,15.272,126.0,15.000,13.446,138.1
14.7270,8224,43315,15.000,15.254,140.8,15.000,15.264,126.0,15.000,13.440,137.9
14.7270,8225,43320,15.000,15.245,140.8,15.000,15.258,126.0,15.000,13.255,139.3
14.7270,8226,43325,15.000,15.259,140.6,15.000,15.085,127.1,15.000,13.263,139.0
14.7270,8227,43330,15.000,15.231,140.8,15.000,15.235,125.7,15.000,13.059,140.6
14.7270,8228,43335,15.000,15.060,141.8,15.000,15.252,125.9,15.000,13.256,139.0
14.7270,8229,43340,15.000,15.234,140.3,15.000,15.423,124.8,15.000,13.430,138.6
14.7270,8230,43345,15.000,15.237,140.7,15.000,15.241,126.4,15.000,13.617,137.9
14.7270,8231,43350,15.000,15.061,141.8,15.000,15.425,124.7,15.000,13.800,137.4
14.7270,8232,43355,15.000,15.263,140.0,15.000,15.262,126.2,15.000,13.819,137.8
14.7270,8233,43360,15.000,15.075,141.7,15.000,15.433,124.6,15.000,13.991,136.9
14.7879,8234,43365,15.000,15.268,140.0,15.000,15.256,126.2,15.000,13.997,137.4
14.7879,8235,43370,15.000,15.105,141.5,15.000,15.452,124.4,15.000,14.191,136.2
14.7879,8236,43375,15.000,15.248,140.2,15.000,15.419,125.1,15.000,14.162,137.0
14.7879,8237,43380,15.000,15.293,140.2,15.000,15.286,125.8,15.000,14.382,135.6
14.7879,8238,43385,15.000,15.443,139.3,15.000,15.433,124.5,15.000,14.531,135.2
14.7879,8239,43390,15.000,15.274,140.7,15.000,15.266,125.9,15.000,14.542,135.5
14.7879,8240,43395,15.000,15.448,139.1,15.000,15.439,124.3,15.000,14.715,134.5
14.7879,8241,43400,15.000,15.437,139.6,15.000,15.247,125.9,15.000,14.881,133.9
14.8478,8242,43405,15.000,15.074,141.9,15.000,15.250,125.4,15.000,14.886,134.2
14.8478,8243,43410,15.000,15.281,139.6,15.000,15.098,126.4,15.000,14.914,134.1
14.8478,8244,43415,15.000,15.045,141.6,15.000,15.228,125.2,15.000,14.864,134.5
14.8478,8245,43420,15.000,14.884,142.1,15.000,15.071,126.5,15.000,14.704,135.4
14.8478,8246,43425,15.000,14.871,141.8,15.000,15.055,126.2,15.000,14.688,135.2
14.8478,8247,43430,15.000,14.871,141.8,15.000,15.238,125.0,15.000,14.688,135.2
14.8478,8248,43435,15.000,14.706,142.9,15.000,15.074,126.4,15.000,14.524,136.3
14.8478,8249,43440,15.000,14.699,142.6,15.000,15.245,124.9,15.000,14.514,136.0
14.8478,8250,43445,15.000,14.675,142.7,15.000,15.038,126.7,15.000,14.672,135.0
14.8478,8251,43450,15.000,14.535,143.6,15.000,15.267,124.7,15.000,14.540,136.3
14.8478,8252,43455,15.000,14.708,142.2,15.000,15.262,125.2,15.000,14.534,136.1
14.8478,8253,43460,15.000,14.690,142.8,15.000,15.244,125.3,15.000,14.516,136.2
14.8478,8254,43465,15.000,14.701,142.7,15.000,15.255,125.2,15.000,14.705,135.0
14.8478,8255,43470,15.000,15.040,140.6,15.000,15.230,125.3,15.000,14.864,134.4
14.8478,8256,43475,15.000,14.884,142.4,15.000,15.436,123.9,15.000,14.887,134.7
14.8478,8257,43480,15.000,14.871,142.1,15.000,15.240,125.6,15.000,15.056,133.7
14.9116,8258,43485,15.000,15.069,140.8,15.000,15.250,125.0,15.000,15.066,134.0
14.9116,8259,43490,15.000,15.077,141.2,15.000,15.261,125.0,15.000,15.078,133.9
14.9116,8260,43495,15.000,14.906,142.4,15.000,15.276,124.9,15.000,15.093,133.8
14.9116,8261,43500,15.000,15.269,139.6,15.000,15.271,124.9,15.000,15.089,133.9
14.9116,8262,43505,15.000,15.245,140.6,15.000,15.242,125.0,15.000,15.240,132.9
14.9116,8263,43510,15.000,14.906,142.7,15.000,15.267,124.8,15.000,15.265,133.1
14.9116,8264,43515,15.000,15.070,140.8,15.000,15.250,124.9,15.000,15.250,133.2
14.9116,8265,43520,15.000,14.915,142.2,15.000,15.277,124.7,15.000,15.275,133.0
14.9713,8266,43525,15.000,14.903,141.9,15.000,15.261,124.8,15.000,15.441,131.9
14.9713,8267,43530,15.000,14.904,141.9,15.000,15.262,124.7,15.000,15.262,133.4
14.9713,8268,43535,15.000,14.893,142.0,15.000,15.257,124.7,15.000,15.440,131.8
14.9713,8269,43540,15.000,14.886,142.0,15.000,15.251,124.7,15.000,15.433,132.2
14.9713,8270,43545,15.000,14.895,142.0,15.000,15.256,124.7,15.000,15.438,132.1
14.9713,8271,43550,15.000,14.675,143.4,15.000,15.213,124.9,15.000,15.580,131.2
14.9713,8272,43555,15.000,14.532,143.9,15.000,15.256,124.5,15.000,15.442,132.3
14.9713,8273,43560,15.000,14.705,142.5,15.000,15.248,124.7,15.000,15.434,132.0
14.9713,8274,43565,15.000,14.540,144.0,15.000,15.259,124.5,15.000,15.445,131.9
14.9713,8275,43570,15.000,14.523,143.8,15.000,15.243,124.6,15.000,15.611,130.8
14.9713,8276,43575,15.000,14.364,144.8,15.000,15.092,125.6,15.000,15.460,132.1
14.9713,8277,43580,15.000,14.339,144.7,15.000,15.243,124.2,15.000,15.611,130.7
14.9713,8278,43585,15.000,13.979,147.0,15.000,15.249,124.5,15.000,15.434,132.1
14.9713,8279,43590,15.000,13.998,146.2,15.000,15.269,124.3,15.000,15.634,130.4
14.9713,8280,43595,15.000,14.138,145.4,15.000,15.232,124.6,15.000,15.412,132.2
14.9713,8281,43600,15.000,14.168,145.6,15.000,15.083,125.5,15.000,15.448,131.4
15.0210,8282,43605,15.000,14.341,144.7,15.000,15.252,124.0,15.000,15.433,131.5
15.0210,8283,43610,15.000,14.335,145.2,15.000,15.246,124.4,15.000,15.609,130.3
15.0210,8284,43615,15.000,14.514,144.1,15.000,15.247,124.4,15.000,15.608,130.6
15.0210,8285,43620,15.000,14.536,144.5,15.000,15.271,124.2,15.000,15.451,131.6
15.0210,8286,43625,15.000,14.682,143.6,15.000,15.231,124.5,15.000,15.591,130.3
15.0210,8287,43630,15.000,14.722,143.7,15.000,15.092,125.2,15.000,15.452,131.4
15.0210,8288,43635,15.000,15.039,141.8,15.000,15.225,124.0,15.000,15.585,130.2
15.0210,8289,43640,15.000,15.064,142.4,15.000,15.070,125.3,15.000,15.430,131.4
15.0831,8290,43645,15.000,15.077,142.4,15.000,15.257,123.7,15.000,15.618,129.8
15.0831,8291,43650,15.000,15.074,142.4,15.000,15.074,125.4,15.000,15.433,131.4
15.0831,8292,43655,15.000,15.213,141.5,15.000,14.853,126.3,15.000,15.575,130.0
15.0831,8293,43660,15.000,15.216,141.8,15.000,15.034,124.6,15.000,15.393,131.4
15.0831,8294,43665,15.000,15.263,141.4,15.000,14.901,125.9,15.000,15.446,130.6
15.0831,8295,43670,15.000,15.249,141.6,15.000,14.884,125.7,15.000,15.428,130.8
15.0831,8296,43675,15.000,15.411,140.5,15.000,15.045,124.7,15.000,15.410,130.8
15.0831,8297,43680,15.000,15.403,140.9,15.000,15.041,125.1,15.000,15.405,130.8
15.0831,8298,43685,15.000,15.273,141.7,15.000,15.089,124.8,15.000,15.271,131.6
15.0831,8299,43690,15.000,15.421,140.4,15.000,15.057,125.1,15.000,15.239,131.4
15.0831,8300,43695,15.000,15.236,141.9,15.000,14.696,127.3,15.000,15.236,131.3
15.0831,8301,43700,15.000,15.245,141.3,15.000,14.888,125.3,15.000,15.245,131.2
15.0831,8302,43705,15.000,15.280,141.1,15.000,14.919,125.5,15.000,15.097,132.2
15.0841,8303,43710,15.000,15.285,141.1,15.000,14.744,126.7,15.000,15.103,131.8
15.0841,8304,43715,15.000,15.249,141.4,15.000,14.709,126.6,15.000,15.064,132.1
15.0841,8305,43720,15.000,15.227,141.4,15.000,14.687,126.7,15.000,15.041,132.1
15.1516,8306,43725,15.000,15.281,140.9,15.000,14.555,127.5,15.000,14.910,132.9
15.1516,8307,43730,15.000,15.268,141.1,15.000,14.544,127.3,15.000,14.900,132.7
15.1516,8308,43735,15.000,15.257,141.1,15.000,14.352,128.6,15.000,15.072,131.5
15.1516,8309,43740,15.000,15.254,141.1,15.000,14.167,129.4,15.000,15.069,131.9
15.1516,8310,43745,15.000,15.289,140.8,15.000,14.382,127.7,15.000,14.925,132.9
15.1516,8311,43750,15.000,15.430,140.0,15.000,13.985,130.8,15.000,14.886,132.8
15.1516,8312,43755,15.000,15.401,140.4,15.000,13.780,131.4,15.000,15.040,131.7
15.1516,8313,43760,15.000,15.406,140.3,15.000,13.785,131.0,15.000,15.044,132.0
15.2063,8314,43765,15.000,15.250,141.3,15.000,13.805,131.0,15.000,14.886,133.1
15.2063,8315,43770,15.000,15.456,139.5,15.000,13.830,131.0,15.000,14.912,132.5
15.2063,8316,43775,15.000,15.236,141.4,15.000,13.797,131.4,15.000,15.056,131.7
15.2063,8317,43780,15.000,15.444,139.5,15.000,13.820,131.3,15.000,15.080,131.9
15.2063,8318,43785,15.000,15.424,140.1,15.000,13.981,130.5,15.000,14.878,133.2
15.2063,8319,43790,15.000,15.443,139.9,15.000,14.176,129.7,15.000,14.891,132.7
15.2063,8320,43795,15.000,15.423,140.0,15.000,14.157,130.4,15.000,15.051,131.7
15.2063,8321,43800,15.000,15.446,139.7,15.000,14.535,128.0,15.000,15.073,131.9
15.2063,8322,43805,15.000,15.275,140.9,15.000,14.901,126.6,15.000,14.899,133.1
15.2063,8323,43810,15.000,15.282,140.4,15.000,14.907,127.4,15.000,14.908,132.6
15.2063,8324,43815,15.000,15.435,139.4,15.000,15.067,126.4,15.000,15.067,131.6
15.2063,8325,43820,15.000,15.259,140.8,15.000,14.888,127.9,15.000,15.071,132.0
15.2063,8326,43825,15.000,15.435,139.2,15.000,15.063,126.4,15.000,14.889,133.1
15.2063,8327,43830,15.000,15.254,140.8,15.000,15.066,126.8,15.000,15.077,131.5
15.2063,8328,43835,15.000,15.247,140.4,15.000,14.880,128.0,15.000,15.070,132.0
15.2063,8329,43840,15.000,14.892,142.6,15.000,15.079,126.2,15.000,15.085,131.9
15.2677,8330,43845,15.000,15.064,140.7,15.000,15.066,126.8,15.000,15.073,132.0
15.2677,8331,43850,15.000,14.690,143.5,15.000,15.051,126.9,15.000,15.057,132.0
15.2677,8332,43855,15.000,14.727,142.4,15.000,14.916,127.7,15.000,15.288,130.5
15.2677,8333,43860,15.000,14.494,144.0,15.000,15.037,126.6,15.000,15.232,131.4
15.2677,8334,43865,15.000,14.356,144.4,15.000,14.895,127.8,15.000,15.090,132.1
15.2677,8335,43870,15.000,14.320,144.4,15.000,15.221,125.4,15.000,15.232,130.9
15.2677,8336,43875,15.000,14.176,145.3,15.000,15.079,127.0,15.000,15.268,130.9
15.2677,8337,43880,15.000,14.136,145.4,15.000,15.038,127.0,15.000,15.222,131.3
15.3366,8338,43885,15.000,14.158,145.2,15.000,15.056,126.7,15.000,15.242,131.0
15.3366,8339,43890,15.000,14.332,144.2,15.000,15.043,126.9,15.000,15.411,130.0
15.3366,8340,43895,15.000,14.169,145.8,15.000,15.067,126.7,15.000,15.257,131.3
15.3366,8341,43900,15.000,14.354,144.3,15.000,15.074,126.7,15.000,15.261,130.9
15.3366,8342,43905,15.000,14.343,144.9,15.000,15.242,125.6,15.000,15.245,131.0
15.3366,8343,43910,15.000,14.541,143.6,15.000,15.085,127.0,15.000,15.265,130.8
15.3366,8344,43915,15.000,14.534,144.2,15.000,15.265,125.4,15.000,15.442,129.6
15.3366,8345,43920,15.000,14.747,142.9,15.000,15.117,126.8,15.000,15.297,131.0
15.3376,8346,43925,15.000,14.720,143.6,15.000,15.266,125.4,15.000,15.268,130.8
15.3376,8347,43930,15.000,14.748,143.4,15.000,15.295,125.6,15.000,15.299,130.5
15.3376,8348,43935,15.000,14.730,143.6,15.000,15.461,124.5,15.000,15.285,130.6
15.3376,8349,43940,15.000,14.735,143.5,15.000,15.284,126.0,15.000,15.295,130.5
15.3376,8350,43945,15.000,14.890,142.6,15.000,15.434,124.6,15.000,15.264,130.7
15.3376,8351,43950,15.000,14.915,142.8,15.000,15.459,124.7,15.000,15.474,129.2
15.3376,8352,43955,15.000,14.874,143.1,15.000,15.233,126.2,15.000,15.246,131.1
15.3376,8353,43960,15.000,15.100,141.6,15.000,15.464,124.2,15.000,15.292,130.2
15.3936,8354,43965,15.000,15.075,142.3,15.000,15.248,126.1,15.000,15.260,130.5
15.3936,8355,43970,15.000,14.338,147.0,15.000,15.241,125.6,15.000,15.249,130.5
15.3936,8356,43975,15.000,14.524,144.1,15.000,15.071,126.6,15.000,15.440,129.2
15.3936,8357,43980,15.000,14.519,144.6,15.000,15.065,126.2,15.000,15.248,130.8
15.3936,8358,43985,15.000,14.520,144.7,15.000,15.064,126.2,15.000,15.428,129.2
15.3936,8359,43990,15.000,14.695,143.6,15.000,15.056,126.3,15.000,15.237,130.8
15.3936,8360,43995,15.000,14.549,145.0,15.000,15.095,126.0,15.000,15.455,128.9
15.3936,8361,44000,15.000,14.514,144.9,15.000,14.882,127.5,15.000,15.235,130.8
15.4625,8362,44005,15.000,14.713,143.6,15.000,15.076,125.7,15.000,15.432,129.0
15.4625,8363,44010,15.000,14.532,145.3,15.000,14.895,127.3,15.000,15.436,129.4
15.4625,8364,44015,15.000,14.540,144.8,15.000,15.088,125.7,15.000,15.267,130.4
15.4625,8365,44020,15.000,15.073,141.4,15.000,15.076,126.2,15.000,15.434,128.9
15.4625,8366,44025,15.000,14.888,143.9,15.000,15.250,125.0,15.000,15.246,130.5
15.4625,8367,44030,15.000,15.065,142.3,15.000,15.063,126.6,15.000,15.427,128.8
15.4625,8368,44035,15.000,15.098,142.5,15.000,14.917,127.1,15.000,15.280,130.2
15.4625,8369,44040,15.000,15.049,142.9,15.000,15.051,125.9,15.000,15.413,128.9
15.4635,8370,44045,15.000,15.073,142.6,15.000,14.888,127.3,15.000,15.251,130.2
15.4635,8371,44050,15.000,15.246,141.6,15.000,15.242,124.6,15.000,15.427,128.7
15.4635,8372,44055,15.000,15.064,143.1,15.000,15.064,126.6,15.000,15.247,130.2
15.4635,8373,44060,15.000,15.235,141.6,15.000,15.234,125.0,15.000,15.415,128.7
15.4635,8374,44065,15.000,15.225,142.0,15.000,15.043,126.7,15.000,15.404,129.1
15.4635,8375,44070,15.000,15.428,140.7,15.000,15.243,124.9,15.000,15.245,130.1
15.4635,8376,44075,15.000,15.452,140.9,15.000,15.088,126.4,15.000,15.455,128.3
15.4635,8377,44080,15.000,15.418,141.2,15.000,15.417,123.8,15.000,15.239,130.1
15.5159,8378,44085,15.000,15.436,140.9,15.000,15.433,124.5,15.000,15.255,129.5
15.5159,8379,44090,15.000,15.445,140.8,15.000,15.444,124.4,15.000,15.265,129.4
15.5159,8380,44095,15.000,15.426,140.9,15.000,15.429,124.5,15.000,15.251,129.5
15.5159,8381,44100,15.000,15.434,140.8,15.000,15.256,125.5,15.000,15.077,130.6
15.5159,8382,44105,15.000,15.425,140.8,15.000,15.425,124.0,15.000,15.247,129.1
15.5159,8383,44110,15.000,15.079,143.0,15.000,15.266,125.4,15.000,15.089,130.5
15.5159,8384,44115,15.000,15.237,141.1,15.000,15.423,123.9,15.000,15.070,130.2
15.5159,8385,44120,15.000,15.069,142.6,15.000,15.256,125.3,15.000,15.083,130.1
15.5649,8386,44125,15.000,15.235,141.1,15.000,15.238,125.0,15.000,14.882,131.4
15.5649,8387,44130,15.000,15.078,142.5,15.000,15.265,124.8,15.000,15.085,129.6
15.5649,8388,44135,15.000,15.051,142.3,15.000,15.241,125.0,15.000,15.063,130.2
15.5649,8389,44140,15.000,14.910,143.1,15.000,15.281,124.6,15.000,14.921,131.1
15.5649,8390,44145,15.000,14.709,144.1,15.000,15.260,124.8,15.000,14.899,130.9
15.5649,8391,44150,15.000,14.517,144.9,15.000,15.425,123.7,15.000,14.887,130.9
15.5649,8392,44155,15.000,14.550,144.3,15.000,15.280,125.0,15.000,14.741,131.9
15.5649,8393,44160,15.000,14.706,143.4,15.000,15.247,124.8,15.000,14.708,131.8
15.5649,8394,44165,15.000,14.555,144.8,15.000,15.275,124.5,15.000,14.913,130.4
15.5649,8395,44170,15.000,14.504,144.8,15.000,15.226,124.9,15.000,14.864,131.2
15.5649,8396,44175,15.000,14.356,145.7,15.000,15.264,124.5,15.000,14.903,130.9
15.5649,8397,44180,15.000,14.370,145.3,15.000,15.277,124.4,15.000,14.734,132.1
15.5649,8398,44185,15.000,14.517,144.5,15.000,15.066,125.8,15.000,14.701,131.9
15.5649,8399,44190,15.000,14.524,144.9,15.000,14.889,126.5,15.000,14.706,131.8
15.5649,8400,44195,15.000,14.510,145.0,15.000,15.053,125.0,15.000,14.871,130.8
15.5649,8401,44200,15.000,14.552,144.8,15.000,14.918,126.2,15.000,14.914,130.9
15.6268,8402,44205,15.000,14.526,145.1,15.000,15.068,124.9,15.000,14.884,131.2
15.6268,8403,44210,15.000,14.514,145.2,15.000,15.056,125.4,15.000,14.870,131.3
15.6268,8404,44215,15.000,14.325,146.4,15.000,15.056,125.3,15.000,14.690,132.4
15.6268,8405,44220,15.000,14.345,145.9,15.000,15.071,125.2,15.000,14.886,130.7
15.6268,8406,44225,15.000,14.152,147.3,15.000,15.061,125.3,15.000,14.877,131.3
15.6268,8407,44230,15.000,14.147,147.0,15.000,15.057,125.3,15.000,14.874,131.3
15.6268,8408,44235,15.000,13.820,149.2,15.000,15.267,123.9,15.000,14.904,131.1
15.6268,8409,44240,15.000,13.959,147.6,15.000,15.409,123.5,15.000,15.047,130.3
15.6873,8410,44245,15.000,14.160,146.8,15.000,15.248,124.8,15.000,14.885,131.7
15.6873,8411,44250,15.000,14.163,147.3,15.000,15.252,124.4,15.000,14.890,131.2
15.6873,8412,44255,15.000,14.335,146.3,15.000,15.249,124.4,15.000,14.887,131.3
15.6873,8413,44260,15.000,14.363,146.6,15.000,15.094,125.4,15.000,15.102,129.9
15.6873,8414,44265,15.000,14.693,144.6,15.000,15.055,125.2,15.000,15.067,130.6
15.6873,8415,44270,15.000,14.541,146.4,15.000,15.090,124.9,15.000,14.920,131.5
15.6873,8416,44275,15.000,14.700,145.1,15.000,15.065,125.1,15.000,15.077,130.1
15.6873,8417,44280,15.000,14.897,144.2,15.000,14.897,126.2,15.000,15.089,130.4
15.6873,8418,44285,15.000,14.866,144.9,15.000,14.682,127.2,15.000,15.231,129.5
15.6873,8419,44290,15.000,14.884,144.7,15.000,14.518,127.8,15.000,15.068,130.9
15.6873,8420,44295,15.000,14.882,144.8,15.000,14.703,126.2,15.000,15.069,130.5
15.6873,8421,44300,15.000,15.052,143.7,15.000,14.688,126.8,15.000,15.237,129.4
15.6873,8422,44305,15.000,14.911,145.0,15.000,14.729,126.5,15.000,15.275,129.5
15.6873,8423,44310,15.000,14.870,145.0,15.000,14.872,125.7,15.000,15.048,131.0
15.6873,8424,44315,15.000,14.746,145.7,15.000,14.753,126.9,15.000,15.290,128.9
15.6873,8425,44320,15.000,14.701,145.7,15.000,14.880,125.8,15.000,15.238,129.8
15.7364,8426,44325,15.000,14.713,145.5,15.000,14.885,126.1,15.000,15.243,129.6
15.7364,8427,44330,15.000,14.476,147.2,15.000,15.010,125.3,15.000,15.194,129.9
15.7364,8428,44335,15.000,14.713,145.1,15.000,15.254,124.0,15.000,15.079,130.5
15.7364,8429,44340,15.000,14.552,146.8,15.000,15.456,123.2,15.000,15.280,128.9
15.7364,8430,44345,15.000,14.535,146.5,15.000,15.255,125.0,15.000,15.262,129.5
15.7364,8431,44350,15.000,14.379,147.6,15.000,15.281,124.3,15.000,14.923,131.6
15.7364,8432,44355,15.000,14.336,147.5,15.000,15.235,124.6,15.000,14.880,131.1
15.7364,8433,44360,15.000,14.341,147.5,15.000,15.239,124.5,15.000,14.882,131.0
15.8005,8434,44365,15.000,14.510,146.5,15.000,15.222,124.6,15.000,14.500,133.5
15.8005,8435,44370,15.000,14.743,145.4,15.000,14.912,126.5,15.000,14.556,132.3
15.8005,8436,44375,15.000,14.727,146.1,15.000,14.723,127.0,15.000,14.367,133.7
15.8005,8437,44380,15.000,14.950,144.6,15.000,14.584,127.5,15.000,14.403,133.1
15.8005,8438,44385,15.000,14.725,146.6,15.000,14.536,127.5,15.000,14.356,133.6
15.8005,8439,44390,15.000,14.708,146.2,15.000,14.156,129.9,15.000,14.158,134.8
15.8005,8440,44395,15.000,14.895,145.0,15.000,14.162,129.1,15.000,14.343,133.2
15.8005,8441,44400,15.000,14.870,145.6,15.000,14.137,129.3,15.000,14.503,132.7
15.8617,8442,44405,15.000,15.052,144.4,15.000,13.957,130.6,15.000,14.503,133.1
15.8617,8443,44410,15.000,15.108,144.5,15.000,14.015,129.9,15.000,14.565,132.8
15.8617,8444,44415,15.000,14.904,145.9,15.000,13.998,130.2,15.000,14.905,130.8
15.8617,8445,44420,15.000,15.043,144.5,15.000,14.142,129.4,15.000,14.863,131.9
15.8617,8446,44425,15.000,15.083,144.6,15.000,14.360,128.4,15.000,14.901,131.5
15.8617,8447,44430,15.000,15.072,144.8,15.000,14.533,127.9,15.000,15.075,130.5
15.8617,8448,44435,15.000,15.241,143.6,15.000,14.521,128.4,15.000,15.062,131.0
15.8617,8449,44440,15.000,15.270,143.8,15.000,14.729,127.1,15.000,15.086,130.8
15.8617,8450,44445,15.000,15.251,144.0,15.000,14.710,127.7,15.000,15.068,131.0
15.8617,8451,44450,15.000,15.259,143.9,15.000,14.720,127.7,15.000,15.076,130.9
15.8617,8452,44455,15.000,15.289,143.7,15.000,14.935,126.3,15.000,15.110,130.7
15.8617,8453,44460,15.000,15.398,143.0,15.000,14.863,127.3,15.000,15.216,130.0
15.8617,8454,44465,15.000,15.426,143.0,15.000,15.072,125.8,15.000,15.064,131.3
15.8617,8455,44470,15.000,15.408,143.2,15.000,15.056,126.4,15.000,15.225,129.8
15.8617,8456,44475,15.000,15.432,142.9,15.000,15.269,125.0,15.000,15.249,130.1
15.8617,8457,44480,15.000,15.410,143.1,15.000,14.890,127.9,15.000,15.228,130.2
15.9244,8458,44485,15.000,15.422,142.9,15.000,14.898,127.0,15.000,15.234,130.1
15.9244,8459,44490,15.000,15.595,141.7,15.000,15.073,125.8,15.000,15.414,128.9
15.9244,8460,44495,15.000,15.454,143.0,15.000,15.115,126.0,15.000,15.276,130.2
15.9244,8461,44500,15.000,15.627,141.5,15.000,15.287,124.9,15.000,15.267,129.9
15.9244,8462,44505,15.000,15.419,143.2,15.000,15.077,126.7,15.000,15.417,128.9
15.9244,8463,44510,15.000,15.458,142.4,15.000,15.112,126.0,15.000,15.274,130.1
15.9244,8464,44515,15.000,15.426,142.6,15.000,14.895,127.4,15.000,15.240,130.0
15.9244,8465,44520,15.000,15.480,142.1,15.000,14.945,126.6,15.000,15.295,129.5
15.9244,8466,44525,15.000,15.418,142.6,15.000,14.871,127.2,15.000,15.050,131.2
15.9244,8467,44530,15.000,15.437,142.3,15.000,15.245,124.6,15.000,14.886,131.7
15.9244,8468,44535,15.000,15.462,142.1,15.000,15.096,126.5,15.000,14.739,132.2
15.9244,8469,44540,15.000,15.419,142.4,15.000,14.335,131.0,15.000,14.509,133.4
15.9244,8470,44545,15.000,15.428,142.2,15.000,14.524,128.1,15.000,14.517,132.9
15.9244,8471,44550,15.000,15.402,142.4,15.000,14.320,129.9,15.000,14.316,134.2
15.9244,8472,44555,15.000,15.439,142.0,15.000,14.542,128.0,15.000,14.174,134.8
15.9244,8473,44560,15.000,15.408,142.2,15.000,14.514,128.8,15.000,14.146,134.7
15.9862,8474,44565,15.000,15.450,141.9,15.000,14.735,127.4,15.000,14.181,134.5
15.9862,8475,44570,15.000,15.260,143.1,15.000,14.733,127.9,15.000,13.814,137.1
15.9862,8476,44575,15.000,15.412,141.7,15.000,14.706,128.1,15.000,14.145,134.2
15.9862,8477,44580,15.000,15.243,143.1,15.000,14.721,128.0,15.000,13.977,136.2
15.9862,8478,44585,15.000,15.424,141.5,15.000,14.901,126.9,15.000,14.158,134.7
15.9862,8479,44590,15.000,15.258,142.9,15.000,15.632,122.6,15.000,14.173,135.1
15.9862,8480,44595,15.000,15.438,141.3,15.000,15.445,125.5,15.000,14.169,135.3
15.9862,8481,44600,15.000,15.280,142.7,15.000,15.645,123.7,15.000,14.366,134.1
16.0497,8482,44605,15.000,15.434,141.3,15.000,15.431,125.5,15.000,14.337,134.8
16.0497,8483,44610,15.000,15.283,142.6,15.000,15.277,125.9,15.000,14.549,133.5
16.0497,8484,44615,15.000,15.242,142.5,15.000,15.062,126.9,15.000,14.518,134.2
16.0497,8485,44620,15.000,15.246,142.4,15.000,15.061,126.4,15.000,14.700,133.0
16.0497,8486,44625,15.000,15.080,143.4,15.000,15.074,126.3,15.000,14.536,134.5
16.0497,8487,44630,15.000,15.073,143.1,15.000,15.064,126.4,15.000,14.889,131.9
16.0497,8488,44635,15.000,14.716,145.4,15.000,15.075,126.3,15.000,14.900,132.7
16.0497,8489,44640,15.000,14.715,144.5,15.000,14.893,127.5,15.000,14.900,132.7
16.0497,8490,44645,15.000,14.501,146.0,15.000,15.039,126.1,15.000,14.865,133.0
16.0497,8491,44650,15.000,14.516,145.4,15.000,14.875,127.5,15.000,15.065,131.6
16.0497,8492,44655,15.000,14.535,145.4,15.000,15.079,125.8,15.000,15.087,131.9
16.0497,8493,44660,15.000,14.524,145.5,15.000,15.252,125.2,15.000,14.894,133.2
16.0497,8494,44665,15.000,14.007,148.9,15.000,15.463,124.2,15.000,14.923,132.6
16.0497,8495,44670,15.000,13.958,148.1,15.000,15.411,125.0,15.000,15.048,131.9
16.0497,8496,44675,15.000,14.197,146.6,15.000,15.475,124.4,15.000,15.105,131.8
16.0497,8497,44680,15.000,14.200,147.2,15.000,15.299,125.6,15.000,14.928,133.1
16.1105,8498,44685,15.000,14.360,146.3,15.000,15.269,125.4,15.000,15.080,131.7
16.1105,8499,44690,15.000,14.528,145.7,15.000,15.436,124.2,15.000,15.068,132.1
16.1105,8500,44695,15.000,14.542,146.0,15.000,15.278,125.6,15.000,15.272,130.7
16.1105,8501,44700,15.000,14.699,145.1,15.000,15.434,124.1,15.000,15.064,132.5
16.1105,8502,44705,15.000,14.499,146.8,15.000,15.228,125.8,15.000,15.221,131.0
16.1105,8503,44710,15.000,14.719,144.9,15.000,15.451,123.8,15.000,15.258,131.1
16.1105,8504,44715,15.000,15.226,142.2,15.000,15.226,125.8,15.000,15.216,131.4
16.1105,8505,44720,15.000,15.440,142.0,15.000,15.440,123.8,15.000,15.253,131.1
16.1761,8506,44725,15.000,15.250,143.7,15.000,15.249,125.5,15.000,15.247,131.2
16.1761,8507,44730,15.000,15.434,142.0,15.000,15.251,125.0,15.000,15.249,131.1
16.1761,8508,44735,15.000,15.433,142.4,15.000,15.436,123.8,15.000,15.253,131.1
16.1761,8509,44740,15.000,15.458,142.2,15.000,15.279,125.2,15.000,15.276,130.9
16.1761,8510,44745,15.000,15.455,142.2,15.000,15.273,124.8,15.000,15.269,131.0
16.1761,8511,44750,15.000,15.284,143.3,15.000,15.285,124.7,15.000,15.280,130.9
16.1761,8512,44755,15.000,15.441,141.8,15.000,15.265,124.8,15.000,15.256,131.0
16.1761,8513,44760,15.000,15.226,143.5,15.000,15.231,125.0,15.000,15.225,131.1
16.1761,8514,44765,15.000,15.457,141.5,15.000,15.276,124.6,15.000,15.454,129.5
16.1761,8515,44770,15.000,15.285,143.1,15.000,14.924,127.0,15.000,15.286,131.1
16.1761,8516,44775,15.000,15.222,143.1,15.000,15.038,125.4,15.000,15.400,129.9
16.1761,8517,44780,15.000,15.258,142.7,15.000,15.067,125.5,15.000,15.429,130.0
16.1761,8518,44785,15.000,15.255,142.7,15.000,15.063,125.5,15.000,15.244,131.2
16.1761,8519,44790,15.000,15.225,142.9,15.000,15.038,125.7,15.000,15.397,129.7
16.1761,8520,44795,15.000,15.251,142.6,15.000,15.065,125.5,15.000,15.057,132.3
16.1761,8521,44800,15.000,15.256,142.6,15.000,15.070,125.5,15.000,15.063,131.4
16.2369,8522,44805,15.000,15.266,142.5,15.000,15.077,125.4,15.000,14.712,133.7
16.2369,8523,44810,15.000,15.279,142.5,15.000,15.092,125.3,15.000,14.727,132.8
16.2369,8524,44815,15.000,15.221,142.8,15.000,15.043,125.7,15.000,14.494,134.4
16.2369,8525,44820,15.000,15.250,142.5,15.000,15.255,124.2,15.000,14.523,133.7
16.2369,8526,44825,15.000,15.429,141.4,15.000,15.258,124.7,15.000,14.348,135.0
16.2369,8527,44830,15.000,15.210,143.2,15.000,15.225,124.8,15.000,14.497,133.6
16.2369,8528,44835,15.000,15.227,142.5,15.000,15.245,124.6,15.000,14.513,133.9
16.2369,8529,44840,15.000,15.102,143.3,15.000,15.296,124.3,15.000,14.385,134.9
16.2961,8530,44845,15.000,15.252,142.0,15.000,15.262,124.6,15.000,14.538,133.6
16.2961,8531,44850,15.000,15.251,142.4,15.000,15.263,124.5,15.000,14.721,132.9
16.2961,8532,44855,15.000,15.252,142.3,15.000,15.268,124.4,15.000,14.906,132.1
16.2961,8533,44860,15.000,15.214,142.6,15.000,15.223,124.7,15.000,15.044,131.7
16.2961,8534,44865,15.000,15.279,142.0,15.000,15.281,124.2,15.000,15.102,131.6
16.2961,8535,44870,15.000,15.222,142.5,15.000,15.221,124.7,15.000,15.042,132.2
16.2961,8536,44875,15.000,15.097,143.2,15.000,15.280,124.1,15.000,15.278,130.5
16.2961,8537,44880,15.000,15.292,141.6,15.000,15.293,124.2,15.000,15.110,132.1
16.2961,8538,44885,15.000,15.261,142.2,15.000,15.252,124.4,15.000,15.073,131.9
16.2961,8539,44890,15.000,15.432,141.0,15.000,15.244,124.3,15.000,15.252,130.7
16.2961,8540,44895,15.000,15.241,142.6,15.000,15.238,124.3,15.000,15.243,131.1
16.2961,8541,44900,15.000,15.428,140.9,15.000,15.057,125.5,15.000,15.244,131.1
16.2961,8542,44905,15.000,15.278,142.3,15.000,15.086,124.8,15.000,15.275,130.8
16.2961,8543,44910,15.000,15.463,140.7,15.000,14.913,126.0,15.000,15.101,132.0
16.2961,8544,44915,15.000,15.241,142.5,15.000,15.054,124.7,15.000,15.242,130.7
16.2961,8545,44920,15.000,15.446,140.6,15.000,15.078,124.9,15.000,15.265,130.8
16.3450,8546,44925,15.000,15.444,141.1,15.000,15.070,125.0,15.000,15.259,130.9
16.3450,8547,44930,15.000,15.256,142.3,15.000,15.065,125.0,15.000,15.254,130.9
16.3450,8548,44935,15.000,15.425,140.7,15.000,14.884,126.2,15.000,15.430,129.7
16.3450,8549,44940,15.000,15.250,142.2,15.000,15.075,124.5,15.000,15.251,131.2
16.3450,8550,44945,15.000,15.440,140.5,15.000,15.083,124.9,15.000,15.260,130.7
16.3450,8551,44950,15.000,15.241,142.2,15.000,15.246,123.8,15.000,15.060,132.0
16.3450,8552,44955,15.000,15.435,140.4,15.000,15.257,124.1,15.000,15.255,130.3
16.3450,8553,44960,15.000,15.263,141.9,15.000,15.266,124.1,15.000,15.263,130.6
16.4065,8554,44965,15.000,15.454,140.3,15.000,15.275,124.0,15.000,15.092,131.7
16.4065,8555,44970,15.000,15.272,141.9,15.000,15.093,125.2,15.000,15.095,131.3
16.4065,8556,44975,15.000,15.079,142.6,15.000,14.905,125.9,15.000,15.084,131.4
16.4065,8557,44980,15.000,15.074,142.2,15.000,15.081,124.4,15.000,15.080,131.4
16.4065,8558,44985,15.000,14.892,143.4,15.000,15.075,124.8,15.000,14.896,132.5
16.4065,8559,44990,15.000,14.890,143.0,15.000,15.069,124.8,15.000,14.891,132.1
16.4065,8560,44995,15.000,14.719,144.1,15.000,14.899,125.9,15.000,14.903,132.1
16.4065,8561,45000,15.000,14.525,145.0,15.000,14.704,126.8,15.000,15.069,131.0
16.4065,8562,45005,15.000,14.342,145.7,15.000,14.887,125.2,15.000,14.882,132.6
16.4065,8563,45010,15.000,14.500,144.4,15.000,14.867,125.7,15.000,14.862,132.3
16.4065,8564,45015,15.000,14.151,147.1,15.000,14.884,125.6,15.000,14.877,132.2
16.4065,8565,45020,15.000,14.145,146.4,15.000,15.062,124.5,15.000,15.050,131.1
16.4065,8566,45025,15.000,14.329,145.3,15.000,15.063,124.9,15.000,14.872,132.7
16.4065,8567,45030,15.000,14.526,144.5,15.000,15.077,124.8,15.000,14.886,132.2
16.4065,8568,45035,15.000,14.545,144.9,15.000,15.099,124.7,15.000,14.908,132.1
16.4065,8569,45040,15.000,14.728,143.8,15.000,14.914,125.9,15.000,14.906,132.2
16.4686,8570,45045,15.000,14.704,144.4,15.000,15.245,123.3,15.000,15.056,131.2
16.4686,8571,45050,15.000,15.075,142.0,15.000,15.257,124.0,15.000,14.889,132.6
16.4686,8572,45055,15.000,15.047,143.0,15.000,15.229,124.2,15.000,14.864,132.4
16.4686,8573,45060,15.000,15.096,142.6,15.000,15.274,123.8,15.000,14.909,132.1
16.4686,8574,45065,15.000,15.252,141.7,15.000,15.242,124.1,15.000,15.059,131.2
16.4686,8575,45070,15.000,15.467,140.7,15.000,15.272,123.8,15.000,14.911,132.5
16.4686,8576,45075,15.000,15.464,141.2,15.000,15.269,123.9,15.000,14.907,132.2
16.4686,8577,45080,15.000,15.269,142.4,15.000,15.073,125.1,15.000,15.074,131.1
16.5296,8578,45085,15.000,15.460,140.6,15.000,15.262,123.4,15.000,15.081,131.5
16.5296,8579,45090,15.000,15.247,142.4,15.000,15.235,124.0,15.000,15.054,131.7
16.5296,8580,45095,15.000,15.443,140.6,15.000,15.076,124.9,15.000,15.076,131.4
16.5296,8581,45100,15.000,15.260,142.2,15.000,15.072,124.6,15.000,15.072,131.5
16.5296,8582,45105,15.000,15.100,142.8,15.000,14.913,125.6,15.000,15.279,130.2
16.5296,8583,45110,15.000,14.906,143.7,15.000,15.085,124.1,15.000,15.268,130.7
16.5296,8584,45115,15.000,15.096,142.0,15.000,14.920,125.6,15.000,15.103,131.7
16.5296,8585,45120,15.000,14.890,143.8,15.000,14.895,125.4,15.000,15.261,130.3
16.5296,8586,45125,15.000,15.051,142.2,15.000,14.873,125.5,15.000,15.238,130.8
16.5296,8587,45130,15.000,15.058,142.6,15.000,14.702,126.5,15.000,15.069,131.8
16.5296,8588,45135,15.000,14.854,143.9,15.000,14.496,127.5,15.000,15.223,130.4
16.5296,8589,45140,15.000,15.058,142.1,15.000,14.519,126.9,15.000,15.246,130.6
16.5296,8590,45145,15.000,14.901,143.6,15.000,14.541,126.9,15.000,15.271,130.4
16.5296,8591,45150,15.000,14.543,145.6,15.000,14.544,127.0,15.000,15.273,130.4
16.5296,8592,45155,15.000,14.685,143.8,15.000,14.504,127.3,15.000,15.230,130.7
16.5296,8593,45160,15.000,14.702,144.1,15.000,14.336,128.3,15.000,15.243,130.5
16.5938,8594,45165,15.000,14.541,145.2,15.000,14.353,127.9,15.000,15.260,130.4
16.5938,8595,45170,15.000,14.505,145.1,15.000,14.493,127.1,15.000,15.218,130.7
16.5938,8596,45175,15.000,14.359,146.1,15.000,14.534,127.2,15.000,15.260,130.3
16.5938,8597,45180,15.000,14.333,145.9,15.000,14.689,126.4,15.000,15.409,129.4
16.5938,8598,45185,15.000,14.366,145.7,15.000,14.542,127.7,15.000,15.267,130.6
16.5948,8599,45190,15.000,13.992,148.3,15.000,14.529,127.5,15.000,15.254,130.3
16.5948,8600,45195,15.000,13.979,147.6,15.000,14.699,126.4,15.000,15.241,130.3
16.5948,8601,45200,15.000,14.331,145.4,15.000,14.692,126.9,15.000,15.234,130.3
16.6540,8602,45205,15.000,14.530,145.1,15.000,14.883,125.7,15.000,15.245,130.2
16.6540,8603,45210,15.000,14.547,145.5,15.000,14.905,126.0,15.000,15.268,130.0
16.6540,8604,45215,15.000,14.518,145.8,15.000,14.880,126.3,15.000,15.422,129.1
16.6540,8605,45220,15.000,14.527,145.7,15.000,14.712,127.3,15.000,15.254,130.5
16.6540,8606,45225,15.000,14.515,145.8,15.000,14.697,127.0,15.000,15.420,129.0
16.6540,8607,45230,15.000,14.537,145.7,15.000,14.354,129.3,15.000,15.264,130.3
16.6540,8608,45235,15.000,14.693,144.8,15.000,14.687,126.3,15.000,15.414,129.0
16.6540,8609,45240,15.000,14.885,144.0,15.000,14.702,127.1,15.000,15.429,129.2
16.6540,8610,45245,15.000,14.871,144.5,15.000,14.681,127.3,15.000,15.228,130.5
16.6540,8611,45250,15.000,15.092,143.1,15.000,14.722,127.0,15.000,15.453,128.5
16.6540,8612,45255,15.000,14.909,144.8,15.000,14.727,127.1,15.000,15.278,130.1
16.6540,8613,45260,15.000,15.038,143.5,15.000,14.489,128.7,15.000,15.400,128.9
16.6540,8614,45265,15.000,15.078,143.6,15.000,14.530,127.9,15.000,15.261,130.0
16.6540,8615,45270,15.000,15.076,143.7,15.000,14.707,126.9,15.000,15.256,129.7
16.6540,8616,45275,15.000,15.266,142.4,15.000,14.897,126.1,15.000,15.085,130.8
16.6540,8617,45280,15.000,15.238,143.0,15.000,15.234,124.4,15.000,14.876,131.7
16.7161,8618,45285,15.000,15.287,142.6,15.000,14.914,127.3,15.000,14.741,132.1
16.7161,8619,45290,15.000,15.095,143.9,15.000,14.902,126.6,15.000,14.729,131.9
16.7161,8620,45295,15.000,15.113,143.4,15.000,14.745,127.6,15.000,14.751,131.7
16.7161,8621,45300,15.000,14.903,144.8,15.000,14.535,128.6,15.000,14.537,133.2
16.7161,8622,45305,15.000,14.896,144.3,15.000,14.523,128.3,15.000,14.528,132.8
16.7161,8623,45310,15.000,14.550,146.6,15.000,14.540,128.2,15.000,14.365,133.9
16.7161,8624,45315,15.000,14.709,144.7,15.000,14.698,127.2,15.000,14.344,133.7
16.7161,8625,45320,15.000,14.719,145.1,15.000,14.528,128.8,15.000,14.534,132.5
16.7803,8626,45325,15.000,14.518,146.5,15.000,14.324,129.7,15.000,14.512,133.2
16.7803,8627,45330,15.000,14.550,145.8,15.000,14.359,129.1,15.000,14.726,131.8
16.7803,8628,45335,15.000,14.352,147.2,15.000,14.536,128.1,15.000,14.718,132.4
16.7803,8629,45340,15.000,14.509,145.8,15.000,14.507,128.8,15.000,14.866,131.4
16.7803,8630,45345,15.000,14.318,147.5,15.000,14.495,128.8,15.000,14.856,131.9
16.7803,8631,45350,15.000,14.347,146.9,15.000,14.708,127.5,15.000,14.889,131.6
16.7803,8632,45355,15.000,14.336,147.1,15.000,14.696,128.1,15.000,14.877,131.8
16.7803,8633,45360,15.000,14.542,145.8,15.000,14.897,126.8,15.000,14.898,131.7
16.7803,8634,45365,15.000,14.512,146.6,15.000,14.689,128.6,15.000,14.870,131.9
16.7803,8635,45370,15.000,14.540,146.4,15.000,14.905,126.8,15.000,14.906,131.6
16.7803,8636,45375,15.000,14.370,147.6,15.000,14.922,127.2,15.000,14.923,131.6
16.7803,8637,45380,15.000,14.538,146.2,15.000,14.906,127.3,15.000,14.907,131.8
16.7803,8638,45385,15.000,14.527,146.7,15.000,15.077,126.2,15.000,14.894,131.8
16.7803,8639,45390,15.000,14.519,146.8,15.000,15.069,126.7,15.000,14.709,133.0
16.7803,8640,45395,15.000,14.715,145.6,15.000,15.268,125.3,15.000,14.907,131.3
16.7803,8641,45400,15.000,14.689,146.2,15.000,15.240,126.0,15.000,14.879,132.0
16.8463,8642,45405,15.000,14.705,146.1,15.000,15.256,125.8,15.000,14.893,131.8
16.8463,8643,45410,15.000,14.512,147.4,15.000,15.068,127.0,15.000,14.890,131.9
16.8463,8644,45415,15.000,14.376,147.9,15.000,15.111,126.3,15.000,14.933,131.6
16.8463,8645,45420,15.000,14.335,147.9,15.000,15.063,126.7,15.000,14.706,133.2
16.8463,8646,45425,15.000,14.496,146.9,15.000,15.219,125.5,15.000,14.861,131.7
16.8463,8647,45430,15.000,14.153,149.5,15.000,15.242,125.7,15.000,14.885,131.9
16.8463,8648,45435,15.000,14.134,148.9,15.000,14.859,128.2,15.000,14.865,132.1
16.8463,8649,45440,15.000,14.353,147.6,15.000,15.080,125.9,15.000,14.903,131.8
16.8463,8650,45445,15.000,14.333,148.3,15.000,14.873,127.8,15.000,14.696,133.3
16.8463,8651,45450,15.000,14.351,148.2,15.000,15.077,126.0,15.000,14.898,131.5
16.8463,8652,45455,15.000,14.563,146.9,15.000,14.930,127.4,15.000,14.933,131.8
16.8463,8653,45460,15.000,14.711,146.5,15.000,15.255,124.9,15.000,14.893,132.1
16.8463,8654,45465,15.000,14.891,145.7,15.000,15.067,126.9,15.000,14.889,132.1
16.8463,8655,45470,15.000,14.901,146.1,15.000,14.899,127.5,15.000,14.900,132.0
16.8463,8656,45475,15.000,15.099,144.9,15.000,14.371,130.6,15.000,14.919,131.9
16.8463,8657,45480,15.000,15.242,144.4,15.000,14.507,128.5,15.000,14.875,132.3
16.9056,8658,45485,15.000,15.463,143.3,15.000,14.724,127.5,15.000,14.912,131.9
16.9056,8659,45490,15.000,15.267,145.0,15.000,14.709,128.1,15.000,14.898,132.1
16.9056,8660,45495,15.000,15.456,143.3,15.000,14.721,128.1,15.000,15.092,130.8
16.9056,8661,45500,15.000,15.439,143.8,15.000,14.698,128.3,15.000,14.890,132.6
16.9056,8662,45505,15.000,15.408,143.9,15.000,14.487,129.6,15.000,15.038,131.2
16.9056,8663,45510,15.000,15.421,143.7,15.000,14.322,130.2,15.000,15.052,131.4
16.9056,8664,45515,15.000,15.427,143.7,15.000,14.511,128.7,15.000,15.058,131.4
16.9056,8665,45520,15.000,15.425,143.6,15.000,14.508,129.2,15.000,15.235,130.3
16.9725,8666,45525,15.000,15.272,144.6,15.000,14.899,126.7,15.000,15.080,131.7
16.9725,8667,45530,15.000,15.456,143.0,15.000,14.728,128.8,15.000,15.088,131.2
16.9725,8668,45535,15.000,15.265,144.6,15.000,14.540,129.6,15.000,15.266,130.1
16.9725,8669,45540,15.000,15.426,143.1,15.000,14.519,129.4,15.000,15.247,130.6
16.9725,8670,45545,15.000,15.260,144.5,15.000,14.349,130.5,15.000,15.079,131.6
16.9725,8671,45550,15.000,15.422,143.0,15.000,14.329,130.3,15.000,15.243,130.2
16.9725,8672,45555,15.000,15.281,144.3,15.000,14.553,128.9,15.000,15.105,131.4
16.9725,8673,45560,15.000,15.438,142.9,15.000,14.351,130.8,15.000,15.260,130.1
16.9725,8674,45565,15.000,15.081,145.5,15.000,14.360,130.3,15.000,15.269,130.3
16.9725,8675,45570,15.000,15.249,143.6,15.000,14.351,130.4,15.000,15.078,131.6
16.9725,8676,45575,15.000,15.238,144.0,15.000,14.528,129.3,15.000,15.259,129.9
16.9725,8677,45580,15.000,15.050,145.2,15.000,14.516,129.9,15.000,15.247,130.4
16.9725,8678,45585,15.000,15.199,143.8,15.000,14.849,127.8,15.000,15.214,130.6
16.9725,8679,45590,15.000,15.089,144.8,15.000,14.740,129.3,15.000,15.282,130.0
16.9725,8680,45595,15.000,15.060,144.7,15.000,14.895,128.0,15.000,15.254,130.3
16.9725,8681,45600,15.000,15.068,144.6,15.000,14.904,128.4,15.000,15.260,130.2
17.0301,8682,45605,15.000,15.046,144.8,15.000,14.878,128.6,15.000,15.235,130.4
17.0301,8683,45610,15.000,15.071,144.5,15.000,15.259,126.0,15.000,15.259,130.1
17.0301,8684,45615,15.000,15.227,143.6,15.000,15.235,127.1,15.000,15.236,130.3
17.0301,8685,45620,15.000,15.248,143.8,15.000,15.434,125.7,15.000,15.436,128.9
17.0301,8686,45625,15.000,15.253,143.8,15.000,15.253,127.3,15.000,15.252,130.5
17.0301,8687,45630,15.000,15.277,143.6,15.000,15.460,125.5,15.000,15.277,129.9
17.0301,8688,45635,15.000,15.104,144.7,15.000,15.105,128.3,15.000,15.285,129.9
17.0301,8689,45640,15.000,15.063,144.6,15.000,15.242,126.5,15.000,15.240,130.2
17.0903,8690,45645,15.000,15.250,143.3,15.000,15.249,126.8,15.000,15.247,130.0
17.0903,8691,45650,15.000,15.100,144.7,15.000,15.282,126.5,15.000,15.098,130.9
17.0903,8692,45655,15.000,15.246,143.3,15.000,15.255,126.7,15.000,15.070,130.7
17.0903,8693,45660,15.000,15.085,144.7,15.000,15.277,126.5,15.000,14.726,132.9
17.0903,8694,45665,15.000,15.054,144.5,15.000,14.888,129.1,15.000,14.691,132.3
17.0903,8695,45670,15.000,14.717,146.6,15.000,14.551,130.3,15.000,14.541,133.3
17.0903,8696,45675,15.000,14.659,146.2,15.000,14.492,130.0,15.000,14.480,133.4
17.0903,8697,45680,15.000,14.707,145.8,15.000,14.548,129.5,15.000,14.529,133.0
17.0903,8698,45685,15.000,14.708,146.0,15.000,14.726,128.5,15.000,14.346,134.3
17.0903,8699,45690,15.000,14.682,146.2,15.000,14.700,129.2,15.000,14.502,132.9
17.0903,8700,45695,15.000,14.696,146.0,15.000,14.716,129.0,15.000,14.516,133.3
17.0903,8701,45700,15.000,14.678,146.2,15.000,14.696,129.2,15.000,14.498,133.5
17.0903,8702,45705,15.000,14.546,147.1,15.000,14.555,130.2,15.000,14.543,133.2
17.0903,8703,45710,15.000,14.534,146.9,15.000,14.541,130.0,15.000,14.897,131.1
17.0903,8704,45715,15.000,14.714,145.8,15.000,15.077,126.5,15.000,14.898,131.9
17.0903,8705,45720,15.000,14.874,145.2,15.000,15.236,126.7,15.000,14.874,132.1
17.1516,8706,45725,15.000,15.114,144.0,15.000,15.475,125.5,15.000,15.112,130.5
17.1516,8707,45730,15.000,15.055,145.0,15.000,15.229,127.6,15.000,15.053,131.4
17.1516,8708,45735,15.000,15.257,143.5,15.000,15.435,125.7,15.000,15.077,131.1
17.1516,8709,45740,15.000,15.254,144.0,15.000,15.432,126.1,15.000,15.074,131.2
17.1516,8710,45745,15.000,15.258,143.9,15.000,15.433,126.1,15.000,15.075,131.2
17.1516,8711,45750,15.000,15.285,143.7,15.000,15.278,127.0,15.000,15.102,131.0
17.1516,8712,45755,15.000,15.414,142.9,15.000,15.234,126.9,15.000,15.228,130.2
17.1516,8713,45760,15.000,15.413,143.2,15.000,15.237,126.8,15.000,15.049,131.7
17.2162,8714,45765,15.000,15.291,143.9,15.000,15.110,127.6,15.000,15.100,130.9
17.2162,8715,45770,15.000,15.432,142.7,15.000,15.253,126.3,15.000,15.243,130.1
17.2162,8716,45775,15.000,15.263,144.1,15.000,15.088,127.7,15.000,15.078,131.5
17.2162,8717,45780,15.000,15.457,142.4,15.000,15.279,126.1,15.000,15.089,131.0
17.2162,8718,45785,15.000,15.242,144.2,15.000,15.064,127.9,15.000,15.235,130.1
17.2162,8719,45790,15.000,15.473,142.1,15.000,15.116,127.0,15.000,15.104,131.2
17.2162,8720,45795,15.000,15.259,144.0,15.000,15.084,127.4,15.000,15.072,131.1
17.2162,8721,45800,15.000,15.421,142.4,15.000,15.247,126.2,15.000,15.233,130.0
17.2162,8722,45805,15.000,15.091,144.9,15.000,15.450,125.2,15.000,15.082,131.3
17.2162,8723,45810,15.000,15.079,144.2,15.000,15.441,125.7,15.000,15.074,131.0
17.2162,8724,45815,15.000,15.050,144.3,15.000,15.415,125.8,15.000,15.046,131.2
17.2162,8725,45820,15.000,15.104,143.9,15.000,15.103,127.8,15.000,14.919,131.9
17.2162,8726,45825,15.000,15.223,143.3,15.000,15.041,127.4,15.000,15.035,130.9
17.2162,8727,45830,15.000,15.054,144.6,15.000,15.057,127.2,15.000,15.049,131.1
17.2162,8728,45835,15.000,15.243,143.0,15.000,15.063,127.1,15.000,14.876,132.2
17.2162,8729,45840,15.000,15.058,144.6,15.000,15.063,127.2,15.000,14.875,131.8
17.2772,8730,45845,15.000,15.075,144.0,15.000,15.079,127.0,15.000,14.892,131.7
17.2772,8731,45850,15.000,14.888,145.3,15.000,15.074,127.1,15.000,14.889,131.8
17.2772,8732,45855,15.000,15.057,143.8,15.000,15.069,127.1,15.000,14.881,131.8
17.2772,8733,45860,15.000,15.257,142.9,15.000,15.081,127.0,15.000,14.893,131.8
17.2772,8734,45865,15.000,15.430,142.2,15.000,15.075,127.1,15.000,14.887,131.8
17.2772,8735,45870,15.000,15.249,143.7,15.000,15.442,124.7,15.000,14.887,131.8
17.2772,8736,45875,15.000,15.107,144.2,15.000,15.480,125.2,15.000,14.747,132.8
17.2772,8737,45880,15.000,15.082,144.0,15.000,15.448,125.5,15.000,14.898,131.5
17.3394,8738,45885,15.000,15.095,143.8,15.000,15.459,125.3,15.000,14.909,131.8
17.3394,8739,45890,15.000,15.267,142.7,15.000,15.450,125.3,15.000,14.901,131.9
17.3394,8740,45895,15.000,15.273,143.1,15.000,15.277,126.4,15.000,14.910,131.8
17.3394,8741,45900,15.000,15.442,142.0,15.000,15.082,127.2,15.000,14.895,131.9
17.3394,8742,45905,15.000,15.624,141.1,15.000,15.082,126.7,15.000,14.897,131.9
17.3394,8743,45910,15.000,15.246,144.0,15.000,15.068,126.8,15.000,14.883,132.0
17.3394,8744,45915,15.000,15.256,143.0,15.000,15.074,126.7,15.000,15.070,130.8
17.3394,8745,45920,15.000,15.238,143.1,15.000,15.054,126.9,15.000,15.052,131.3
17.3394,8746,45925,15.000,15.249,142.9,15.000,15.063,126.7,15.000,15.061,131.2
17.3394,8747,45930,15.000,15.447,141.6,15.000,15.085,126.6,15.000,14.901,132.3
17.3394,8748,45935,15.000,15.236,143.4,15.000,15.059,126.8,15.000,15.052,130.9
17.3394,8749,45940,15.000,15.234,142.9,15.000,14.690,129.2,15.000,15.050,131.3
17.3394,8750,45945,15.000,15.249,142.8,15.000,14.883,127.1,15.000,15.244,130.0
17.3394,8751,45950,15.000,15.235,142.9,15.000,15.051,126.4,15.000,15.052,131.7
17.3394,8752,45955,15.000,15.058,144.0,15.000,15.055,126.8,15.000,15.057,131.2
17.3394,8753,45960,15.000,15.443,141.0,15.000,15.078,126.7,15.000,15.261,129.9
17.4015,8754,45965,15.000,15.272,143.0,15.000,15.087,126.7,15.000,15.090,131.4
17.4015,8755,45970,15.000,15.427,141.6,15.000,14.885,128.0,15.000,15.246,130.0
17.4015,8756,45975,15.000,15.407,142.0,15.000,14.866,127.6,15.000,15.228,130.5
17.4015,8757,45980,15.000,15.426,141.8,15.000,14.885,127.5,15.000,15.244,130.3
17.4015,8758,45985,15.000,15.427,141.8,15.000,14.885,127.5,15.000,15.245,130.3
17.4015,8759,45990,15.000,15.263,142.8,15.000,15.270,125.0,15.000,15.262,130.2
17.4015,8760,45995,15.000,15.221,142.7,15.000,15.052,127.4,15.000,15.218,130.5
17.4015,8761,46000,15.000,15.087,143.4,15.000,15.098,126.5,15.000,15.260,130.1
17.4015,8762,46005,15.000,15.292,141.8,15.000,14.934,127.7,15.000,15.279,130.0
17.4015,8763,46010,15.000,15.080,143.6,15.000,14.724,128.7,15.000,15.249,130.2
17.4015,8764,46015,15.000,15.224,142.1,15.000,14.693,128.4,15.000,15.218,130.3
17.4015,8765,46020,15.000,15.098,143.3,15.000,14.928,126.8,15.000,14.906,132.3
17.4015,8766,46025,15.000,15.086,143.0,15.000,14.916,127.5,15.000,14.893,131.6
17.4015,8767,46030,15.000,15.074,143.1,15.000,14.719,128.7,15.000,14.881,131.7
17.4015,8768,46035,15.000,15.104,142.8,15.000,14.568,129.3,15.000,14.551,133.8
17.4015,8769,46040,15.000,15.061,143.2,15.000,14.339,130.5,15.000,14.506,133.3
17.4627,8770,46045,15.000,15.067,143.0,15.000,14.340,130.0,15.000,14.329,134.5
17.4627,8771,46050,15.000,15.087,142.9,15.000,14.181,131.1,15.000,14.354,133.9
17.4627,8772,46055,15.000,15.043,143.2,15.000,14.509,128.7,15.000,14.318,134.3
17.4627,8773,46060,15.000,14.872,144.2,15.000,14.518,129.5,15.000,14.328,134.2
17.4627,8774,46065,15.000,14.744,144.7,15.000,14.751,128.0,15.000,14.378,134.0
17.4627,8775,46070,15.000,14.725,144.5,15.000,14.548,129.9,15.000,14.544,133.1
17.4627,8776,46075,15.000,14.717,144.6,15.000,14.718,128.4,15.000,14.714,132.5
17.4627,8777,46080,15.000,14.696,144.7,15.000,14.702,128.9,15.000,14.697,133.0
17.5261,8778,46085,15.000,14.702,144.7,15.000,14.885,127.7,15.000,14.882,131.8
17.5261,8779,46090,15.000,14.892,143.5,15.000,14.897,128.1,15.000,15.074,131.0
17.5261,8780,46095,15.000,14.902,143.9,15.000,15.092,126.9,15.000,15.091,131.4
17.5261,8781,46100,15.000,15.039,143.0,15.000,15.042,127.7,15.000,15.222,130.5
17.5261,8782,46105,15.000,14.888,144.3,15.000,14.708,129.7,15.000,15.249,130.6
17.5261,8783,46110,15.000,15.266,141.5,15.000,14.722,128.9,15.000,15.083,131.8
17.5261,8784,46115,15.000,15.253,142.5,15.000,14.524,130.2,15.000,15.068,131.4
17.5261,8785,46120,15.000,15.403,141.4,15.000,14.495,130.0,15.000,15.218,130.4
17.5261,8786,46125,15.000,15.423,141.6,15.000,14.151,132.2,15.000,15.056,131.8
17.5261,8787,46130,15.000,15.443,141.5,15.000,14.171,131.4,15.000,15.260,130.1
17.5261,8788,46135,15.000,15.419,141.6,15.000,13.968,132.8,15.000,15.236,130.7
17.5261,8789,46140,15.000,15.450,141.3,15.000,13.813,133.5,15.000,15.086,131.6
17.5261,8790,46145,15.000,15.618,140.3,15.000,13.622,134.5,15.000,15.250,130.2
17.5261,8791,46150,15.000,15.465,141.6,15.000,13.652,134.0,15.000,15.101,131.5
17.5261,8792,46155,15.000,15.626,140.1,15.000,13.633,134.3,15.000,15.261,130.1
17.5261,8793,46160,15.000,15.419,141.8,15.000,13.609,134.6,15.000,15.235,130.6
17.5879,8794,46165,15.000,15.435,141.1,15.000,13.622,134.6,15.000,15.433,129.2
17.5879,8795,46170,15.000,15.447,141.0,15.000,13.632,134.7,15.000,15.262,130.8
17.5879,8796,46175,15.000,15.465,140.9,15.000,13.839,133.6,15.000,15.474,129.0
17.5879,8797,46180,15.000,15.421,141.2,15.000,13.620,135.6,15.000,15.249,130.9
17.5879,8798,46185,15.000,15.454,140.8,15.000,13.834,133.9,15.000,15.468,128.9
17.5879,8799,46190,15.000,15.249,142.2,15.000,13.995,133.5,15.000,15.445,129.5
17.5879,8800,46195,15.000,15.251,141.6,15.000,14.355,131.6,15.000,15.447,129.4
17.5879,8801,46200,15.000,15.240,141.7,15.000,14.161,133.8,15.000,15.435,129.4
17.6489,8802,46205,15.000,15.237,141.7,15.000,14.513,131.2,15.000,15.249,130.5
17.6489,8803,46210,15.000,15.250,141.5,15.000,14.529,132.0,15.000,15.264,130.0
17.6489,8804,46215,15.000,15.383,140.7,15.000,14.666,131.2,15.000,15.038,131.4
17.6489,8805,46220,15.000,15.264,141.7,15.000,14.730,131.1,15.000,15.103,130.5
17.6489,8806,46225,15.000,15.425,140.4,15.000,14.704,131.5,15.000,14.891,132.0
17.6489,8807,46230,15.000,15.263,141.7,15.000,14.896,130.2,15.000,15.086,130.2
17.6489,8808,46235,15.000,15.245,141.4,15.000,14.516,133.1,15.000,14.884,132.0
17.6489,8809,46240,15.000,15.253,141.3,15.000,14.341,133.4,15.000,14.892,131.5
17.6489,8810,46245,15.000,15.252,141.3,15.000,14.338,133.1,15.000,14.709,132.7
17.6489,8811,46250,15.000,15.241,141.4,15.000,14.694,130.8,15.000,14.699,132.4
17.6489,8812,46255,15.000,15.281,141.0,15.000,14.553,132.6,15.000,14.923,130.9
17.6489,8813,46260,15.000,15.258,141.3,15.000,14.710,131.3,15.000,14.900,131.6
17.6489,8814,46265,15.000,15.307,140.9,15.000,14.757,131.4,15.000,14.942,131.3
17.6489,8815,46270,15.000,15.246,141.3,15.000,14.875,130.8,15.000,14.881,131.8
17.6489,8816,46275,15.000,15.260,141.1,15.000,14.888,131.0,15.000,14.894,131.6
17.6489,8817,46280,15.000,15.248,141.2,15.000,15.051,130.0,15.000,14.877,131.7
17.6978,8818,46285,15.000,15.422,140.0,15.000,15.587,126.9,15.000,14.868,131.8
17.6978,8819,46290,15.000,15.424,140.3,15.000,15.953,125.7,15.000,14.869,131.8
17.6978,8820,46295,15.000,15.459,140.0,15.000,15.997,126.2,15.000,14.910,131.5
17.6978,8821,46300,15.000,15.271,141.3,15.000,15.987,126.3,15.000,14.900,131.7
17.6978,8822,46305,15.000,15.249,141.0,15.000,15.968,126.3,15.000,14.515,134.2
17.6978,8823,46310,15.000,15.248,140.9,15.000,15.785,127.3,15.000,14.512,133.3
17.6978,8824,46315,15.000,15.268,140.7,15.000,15.620,127.8,15.000,14.343,134.5
17.6978,8825,46320,15.000,15.262,140.8,15.000,15.434,128.6,15.000,14.337,134.2
17.7618,8826,46325,15.000,15.224,141.0,15.000,15.219,129.5,15.000,14.301,134.5
17.7618,8827,46330,15.000,15.258,140.6,15.000,15.078,129.9,15.000,14.159,135.4
17.7618,8828,46335,15.000,15.107,141.7,15.000,15.115,129.3,15.000,14.192,134.9
17.7618,8829,46340,15.000,15.077,141.5,15.000,14.901,130.7,15.000,14.162,135.3
17.7618,8830,46345,15.000,15.082,141.4,15.000,14.717,131.4,15.000,14.161,135.3
17.7618,8831,46350,15.000,15.282,140.1,15.000,14.557,132.1,15.000,14.000,136.5
17.7618,8832,46355,15.000,15.082,141.8,15.000,14.716,130.7,15.000,14.160,135.2
17.7618,8833,46360,15.000,15.304,139.9,15.000,14.758,130.9,15.000,14.018,136.6
17.7618,8834,46365,15.000,15.078,141.9,15.000,14.713,131.3,15.000,14.160,135.4
17.7618,8835,46370,15.000,15.081,141.3,15.000,14.716,131.2,15.000,13.984,137.0
17.7618,8836,46375,15.000,15.084,141.3,15.000,14.901,130.0,15.000,13.990,136.7
17.7618,8837,46380,15.000,15.094,141.2,15.000,14.729,131.6,15.000,14.003,136.7
17.7618,8838,46385,15.000,15.233,140.3,15.000,14.680,131.5,15.000,13.960,137.1
17.7618,8839,46390,15.000,15.263,140.4,15.000,14.713,131.2,15.000,13.992,136.9
17.7618,8840,46395,15.000,15.071,141.7,15.000,14.704,131.4,15.000,13.983,137.2
17.7618,8841,46400,15.000,15.043,141.4,15.000,14.675,131.6,15.000,14.316,135.1
17.8251,8842,46405,15.000,14.894,142.3,15.000,14.529,132.5,15.000,14.350,135.8
17.8251,8843,46410,15.000,14.694,143.3,15.000,14.695,131.1,15.000,14.518,134.8
17.8251,8844,46415,15.000,14.697,142.8,15.000,14.702,131.5,15.000,14.526,135.3
17.8251,8845,46420,15.000,14.668,143.1,15.000,14.850,130.6,15.000,14.852,133.2
17.8251,8846,46425,15.000,14.543,143.8,15.000,14.904,130.6,15.000,14.906,133.6
17.8251,8847,46430,15.000,14.513,143.8,15.000,15.235,128.6,15.000,14.872,134.0
17.8251,8848,46435,15.000,14.525,143.7,15.000,15.066,130.5,15.000,15.065,132.7
17.8251,8849,46440,15.000,14.545,143.7,15.000,15.271,128.7,15.000,15.084,133.0
17.8849,8850,46445,15.000,14.537,143.8,15.000,15.260,129.3,15.000,15.073,133.1
17.8849,8851,46450,15.000,14.705,142.7,15.000,15.429,128.1,15.000,15.063,133.2
17.8849,8852,46455,15.000,14.897,141.9,15.000,15.443,128.4,15.000,15.077,133.0
17.8849,8853,46460,15.000,14.881,142.5,15.000,15.420,128.5,15.000,15.235,132.0
17.8849,8854,46465,15.000,15.042,141.4,15.000,15.575,127.4,15.000,15.391,131.4
17.8849,8855,46470,15.000,15.099,141.4,15.000,15.462,128.4,15.000,15.278,132.4
17.8849,8856,46475,15.000,15.234,140.7,15.000,15.596,127.2,15.000,15.411,131.3
17.8849,8857,46480,15.000,15.280,140.7,15.000,15.463,128.4,15.000,15.460,131.2
17.8854,8858,46485,15.000,15.085,142.0,15.000,15.626,126.9,15.000,15.439,131.4
17.8854,8859,46490,15.000,15.059,141.7,15.000,15.416,128.6,15.000,15.415,131.5
17.8854,8860,46495,15.000,15.220,140.6,15.000,15.580,127.0,15.000,15.580,130.3
17.8854,8861,46500,15.000,15.097,141.8,15.000,15.272,129.3,15.000,15.458,131.4
17.8854,8862,46505,15.000,15.058,141.7,15.000,15.230,128.8,15.000,15.596,130.2
17.8854,8863,46510,15.000,15.236,140.5,15.000,15.051,129.9,15.000,15.416,131.6
17.8854,8864,46515,15.000,15.091,141.8,15.000,14.911,130.4,15.000,15.460,130.8
17.8854,8865,46520,15.000,15.077,141.5,15.000,14.891,130.2,15.000,15.440,131.0
17.9457,8866,46525,15.000,15.089,141.4,15.000,14.717,131.3,15.000,15.447,130.9
17.9467,8867,46530,15.000,15.047,141.7,15.000,14.678,131.1,15.000,15.409,131.1
17.9467,8868,46535,15.000,15.074,141.4,15.000,14.530,132.0,15.000,15.445,130.7
17.9467,8869,46540,15.000,15.051,141.6,15.000,14.682,130.7,15.000,15.417,130.9
17.9467,8870,46545,15.000,14.896,142.6,15.000,14.529,132.1,15.000,15.445,130.6
17.9467,8871,46550,15.000,14.700,143.5,15.000,14.701,130.7,15.000,15.433,130.7
17.9467,8872,46555,15.000,14.506,144.3,15.000,14.863,130.1,15.000,15.415,130.8
17.9467,8873,46560,15.000,14.176,146.1,15.000,14.898,130.3,15.000,15.449,130.5
17.9989,8874,46565,15.000,14.145,145.6,15.000,15.042,129.4,15.000,15.409,130.7
17.9989,8875,46570,15.000,13.970,146.7,15.000,15.052,129.7,15.000,15.599,129.4
17.9989,8876,46575,15.000,13.615,148.7,15.000,15.068,129.6,15.000,15.438,130.8
17.9989,8877,46580,15.000,13.631,147.9,15.000,15.262,128.4,15.000,15.446,130.3
17.9989,8878,46585,15.000,13.779,147.2,15.000,15.409,127.9,15.000,15.412,130.5
17.9989,8879,46590,15.000,13.808,147.5,15.000,15.260,129.1,15.000,15.443,130.2
17.9989,8880,46595,15.000,13.816,147.6,15.000,15.451,127.5,15.000,15.452,130.1
17.9989,8881,46600,15.000,14.172,145.5,15.000,15.440,128.0,15.000,15.440,130.2
18.0580,8882,46605,15.000,14.375,145.1,15.000,15.464,127.7,15.000,15.465,129.9
18.0580,8883,46610,15.000,14.726,143.4,15.000,15.452,127.8,15.000,15.452,130.0
18.0580,8884,46615,15.000,14.713,144.3,15.000,15.444,127.8,15.000,15.085,132.3
18.0580,8885,46620,15.000,15.070,142.0,15.000,15.433,127.8,15.000,14.895,132.7
18.0580,8886,46625,15.000,15.264,141.6,15.000,15.627,126.5,15.000,14.902,132.2
18.0580,8887,46630,15.000,15.412,141.1,15.000,15.414,128.2,15.000,14.694,133.6
18.0580,8888,46635,15.000,15.283,142.2,15.000,15.472,127.3,15.000,14.381,135.2
18.0580,8889,46640,15.000,15.279,141.9,15.000,15.461,127.5,15.000,14.369,134.6
18.0580,8890,46645,15.000,15.439,140.8,15.000,15.440,127.5,15.000,13.987,137.1
18.0580,8891,46650,15.000,15.402,141.4,15.000,15.587,126.5,15.000,13.777,137.7
18.0580,8892,46655,15.000,15.437,141.0,15.000,15.446,127.7,15.000,13.636,138.2
18.0580,8893,46660,15.000,15.413,141.2,15.000,15.065,129.8,15.000,13.434,139.3
18.0580,8894,46665,15.000,15.423,141.0,15.000,14.894,130.0,15.000,13.622,137.8
18.0580,8895,46670,15.000,15.420,141.0,15.000,14.892,129.6,15.000,13.619,138.4
18.0580,8896,46675,15.000,15.396,141.1,15.000,14.502,132.1,15.000,13.413,139.9
18.0580,8897,46680,15.000,15.452,140.7,15.000,14.553,130.9,15.000,13.645,138.1
18.1176,8898,46685,15.000,15.419,141.0,15.000,14.330,132.5,15.000,13.789,137.9
18.1176,8899,46690,15.000,15.585,139.8,15.000,14.325,132.1,15.000,13.785,138.4
18.1176,8900,46695,15.000,15.596,140.0,15.000,14.152,133.3,15.000,13.974,137.3
18.1176,8901,46700,15.000,15.435,141.0,15.000,13.988,134.1,15.000,14.167,136.6
18.1176,8902,46705,15.000,15.618,139.4,15.000,13.986,133.8,15.000,14.165,137.2
18.1176,8903,46710,15.000,15.439,140.9,15.000,14.524,130.4,15.000,14.345,136.1
18.1176,8904,46715,15.000,15.474,140.2,15.000,14.559,131.5,15.000,14.380,136.4
18.1176,8905,46720,15.000,15.282,141.5,15.000,14.726,130.6,15.000,14.546,135.5
18.1817,8906,46725,15.000,15.262,141.1,15.000,14.705,131.1,15.000,14.704,134.9
18.1817,8907,46730,15.000,14.883,143.5,15.000,14.881,130.0,15.000,14.696,135.3
18.1817,8908,46735,15.000,14.904,142.5,15.000,14.911,130.2,15.000,14.726,135.2
18.1817,8909,46740,15.000,14.710,143.8,15.000,15.069,129.3,15.000,14.884,134.2
18.1817,8910,46745,15.000,14.554,144.4,15.000,15.096,129.5,15.000,14.911,134.5
18.1817,8911,46750,15.000,14.541,144.2,15.000,15.264,128.4,15.000,14.900,134.6
18.1817,8912,46755,15.000,14.344,145.5,15.000,15.248,128.9,15.000,15.067,133.5
18.1817,8913,46760,15.000,14.360,145.0,15.000,15.268,128.7,15.000,15.085,133.8
18.1817,8914,46765,15.000,14.336,145.2,15.000,14.880,131.2,15.000,15.058,134.0
18.1817,8915,46770,15.000,14.527,144.0,15.000,14.533,132.6,15.000,15.074,133.8
18.1817,8916,46775,15.000,14.545,144.4,15.000,14.735,130.5,15.000,15.098,133.7
18.1817,8917,46780,15.000,14.731,143.3,15.000,14.547,132.2,15.000,15.277,132.6
18.1817,8918,46785,15.000,14.690,144.0,15.000,14.327,133.3,15.000,15.234,133.2
18.1817,8919,46790,15.000,14.883,142.7,15.000,14.164,133.9,15.000,15.254,133.0
18.1817,8920,46795,15.000,14.889,143.2,15.000,14.167,133.6,15.000,15.256,133.0
18.1817,8921,46800,15.000,14.912,143.0,15.000,14.011,134.7,15.000,15.279,132.8
18.2408,8922,46805,15.000,14.887,143.3,15.000,13.444,138.1,15.000,15.249,133.0
18.2408,8923,46810,15.000,15.084,141.9,15.000,13.461,136.8,15.000,15.264,132.8
18.2408,8924,46815,15.000,15.063,142.5,15.000,13.805,134.8,15.000,15.425,131.8
18.2408,8925,46820,15.000,15.027,142.7,15.000,14.127,133.7,15.000,15.385,132.4
18.2408,8926,46825,15.000,14.886,143.5,15.000,13.425,139.1,15.000,15.432,131.9
18.2408,8927,46830,15.000,14.880,143.3,15.000,13.421,137.6,15.000,15.245,133.2
18.2408,8928,46835,15.000,14.907,143.1,15.000,13.807,135.3,15.000,15.453,131.4
18.2408,8929,46840,15.000,14.895,143.2,15.000,13.975,135.3,15.000,15.260,133.1
18.2408,8930,46845,15.000,14.853,143.5,15.000,13.929,136.1,15.000,15.395,131.7
18.2408,8931,46850,15.000,14.865,143.3,15.000,14.128,134.8,15.000,15.411,131.9
18.2408,8932,46855,15.000,14.861,143.4,15.000,14.847,130.7,15.000,15.410,131.9
18.2408,8933,46860,15.000,14.868,143.4,15.000,14.668,133.6,15.000,15.414,131.8
18.2408,8934,46865,15.000,14.901,143.2,15.000,14.883,131.8,15.000,15.451,131.5
18.2408,8935,46870,15.000,14.907,143.2,15.000,14.892,132.3,15.000,15.282,132.7
18.2408,8936,46875,15.000,15.056,142.3,15.000,15.782,126.5,15.000,15.422,131.3
18.2408,8937,46880,15.000,15.046,142.7,15.000,15.771,128.6,15.000,15.410,131.7
18.3058,8938,46885,15.000,15.254,141.3,15.000,15.792,128.4,15.000,15.431,131.5
18.3058,8939,46890,15.000,15.082,142.9,15.000,15.805,128.2,15.000,15.445,131.4
18.3058,8940,46895,15.000,15.102,142.4,15.000,15.831,128.0,15.000,15.473,131.2
18.3058,8941,46900,15.000,15.276,141.3,15.000,15.818,128.1,15.000,15.461,131.3
18.3058,8942,46905,15.000,15.257,141.8,15.000,15.796,128.1,15.000,15.439,131.3
18.3058,8943,46910,15.000,15.087,142.8,15.000,15.809,127.9,15.000,15.452,131.1
18.3058,8944,46915,15.000,15.227,141.5,15.000,15.765,128.1,15.000,15.408,131.4
18.3058,8945,46920,15.000,15.099,142.6,15.000,15.454,129.9,15.000,15.641,129.7
18.3647,8946,46925,15.000,15.249,141.3,15.000,15.063,131.7,15.000,15.430,131.6
18.3647,8947,46930,15.000,15.282,141.4,15.000,14.166,136.6,15.000,15.648,129.6
18.3647,8948,46935,15.000,15.051,143.0,15.000,14.123,134.8,15.000,15.425,131.5
18.3647,8949,46940,15.000,15.259,141.1,15.000,13.964,135.8,15.000,15.630,129.6
18.3647,8950,46945,15.000,15.263,141.5,15.000,14.149,134.4,15.000,15.447,131.2
18.3647,8951,46950,15.000,15.228,141.7,15.000,14.115,135.1,15.000,15.597,129.8
18.3647,8952,46955,15.000,15.280,141.3,15.000,13.988,136.0,15.000,15.469,130.9
18.3647,8953,46960,15.000,15.048,142.9,15.000,13.756,137.3,15.000,15.593,129.7
18.3647,8954,46965,15.000,14.899,143.3,15.000,13.606,137.9,15.000,15.444,130.9
18.3647,8955,46970,15.000,15.055,141.9,15.000,13.585,137.8,15.000,15.419,130.7
18.3647,8956,46975,15.000,14.923,143.1,15.000,13.998,135.2,15.000,15.468,130.2
18.3647,8957,46980,15.000,14.890,143.1,15.000,14.897,130.5,15.000,15.436,130.5
18.3647,8958,46985,15.000,15.077,141.8,15.000,14.901,132.6,15.000,15.439,130.4
18.3647,8959,46990,15.000,14.903,143.3,15.000,15.093,131.4,15.000,15.447,130.3
18.3647,8960,46995,15.000,15.038,142.1,15.000,15.046,132.1,15.000,15.404,130.5
18.3647,8961,47000,15.000,14.898,143.3,15.000,15.089,131.7,15.000,15.448,130.1
18.4288,8962,47005,15.000,15.038,142.1,15.000,15.227,130.9,15.000,15.407,130.4
18.4288,8963,47010,15.000,15.240,141.1,15.000,15.611,128.7,15.000,15.071,132.4
18.4288,8964,47015,15.000,15.440,140.2,15.000,15.631,129.4,15.000,15.092,131.5
18.4288,8965,47020,15.000,15.253,141.9,15.000,15.984,127.1,15.000,14.902,132.8
18.4288,8966,47025,15.000,15.062,142.6,15.000,15.790,129.1,15.000,14.892,132.4
18.4288,8967,47030,15.000,15.176,141.4,15.000,15.730,129.0,15.000,14.650,134.0
18.4288,8968,47035,15.000,14.893,143.5,15.000,15.638,129.3,15.000,14.547,134.1
18.4288,8969,47040,15.000,14.876,143.0,15.000,15.438,130.3,15.000,14.347,135.2
18.4936,8970,47045,15.000,14.712,144.0,15.000,15.268,130.9,15.000,14.357,134.7
18.4936,8971,47050,15.000,14.706,143.7,15.000,15.264,130.5,15.000,14.168,136.1
18.4936,8972,47055,15.000,14.522,144.9,15.000,14.550,135.1,15.000,14.169,135.7
18.4936,8973,47060,15.000,14.521,144.5,15.000,14.184,135.8,15.000,14.348,134.6
18.4936,8974,47065,15.000,14.152,147.0,15.000,13.814,137.5,15.000,14.345,135.1
18.4936,8975,47070,15.000,14.158,146.2,15.000,13.820,136.7,15.000,14.350,135.2
18.4936,8976,47075,15.000,14.150,146.3,15.000,13.631,138.1,15.000,14.344,135.3
18.4936,8977,47080,15.000,14.052,147.0,15.000,13.518,138.5,15.000,14.599,133.7
18.4936,8978,47085,15.000,13.969,147.5,15.000,12.529,144.8,15.000,14.691,133.8
18.4936,8979,47090,15.000,13.984,147.3,15.000,12.546,142.6,15.000,14.711,133.9
18.4936,8980,47095,15.000,13.966,147.5,15.000,12.531,143.1,15.000,14.696,134.1
18.4936,8981,47100,15.000,14.154,146.4,15.000,12.538,143.3,15.000,14.703,134.0
18.4936,8982,47105,15.000,14.189,146.7,15.000,13.289,138.7,15.000,14.736,133.9
18.4936,8983,47110,15.000,14.381,145.6,15.000,13.298,140.6,15.000,14.745,133.9
18.4936,8984,47115,15.000,14.530,145.2,15.000,13.629,138.7,15.000,14.888,133.0
18.4936,8985,47120,15.000,14.704,144.5,15.000,13.443,140.8,15.000,14.882,133.4
18.5549,8986,47125,15.000,15.059,142.6,15.000,13.613,139.5,15.000,14.869,133.5
18.5549,8987,47130,15.000,15.061,143.4,15.000,13.988,137.6,15.000,14.693,134.6
18.5549,8988,47135,15.000,15.431,141.0,15.000,15.074,131.5,15.000,14.886,133.0
18.5549,8989,47140,15.000,15.411,142.0,15.000,15.051,134.3,15.000,14.862,133.6
18.5549,8990,47145,15.000,15.625,140.5,15.000,15.269,132.8,15.000,14.896,133.4
18.5549,8991,47150,15.000,15.446,142.1,15.000,15.271,133.3,15.000,14.899,133.4
18.5549,8992,47155,15.000,15.252,142.9,15.000,14.895,135.7,15.000,15.066,132.4
18.5549,8993,47160,15.000,15.227,142.6,15.000,15.055,133.8,15.000,15.046,132.9
18.6181,8994,47165,15.000,15.245,142.4,15.000,15.249,132.9,15.000,15.058,132.8
18.6181,8995,47170,15.000,15.273,142.2,15.000,15.276,133.1,15.000,15.087,132.6
18.6181,8996,47175,15.000,15.101,143.4,15.000,15.292,133.1,15.000,15.103,132.6
18.6181,8997,47180,15.000,15.056,143.2,15.000,15.237,133.4,15.000,15.231,131.7
18.6181,8998,47185,15.000,15.090,142.9,15.000,15.088,134.2,15.000,15.085,133.0
18.6181,8999,47190,15.000,15.074,143.1,15.000,14.713,136.3,15.000,15.067,132.7
18.6181,9000,47195,15.000,15.085,143.0,15.000,14.357,137.8,15.000,14.894,133.8
18.6181,9001,47200,15.000,15.063,143.1,15.000,14.150,138.3,15.000,14.871,133.6
18.6191,9002,47205,15.000,15.268,141.7,15.000,14.537,135.4,15.000,14.713,134.5
18.6191,9003,47210,15.000,14.896,144.6,15.000,14.701,135.3,15.000,14.697,134.3
18.6191,9004,47215,15.000,14.744,144.7,15.000,14.561,136.7,15.000,14.372,136.4
18.6191,9005,47220,15.000,14.542,145.7,15.000,14.721,135.3,15.000,14.351,135.8
18.6191,9006,47225,15.000,14.508,145.5,15.000,14.861,134.8,15.000,14.489,135.0
18.6191,9007,47230,15.000,14.540,145.2,15.000,14.897,135.0,15.000,14.344,136.3
18.6191,9008,47235,15.000,14.517,145.5,15.000,15.059,134.0,15.000,14.324,136.2
18.6191,9009,47240,15.000,14.535,145.4,15.000,15.618,130.7,15.000,14.343,136.1
18.6813,9010,47245,15.000,14.369,146.6,15.000,15.999,129.5,15.000,14.540,134.9
18.6813,9011,47250,15.000,14.371,146.2,15.000,16.183,129.1,15.000,14.725,134.2
18.6813,9012,47255,15.000,14.321,146.7,15.000,15.776,132.1,15.000,14.679,135.0
18.6813,9013,47260,15.000,14.530,145.3,15.000,15.265,134.4,15.000,14.708,134.7
18.6813,9014,47265,15.000,14.699,144.7,15.000,15.063,134.4,15.000,14.880,133.7
18.6813,9015,47270,15.000,14.865,144.1,15.000,14.868,135.2,15.000,15.041,133.1
18.6813,9016,47275,15.000,14.910,144.2,15.000,14.553,136.8,15.000,14.729,135.5
18.6813,9017,47280,15.000,14.913,144.3,15.000,14.375,137.2,15.000,14.549,136.0
18.6813,9018,47285,15.000,14.736,145.5,15.000,14.192,138.1,15.000,14.367,136.8
18.6813,9019,47290,15.000,14.888,144.1,15.000,14.164,137.9,15.000,14.163,137.7
18.6813,9020,47295,15.000,14.854,144.7,15.000,14.130,138.2,15.000,14.132,137.6
18.6813,9021,47300,15.000,14.849,144.6,15.000,14.124,138.2,15.000,13.764,140.0
18.6813,9022,47305,15.000,15.085,143.1,15.000,14.352,136.8,15.000,13.815,138.9
18.6813,9023,47310,15.000,15.068,143.8,15.000,15.059,132.8,15.000,13.799,139.3
18.6813,9024,47315,15.000,15.080,143.6,15.000,15.069,134.5,15.000,13.622,140.5
18.6813,9025,47320,15.000,14.886,144.9,15.000,14.878,135.7,15.000,13.610,140.3
18.7462,9026,47325,15.000,14.887,144.5,15.000,14.689,136.5,15.000,13.783,139.3
18.7462,9027,47330,15.000,15.078,143.2,15.000,14.886,134.8,15.000,13.982,138.6
18.7462,9028,47335,15.000,15.075,143.7,15.000,15.069,134.1,15.000,14.164,138.0
18.7462,9029,47340,15.000,15.063,143.8,15.000,15.053,134.6,15.000,14.504,136.3
18.7462,9030,47345,15.000,15.100,143.5,15.000,15.096,134.3,15.000,14.544,136.9
18.7462,9031,47350,15.000,15.085,143.7,15.000,14.897,135.7,15.000,14.707,136.0
18.7462,9032,47355,15.000,14.896,144.8,15.000,14.527,137.7,15.000,14.705,136.5
18.7462,9033,47360,15.000,14.924,144.2,15.000,14.378,137.8,15.000,14.917,135.1
18.8060,9034,47365,15.000,15.073,143.3,15.000,14.528,136.5,15.000,15.069,134.6
18.8060,9035,47370,15.000,15.112,143.4,15.000,14.928,134.3,15.000,14.930,135.9
18.8060,9036,47375,15.000,15.265,142.5,15.000,15.455,131.9,15.000,15.093,134.5
18.8060,9037,47380,15.000,15.215,143.2,15.000,15.398,133.5,15.000,15.039,135.2
18.8060,9038,47385,15.000,15.240,142.9,15.000,15.426,133.1,15.000,15.249,133.7
18.8060,9039,47390,15.000,14.914,145.0,15.000,15.102,135.2,15.000,15.108,135.1
18.8060,9040,47395,15.000,14.869,144.5,15.000,14.690,137.1,15.000,15.238,133.9
18.8060,9041,47400,15.000,15.069,143.2,15.000,14.529,137.2,15.000,15.441,132.9
18.8060,9042,47405,15.000,15.046,143.8,15.000,15.049,133.5,15.000,15.411,133.5
18.8060,9043,47410,15.000,15.243,142.4,15.000,15.066,134.6,15.000,15.428,133.3
18.8060,9044,47415,15.000,15.076,144.0,15.000,15.267,133.3,15.000,15.446,133.2
18.8060,9045,47420,15.000,15.221,142.6,15.000,15.227,134.1,15.000,15.589,132.2
18.8060,9046,47425,15.000,14.879,145.2,15.000,15.069,135.0,15.000,15.614,132.3
18.8060,9047,47430,15.000,14.731,145.3,15.000,14.922,135.5,15.000,15.646,132.1
18.8060,9048,47435,15.000,14.709,145.1,15.000,14.714,136.5,15.000,15.619,132.3
18.8060,9049,47440,15.000,15.080,142.7,15.000,14.721,136.0,15.000,15.809,130.9
18.8710,9050,47445,15.000,14.911,144.7,15.000,15.092,133.7,15.000,15.640,132.4
18.8710,9051,47450,15.000,14.892,144.4,15.000,15.433,132.3,15.000,15.617,132.1
18.8710,9052,47455,15.000,15.088,143.1,15.000,15.459,132.9,15.000,15.640,131.8
18.8710,9053,47460,15.000,14.888,144.9,15.000,15.255,134.3,15.000,15.619,131.9
18.8710,9054,47465,15.000,14.860,144.6,15.000,15.042,135.1,15.000,15.588,132.0
18.8710,9055,47470,15.000,14.733,145.4,15.000,15.101,134.2,15.000,15.464,132.7
18.8710,9056,47475,15.000,15.070,142.9,15.000,15.074,134.5,15.000,15.433,132.5
18.8710,9057,47480,15.000,15.259,142.5,15.000,14.897,135.6,15.000,15.439,132.3
18.9318,9058,47485,15.000,15.246,143.0,15.000,15.061,134.1,15.000,15.421,132.4
18.9328,9059,47490,15.000,15.231,143.0,15.000,15.410,132.2,15.000,15.227,133.6
18.9328,9060,47495,15.000,15.443,141.6,15.000,15.451,132.8,15.000,15.262,132.9
18.9328,9061,47500,15.000,15.428,142.1,15.000,15.261,134.1,15.000,15.250,133.0
18.9328,9062,47505,15.000,15.250,143.2,15.000,14.893,136.0,15.000,15.249,133.0
18.9328,9063,47510,15.000,15.221,142.9,15.000,14.685,136.4,15.000,15.038,134.3
18.9328,9064,47515,15.000,15.443,141.4,15.000,14.539,136.9,15.000,15.261,132.3
18.9328,9065,47520,15.000,15.435,141.9,15.000,14.347,137.9,15.000,15.252,132.9
18.9328,9066,47525,15.000,15.439,141.8,15.000,14.347,137.5,15.000,15.072,134.0
18.9328,9067,47530,15.000,15.255,143.0,15.000,14.714,135.2,15.000,15.073,133.6
18.9328,9068,47535,15.000,15.063,143.8,15.000,14.525,137.3,15.000,15.061,133.6
18.9328,9069,47540,15.000,14.893,144.4,15.000,14.171,139.2,15.000,15.070,133.5
18.9328,9070,47545,15.000,14.708,145.2,15.000,13.984,139.7,15.000,15.069,133.6
18.9328,9071,47550,15.000,14.541,145.9,15.000,14.175,138.1,15.000,15.083,133.5
18.9328,9072,47555,15.000,14.520,145.7,15.000,14.338,137.6,15.000,15.060,133.6
18.9328,9073,47560,15.000,14.562,145.4,15.000,14.559,136.6,15.000,15.104,133.3
18.9952,9074,47565,15.000,14.356,146.9,15.000,14.897,135.0,15.000,15.074,133.6
18.9952,9075,47570,15.000,14.341,146.6,15.000,14.885,135.9,15.000,15.061,133.6
18.9952,9076,47575,15.000,14.347,146.6,15.000,14.891,135.9,15.000,15.068,133.5
18.9952,9077,47580,15.000,14.327,146.8,15.000,14.690,137.2,15.000,14.869,134.8
18.9952,9078,47585,15.000,14.548,145.4,15.000,14.731,136.5,15.000,14.733,135.2
18.9952,9079,47590,15.000,14.723,144.8,15.000,15.088,134.3,15.000,14.727,135.0
18.9952,9080,47595,15.000,14.869,144.3,15.000,15.049,135.4,15.000,14.508,136.4
18.9952,9081,47600,15.000,14.897,144.5,15.000,15.076,135.1,15.000,14.352,137.0
19.0570,9082,47605,15.000,15.083,143.4,15.000,15.080,135.2,15.000,14.357,136.6
19.0570,9083,47610,15.000,15.045,144.1,15.000,14.863,136.6,15.000,14.319,137.0
19.0570,9084,47615,15.000,14.879,145.0,15.000,14.707,137.1,15.000,14.346,136.8
19.0570,9085,47620,15.000,14.865,144.7,15.000,14.509,138.0,15.000,14.327,137.0
19.0570,9086,47625,15.000,14.710,145.7,15.000,14.538,137.4,15.000,14.354,136.9
19.0570,9087,47630,15.000,14.883,144.3,15.000,14.528,137.6,15.000,14.526,135.9
19.0570,9088,47635,15.000,15.025,143.8,15.000,14.491,137.9,15.000,14.669,135.5
19.0570,9089,47640,15.000,14.897,144.9,15.000,14.363,138.7,15.000,14.723,135.5
19.0570,9090,47645,15.000,14.893,144.7,15.000,14.536,137.3,15.000,14.896,134.5
19.0570,9091,47650,15.000,15.077,143.5,15.000,14.177,140.1,15.000,14.902,134.9
19.0570,9092,47655,15.000,14.878,145.2,15.000,14.161,139.5,15.000,15.064,133.9
19.0570,9093,47660,15.000,14.905,144.6,15.000,13.451,144.1,15.000,15.090,134.1
19.0570,9094,47665,15.000,15.265,142.3,15.000,13.262,143.9,15.000,14.900,135.4
19.0570,9095,47670,15.000,15.281,143.0,15.000,13.458,142.3,15.000,15.099,133.6
19.0570,9096,47675,15.000,15.238,143.3,15.000,13.235,144.4,15.000,15.055,134.4
19.0570,9097,47680,15.000,15.082,144.2,15.000,13.441,142.7,15.000,15.262,132.9
19.1165,9098,47685,15.000,14.930,144.8,15.000,13.463,143.3,15.000,15.103,134.4
19.1165,9099,47690,15.000,14.887,144.7,15.000,13.604,142.6,15.000,15.245,133.1
19.1165,9100,47695,15.000,14.896,144.6,15.000,13.621,143.0,15.000,15.259,133.3
19.1165,9101,47700,15.000,14.864,144.8,15.000,13.951,141.0,15.000,15.407,132.4
19.1165,9102,47705,15.000,14.920,144.4,15.000,14.194,140.4,15.000,15.285,133.5
19.1165,9103,47710,15.000,15.088,143.5,15.000,15.096,135.2,15.000,15.454,132.1
19.1165,9104,47715,15.000,14.875,145.2,15.000,15.247,136.3,15.000,15.422,132.6
19.1165,9105,47720,15.000,14.898,144.6,15.000,15.454,135.3,15.000,15.447,132.3
19.1784,9106,47725,15.000,15.092,143.4,15.000,15.825,133.3,15.000,15.460,132.2
19.1784,9107,47730,15.000,15.238,142.9,15.000,15.967,133.2,15.000,15.422,132.5
19.1784,9108,47735,15.000,15.047,144.5,15.000,16.145,132.3,15.000,15.601,131.2
19.1784,9109,47740,15.000,14.875,145.1,15.000,15.606,136.1,15.000,15.427,132.7
19.1784,9110,47745,15.000,14.883,144.7,15.000,15.612,134.7,15.000,15.615,131.0
19.1784,9111,47750,15.000,14.717,145.8,15.000,15.626,134.5,15.000,15.449,132.4
19.1784,9112,47755,15.000,14.704,145.5,15.000,15.613,134.6,15.000,15.622,130.9
19.1784,9113,47760,15.000,14.131,149.2,15.000,15.572,134.8,15.000,15.575,131.5
19.1784,9114,47765,15.000,14.157,147.8,15.000,15.414,135.6,15.000,15.600,131.2
19.1784,9115,47770,15.000,14.141,148.1,15.000,15.215,136.5,15.000,15.583,131.3
19.1784,9116,47775,15.000,13.985,149.1,15.000,15.065,137.0,15.000,15.614,131.0
19.1784,9117,47780,15.000,13.810,150.0,15.000,14.887,137.8,15.000,15.614,131.0
19.1784,9118,47785,15.000,14.189,147.3,15.000,14.904,137.2,15.000,15.448,132.0
19.1784,9119,47790,15.000,14.188,148.3,15.000,15.269,134.9,15.000,15.629,130.3
19.1784,9120,47795,15.000,14.191,148.3,15.000,15.272,135.7,15.000,15.449,131.9
19.1784,9121,47800,15.000,14.173,148.6,15.000,14.897,138.2,15.000,15.610,130.3
19.2435,9122,47805,15.000,14.169,148.6,15.000,14.886,137.3,15.000,15.415,131.9
19.2435,9123,47810,15.000,14.545,146.3,15.000,15.093,136.0,15.000,15.446,131.2
19.2435,9124,47815,15.000,14.735,146.0,15.000,15.284,135.2,15.000,15.457,131.2
19.2435,9125,47820,15.000,14.717,146.6,15.000,15.265,135.8,15.000,15.434,131.3
19.2435,9126,47825,15.000,14.884,145.5,15.000,15.248,135.8,15.000,15.601,130.1
19.2435,9127,47830,15.000,14.932,145.6,15.000,15.303,135.4,15.000,15.472,131.3
19.2435,9128,47835,15.000,14.903,145.9,15.000,14.733,139.2,15.000,15.624,129.9
19.2435,9129,47840,15.000,15.057,144.8,15.000,14.524,139.2,15.000,15.411,131.6
19.2435,9130,47845,15.000,15.043,145.3,15.000,14.324,140.1,15.000,15.575,130.0
19.2435,9131,47850,15.000,15.078,145.0,15.000,14.723,137.1,15.000,15.434,131.2
19.2435,9132,47855,15.000,15.268,143.9,15.000,14.547,139.2,15.000,15.628,129.6
19.2435,9133,47860,15.000,15.437,143.2,15.000,14.537,138.9,15.000,15.439,131.2
19.2435,9134,47865,15.000,15.265,144.7,15.000,14.731,137.7,15.000,15.447,130.6
19.2435,9135,47870,15.000,15.433,143.1,15.000,14.898,137.1,15.000,15.435,130.7
19.2435,9136,47875,15.000,15.265,144.6,15.000,14.912,137.4,15.000,15.267,131.7
19.2435,9137,47880,15.000,15.212,144.5,15.000,14.853,137.8,15.000,15.392,130.4
19.3070,9138,47885,15.000,15.256,144.1,15.000,15.244,135.1,15.000,15.243,131.7
19.3070,9139,47890,15.000,15.281,144.0,15.000,15.455,134.7,15.000,15.276,131.1
19.3070,9140,47895,15.000,15.475,142.7,15.000,15.473,135.0,15.000,15.112,132.2
19.3070,9141,47900,15.000,15.453,143.3,15.000,15.443,135.2,15.000,15.266,130.8
19.3070,9142,47905,15.000,15.404,143.5,15.000,15.581,134.2,15.000,15.038,132.6
19.3070,9143,47910,15.000,15.438,143.1,15.000,15.613,134.2,15.000,15.067,131.9
19.3070,9144,47915,15.000,15.401,143.4,15.000,15.392,135.7,15.000,15.210,131.0
19.3070,9145,47920,15.000,15.254,144.2,15.000,15.427,134.9,15.000,15.064,132.3
19.3681,9146,47925,15.000,15.455,142.5,15.000,15.624,133.6,15.000,15.074,131.8
19.3681,9147,47930,15.000,15.463,142.9,15.000,15.456,135.1,15.000,14.907,132.9
19.3681,9148,47935,15.000,15.406,143.2,15.000,15.594,133.8,15.000,15.044,131.7
19.3681,9149,47940,15.000,15.053,145.4,15.000,15.787,132.8,15.000,15.053,131.9
19.3681,9150,47945,15.000,14.846,145.8,15.000,15.941,132.1,15.000,15.028,132.1
19.3681,9151,47950,15.000,14.712,146.2,15.000,15.815,133.2,15.000,14.901,132.9
19.3681,9152,47955,15.000,14.527,147.2,15.000,15.807,132.9,15.000,14.895,132.6
19.3681,9153,47960,15.000,14.165,149.1,15.000,15.446,135.1,15.000,15.078,131.4
19.3681,9154,47965,15.000,14.191,148.2,15.000,14.921,137.6,15.000,14.923,132.9
19.3681,9155,47970,15.000,14.007,149.5,15.000,14.738,137.6,15.000,14.923,132.5
19.3681,9156,47975,15.000,13.773,150.7,15.000,14.690,137.5,15.000,14.880,132.8
19.3681,9157,47980,15.000,13.965,149.1,15.000,14.879,136.2,15.000,14.888,132.6
19.3681,9158,47985,15.000,13.643,151.7,15.000,14.923,136.3,15.000,14.933,132.4
19.3681,9159,47990,15.000,13.970,149.0,15.000,14.876,136.8,15.000,14.891,132.8
19.3681,9160,47995,15.000,13.987,149.8,15.000,14.714,137.7,15.000,14.907,132.6
19.3681,9161,48000,15.000,14.146,148.9,15.000,14.870,136.3,15.000,14.881,132.8
19.4296,9162,48005,15.000,14.162,149.3,15.000,14.885,136.6,15.000,15.073,131.5
19.4306,9163,48010,15.000,14.344,148.2,15.000,15.068,135.5,15.000,14.895,133.1
19.4306,9164,48015,15.000,14.501,147.7,15.000,15.594,132.5,15.000,15.051,131.7
19.4306,9165,48020,15.000,14.692,146.9,15.000,15.603,133.6,15.000,15.057,132.0
19.4306,9166,48025,15.000,14.904,146.0,15.000,15.634,133.4,15.000,15.088,131.8
19.4306,9167,48030,15.000,14.857,146.8,15.000,15.412,134.8,15.000,15.221,131.0
19.4306,9168,48035,15.000,15.070,145.4,15.000,15.444,134.0,15.000,15.066,132.3
19.4306,9169,48040,15.000,15.270,144.6,15.000,15.284,135.1,15.000,15.085,131.8
19.4832,9170,48045,15.000,15.076,146.3,15.000,15.446,133.6,15.000,15.247,130.8
19.4832,9171,48050,15.000,15.264,144.6,15.000,15.269,135.1,15.000,15.253,131.1
19.4832,9172,48055,15.000,15.264,145.0,15.000,14.911,137.0,15.000,15.258,131.1
19.4832,9173,48060,15.000,15.439,143.8,15.000,14.722,137.4,15.000,15.246,131.1
19.4832,9174,48065,15.000,15.285,145.2,15.000,14.932,135.6,15.000,15.097,132.0
19.4832,9175,48070,15.000,15.434,143.8,15.000,14.899,136.3,15.000,15.245,130.7
19.4832,9176,48075,15.000,15.251,145.3,15.000,14.716,137.4,15.000,15.243,131.0
19.4832,9177,48080,15.000,15.291,144.6,15.000,14.752,136.8,15.000,15.284,130.7
19.4832,9178,48085,15.000,15.235,145.0,15.000,14.503,138.5,15.000,15.222,131.2
19.4832,9179,48090,15.000,15.065,146.0,15.000,14.150,140.3,15.000,15.420,129.7
19.4832,9180,48095,15.000,15.275,144.2,15.000,14.007,140.5,15.000,15.278,131.1
19.4832,9181,48100,15.000,15.233,144.9,15.000,13.789,141.7,15.000,15.234,131.0
19.4832,9182,48105,15.000,15.073,145.9,15.000,13.990,140.0,15.000,15.262,130.7
19.4832,9183,48110,15.000,15.049,145.6,15.000,14.153,139.5,15.000,15.244,130.9
19.4832,9184,48115,15.000,15.221,144.4,15.000,13.959,141.3,15.000,15.413,129.7
19.4832,9185,48120,15.000,15.049,145.9,15.000,14.146,139.7,15.000,15.241,131.2
19.5412,9186,48125,15.000,15.068,145.4,15.000,14.161,140.2,15.000,15.256,130.6
19.5412,9187,48130,15.000,15.074,145.4,15.000,14.170,140.2,15.000,15.267,130.6
19.5412,9188,48135,15.000,15.096,145.3,15.000,14.382,139.0,15.000,15.296,130.4
19.5412,9189,48140,15.000,15.238,144.4,15.000,14.709,137.4,15.000,15.251,130.7
19.5412,9190,48145,15.000,15.235,144.7,15.000,14.886,137.1,15.000,15.242,130.6
19.5412,9191,48150,15.000,15.263,144.5,15.000,15.273,135.0,15.000,15.456,129.2
19.5412,9192,48155,15.000,15.410,143.6,15.000,15.234,136.1,15.000,15.230,131.1
19.5412,9193,48160,15.000,15.453,143.6,15.000,15.090,137.0,15.000,15.455,129.1
19.5903,9194,48165,15.000,15.251,145.0,15.000,15.244,135.6,15.000,15.248,130.9
19.5903,9195,48170,15.000,15.448,143.2,15.000,15.266,135.8,15.000,15.264,130.3
19.5903,9196,48175,15.000,15.436,143.7,15.000,15.260,135.9,15.000,15.076,131.5
19.5903,9197,48180,15.000,15.423,143.7,15.000,15.424,134.8,15.000,14.880,132.3
19.5903,9198,48185,15.000,15.428,143.6,15.000,15.241,136.3,15.000,14.880,131.9
19.5903,9199,48190,15.000,15.420,143.6,15.000,15.415,134.7,15.000,14.697,133.1
19.5903,9200,48195,15.000,15.623,142.2,15.000,15.435,134.9,15.000,14.718,132.5
19.5903,9201,48200,15.000,15.446,143.8,15.000,15.441,134.9,15.000,14.538,133.8
19.6578,9202,48205,15.000,15.642,142.0,15.000,15.638,133.6,15.000,14.554,133.3
19.6578,9203,48210,15.000,15.436,143.7,15.000,15.975,131.8,15.000,14.342,134.8
19.6578,9204,48215,15.000,15.454,143.1,15.000,16.007,132.3,15.000,14.370,134.2
19.6578,9205,48220,15.000,15.434,143.2,15.000,15.801,133.6,15.000,14.531,133.3
19.6578,9206,48225,15.000,15.237,144.4,15.000,15.968,131.9,15.000,14.696,132.6
19.6578,9207,48230,15.000,15.258,143.7,15.000,15.445,135.6,15.000,14.714,132.9
19.6588,9208,48235,15.000,15.248,143.8,15.000,15.618,133.1,15.000,14.889,131.9
19.6588,9209,48240,15.000,15.250,143.8,15.000,15.619,133.5,15.000,14.890,132.3
19.6588,9210,48245,15.000,15.078,144.9,15.000,15.630,133.4,15.000,14.713,133.5
19.6588,9211,48250,15.000,15.226,143.5,15.000,15.597,133.5,15.000,14.684,133.3
19.6588,9212,48255,15.000,15.066,144.9,15.000,15.625,133.2,15.000,14.525,134.3
19.6588,9213,48260,15.000,15.228,143.4,15.000,15.607,133.3,15.000,14.507,134.0
19.6588,9214,48265,15.000,15.239,143.7,15.000,15.616,133.1,15.000,14.517,134.0
19.6588,9215,48270,15.000,15.227,143.8,15.000,15.784,132.0,15.000,14.326,135.3
19.6588,9216,48275,15.000,15.435,142.4,15.000,15.809,132.1,15.000,14.347,134.8
19.6588,9217,48280,15.000,15.235,144.1,15.000,16.335,128.7,15.000,14.333,135.0
19.7143,9218,48285,15.000,15.438,142.3,15.000,16.169,130.9,15.000,14.166,136.2
19.7143,9219,48290,15.000,15.257,143.9,15.000,16.166,130.4,15.000,14.341,134.7
19.7143,9220,48295,15.000,15.429,142.3,15.000,16.158,130.3,15.000,14.520,134.0
19.7143,9221,48300,15.000,15.262,143.8,15.000,16.164,130.1,15.000,14.525,134.5
19.7143,9222,48305,15.000,15.254,143.4,15.000,16.159,130.0,15.000,14.705,133.4
19.7143,9223,48310,15.000,15.256,143.3,15.000,16.160,129.8,15.000,14.707,133.8
19.7143,9224,48315,15.000,15.246,143.4,15.000,16.146,129.8,15.000,14.693,134.0
19.7143,9225,48320,15.000,15.276,143.1,15.000,15.997,130.6,15.000,14.723,133.8
19.7694,9226,48325,15.000,15.409,142.3,15.000,15.943,130.5,15.000,14.677,134.2
19.7694,9227,48330,15.000,15.282,143.4,15.000,16.011,129.8,15.000,14.737,133.7
19.7694,9228,48335,15.000,15.043,144.6,15.000,15.958,130.2,15.000,14.860,133.1
19.7694,9229,48340,15.000,15.086,143.8,15.000,15.825,130.8,15.000,14.727,134.3
19.7694,9230,48345,15.000,15.067,144.0,15.000,15.804,130.5,15.000,14.708,134.1
19.7694,9231,48350,15.000,15.046,144.1,15.000,15.784,130.5,15.000,14.691,134.2
19.7694,9232,48355,15.000,15.044,144.0,15.000,15.594,131.6,15.000,14.864,133.1
19.7694,9233,48360,15.000,15.089,143.7,15.000,15.640,130.8,15.000,14.907,133.2
19.7694,9234,48365,15.000,15.241,142.8,15.000,15.610,131.0,15.000,14.880,133.5
19.7694,9235,48370,15.000,15.089,144.1,15.000,15.453,131.9,15.000,14.908,133.3
19.7694,9236,48375,15.000,14.905,145.0,15.000,15.453,131.5,15.000,14.909,133.3
19.7694,9237,48380,15.000,14.879,144.7,15.000,15.418,131.7,15.000,15.061,132.4
19.7694,9238,48385,15.000,15.105,143.2,15.000,15.096,133.6,15.000,14.927,133.6
19.7694,9239,48390,15.000,14.907,145.0,15.000,15.258,131.8,15.000,14.908,133.4
19.7694,9240,48395,15.000,14.702,145.9,15.000,15.233,132.3,15.000,15.064,132.4
19.7694,9241,48400,15.000,14.751,145.1,15.000,15.104,133.1,15.000,15.115,132.4
19.8313,9242,48405,15.000,14.915,144.2,15.000,15.086,132.9,15.000,14.916,133.8
19.8313,9243,48410,15.000,14.709,145.9,15.000,14.881,134.1,15.000,14.893,133.5
19.8313,9244,48415,15.000,14.713,145.4,15.000,14.888,133.6,15.000,15.079,132.2
19.8313,9245,48420,15.000,14.697,145.6,15.000,15.057,132.5,15.000,15.062,132.8
19.8313,9246,48425,15.000,14.899,144.3,15.000,14.897,134.0,15.000,15.082,132.6
19.8313,9247,48430,15.000,15.249,142.5,15.000,14.699,134.9,15.000,15.063,132.8
19.8313,9248,48435,15.000,15.053,144.6,15.000,15.052,132.2,15.000,15.052,132.8
19.8313,9249,48440,15.000,15.406,141.8,15.000,14.862,134.2,15.000,15.043,132.8
19.8876,9250,48445,15.000,15.449,142.3,15.000,14.908,133.5,15.000,15.091,132.5
19.8876,9251,48450,15.000,15.611,141.3,15.000,14.891,133.7,15.000,15.071,132.7
19.8876,9252,48455,15.000,15.416,142.9,15.000,15.058,132.6,15.000,15.238,131.6
19.8876,9253,48460,15.000,15.597,141.2,15.000,15.237,131.8,15.000,15.238,131.9
19.8876,9254,48465,15.000,15.466,142.4,15.000,15.106,133.1,15.000,15.106,132.8
19.8876,9255,48470,15.000,15.630,141.0,15.000,15.268,131.7,15.000,15.268,131.4
19.8876,9256,48475,15.000,15.238,143.9,15.000,15.414,131.1,15.000,15.236,131.9
19.8876,9257,48480,15.000,15.268,142.7,15.000,15.442,131.3,15.000,15.269,131.6
19.8876,9258,48485,15.000,15.271,142.7,15.000,15.623,130.1,15.000,15.268,131.7
19.8876,9259,48490,15.000,14.931,144.9,15.000,15.466,131.5,15.000,15.293,131.5
19.8876,9260,48495,15.000,14.896,144.3,15.000,14.886,134.8,15.000,15.257,131.7
19.8876,9261,48500,15.000,14.686,145.6,15.000,14.853,133.7,15.000,15.402,130.7
19.8876,9262,48505,15.000,14.734,144.8,15.000,14.909,133.2,15.000,15.275,131.8
19.8876,9263,48510,15.000,14.560,146.1,15.000,14.736,134.5,15.000,15.281,131.4
19.8876,9264,48515,15.000,14.681,145.0,15.000,14.855,133.3,15.000,15.400,130.6
19.8876,9265,48520,15.000,14.352,147.4,15.000,14.528,135.8,15.000,15.260,131.8
19.9507,9266,48525,15.000,14.556,145.4,15.000,14.551,134.9,15.000,15.461,130.1
19.9507,9267,48530,15.000,14.347,147.3,15.000,14.530,135.1,15.000,15.255,131.9
19.9507,9268,48535,15.000,14.345,146.9,15.000,14.531,135.1,15.000,15.256,131.4
19.9507,9269,48540,15.000,14.489,146.0,15.000,14.852,133.1,15.000,15.394,130.4
19.9507,9270,48545,15.000,14.480,146.5,15.000,15.385,130.4,15.000,15.383,130.8
19.9507,9271,48550,15.000,14.544,146.1,15.000,15.453,131.2,15.000,15.273,131.4
19.9517,9272,48555,15.000,14.348,147.6,15.000,15.434,131.4,15.000,15.254,131.3
19.9517,9273,48560,15.000,14.518,146.1,15.000,15.604,130.2,15.000,15.426,130.1
20.0160,9274,48565,15.000,14.341,147.7,15.000,15.603,130.6,15.000,15.248,131.6
20.0160,9275,48570,15.000,14.495,146.3,15.000,15.937,128.3,15.000,15.395,130.2
20.0160,9276,48575,15.000,14.717,145.3,15.000,15.802,129.9,15.000,15.260,131.4
20.0160,9277,48580,15.000,14.718,145.9,15.000,15.981,128.3,15.000,15.439,129.8
20.0160,9278,48585,15.000,14.871,144.9,15.000,15.953,128.8,15.000,15.415,130.4
20.0160,9279,48590,15.000,14.921,145.0,15.000,16.008,128.3,15.000,15.468,129.9
20.0160,9280,48595,15.000,15.109,143.9,15.000,15.834,129.4,15.000,15.295,131.1
20.0160,9281,48600,15.000,15.244,143.4,15.000,15.970,128.0,15.000,15.430,129.8
20.0160,9282,48605,15.000,15.437,142.5,15.000,15.977,128.2,15.000,15.438,130.0
20.0160,9283,48610,15.000,15.446,142.8,15.000,15.986,128.1,15.000,15.446,129.9
20.0160,9284,48615,15.000,15.452,142.8,15.000,15.820,129.0,15.000,15.458,129.8
20.0160,9285,48620,15.000,15.464,142.7,15.000,15.832,128.5,15.000,15.471,129.7
20.0160,9286,48625,15.000,15.051,145.3,15.000,15.963,127.6,15.000,15.421,130.0
20.0160,9287,48630,15.000,15.214,143.3,15.000,15.764,129.1,15.000,15.401,130.0
20.0160,9288,48635,15.000,15.077,144.5,15.000,15.812,128.2,15.000,15.444,129.6
20.0160,9289,48640,15.000,15.261,143.0,15.000,15.627,129.4,15.000,15.443,129.7
20.0752,9290,48645,15.000,15.072,144.6,15.000,15.793,127.8,15.000,15.430,129.7
20.0752,9291,48650,15.000,15.079,144.1,15.000,15.804,128.0,15.000,15.259,130.7
20.0752,9292,48655,15.000,15.243,143.1,15.000,15.788,128.1,15.000,15.428,129.2
20.0752,9293,48660,15.000,14.893,145.7,15.000,15.255,131.4,15.000,15.261,130.6
20.0752,9294,48665,15.000,14.907,144.8,15.000,15.267,130.0,15.000,15.454,129.0
20.0752,9295,48670,15.000,14.886,145.0,15.000,15.064,131.4,15.000,15.251,130.7
20.0752,9296,48675,15.000,15.269,142.4,15.000,15.085,130.7,15.000,15.452,128.9
20.0752,9297,48680,15.000,15.110,144.4,15.000,15.289,129.4,15.000,15.293,130.3
20.1363,9298,48685,15.000,15.262,143.0,15.000,15.252,130.1,15.000,15.441,128.9
20.1363,9299,48690,15.000,15.251,143.4,15.000,15.245,130.1,15.000,15.253,130.5
20.1363,9300,48695,15.000,15.062,144.6,15.000,15.237,130.1,15.000,15.420,128.9
20.1363,9301,48700,15.000,15.088,143.9,15.000,15.262,129.9,15.000,15.443,129.1
20.1363,9302,48705,15.000,15.064,144.1,15.000,15.058,131.2,15.000,15.237,130.5
20.1363,9303,48710,15.000,15.246,142.9,15.000,15.606,127.2,15.000,15.420,128.7
20.1363,9304,48715,15.000,15.253,143.2,15.000,15.794,127.2,15.000,15.247,130.3
20.1363,9305,48720,15.000,15.401,142.3,15.000,15.942,126.6,15.000,15.217,130.0
20.1363,9306,48725,15.000,15.238,143.6,15.000,15.777,127.9,15.000,15.052,131.0
20.1373,9307,48730,15.000,15.411,142.1,15.000,15.768,127.5,15.000,15.225,129.5
20.1373,9308,48735,15.000,15.404,142.5,15.000,15.769,127.4,15.000,15.046,131.0
20.1373,9309,48740,15.000,15.220,143.6,15.000,15.763,127.3,15.000,15.040,130.6
20.1373,9310,48745,15.000,15.628,140.5,15.000,15.817,126.9,15.000,14.911,131.4
20.1373,9311,48750,15.000,15.423,142.8,15.000,15.607,128.3,15.000,14.884,131.3
20.1373,9312,48755,15.000,15.454,142.0,15.000,15.819,126.3,15.000,14.916,131.1
20.1373,9313,48760,15.000,15.597,141.1,15.000,15.602,128.1,15.000,14.874,131.4
20.1849,9314,48765,15.000,15.431,142.5,15.000,15.434,128.6,15.000,14.887,131.2
20.1849,9315,48770,15.000,15.273,143.0,15.000,15.458,128.0,15.000,14.909,131.1
20.1849,9316,48775,15.000,15.421,141.7,15.000,15.428,128.2,15.000,14.880,131.4
20.1849,9317,48780,15.000,15.234,143.2,15.000,15.420,128.2,15.000,14.693,132.6
20.1849,9318,48785,15.000,15.302,142.3,15.000,15.299,128.9,15.000,14.749,131.8
20.1849,9319,48790,15.000,15.274,142.6,15.000,15.452,127.6,15.000,14.903,130.9
20.1849,9320,48795,15.000,15.238,142.7,15.000,15.234,129.3,15.000,14.867,131.6
20.1849,9321,48800,15.000,15.267,142.4,15.000,15.266,128.5,15.000,14.901,131.3
20.2484,9322,48805,15.000,15.078,143.7,15.000,15.071,129.8,15.000,14.890,131.4
20.2484,9323,48810,15.000,15.071,143.3,15.000,15.065,129.4,15.000,14.884,131.5
20.2484,9324,48815,15.000,15.247,142.1,15.000,15.063,129.4,15.000,14.883,131.5
20.2484,9325,48820,15.000,15.436,141.3,15.000,14.889,130.5,15.000,14.888,131.4
20.2484,9326,48825,15.000,15.269,142.8,15.000,14.903,130.0,15.000,14.901,131.4
20.2484,9327,48830,15.000,15.467,141.0,15.000,14.740,131.1,15.000,14.918,131.3
20.2484,9328,48835,15.000,15.223,143.0,15.000,14.502,132.3,15.000,15.040,130.6
20.2484,9329,48840,15.000,15.455,140.9,15.000,14.369,132.7,15.000,14.906,131.7
20.2484,9330,48845,15.000,15.284,142.5,15.000,14.374,132.4,15.000,14.913,131.4
20.2484,9331,48850,15.000,15.404,141.3,15.000,14.318,132.8,15.000,14.855,131.8
20.2484,9332,48855,15.000,15.428,141.4,15.000,14.162,133.8,15.000,15.070,130.3
20.2484,9333,48860,15.000,15.437,141.4,15.000,14.347,132.3,15.000,14.898,131.9
20.2484,9334,48865,15.000,15.431,141.4,15.000,14.341,132.9,15.000,14.890,131.5
20.2484,9335,48870,15.000,15.269,142.4,15.000,14.359,132.8,15.000,15.093,130.2
20.2484,9336,48875,15.000,15.429,140.9,15.000,14.338,133.1,15.000,15.072,130.8
20.2484,9337,48880,15.000,15.248,142.4,15.000,14.340,133.1,15.000,15.074,130.7
20.3084,9338,48885,15.000,15.268,141.8,15.000,14.537,131.9,15.000,15.094,130.6
20.3084,9339,48890,15.000,15.225,142.1,15.000,14.500,132.7,15.000,15.056,130.9
20.3084,9340,48895,15.000,15.059,143.1,15.000,14.341,133.7,15.000,15.079,130.7
20.3084,9341,48900,15.000,14.715,144.9,15.000,14.351,133.3,15.000,15.271,129.4
20.3084,9342,48905,15.000,14.710,144.1,15.000,14.528,132.2,15.000,15.078,131.1
20.3084,9343,48910,15.000,14.539,145.3,15.000,14.360,133.8,15.000,15.089,130.6
20.3084,9344,48915,15.000,14.553,144.8,15.000,14.371,133.4,15.000,15.285,129.3
20.3084,9345,48920,15.000,14.704,143.9,15.000,13.983,136.0,15.000,15.072,131.2
20.3696,9346,48925,15.000,14.536,145.4,15.000,13.991,135.2,15.000,15.261,129.4
20.3696,9347,48930,15.000,14.688,144.1,15.000,13.966,135.5,15.000,15.236,130.0
20.3696,9348,48935,15.000,14.708,144.3,15.000,13.807,136.6,15.000,15.079,130.9
20.3696,9349,48940,15.000,14.531,145.6,15.000,13.807,136.3,15.000,15.260,129.4
20.3696,9350,48945,15.000,14.861,143.1,15.000,13.956,135.5,15.000,15.227,130.0
20.3696,9351,48950,15.000,15.212,141.6,15.000,14.128,134.8,15.000,15.218,129.9
20.3696,9352,48955,15.000,15.236,142.2,15.000,14.154,135.2,15.000,15.243,129.7
20.3696,9353,48960,15.000,15.262,142.1,15.000,14.179,135.2,15.000,15.269,129.6
20.3696,9354,48965,15.000,15.385,141.3,15.000,14.299,134.5,15.000,15.206,130.0
20.3696,9355,48970,15.000,15.063,143.7,15.000,14.518,133.5,15.000,15.250,129.6
20.3696,9356,48975,15.000,15.061,142.9,15.000,14.522,134.0,15.000,15.073,130.8
20.3696,9357,48980,15.000,15.049,143.0,15.000,14.686,133.0,15.000,15.237,129.3
20.3696,9358,48985,15.000,15.035,143.0,15.000,15.037,131.2,15.000,15.220,129.8
20.3696,9359,48990,15.000,15.049,142.9,15.000,15.053,131.9,15.000,15.237,129.6
20.3696,9360,48995,15.000,14.709,145.2,15.000,15.258,130.6,15.000,15.260,129.5
20.3696,9361,49000,15.000,14.544,145.4,15.000,14.911,133.3,15.000,15.273,129.4
20.4163,9362,49005,15.000,14.528,145.2,15.000,14.522,135.0,15.000,15.255,129.5
20.4163,9363,49010,15.000,14.309,146.7,15.000,14.660,133.3,15.000,15.214,129.7
20.4163,9364,49015,15.000,14.195,146.9,15.000,14.365,135.6,15.000,15.286,129.1
20.4163,9365,49020,15.000,13.993,148.1,15.000,14.527,133.9,15.000,15.266,129.4
20.4163,9366,49025,15.000,13.784,149.1,15.000,14.671,133.4,15.000,15.410,128.4
20.4163,9367,49030,15.000,13.637,149.7,15.000,14.524,134.7,15.000,15.263,129.6
20.4163,9368,49035,15.000,13.664,149.3,15.000,14.555,134.2,15.000,15.290,129.1
20.4163,9369,49040,15.000,13.657,149.6,15.000,14.185,136.8,15.000,15.285,129.1
20.4871,9370,49045,15.000,13.810,148.7,15.000,14.149,136.2,15.000,15.251,129.3
20.4871,9371,49050,15.000,13.646,150.3,15.000,14.351,134.9,15.000,15.276,129.0
20.4871,9372,49055,15.000,13.438,151.4,15.000,14.696,133.2,15.000,15.252,129.2
20.4871,9373,49060,15.000,13.817,148.6,15.000,14.717,133.9,15.000,15.451,127.8
20.4871,9374,49065,15.000,13.433,152.2,15.000,15.067,131.7,15.000,15.250,129.6
20.4871,9375,49070,15.000,13.984,147.8,15.000,15.069,132.6,15.000,15.251,129.1
20.4871,9376,49075,15.000,14.174,148.0,15.000,15.084,132.5,15.000,15.085,130.1
20.4871,9377,49080,15.000,14.358,147.4,15.000,15.270,131.3,15.000,14.908,130.9
20.4881,9378,49085,15.000,14.331,148.1,15.000,15.234,131.9,15.000,14.876,130.6
20.4881,9379,49090,15.000,14.521,146.8,15.000,15.789,128.2,15.000,14.702,131.7
20.4881,9380,49095,15.000,14.709,146.1,15.000,15.803,129.3,15.000,14.716,131.2
20.4881,9381,49100,15.000,14.891,145.4,15.000,15.801,129.3,15.000,14.530,132.5
20.4881,9382,49105,15.000,15.232,143.7,15.000,15.958,128.2,15.000,14.508,132.3
20.4881,9383,49110,15.000,15.273,144.2,15.000,16.002,128.2,15.000,14.366,133.2
20.4881,9384,49115,15.000,15.784,140.9,15.000,15.963,128.4,15.000,14.509,132.0
20.4881,9385,49120,15.000,15.614,143.2,15.000,16.161,126.9,15.000,14.524,132.3
20.5433,9386,49125,15.000,15.787,141.6,15.000,15.973,128.5,15.000,14.516,132.4
20.5433,9387,49130,15.000,15.805,141.8,15.000,15.625,130.2,15.000,14.715,131.2
20.5433,9388,49135,15.000,15.780,141.9,15.000,15.422,130.6,15.000,14.695,131.8
20.5433,9389,49140,15.000,15.778,141.7,15.000,15.052,132.5,15.000,14.690,131.8
20.5433,9390,49145,15.000,15.791,141.6,15.000,15.065,131.5,15.000,14.700,131.8
20.5433,9391,49150,15.000,15.623,142.6,15.000,14.527,135.0,15.000,14.717,131.8
20.5433,9392,49155,15.000,15.452,143.2,15.000,13.998,137.2,15.000,14.907,130.6
20.5433,9393,49160,15.000,15.394,143.2,15.000,13.937,136.5,15.000,14.854,131.4
20.6051,9394,49165,15.000,15.265,143.8,15.000,13.990,136.1,15.000,14.723,132.1
20.6051,9395,49170,15.000,15.245,143.6,15.000,13.424,140.0,15.000,14.705,132.0
20.6051,9396,49175,15.000,15.277,143.3,15.000,13.456,138.6,15.000,14.738,131.8
20.6051,9397,49180,15.000,14.888,145.9,15.000,13.615,137.9,15.000,14.711,132.0
20.6051,9398,49185,15.000,14.884,145.0,15.000,13.788,137.3,15.000,14.705,132.1
20.6051,9399,49190,15.000,14.725,146.0,15.000,14.179,135.3,15.000,14.729,131.9
20.6051,9400,49195,15.000,14.552,146.8,15.000,14.188,136.3,15.000,14.738,131.9
20.6051,9401,49200,15.000,14.881,144.3,15.000,14.886,131.8,15.000,14.882,131.1
20.6051,9402,49205,15.000,14.878,145.1,15.000,15.419,130.0,15.000,14.515,133.8
20.6051,9403,49210,15.000,14.923,144.8,15.000,15.468,131.0,15.000,14.558,132.7
20.6051,9404,49215,15.000,14.703,146.4,15.000,15.245,132.5,15.000,14.339,134.3
20.6051,9405,49220,15.000,14.898,144.6,15.000,15.805,128.3,15.000,14.350,133.8
20.6051,9406,49225,15.000,14.697,146.4,15.000,15.964,128.5,15.000,14.151,135.2
20.6051,9407,49230,15.000,14.719,145.8,15.000,15.621,131.0,15.000,14.175,134.6
20.6061,9408,49235,15.000,14.928,144.5,15.000,15.470,131.1,15.000,14.206,134.6
20.6061,9409,49240,15.000,14.881,145.4,15.000,15.415,131.0,15.000,14.157,135.1
20.6670,9410,49245,15.000,15.049,144.2,15.000,15.397,130.9,15.000,14.140,135.1
20.6670,9411,49250,15.000,14.897,145.6,15.000,15.432,130.6,15.000,13.807,137.4
20.6670,9412,49255,15.000,15.103,143.9,15.000,15.461,130.5,15.000,14.013,135.4
20.6670,9413,49260,15.000,15.053,144.7,15.000,15.229,132.0,15.000,14.143,135.1
20.6670,9414,49265,15.000,15.278,143.1,15.000,15.463,129.9,15.000,14.187,135.3
20.6670,9415,49270,15.000,15.252,143.8,15.000,15.435,130.6,15.000,14.343,134.4
20.6670,9416,49275,15.000,15.271,143.5,15.000,15.457,130.3,15.000,14.542,133.6
20.6670,9417,49280,15.000,15.626,141.2,15.000,15.813,128.0,15.000,14.529,134.2
20.7295,9418,49285,15.000,15.413,143.4,15.000,15.958,127.8,15.000,14.493,134.5
20.7295,9419,49290,15.000,15.604,141.6,15.000,15.970,128.0,15.000,14.684,133.2
20.7295,9420,49295,15.000,15.444,143.0,15.000,16.000,127.7,15.000,14.713,133.5
20.7295,9421,49300,15.000,15.593,141.6,15.000,15.782,129.1,15.000,14.862,132.6
20.7295,9422,49305,15.000,15.413,143.1,15.000,15.788,128.4,15.000,14.868,133.0
20.7295,9423,49310,15.000,15.281,143.5,15.000,15.833,128.1,15.000,14.918,132.7
20.7295,9424,49315,15.000,15.406,142.3,15.000,15.771,128.5,15.000,15.048,132.0
20.7295,9425,49320,15.000,15.062,144.8,15.000,15.794,128.1,15.000,15.070,132.1
20.7295,9426,49325,15.000,15.222,142.9,15.000,15.585,129.4,15.000,15.045,132.3
20.7295,9427,49330,15.000,15.052,144.4,15.000,15.604,128.7,15.000,15.064,132.1
20.7295,9428,49335,15.000,15.070,143.9,15.000,15.628,128.5,15.000,15.086,132.0
20.7295,9429,49340,15.000,14.894,145.0,15.000,15.452,129.7,15.000,14.911,133.2
20.7295,9430,49345,15.000,15.048,143.6,15.000,15.418,129.4,15.000,14.877,133.0
20.7295,9431,49350,15.000,14.903,144.9,15.000,15.639,127.8,15.000,14.732,133.9
20.7295,9432,49355,15.000,15.052,143.6,15.000,15.423,129.7,15.000,14.698,133.8
20.7295,9433,49360,15.000,15.032,144.1,15.000,15.586,128.1,15.000,14.497,135.1
20.7954,9434,49365,15.000,14.898,144.9,15.000,15.633,128.1,15.000,14.539,134.4
20.7954,9435,49370,15.000,15.230,142.5,15.000,15.420,129.5,15.000,14.327,135.9
20.7954,9436,49375,15.000,15.085,144.2,15.000,15.647,127.5,15.000,14.368,135.2
20.7954,9437,49380,15.000,15.251,142.7,15.000,15.808,126.9,15.000,14.348,135.5
20.7954,9438,49385,15.000,15.267,143.0,15.000,15.641,128.3,15.000,14.542,134.3
20.7954,9439,49390,15.000,15.434,141.9,15.000,15.809,126.7,15.000,14.532,134.9
20.7954,9440,49395,15.000,15.260,143.4,15.000,15.817,127.0,15.000,14.540,134.8
20.7954,9441,49400,15.000,15.246,143.1,15.000,15.435,129.4,15.000,14.890,132.6
20.8558,9442,49405,15.000,15.081,144.1,15.000,15.447,128.4,15.000,14.902,133.4
20.8558,9443,49410,15.000,15.280,142.4,15.000,15.283,129.4,15.000,14.920,133.3
20.8558,9444,49415,15.000,15.238,143.1,15.000,15.061,130.4,15.000,15.057,132.5
20.8558,9445,49420,15.000,15.254,142.9,15.000,15.074,129.8,15.000,15.074,132.7
20.8558,9446,49425,15.000,15.410,141.9,15.000,14.863,131.2,15.000,15.227,131.7
20.8558,9447,49430,15.000,15.264,143.1,15.000,14.717,131.7,15.000,15.262,131.8
20.8558,9448,49435,15.000,15.416,141.8,15.000,14.689,131.5,15.000,15.054,133.2
20.8558,9449,49440,15.000,15.058,144.4,15.000,14.151,135.0,15.000,15.234,131.6
20.8558,9450,49445,15.000,15.088,143.3,15.000,13.998,134.8,15.000,15.262,131.8
20.8558,9451,49450,15.000,14.910,144.6,15.000,14.370,132.1,15.000,15.269,131.8
20.8558,9452,49455,15.000,15.075,143.1,15.000,14.001,135.5,15.000,15.259,131.8
20.8558,9453,49460,15.000,14.894,144.6,15.000,13.817,135.9,15.000,15.441,130.6
20.8558,9454,49465,15.000,15.069,143.1,15.000,13.991,134.5,15.000,15.261,132.2
20.8558,9455,49470,15.000,14.719,145.8,15.000,14.189,133.7,15.000,15.457,130.4
20.8558,9456,49475,15.000,14.710,145.0,15.000,14.179,134.4,15.000,15.267,132.1
20.8558,9457,49480,15.000,14.696,145.1,15.000,14.351,133.3,15.000,15.439,130.5
20.9149,9458,49485,15.000,14.342,147.4,15.000,14.527,132.6,15.000,15.435,130.9
20.9149,9459,49490,15.000,14.694,144.4,15.000,14.887,130.8,15.000,15.436,130.8
20.9149,9460,49495,15.000,14.713,145.1,15.000,15.098,130.3,15.000,15.460,130.6
20.9149,9461,49500,15.000,15.030,143.1,15.000,15.045,131.1,15.000,15.408,130.9
20.9149,9462,49505,15.000,14.898,144.7,15.000,15.454,128.3,15.000,15.456,130.4
20.9149,9463,49510,15.000,15.029,143.6,15.000,15.767,127.2,15.000,15.404,130.8
20.9149,9464,49515,15.000,15.055,143.7,15.000,15.793,127.7,15.000,15.427,130.5
20.9149,9465,49520,15.000,15.256,142.5,15.000,15.444,129.9,15.000,15.447,130.4
20.9789,9466,49525,15.000,15.273,142.8,15.000,15.458,129.0,15.000,15.461,130.3
20.9789,9467,49530,15.000,15.245,143.0,15.000,15.244,130.3,15.000,15.427,130.5
20.9789,9468,49535,15.000,15.601,140.6,15.000,14.713,133.3,15.000,15.437,130.3
20.9789,9469,49540,15.000,15.272,143.5,15.000,14.556,133.0,15.000,15.099,132.5
20.9789,9470,49545,15.000,15.207,143.1,15.000,14.301,134.4,15.000,15.030,132.1
20.9789,9471,49550,15.000,15.269,142.5,15.000,14.180,134.6,15.000,14.541,135.1
20.9789,9472,49555,15.000,15.430,141.6,15.000,13.973,135.8,15.000,14.335,135.4
20.9789,9473,49560,15.000,15.263,143.0,15.000,13.628,137.7,15.000,13.989,137.2
20.9789,9474,49565,15.000,15.287,142.5,15.000,13.649,136.9,15.000,13.825,137.5
20.9789,9475,49570,15.000,15.419,141.6,15.000,13.968,135.0,15.000,13.592,138.8
20.9789,9476,49575,15.000,15.267,142.9,15.000,14.001,135.6,15.000,13.441,139.4
20.9789,9477,49580,15.000,15.238,142.7,15.000,13.969,136.0,15.000,13.230,140.6
20.9789,9478,49585,15.000,15.089,143.5,15.000,14.359,133.6,15.000,13.076,141.3
20.9789,9479,49590,15.000,15.449,140.8,15.000,14.537,133.4,15.000,13.253,140.0
20.9789,9480,49595,15.000,15.481,141.4,15.000,14.749,132.5,15.000,13.102,141.6
20.9789,9481,49600,15.000,15.459,141.6,15.000,14.914,132.0,15.000,13.452,139.2
21.0403,9482,49605,15.000,15.409,141.8,15.000,15.225,130.3,15.000,13.586,139.3
21.0403,9483,49610,15.000,15.441,141.4,15.000,15.624,128.5,15.000,13.802,138.4
21.0403,9484,49615,15.000,15.232,142.8,15.000,15.600,129.5,15.000,13.961,138.0
21.0403,9485,49620,15.000,15.252,142.2,15.000,15.432,130.5,15.000,14.156,137.2
21.0403,9486,49625,15.000,15.219,142.4,15.000,15.583,129.0,15.000,14.311,136.8
21.0403,9487,49630,15.000,15.470,140.7,15.000,15.836,127.7,15.000,14.378,136.8
21.0403,9488,49635,15.000,15.441,141.4,15.000,15.985,127.2,15.000,14.531,136.0
21.0403,9489,49640,15.000,15.245,142.6,15.000,16.152,126.4,15.000,14.517,136.6
21.0403,9490,49645,15.000,15.403,141.0,15.000,16.126,126.8,15.000,14.497,136.7
21.0403,9491,49650,15.000,15.039,143.7,15.000,15.760,129.0,15.000,14.494,136.7
21.0403,9492,49655,15.000,15.107,142.4,15.000,15.837,127.5,15.000,14.378,137.5
21.0403,9493,49660,15.000,14.888,144.0,15.000,15.787,128.0,15.000,14.333,137.6
21.0403,9494,49665,15.000,15.093,142.1,15.000,15.443,130.0,15.000,14.354,137.5
21.0403,9495,49670,15.000,14.926,143.7,15.000,15.645,127.8,15.000,14.010,139.8
21.0403,9496,49675,15.000,15.102,142.2,15.000,15.636,128.3,15.000,14.000,139.2
21.0403,9497,49680,15.000,14.898,143.9,15.000,15.432,129.5,15.000,13.982,139.4
21.1126,9498,49685,15.000,14.909,143.4,15.000,15.441,128.9,15.000,13.987,139.4
21.1126,9499,49690,15.000,15.059,142.4,15.000,15.410,129.1,15.000,14.140,138.6
21.1126,9500,49695,15.000,14.903,143.8,15.000,15.443,128.7,15.000,14.347,137.7
21.1126,9501,49700,15.000,15.292,140.9,15.000,15.649,127.4,15.000,14.372,138.1
21.1126,9502,49705,15.000,15.073,143.2,15.000,15.606,128.1,15.000,14.520,137.3
21.1126,9503,49710,15.000,15.084,142.6,15.000,15.620,127.9,15.000,14.710,136.4
21.1126,9504,49715,15.000,15.087,142.6,15.000,15.989,125.4,15.000,14.715,136.9
21.1126,9505,49720,15.000,15.080,142.7,15.000,15.799,127.4,15.000,14.890,135.8
21.1656,9506,49725,15.000,14.898,143.8,15.000,15.793,126.9,15.000,15.065,135.1
21.1666,9507,49730,15.000,15.068,142.3,15.000,15.966,125.7,15.000,15.055,135.6
21.1666,9508,49735,15.000,15.040,142.9,15.000,15.939,126.2,15.000,15.211,134.5
21.1666,9509,49740,15.000,14.923,143.6,15.000,15.821,126.8,15.000,15.091,135.6
21.1666,9510,49745,15.000,14.926,143.3,15.000,15.824,126.4,15.000,15.095,135.3
21.1666,9511,49750,15.000,14.693,144.8,15.000,15.774,126.6,15.000,15.219,134.5
21.1666,9512,49755,15.000,14.717,144.1,15.000,15.798,126.2,15.000,15.427,133.4
21.1666,9513,49760,15.000,14.900,143.0,15.000,15.805,126.2,15.000,15.255,135.0
21.1666,9514,49765,15.000,14.869,143.7,15.000,15.590,127.5,15.000,15.402,133.6
21.1666,9515,49770,15.000,14.869,143.6,15.000,15.775,125.7,15.000,15.403,133.9
21.1666,9516,49775,15.000,14.892,143.5,15.000,15.441,128.2,15.000,15.437,133.6
21.1666,9517,49780,15.000,14.684,144.9,15.000,15.049,129.9,15.000,15.407,133.9
21.1666,9518,49785,15.000,14.720,144.2,15.000,15.088,128.7,15.000,15.447,133.5
21.1666,9519,49790,15.000,14.874,143.3,15.000,15.061,129.0,15.000,15.598,132.5
21.1666,9520,49795,15.000,14.887,143.6,15.000,15.077,128.8,15.000,15.614,132.7
21.1666,9521,49800,15.000,15.087,142.4,15.000,15.095,128.7,15.000,15.458,133.7
21.2348,9522,49805,15.000,15.067,143.0,15.000,15.072,128.9,15.000,15.431,133.5
21.2348,9523,49810,15.000,15.047,143.0,15.000,15.047,129.0,15.000,15.586,132.3
21.2348,9524,49815,15.000,14.917,143.8,15.000,15.105,128.6,15.000,15.465,133.4
21.2348,9525,49820,15.000,14.708,144.9,15.000,15.066,128.9,15.000,15.609,132.2
21.2348,9526,49825,15.000,14.719,144.3,15.000,15.260,127.6,15.000,15.435,133.6
21.2348,9527,49830,15.000,14.565,145.4,15.000,15.651,125.5,15.000,15.648,131.7
21.2348,9528,49835,15.000,14.348,146.5,15.000,15.606,126.6,15.000,15.602,132.4
21.2348,9529,49840,15.000,14.187,147.1,15.000,15.628,126.3,15.000,15.445,133.3
21.3060,9530,49845,15.000,14.141,147.1,15.000,15.571,126.7,15.000,15.571,132.0
21.3060,9531,49850,15.000,13.979,148.2,15.000,15.591,126.3,15.000,15.773,131.0
21.3060,9532,49855,15.000,14.003,147.7,15.000,15.621,126.1,15.000,15.621,132.3
21.3060,9533,49860,15.000,14.227,146.4,15.000,15.487,127.0,15.000,15.669,131.6
21.3060,9534,49865,15.000,14.167,147.5,15.000,15.602,125.9,15.000,15.605,132.1
21.3060,9535,49870,15.000,14.528,145.1,15.000,15.429,127.2,15.000,15.611,131.8
21.3060,9536,49875,15.000,14.506,146.1,15.000,15.403,126.9,15.000,15.766,130.7
21.3060,9537,49880,15.000,14.683,145.0,15.000,15.399,126.8,15.000,15.580,132.2
21.3060,9538,49885,15.000,15.103,142.7,15.000,14.910,129.9,15.000,15.644,131.3
21.3060,9539,49890,15.000,15.064,144.0,15.000,14.871,129.0,15.000,15.605,131.6
21.3060,9540,49895,15.000,15.115,143.5,15.000,14.749,129.7,15.000,15.667,131.1
21.3060,9541,49900,15.000,15.250,142.7,15.000,14.700,129.8,15.000,15.615,131.5
21.3060,9542,49905,15.000,15.411,142.0,15.000,14.499,131.0,15.000,15.597,131.4
21.3060,9543,49910,15.000,15.243,143.4,15.000,14.326,131.7,15.000,15.610,131.2
21.3060,9544,49915,15.000,15.271,142.8,15.000,14.177,132.4,15.000,15.640,131.0
21.3060,9545,49920,15.000,15.268,142.9,15.000,14.353,131.0,15.000,15.637,131.0
21.3675,9546,49925,15.000,15.257,142.9,15.000,14.339,131.5,15.000,15.622,131.0
21.3675,9547,49930,15.000,15.092,143.9,15.000,13.995,133.8,15.000,15.645,130.7
21.3675,9548,49935,15.000,14.693,146.1,15.000,14.329,130.9,15.000,15.605,131.0
21.3675,9549,49940,15.000,14.726,145.0,15.000,14.548,130.4,15.000,15.641,130.6
21.3675,9550,49945,15.000,14.700,145.3,15.000,14.520,131.1,15.000,15.429,132.0
21.3675,9551,49950,15.000,14.527,146.4,15.000,14.351,132.2,15.000,15.436,131.4
21.3675,9552,49955,15.000,14.182,148.2,15.000,14.000,134.2,15.000,15.454,131.2
21.3675,9553,49960,15.000,14.129,147.9,15.000,14.310,131.4,15.000,15.396,131.6
21.3675,9554,49965,15.000,14.148,147.7,15.000,14.324,132.2,15.000,15.410,131.3
21.3675,9555,49970,15.000,13.998,148.8,15.000,14.358,132.1,15.000,15.444,131.1
21.3675,9556,49975,15.000,14.161,147.5,15.000,14.348,132.3,15.000,15.254,132.3
21.3675,9557,49980,15.000,14.344,146.8,15.000,14.713,130.0,15.000,15.250,131.9
21.3675,9558,49985,15.000,14.520,146.2,15.000,14.890,129.7,15.000,15.246,131.9
21.3675,9559,49990,15.000,14.715,145.4,15.000,14.713,131.3,15.000,15.254,131.8
21.3675,9560,49995,15.000,14.683,146.1,15.000,14.856,130.0,15.000,15.397,130.8
21.3675,9561,50000,15.000,14.879,144.8,15.000,15.054,129.1,15.000,15.239,132.2
21.4318,9562,50005,15.000,15.061,144.1,15.000,15.414,127.2,15.000,15.229,131.8
21.4318,9563,50010,15.000,15.268,143.2,15.000,15.081,130.2,15.000,15.077,132.8
21.4318,9564,50015,15.000,15.263,143.7,15.000,14.715,131.7,15.000,15.082,132.4
21.4318,9565,50020,15.000,15.250,143.7,15.000,14.517,132.2,15.000,15.065,132.5
21.4318,9566,50025,15.000,15.109,144.6,15.000,14.554,131.5,15.000,15.102,132.2
21.4318,9567,50030,15.000,15.201,143.6,15.000,14.460,132.3,15.000,15.192,131.7
21.4318,9568,50035,15.000,15.077,144.6,15.000,13.970,135.3,15.000,15.079,132.6
21.4318,9569,50040,15.000,14.506,148.0,15.000,13.947,134.4,15.000,15.055,132.5
21.4936,9570,50045,15.000,14.519,146.6,15.000,13.602,136.7,15.000,14.888,133.5
21.4936,9571,50050,15.000,14.533,146.6,15.000,13.249,138.3,15.000,14.899,133.0
21.4936,9572,50055,15.000,14.509,146.9,15.000,13.049,139.0,15.000,15.062,132.0
21.4936,9573,50060,15.000,14.180,149.0,15.000,13.083,138.5,15.000,15.102,132.1
21.4936,9574,50065,15.000,14.156,148.5,15.000,13.243,137.8,15.000,15.072,132.4
21.4936,9575,50070,15.000,14.347,147.3,15.000,13.252,138.3,15.000,14.901,133.5
21.4936,9576,50075,15.000,14.492,146.9,15.000,13.395,137.6,15.000,15.044,132.1
21.4936,9577,50080,15.000,14.180,149.3,15.000,12.727,142.5,15.000,14.914,133.3
21.4946,9578,50085,15.000,14.524,146.4,15.000,13.255,137.7,15.000,14.882,133.2
21.4946,9579,50090,15.000,15.051,143.8,15.000,13.418,138.1,15.000,15.046,132.1
21.4946,9580,50095,15.000,15.068,145.0,15.000,13.803,136.2,15.000,15.070,132.3
21.4946,9581,50100,15.000,15.099,144.8,15.000,14.377,133.5,15.000,15.096,132.2
21.4946,9582,50105,15.000,14.892,146.2,15.000,14.527,134.0,15.000,15.058,132.5
21.4946,9583,50110,15.000,15.246,143.4,15.000,14.882,132.1,15.000,15.043,132.5
21.4946,9584,50115,15.000,15.259,144.2,15.000,15.078,131.7,15.000,15.057,132.4
21.4946,9585,50120,15.000,15.267,144.1,15.000,15.267,130.9,15.000,15.064,132.3
21.5554,9586,50125,15.000,15.100,145.2,15.000,15.279,131.2,15.000,15.076,132.3
21.5554,9587,50130,15.000,15.459,142.5,15.000,15.818,127.7,15.000,15.075,132.3
21.5554,9588,50135,15.000,15.283,144.4,15.000,15.645,130.0,15.000,15.273,131.0
21.5554,9589,50140,15.000,15.263,144.1,15.000,15.448,130.8,15.000,15.076,132.7
21.5554,9590,50145,15.000,15.451,142.8,15.000,15.270,131.5,15.000,15.263,131.0
21.5554,9591,50150,15.000,15.254,144.5,15.000,15.254,131.1,15.000,15.249,131.5
21.5554,9592,50155,15.000,15.654,141.4,15.000,15.299,130.8,15.000,15.119,132.3
21.5554,9593,50160,15.000,15.441,143.6,15.000,15.083,132.2,15.000,15.265,131.0
21.6108,9594,50165,15.000,15.608,142.0,15.000,15.066,131.8,15.000,15.248,131.5
21.6108,9595,50170,15.000,15.224,144.8,15.000,15.042,131.9,15.000,15.406,130.4
21.6108,9596,50175,15.000,15.080,144.8,15.000,14.909,132.7,15.000,15.273,131.6
21.6108,9597,50180,15.000,14.902,145.6,15.000,15.087,131.3,15.000,15.453,130.1
21.6108,9598,50185,15.000,14.862,145.5,15.000,15.047,131.9,15.000,15.226,131.9
21.6108,9599,50190,15.000,14.528,147.6,15.000,15.248,130.5,15.000,15.428,130.0
21.6108,9600,50195,15.000,14.172,149.1,15.000,15.261,130.9,15.000,15.255,131.6
21.6108,9601,50200,15.000,14.167,148.4,15.000,15.258,130.9,15.000,15.255,131.1
21.6108,9602,50205,15.000,13.978,149.7,15.000,15.428,129.8,15.000,15.425,130.0
21.6108,9603,50210,15.000,13.814,150.4,15.000,15.445,130.0,15.000,15.262,131.4
21.6108,9604,50215,15.000,13.611,151.5,15.000,15.071,132.4,15.000,15.426,129.9
21.6108,9605,50220,15.000,13.791,150.0,15.000,14.889,132.7,15.000,15.244,131.5
21.6108,9606,50225,15.000,13.966,149.4,15.000,14.876,132.4,15.000,15.415,129.9
21.6108,9607,50230,15.000,14.175,148.6,15.000,14.907,132.2,15.000,15.264,131.2
21.6108,9608,50235,15.000,14.166,149.3,15.000,15.075,131.2,15.000,15.430,129.8
21.6108,9609,50240,15.000,14.531,147.0,15.000,14.903,132.7,15.000,15.259,131.2
21.6676,9610,50245,15.000,14.728,146.6,15.000,15.096,131.0,15.000,15.269,130.7
21.6676,9611,50250,15.000,14.856,146.3,15.000,15.042,131.8,15.000,15.396,129.9
21.6676,9612,50255,15.000,15.062,145.3,15.000,15.068,131.5,15.000,15.422,130.0
21.6676,9613,50260,15.000,15.244,144.6,15.000,15.072,131.5,15.000,15.426,130.0
21.6676,9614,50265,15.000,15.427,143.8,15.000,15.611,128.0,15.000,15.422,129.9
21.6676,9615,50270,15.000,15.629,142.9,15.000,15.632,129.1,15.000,15.447,129.7
21.6676,9616,50275,15.000,15.615,143.4,15.000,15.801,128.0,15.000,15.249,131.0
21.6676,9617,50280,15.000,15.222,145.8,15.000,15.405,130.9,15.000,15.394,129.6
21.7302,9618,50285,15.000,15.283,144.5,15.000,14.914,133.1,15.000,15.279,130.6
21.7302,9619,50290,15.000,14.926,146.9,15.000,14.737,133.1,15.000,15.463,129.1
21.7302,9620,50295,15.000,14.869,146.4,15.000,14.498,134.2,15.000,15.409,129.9
21.7302,9621,50300,15.000,14.729,147.2,15.000,14.358,134.6,15.000,15.451,129.4
21.7302,9622,50305,15.000,14.535,148.2,15.000,14.166,135.6,15.000,15.258,130.7
21.7302,9623,50310,15.000,14.494,148.0,15.000,13.943,136.7,15.000,15.390,129.4
21.7302,9624,50315,15.000,14.346,148.9,15.000,13.978,136.1,15.000,15.246,130.6
21.7302,9625,50320,15.000,14.177,149.8,15.000,14.176,135.0,15.000,15.256,130.1
21.7302,9626,50325,15.000,14.189,149.4,15.000,14.003,136.7,15.000,15.449,128.9
21.7302,9627,50330,15.000,14.543,147.2,15.000,14.180,135.2,15.000,15.268,130.5
21.7302,9628,50335,15.000,14.520,148.2,15.000,14.535,133.4,15.000,15.435,128.9
21.7302,9629,50340,15.000,14.857,146.0,15.000,14.869,132.2,15.000,15.227,130.6
21.7302,9630,50345,15.000,15.077,145.4,15.000,14.905,132.7,15.000,15.447,128.7
21.7302,9631,50350,15.000,15.062,146.1,15.000,14.890,132.9,15.000,15.247,130.4
21.7302,9632,50355,15.000,15.237,144.9,15.000,15.066,131.8,15.000,15.424,128.8
21.7302,9633,50360,15.000,15.280,145.0,15.000,14.922,133.1,15.000,15.293,130.0
21.7920,9634,50365,15.000,15.254,145.2,15.000,14.709,134.2,15.000,15.442,128.7
21.7920,9635,50370,15.000,15.249,145.2,15.000,14.334,136.1,15.000,15.434,129.0
21.7920,9636,50375,15.000,15.425,144.0,15.000,14.519,134.1,15.000,15.252,130.2
21.7920,9637,50380,15.000,15.437,144.3,15.000,14.708,133.4,15.000,15.442,128.5
21.7920,9638,50385,15.000,15.407,144.4,15.000,14.676,134.1,15.000,15.225,130.3
21.7920,9639,50390,15.000,15.261,145.3,15.000,14.714,133.8,15.000,15.257,129.5
21.7920,9640,50395,15.000,14.905,147.2,15.000,14.910,132.6,15.000,15.087,130.7
21.7920,9641,50400,15.000,14.900,146.4,15.000,15.086,132.0,15.000,15.265,129.1
21.8537,9642,50405,15.000,14.702,147.7,15.000,14.880,133.7,15.000,15.057,130.9
21.8537,9643,50410,15.000,14.717,147.2,15.000,15.449,129.5,15.000,15.075,130.2
21.8537,9644,50415,15.000,14.906,146.0,15.000,15.645,129.6,15.000,14.910,131.3
21.8537,9645,50420,15.000,14.903,146.5,15.000,16.009,127.6,15.000,14.909,131.0
21.8537,9646,50425,15.000,14.687,147.9,15.000,15.966,128.6,15.000,15.049,130.1
21.8537,9647,50430,15.000,14.536,148.4,15.000,15.815,129.4,15.000,14.898,131.4
21.8537,9648,50435,15.000,14.737,146.8,15.000,16.016,127.6,15.000,14.917,130.9
21.8537,9649,50440,15.000,14.707,147.5,15.000,15.983,128.2,15.000,14.887,131.1
21.8537,9650,50445,15.000,14.871,146.4,15.000,15.953,128.2,15.000,14.860,131.3
21.8537,9651,50450,15.000,15.067,145.5,15.000,15.792,129.1,15.000,14.699,132.3
21.8537,9652,50455,15.000,15.087,145.8,15.000,16.002,127.2,15.000,14.911,130.5
21.8537,9653,50460,15.000,15.233,144.9,15.000,15.959,127.9,15.000,14.872,131.3
21.8537,9654,50465,15.000,15.073,146.3,15.000,15.980,127.6,15.000,14.891,131.1
21.8537,9655,50470,15.000,15.217,145.0,15.000,15.763,128.9,15.000,14.855,131.4
21.8537,9656,50475,15.000,15.258,145.0,15.000,15.809,128.0,15.000,14.719,132.2
21.8537,9657,50480,15.000,15.418,144.0,15.000,15.967,127.0,15.000,14.875,130.9
21.9163,9658,50485,15.000,15.236,145.6,15.000,15.961,127.3,15.000,14.868,131.3
21.9163,9659,50490,15.000,15.436,143.8,15.000,15.806,128.2,15.000,14.897,131.1
21.9163,9660,50495,15.000,15.447,144.2,15.000,15.826,127.6,15.000,14.914,131.1
21.9163,9661,50500,15.000,15.437,144.2,15.000,15.993,126.5,15.000,14.901,131.2
21.9163,9662,50505,15.000,15.420,144.2,15.000,15.790,128.1,15.000,14.876,131.4
21.9163,9663,50510,15.000,15.466,143.8,15.000,15.655,128.4,15.000,14.921,131.1
21.9163,9664,50515,15.000,15.450,144.0,15.000,15.454,129.3,15.000,14.905,131.3
21.9163,9665,50520,15.000,15.464,143.8,15.000,15.466,128.7,15.000,14.918,131.2
21.9866,9666,50525,15.000,15.069,146.4,15.000,15.062,131.3,15.000,15.053,130.3
21.9866,9667,50530,15.000,14.913,146.4,15.000,14.912,131.3,15.000,14.905,131.6
21.9866,9668,50535,15.000,15.076,145.0,15.000,14.541,133.3,15.000,14.897,131.3
21.9866,9669,50540,15.000,14.911,146.5,15.000,14.551,132.4,15.000,14.905,131.3
21.9866,9670,50545,15.000,15.069,145.1,15.000,14.524,132.7,15.000,15.062,130.3
21.9866,9671,50550,15.000,14.889,146.6,15.000,14.163,135.0,15.000,15.060,130.6
21.9866,9672,50555,15.000,15.110,144.7,15.000,14.203,134.0,15.000,14.921,131.5
21.9866,9673,50560,15.000,14.884,146.7,15.000,14.157,134.5,15.000,15.055,130.3
21.9875,9674,50565,15.000,15.075,145.0,15.000,14.164,134.4,15.000,15.062,130.6
21.9875,9675,50570,15.000,14.910,146.5,15.000,14.363,133.2,15.000,15.079,130.5
21.9875,9676,50575,15.000,15.436,142.7,15.000,14.716,131.5,15.000,14.895,131.7
21.9875,9677,50580,15.000,15.440,143.9,15.000,14.715,132.4,15.000,14.711,132.5
21.9875,9678,50585,15.000,15.459,143.7,15.000,14.911,131.1,15.000,14.727,132.0
21.9875,9679,50590,15.000,15.441,143.8,15.000,14.893,131.7,15.000,14.708,132.2
21.9875,9680,50595,15.000,15.438,143.7,15.000,14.890,131.7,15.000,14.525,133.4
21.9875,9681,50600,15.000,15.454,143.6,15.000,15.268,129.3,15.000,14.542,132.9
22.0487,9682,50605,15.000,15.398,143.9,15.000,15.393,129.3,15.000,14.487,133.3
22.0487,9683,50610,15.000,15.430,143.5,15.000,15.244,130.6,15.000,14.343,134.2
22.0487,9684,50615,15.000,15.405,143.7,15.000,15.405,129.1,15.000,14.502,132.9
22.0487,9685,50620,15.000,15.410,143.6,15.000,15.043,131.8,15.000,14.507,133.3
22.0487,9686,50625,15.000,15.437,143.4,15.000,14.707,133.1,15.000,14.531,133.2
22.0487,9687,50630,15.000,15.439,143.4,15.000,14.709,132.3,15.000,14.716,132.1
22.0487,9688,50635,15.000,15.389,143.6,15.000,14.663,132.7,15.000,14.847,131.7
22.0487,9689,50640,15.000,15.406,143.4,15.000,14.682,132.5,15.000,14.865,131.9
22.0487,9690,50645,15.000,15.415,143.3,15.000,14.685,132.6,15.000,14.869,132.0
22.0487,9691,50650,15.000,15.591,142.1,15.000,14.318,135.0,15.000,14.866,132.0
22.0487,9692,50655,15.000,15.271,144.6,15.000,14.004,136.2,15.000,14.915,131.7
22.0487,9693,50660,15.000,15.416,142.8,15.000,14.151,134.6,15.000,15.054,130.9
22.0487,9694,50665,15.000,15.265,144.1,15.000,14.184,134.9,15.000,14.723,133.4
22.0487,9695,50670,15.000,15.406,142.8,15.000,14.507,132.9,15.000,14.684,132.9
22.0487,9696,50675,15.000,15.245,144.1,15.000,14.706,132.5,15.000,14.519,133.9
22.0487,9697,50680,15.000,15.414,142.6,15.000,14.692,133.1,15.000,14.504,133.7
22.1037,9698,50685,15.000,15.434,142.9,15.000,13.993,137.6,15.000,14.345,134.7
22.1037,9699,50690,15.000,15.422,142.9,15.000,13.798,137.3,15.000,14.332,134.5
22.1037,9700,50695,15.000,15.419,142.9,15.000,13.079,141.7,15.000,14.337,134.5
22.1037,9701,50700,15.000,14.904,146.2,15.000,13.110,140.0,15.000,14.373,134.4
22.1037,9702,50705,15.000,15.230,142.8,15.000,13.076,140.5,15.000,14.334,134.8
22.1037,9703,50710,15.000,15.075,144.6,15.000,13.102,140.5,15.000,14.365,134.6
22.1037,9704,50715,15.000,15.233,143.2,15.000,13.076,140.9,15.000,14.524,133.7
22.1037,9705,50720,15.000,14.906,145.7,15.000,13.109,140.9,15.000,14.553,133.9
22.1541,9706,50725,15.000,15.053,143.9,15.000,13.079,141.4,15.000,14.885,131.9
22.1541,9707,50730,15.000,14.871,145.5,15.000,13.082,141.5,15.000,14.890,132.7
22.1541,9708,50735,15.000,14.707,146.1,15.000,13.634,138.1,15.000,14.906,132.6
22.1541,9709,50740,15.000,14.884,144.6,15.000,13.995,137.2,15.000,15.085,131.5
22.1541,9710,50745,15.000,14.730,146.0,15.000,14.563,134.5,15.000,15.109,131.7
22.1541,9711,50750,15.000,15.213,142.6,15.000,14.680,135.2,15.000,15.041,132.2
22.1541,9712,50755,15.000,15.083,144.5,15.000,15.095,132.8,15.000,15.276,130.5
22.1541,9713,50760,15.000,15.069,144.3,15.000,14.899,135.1,15.000,15.078,132.4
22.2193,9714,50765,15.000,15.069,144.3,15.000,14.893,134.6,15.000,15.253,130.7
22.2193,9715,50770,15.000,15.249,143.1,15.000,14.351,138.2,15.000,15.257,131.1
22.2193,9716,50775,15.000,14.909,145.7,15.000,14.557,135.6,15.000,15.102,132.1
22.2193,9717,50780,15.000,15.051,144.0,15.000,14.340,137.6,15.000,15.241,130.8
22.2193,9718,50785,15.000,15.233,143.1,15.000,14.520,135.9,15.000,15.420,129.9
22.2193,9719,50790,15.000,14.893,145.7,15.000,14.366,137.4,15.000,15.267,131.3
22.2193,9720,50795,15.000,14.872,145.1,15.000,13.980,139.6,15.000,15.244,131.1
22.2193,9721,50800,15.000,14.897,144.9,15.000,14.005,138.7,15.000,15.449,129.6
22.2193,9722,50805,15.000,15.041,144.0,15.000,13.779,140.3,15.000,15.222,131.6
22.2193,9723,50810,15.000,15.072,144.2,15.000,13.993,138.5,15.000,15.256,130.8
22.2193,9724,50815,15.000,15.049,144.4,15.000,13.620,141.6,15.000,15.239,130.9
22.2193,9725,50820,15.000,14.866,145.5,15.000,13.617,140.9,15.000,15.237,130.9
22.2193,9726,50825,15.000,14.859,145.1,15.000,13.603,141.1,15.000,15.223,130.9
22.2193,9727,50830,15.000,14.914,144.8,15.000,13.833,139.7,15.000,15.097,131.7
22.2193,9728,50835,15.000,14.723,146.1,15.000,14.005,139.3,15.000,15.089,131.4
22.2193,9729,50840,15.000,15.044,143.6,15.000,13.780,141.3,15.000,15.043,131.7
22.2809,9730,50845,15.000,15.060,144.3,15.000,14.158,138.4,15.000,15.058,131.5
22.2809,9731,50850,15.000,15.091,144.1,15.000,14.186,139.3,15.000,14.905,132.5
22.2809,9732,50855,15.000,14.900,145.4,15.000,14.357,138.3,15.000,15.077,131.0
22.2809,9733,50860,15.000,15.068,143.9,15.000,14.343,138.9,15.000,15.061,131.6
22.2809,9734,50865,15.000,14.905,145.3,15.000,14.355,138.8,15.000,14.898,132.6
22.2809,9735,50870,15.000,15.268,142.6,15.000,14.718,136.6,15.000,14.894,132.2
22.2809,9736,50875,15.000,15.440,142.3,15.000,14.530,138.7,15.000,14.889,132.3
22.2809,9737,50880,15.000,15.438,142.7,15.000,14.342,139.5,15.000,15.067,131.1
22.3445,9738,50885,15.000,15.257,143.8,15.000,14.155,140.4,15.000,14.882,132.7
22.3445,9739,50890,15.000,15.304,143.0,15.000,14.381,138.6,15.000,14.929,132.0
22.3445,9740,50895,15.000,15.425,142.3,15.000,14.152,140.7,15.000,14.877,132.4
22.3445,9741,50900,15.000,15.242,143.8,15.000,13.967,141.4,15.000,14.877,132.3
22.3445,9742,50905,15.000,15.268,143.1,15.000,13.996,140.9,15.000,14.905,132.2
22.3445,9743,50910,15.000,15.061,144.5,15.000,13.972,141.2,15.000,14.879,132.4
22.3445,9744,50915,15.000,14.358,148.6,15.000,14.002,141.1,15.000,14.731,133.3
22.3445,9745,50920,15.000,14.144,148.4,15.000,14.145,140.4,15.000,14.521,134.4
22.3445,9746,50925,15.000,13.992,148.9,15.000,13.989,141.8,15.000,14.547,133.8
22.3445,9747,50930,15.000,13.762,150.2,15.000,14.310,139.5,15.000,14.324,135.3
22.3445,9748,50935,15.000,13.980,148.4,15.000,14.357,140.0,15.000,14.183,135.8
22.3445,9749,50940,15.000,13.599,151.5,15.000,14.521,139.1,15.000,14.163,135.7
22.3445,9750,50945,15.000,13.453,151.7,15.000,14.908,137.1,15.000,14.193,135.5
22.3445,9751,50950,15.000,13.585,150.7,15.000,15.224,135.9,15.000,14.147,136.0
22.3445,9752,50955,15.000,13.587,151.1,15.000,15.046,137.8,15.000,13.967,137.1
22.3445,9753,50960,15.000,13.608,151.2,15.000,15.064,137.3,15.000,13.989,136.7
22.4000,9754,50965,15.000,14.506,145.5,15.000,15.224,136.3,15.000,14.328,134.7
22.4000,9755,50970,15.000,14.538,147.5,15.000,14.718,139.9,15.000,14.542,134.1
22.4000,9756,50975,15.000,14.862,145.5,15.000,15.046,136.6,15.000,14.507,134.9
22.4000,9757,50980,15.000,14.730,147.2,15.000,14.917,138.2,15.000,14.557,134.6
22.4000,9758,50985,15.000,14.704,147.1,15.000,15.071,136.9,15.000,14.714,133.7
22.4000,9759,50990,15.000,15.043,144.8,15.000,15.223,136.3,15.000,14.868,133.1
22.4000,9760,50995,15.000,15.069,145.5,15.000,14.884,138.9,15.000,14.895,133.4
22.4000,9761,51000,15.000,15.072,145.5,15.000,14.888,138.0,15.000,14.897,133.4
22.4000,9762,51005,15.000,15.065,145.6,15.000,14.879,138.1,15.000,15.070,132.3
22.4000,9763,51010,15.000,15.253,144.3,15.000,15.069,136.9,15.000,15.077,132.7
22.4000,9764,51015,15.000,15.230,144.9,15.000,15.231,136.3,15.000,14.880,134.0
22.4000,9765,51020,15.000,15.244,144.7,15.000,15.791,133.0,15.000,14.708,134.6
22.4000,9766,51025,15.000,15.101,145.6,15.000,15.648,135.2,15.000,14.744,134.0
22.4000,9767,51030,15.000,15.404,143.3,15.000,15.764,134.0,15.000,14.682,134.5
22.4000,9768,51035,15.000,15.600,142.7,15.000,15.596,135.3,15.000,14.696,134.3
22.4000,9769,51040,15.000,15.449,144.1,15.000,15.266,136.9,15.000,14.547,135.4
22.8272,9770,51045,15.000,15.574,142.9,15.000,14.863,138.7,15.000,14.488,135.4
22.8272,9771,51050,15.000,15.429,144.1,15.000,14.722,138.7,15.000,14.526,135.1
22.8272,9772,51055,15.000,15.630,142.3,15.000,14.743,138.3,15.000,14.367,136.3
22.8272,9773,51060,15.000,15.412,144.2,15.000,14.699,138.6,15.000,14.326,136.2
22.8272,9774,51065,15.000,15.438,143.4,15.000,14.728,138.4,15.000,14.533,134.9
22.8272,9775,51070,15.000,15.611,142.3,15.000,14.534,139.7,15.000,14.707,134.3
22.8272,9776,51075,15.000,15.590,142.8,15.000,14.694,138.3,15.000,14.685,134.9
22.8272,9777,51080,15.000,15.637,142.4,15.000,14.742,138.4,15.000,14.728,134.6
22.8272,9778,51085,15.000,15.603,142.6,15.000,14.707,138.8,15.000,14.873,133.8
22.8272,9779,51090,15.000,15.611,142.4,15.000,14.717,138.6,15.000,14.883,134.1
22.8272,9780,51095,15.000,15.110,145.6,15.000,15.475,133.8,15.000,14.930,133.8
22.8272,9781,51100,15.000,15.288,143.3,15.000,15.470,135.6,15.000,15.106,132.8
22.8272,9782,51105,15.000,15.230,144.0,15.000,15.592,134.7,15.000,15.051,133.6
22.8272,9783,51110,15.000,15.062,145.0,15.000,15.610,134.8,15.000,15.248,132.1
22.8272,9784,51115,15.000,15.079,144.5,15.000,15.624,134.7,15.000,15.079,133.7
22.8272,9785,51120,15.000,14.900,145.6,15.000,15.445,135.8,15.000,15.265,132.1
22.8272,9786,51125,15.000,15.086,144.0,15.000,15.446,135.3,15.000,15.266,132.5
22.8272,9787,51130,15.000,15.042,144.7,15.000,15.226,136.7,15.000,15.406,131.5
22.8272,9788,51135,15.000,14.894,145.6,15.000,15.262,135.9,15.000,15.262,132.8
22.8272,9789,51140,15.000,15.081,144.0,15.000,15.447,134.8,15.000,15.449,131.2
22.8272,9790,51145,15.000,15.419,142.3,15.000,15.418,135.4,15.000,15.601,130.6
22.8272,9791,51150,15.000,15.434,142.9,15.000,15.613,134.0,15.000,15.430,132.0
22.8272,9792,51155,15.000,15.456,142.8,15.000,15.454,135.4,15.000,15.628,130.2
22.8272,9793,51160,15.000,15.654,141.5,15.000,15.476,134.8,15.000,15.467,131.7
22.8364,9794,51165,15.000,15.436,143.3,15.000,15.253,136.3,15.000,15.607,130.3
22.8364,9795,51170,15.000,15.433,142.8,15.000,15.618,133.3,15.000,15.422,131.8
22.8364,9796,51175,15.000,15.444,142.6,15.000,15.634,134.0,15.000,15.622,130.0
22.8364,9797,51180,15.000,15.449,142.6,15.000,15.814,132.8,15.000,15.445,131.6
22.8364,9798,51185,15.000,15.457,142.5,15.000,16.006,131.9,15.000,15.638,129.8
22.8364,9799,51190,15.000,15.446,142.5,15.000,15.811,133.5,15.000,15.442,131.5
22.8364,9800,51195,15.000,15.454,142.4,15.000,15.821,132.9,15.000,15.451,130.9
22.8364,9801,51200,15.000,15.405,142.7,15.000,15.592,134.3,15.000,15.407,131.2
22.8364,9802,51205,15.000,15.459,142.2,15.000,15.819,132.2,15.000,15.083,133.1
22.8364,9803,51210,15.000,15.450,142.3,15.000,15.815,132.7,15.000,15.080,132.4
22.8364,9804,51215,15.000,15.442,142.3,15.000,15.990,131.5,15.000,14.899,133.5
22.8364,9805,51220,15.000,15.631,141.0,15.000,15.994,131.7,15.000,14.903,133.1
22.8364,9806,51225,15.000,15.428,142.7,15.000,15.969,131.8,15.000,14.695,134.4
22.8364,9807,51230,15.000,15.439,142.1,15.000,15.982,131.6,15.000,14.707,133.9
22.8364,9808,51235,15.000,15.590,141.1,15.000,15.766,132.9,15.000,14.491,135.4
22.8364,9809,51240,15.000,15.426,142.4,15.000,15.787,132.1,15.000,14.512,134.8
22.9001,9810,51245,15.000,15.615,140.7,15.000,15.793,132.1,15.000,14.339,136.0
22.9001,9811,51250,15.000,15.465,142.1,15.000,15.642,133.0,15.000,14.369,135.5
22.9001,9812,51255,15.000,15.401,142.1,15.000,15.229,135.2,15.000,14.506,134.7
22.9001,9813,51260,15.000,15.418,141.8,15.000,15.241,134.1,15.000,14.516,135.1
22.9001,9814,51265,15.000,15.602,140.6,15.000,15.244,134.1,15.000,14.519,135.1
22.9001,9815,51270,15.000,15.423,142.1,15.000,15.250,134.0,15.000,14.340,136.3
22.9001,9816,51275,15.000,15.599,140.5,15.000,15.247,134.0,15.000,14.157,137.2
22.9001,9817,51280,15.000,15.453,141.8,15.000,15.283,133.8,15.000,14.190,136.6
22.9001,9818,51478,15.000,15.299,142.4,15.000,15.282,133.8,15.000,14.258,136.4
22.9001,9819,51483,15.000,15.347,141.7,15.000,15.332,133.5,15.000,14.308,136.3
22.9001,9820,51488,15.000,15.341,141.8,15.000,15.335,133.5,15.000,14.492,135.3
22.9009,9821,51493,15.000,15.371,141.6,15.000,15.733,130.9,15.000,14.521,135.6
22.9009,9822,51498,15.000,15.197,142.7,15.000,16.097,129.4,15.000,14.706,134.5
22.9009,9823,51503,15.000,15.373,141.1,15.000,16.088,130.2,15.000,14.881,133.8
22.9009,9824,51508,15.000,15.195,142.7,15.000,16.090,130.1,15.000,14.883,134.3
22.9009,9825,51513,15.000,15.370,141.1,15.000,16.081,130.0,15.000,15.241,132.0
22.9009,9826,51518,15.000,15.199,142.6,15.000,15.910,131.0,15.000,15.611,130.4
22.9606,9827,51523,15.000,15.186,142.2,15.000,15.710,131.7,15.000,15.774,130.1
22.9606,9828,51528,15.000,15.151,142.4,15.000,15.704,131.2,15.000,15.701,130.9
22.9606,9829,51533,15.000,15.094,142.7,15.000,15.644,131.5,15.000,15.826,129.8
22.9606,9830,51538,15.000,15.108,142.4,15.000,15.472,132.4,15.000,15.654,131.2
22.9606,9831,51543,15.000,15.069,142.7,15.000,15.426,132.3,15.000,15.794,129.8
22.9606,9832,51548,15.000,15.263,141.3,15.000,14.896,135.6,15.000,15.626,131.1
22.9606,9833,51553,15.000,15.055,143.1,15.000,14.330,138.0,15.000,15.420,132.0
22.9606,9834,51558,15.000,15.268,141.2,15.000,14.180,137.7,15.000,15.450,131.2
22.9606,9835,51563,15.000,15.077,143.0,15.000,14.168,137.5,15.000,15.256,132.5
22.9606,9836,51568,15.000,15.240,141.4,15.000,14.332,136.5,15.000,15.060,133.3
22.9606,9837,51573,15.000,15.075,142.9,15.000,14.542,135.6,15.000,14.906,133.8
22.9606,9838,51578,15.000,15.250,141.3,15.000,14.716,135.0,15.000,15.076,132.4
22.9606,9839,51583,15.000,15.246,141.8,15.000,14.895,134.3,15.000,14.888,134.0
22.9606,9840,51588,15.000,15.248,141.7,15.000,14.896,134.7,15.000,14.889,133.5
22.9606,9841,51593,15.000,15.061,142.9,15.000,14.708,136.0,15.000,14.881,133.6
22.9606,9842,51598,15.000,15.036,142.6,15.000,15.229,132.2,15.000,14.861,133.7
23.0245,9843,51603,15.000,15.088,142.2,15.000,15.260,133.2,15.000,14.902,133.4
23.0245,9844,51608,15.000,15.039,142.6,15.000,15.401,132.3,15.000,15.043,132.6
23.0245,9845,51613,15.000,15.072,142.3,15.000,15.257,133.5,15.000,15.081,132.7
23.0245,9846,51618,15.000,15.078,142.3,15.000,15.262,133.1,15.000,15.265,131.6
23.0245,9847,51623,15.000,15.433,140.0,15.000,15.245,133.2,15.000,15.250,132.1
23.0245,9848,51628,15.000,15.252,142.0,15.000,15.242,133.2,15.000,15.248,132.0
23.0245,9849,51633,15.000,15.440,140.3,15.000,15.247,133.1,15.000,15.251,132.0
23.0245,9850,51638,15.000,15.245,142.0,15.000,15.053,134.4,15.000,15.238,132.1
23.0886,9851,51643,15.000,15.602,139.2,15.000,15.226,132.8,15.000,15.230,132.0
23.0886,9852,51648,15.000,15.620,139.8,15.000,15.065,134.2,15.000,15.248,131.9
23.0886,9853,51653,15.000,15.620,139.8,15.000,15.447,131.3,15.000,15.259,131.8
23.0886,9854,51658,15.000,15.463,140.8,15.000,15.462,132.1,15.000,15.275,131.7
23.0886,9855,51663,15.000,15.595,139.5,15.000,15.592,131.2,15.000,15.225,132.1
23.0886,9856,51668,15.000,15.413,140.9,15.000,15.585,131.5,15.000,15.216,132.0
23.0886,9857,51673,15.000,15.418,140.4,15.000,15.595,131.4,15.000,15.225,131.9
23.0886,9858,51678,15.000,15.465,140.0,15.000,15.465,132.2,15.000,15.096,132.7
23.0886,9859,51683,15.000,15.250,141.5,15.000,15.425,132.1,15.000,15.061,132.6
23.0886,9860,51688,15.000,15.068,142.1,15.000,15.606,130.7,15.000,15.062,132.5
23.0886,9861,51693,15.000,14.729,143.9,15.000,15.273,133.3,15.000,15.095,132.3
23.0886,9862,51698,15.000,14.567,144.2,15.000,15.108,133.5,15.000,15.112,132.2
23.0886,9863,51703,15.000,14.501,144.3,15.000,15.039,133.5,15.000,15.042,132.7
23.0886,9864,51708,15.000,14.522,144.0,15.000,15.063,133.2,15.000,14.885,133.6
23.0886,9865,51713,15.000,14.523,144.1,15.000,14.702,135.6,15.000,15.064,132.1
23.0886,9866,51718,15.000,14.549,144.0,15.000,14.738,134.6,15.000,14.918,133.4
23.1502,9867,51723,15.000,14.553,144.1,15.000,14.549,135.9,15.000,14.913,133.1
23.1502,9868,51728,15.000,14.520,144.4,15.000,14.699,134.5,15.000,14.881,133.3
23.1502,9869,51733,15.000,14.676,143.3,15.000,14.678,135.1,15.000,15.041,132.2
23.1502,9870,51738,15.000,14.891,142.4,15.000,14.896,133.6,15.000,15.074,132.4
23.1502,9871,51743,15.000,15.254,140.5,15.000,15.257,131.8,15.000,14.886,133.7
23.1502,9872,51748,15.000,15.232,141.5,15.000,15.419,131.6,15.000,14.865,133.4
23.1502,9873,51753,15.000,15.271,141.2,15.000,15.456,131.7,15.000,15.086,131.9
23.1502,9874,51758,15.000,15.423,140.2,15.000,15.422,131.9,15.000,15.055,132.6
23.2222,9875,51763,15.000,15.251,141.7,15.000,15.612,130.6,15.000,14.704,134.8
23.2222,9876,51768,15.000,15.260,141.2,15.000,15.440,132.1,15.000,14.528,135.2
23.2222,9877,51773,15.000,15.259,141.2,15.000,15.441,131.6,15.000,14.532,134.8
23.2222,9878,51778,15.000,15.263,141.1,15.000,15.265,132.7,15.000,14.536,134.8
23.2222,9879,51783,15.000,15.114,142.1,15.000,15.292,132.1,15.000,14.382,135.9
23.2222,9880,51788,15.000,15.256,140.8,15.000,15.073,133.5,15.000,14.348,135.8
23.2222,9881,51793,15.000,15.054,142.4,15.000,15.052,133.1,15.000,14.329,135.9
23.2222,9882,51798,15.000,15.085,141.7,15.000,15.082,132.9,15.000,14.358,135.8
23.2222,9883,51803,15.000,15.265,140.6,15.000,15.261,131.8,15.000,14.173,137.1
23.2222,9884,51808,15.000,14.917,143.3,15.000,15.279,132.1,15.000,14.189,136.7
23.2222,9885,51813,15.000,15.076,141.4,15.000,15.259,132.2,15.000,14.350,135.7
23.2222,9886,51818,15.000,15.077,141.8,15.000,15.443,130.9,15.000,14.536,135.0
23.2222,9887,51823,15.000,14.851,143.2,15.000,15.579,130.4,15.000,14.492,135.8
23.2222,9888,51828,15.000,14.870,142.6,15.000,15.597,130.6,15.000,14.510,135.6
23.2222,9889,51833,15.000,14.861,142.7,15.000,15.589,130.6,15.000,14.323,136.9
23.2222,9890,51838,15.000,14.708,143.7,15.000,15.798,129.2,15.000,14.348,136.4
23.2740,9891,51843,15.000,14.735,143.2,15.000,15.639,130.6,15.000,14.187,137.6
23.2740,9892,51848,15.000,14.893,142.3,15.000,15.620,130.3,15.000,14.169,137.4
23.2740,9893,51853,15.000,14.691,144.0,15.000,15.603,130.3,15.000,14.152,137.6
23.2740,9894,51858,15.000,15.064,141.1,15.000,15.430,131.3,15.000,14.160,137.6
23.2740,9895,51863,15.000,14.910,143.0,15.000,15.454,130.7,15.000,14.184,137.5
23.2740,9896,51868,15.000,15.045,141.7,15.000,15.047,133.3,15.000,14.318,136.8
23.2740,9897,51873,15.000,15.084,141.8,15.000,14.907,133.2,15.000,14.357,137.0
23.2740,9898,51878,15.000,15.095,141.8,15.000,14.919,132.8,15.000,14.366,137.1
23.3340,9899,51883,15.000,15.268,140.7,15.000,14.910,132.9,15.000,14.541,136.0
23.3340,9900,51888,15.000,15.269,141.1,15.000,14.727,134.1,15.000,14.542,136.5
23.3340,9901,51893,15.000,15.416,140.1,15.000,14.701,133.9,15.000,14.878,134.3
23.3340,9902,51898,15.000,15.256,141.4,15.000,14.718,133.7,15.000,14.895,135.1
23.3340,9903,51903,15.000,15.423,139.9,15.000,14.526,135.1,15.000,15.062,134.0
23.3340,9904,51908,15.000,15.046,142.7,15.000,14.508,134.8,15.000,15.044,134.5
23.3340,9905,51913,15.000,15.242,140.6,15.000,14.341,135.9,15.000,15.244,133.2
23.3340,9906,51918,15.000,15.099,141.9,15.000,14.554,134.2,15.000,15.100,134.6
23.3340,9907,51923,15.000,15.240,140.7,15.000,14.512,135.0,15.000,15.237,133.3
23.3340,9908,51928,15.000,15.209,141.2,15.000,14.666,134.0,15.000,15.211,133.8
23.3340,9909,51933,15.000,15.053,142.1,15.000,14.513,135.4,15.000,15.418,132.4
23.3340,9910,51938,15.000,15.243,140.5,15.000,14.518,135.0,15.000,15.423,132.8
23.3340,9911,51943,15.000,15.073,142.0,15.000,14.707,133.9,15.000,15.432,132.7
23.3340,9912,51948,15.000,15.225,140.6,15.000,14.494,135.7,15.000,15.579,131.7
23.3340,9913,51953,15.000,15.094,141.8,15.000,14.732,133.7,15.000,15.453,132.8
23.3340,9914,51958,15.000,15.278,140.3,15.000,14.737,134.3,15.000,15.637,131.2
23.3973,9915,51963,15.000,15.251,140.9,15.000,15.073,132.2,15.000,15.426,133.0
23.3973,9916,51968,15.000,15.260,140.7,15.000,15.267,131.7,15.000,15.621,131.2
23.3973,9917,51973,15.000,15.264,140.7,15.000,15.276,132.1,15.000,15.452,132.7
23.3973,9918,51978,15.000,15.267,140.6,15.000,15.275,132.1,15.000,15.631,131.0
23.3973,9919,51983,15.000,15.450,139.4,15.000,15.458,130.8,15.000,15.450,132.6
23.3973,9920,51988,15.000,15.247,141.1,15.000,15.440,131.3,15.000,15.613,131.0
23.3973,9921,51993,15.000,15.437,139.4,15.000,15.449,131.2,15.000,15.441,132.5
23.3973,9922,51998,15.000,15.282,140.8,15.000,15.841,128.6,15.000,15.474,131.8
23.4643,9923,52003,15.000,15.237,140.7,15.000,15.782,129.8,15.000,15.598,131.0
23.4643,9924,52008,15.000,15.409,139.4,15.000,15.777,129.6,15.000,15.415,132.4
23.4643,9925,52013,15.000,15.249,140.8,15.000,15.804,129.4,15.000,15.621,130.6
23.4643,9926,52018,15.000,15.423,139.3,15.000,15.793,129.4,15.000,15.428,132.3
23.4643,9927,52023,15.000,15.255,140.7,15.000,15.802,129.2,15.000,15.617,130.5
23.4643,9928,52028,15.000,15.444,139.1,15.000,15.447,131.5,15.000,15.628,130.8
23.4643,9929,52033,15.000,15.238,140.8,15.000,15.418,130.7,15.000,15.601,131.0
23.4643,9930,52038,15.000,15.430,139.1,15.000,15.061,133.0,15.000,15.611,130.8
23.4643,9931,52043,15.000,15.256,140.6,15.000,14.885,133.2,15.000,15.617,130.7
23.4643,9932,52048,15.000,15.395,139.2,15.000,14.842,133.1,15.000,15.574,130.9
23.4643,9933,52053,15.000,15.425,139.3,15.000,14.697,134.0,15.000,15.430,131.7
23.4643,9934,52058,15.000,15.291,140.2,15.000,14.742,133.4,15.000,15.475,131.0
23.4643,9935,52063,15.000,15.425,139.0,15.000,14.689,133.8,15.000,15.421,131.4
23.4643,9936,52068,15.000,15.259,140.4,15.000,14.525,134.8,15.000,15.440,131.1
23.4643,9937,52073,15.000,15.438,138.8,15.000,14.523,134.5,15.000,15.438,131.1
23.4643,9938,52078,15.000,15.244,140.4,15.000,14.332,135.8,15.000,15.241,132.3
23.5291,9939,52083,15.000,15.075,141.0,15.000,13.982,137.7,15.000,15.254,131.8
23.5291,9940,52088,15.000,14.902,141.7,15.000,14.174,135.7,15.000,15.266,131.7
23.5291,9941,52093,15.000,15.059,140.3,15.000,13.976,137.6,15.000,15.247,131.8
23.5291,9942,52098,15.000,14.929,141.5,15.000,14.028,136.9,15.000,15.116,132.6
23.5291,9943,52103,15.000,14.915,141.3,15.000,14.194,136.0,15.000,15.281,131.2
23.5291,9944,52108,15.000,15.068,140.3,15.000,14.165,136.7,15.000,15.252,131.7
23.5291,9945,52113,15.000,14.908,141.7,15.000,14.187,136.6,15.000,15.094,132.7
23.5291,9946,52118,15.000,14.877,141.5,15.000,14.336,135.8,15.000,15.062,132.5
23.5291,9947,52123,15.000,14.881,141.4,15.000,14.517,135.0,15.000,15.061,132.4
23.5291,9948,52128,15.000,14.906,141.3,15.000,15.090,131.8,15.000,15.092,132.2
23.5291,9949,52133,15.000,15.090,140.2,15.000,14.914,134.3,15.000,15.095,132.2
23.5291,9950,52138,15.000,15.263,139.5,15.000,15.087,132.7,15.000,14.901,133.5
23.5291,9951,52143,15.000,15.058,141.2,15.000,15.417,131.0,15.000,15.051,132.1
23.5291,9952,52148,15.000,15.220,139.6,15.000,15.393,131.9,15.000,15.029,132.6
23.5291,9953,52153,15.000,15.246,139.8,15.000,15.422,131.6,15.000,14.875,133.5
23.5291,9954,52158,15.000,15.058,141.1,15.000,15.600,130.5,15.000,14.870,133.2
23.5888,9955,52163,15.000,15.049,140.7,15.000,15.408,132.1,15.000,15.036,132.1
23.5888,9956,52168,15.000,15.073,140.5,15.000,15.252,132.6,15.000,15.060,132.3
23.5888,9957,52173,15.000,14.896,141.7,15.000,15.079,133.3,15.000,14.889,133.5
23.5888,9958,52178,15.000,14.893,141.3,15.000,14.891,134.1,15.000,14.884,133.1
23.5888,9959,52183,15.000,14.870,141.5,15.000,15.407,130.3,15.000,15.039,132.1
23.5888,9960,52188,15.000,14.877,141.4,15.000,15.414,131.5,15.000,15.045,132.5
23.5888,9961,52193,15.000,14.930,141.1,15.000,15.290,132.2,15.000,14.921,133.3
23.5888,9962,52198,15.000,14.749,142.4,15.000,15.110,133.1,15.000,15.105,131.8
23.6537,9963,52203,15.000,14.525,143.4,15.000,14.878,134.1,15.000,15.054,132.5
23.6537,9964,52208,15.000,14.535,142.9,15.000,14.707,134.7,15.000,15.067,132.3
23.6537,9965,52213,15.000,14.545,142.9,15.000,14.900,133.1,15.000,15.083,132.3
23.6537,9966,52218,15.000,14.547,143.0,15.000,14.903,133.5,15.000,15.086,132.3
23.6537,9967,52223,15.000,14.559,142.9,15.000,15.095,132.3,15.000,15.094,132.2
23.6537,9968,52228,15.000,14.697,142.1,15.000,15.233,131.9,15.000,15.232,131.3
23.6537,9969,52233,15.000,14.744,142.2,15.000,15.103,133.0,15.000,15.102,132.5
23.6537,9970,52238,15.000,14.525,143.8,15.000,15.245,131.8,15.000,15.245,131.2
23.6547,9971,52243,15.000,14.719,142.0,15.000,15.252,132.0,15.000,15.252,131.5
23.6547,9972,52248,15.000,14.503,143.9,15.000,15.391,131.1,15.000,15.209,131.8
23.6547,9973,52253,15.000,14.541,143.2,15.000,15.255,132.3,15.000,15.260,131.3
23.6547,9974,52258,15.000,14.730,142.1,15.000,15.260,131.9,15.000,15.262,131.4
23.6547,9975,52263,15.000,14.729,142.6,15.000,14.899,134.2,15.000,15.260,131.4
23.6547,9976,52268,15.000,14.722,142.7,15.000,15.074,132.2,15.000,15.252,131.4
23.6547,9977,52273,15.000,14.891,141.6,15.000,14.879,133.9,15.000,15.423,130.2
23.6547,9978,52278,15.000,14.552,144.2,15.000,14.541,135.7,15.000,15.265,131.6
23.7074,9979,52283,15.000,14.708,142.5,15.000,14.331,136.3,15.000,15.415,130.2
23.7074,9980,52288,15.000,14.715,142.8,15.000,14.342,135.8,15.000,15.244,131.6
23.7074,9981,52293,15.000,14.339,145.3,15.000,14.337,135.9,15.000,15.424,130.0
23.7074,9982,52298,15.000,14.561,143.0,15.000,14.021,138.0,15.000,15.291,131.3
23.7074,9983,52303,15.000,14.535,143.8,15.000,14.174,136.4,15.000,15.258,131.1
23.7074,9984,52308,15.000,13.423,151.0,15.000,14.138,137.1,15.000,15.401,130.1
23.7074,9985,52313,15.000,13.471,148.2,15.000,14.367,135.6,15.000,15.272,131.2
23.7074,9986,52318,15.000,13.431,148.8,15.000,14.323,136.5,15.000,15.408,130.0
23.7774,9987,52323,15.000,13.429,148.9,15.000,14.497,135.3,15.000,15.224,131.5
23.7774,9988,52328,15.000,13.627,147.8,15.000,14.881,133.3,15.000,15.427,129.7
23.7774,9989,52333,15.000,13.438,149.6,15.000,15.239,131.9,15.000,15.242,131.4
23.7774,9990,52338,15.000,13.273,150.4,15.000,15.256,132.6,15.000,15.442,129.6
23.7774,9991,52343,15.000,13.446,149.1,15.000,15.062,133.9,15.000,15.245,131.3
23.7774,9992,52348,15.000,13.454,149.7,15.000,15.068,133.4,15.000,15.435,129.5
23.7774,9993,52353,15.000,13.454,149.8,15.000,15.250,132.2,15.000,15.438,129.9
23.7774,9994,52358,15.000,14.529,143.0,15.000,15.074,133.8,15.000,15.441,129.9
23.7774,9995,52363,15.000,14.330,147.0,15.000,15.238,132.3,15.000,15.421,130.0
23.7774,9996,52368,15.000,14.506,145.4,15.000,15.237,132.7,15.000,15.423,129.8
23.7774,9997,52373,15.000,14.352,146.9,15.000,15.273,132.4,15.000,15.452,129.6
23.7774,9998,52378,15.000,14.542,145.4,15.000,15.093,133.6,15.000,15.272,130.8
23.7774,9999,52383,15.000,14.700,144.8,15.000,15.245,132.2,15.000,15.428,129.3
23.7774,10000,52388,15.000,14.875,144.1,15.000,15.056,133.8,15.000,15.416,129.7
23.7774,10001,52393,15.000,15.082,143.2,15.000,15.264,131.9,15.000,15.445,129.5
23.7774,10002,52398,15.000,15.217,142.8,15.000,15.581,130.3,15.000,15.216,131.0
23.8341,10003,52403,15.000,15.240,143.0,15.000,15.422,132.1,15.000,15.422,129.1
23.8341,10004,52408,15.000,15.279,142.7,15.000,15.822,129.0,15.000,15.281,130.4
23.8341,10005,52413,15.000,15.432,141.8,15.000,15.431,132.5,15.000,15.431,129.1
23.8341,10006,52418,15.000,15.285,143.1,15.000,15.465,131.2,15.000,15.284,130.3
23.8341,10007,52423,15.000,15.432,141.7,15.000,15.426,131.5,15.000,15.428,129.0
23.8341,10008,52428,15.000,15.217,143.4,15.000,15.394,131.6,15.000,15.397,129.5
23.8341,10009,52433,15.000,15.245,142.7,15.000,15.248,132.4,15.000,15.429,129.2
23.8341,10010,52438,15.000,15.265,142.6,15.000,15.449,130.7,15.000,15.267,130.3
23.8980,10011,52443,15.000,15.254,142.7,15.000,15.621,130.0,15.000,15.253,129.9
23.8980,10012,52448,15.000,15.074,143.8,15.000,15.622,130.4,15.000,15.431,128.7
23.8980,10013,52453,15.000,15.083,143.3,15.000,15.635,130.2,15.000,15.261,130.2
23.8980,10014,52458,15.000,14.689,145.9,15.000,15.598,130.4,15.000,15.408,128.8
23.8980,10015,52463,15.000,14.708,144.9,15.000,15.979,127.8,15.000,15.247,130.2
23.8980,10016,52468,15.000,14.504,146.3,15.000,15.948,128.8,15.000,15.398,128.8
23.8980,10017,52473,15.000,14.342,146.9,15.000,15.971,128.5,15.000,15.238,130.1
23.8980,10018,52478,15.000,14.346,146.6,15.000,16.156,127.2,15.000,15.243,129.7
23.8980,10019,52483,15.000,14.025,148.7,15.000,16.017,128.4,15.000,15.104,130.6
23.8980,10020,52488,15.000,14.006,148.2,15.000,16.001,128.1,15.000,15.272,129.1
23.8980,10021,52493,15.000,13.776,149.8,15.000,15.951,128.2,15.000,15.226,129.8
23.8980,10022,52498,15.000,13.804,149.2,15.000,15.981,127.8,15.000,15.075,130.7
23.8980,10023,52503,15.000,13.800,149.4,15.000,15.975,127.8,15.000,15.070,130.3
23.8980,10024,52508,15.000,13.974,148.4,15.000,15.968,127.7,15.000,15.061,130.3
23.8980,10025,52513,15.000,14.178,147.6,15.000,15.990,127.5,15.000,15.083,130.2
23.8980,10026,52518,15.000,14.362,147.0,15.000,15.998,127.3,15.000,14.911,131.3
23.9684,10027,52523,15.000,14.364,147.5,15.000,15.814,128.4,15.000,14.909,131.0
23.9684,10028,52528,15.000,14.523,146.5,15.000,15.792,128.1,15.000,15.068,129.9
23.9684,10029,52533,15.000,14.675,146.0,15.000,15.944,126.9,15.000,15.037,130.5
23.9684,10030,52538,15.000,14.685,146.3,15.000,15.955,127.1,15.000,14.865,131.5
23.9684,10031,52543,15.000,14.876,145.1,15.000,15.787,128.1,15.000,14.876,131.1
23.9684,10032,52548,15.000,14.906,145.4,15.000,15.821,127.4,15.000,14.907,130.9
23.9684,10033,52553,15.000,15.049,144.6,15.000,15.958,126.5,15.000,14.863,131.3
23.9684,10034,52558,15.000,15.280,143.4,15.000,15.827,127.6,15.000,14.734,132.0
23.9684,10035,52563,15.000,15.066,145.3,15.000,15.782,127.4,15.000,14.872,130.9
23.9684,10036,52568,15.000,15.090,144.6,15.000,15.819,127.0,15.000,14.905,131.0
23.9684,10037,52573,15.000,15.240,143.7,15.000,15.973,126.0,15.000,14.880,131.2
23.9684,10038,52578,15.000,15.114,144.9,15.000,15.846,127.1,15.000,14.753,132.0
23.9684,10039,52583,15.000,15.253,143.6,15.000,15.800,127.0,15.000,14.712,132.0
23.9684,10040,52588,15.000,15.254,143.9,15.000,15.802,126.8,15.000,14.714,131.9
23.9684,10041,52593,15.000,15.109,144.9,15.000,15.835,126.5,15.000,14.747,131.8
23.9684,10042,52598,15.000,15.259,143.5,15.000,15.801,126.7,15.000,14.898,130.9
24.0264,10043,52603,15.000,15.261,143.8,15.000,15.800,126.5,15.000,14.898,131.3
24.0264,10044,52608,15.000,15.239,143.9,15.000,15.780,126.5,15.000,14.878,131.4
24.0264,10045,52613,15.000,15.258,143.7,15.000,15.815,126.2,15.000,14.729,132.3
24.0264,10046,52618,15.000,15.238,143.9,15.000,15.243,129.9,15.000,14.879,131.0
24.0264,10047,52623,15.000,15.268,143.6,15.000,15.271,128.3,15.000,14.906,131.2
24.0264,10048,52628,15.000,15.044,145.1,15.000,15.406,127.5,15.000,14.860,131.6
24.0264,10049,52633,15.000,15.097,144.2,15.000,15.276,128.6,15.000,15.091,130.0
24.0264,10050,52638,15.000,15.065,144.6,15.000,15.058,129.7,15.000,15.058,130.8
24.0867,10051,52643,15.000,15.261,143.2,15.000,15.068,129.1,15.000,15.068,130.6
24.0867,10052,52648,15.000,15.054,145.0,15.000,15.039,129.3,15.000,15.039,130.8
24.0867,10053,52653,15.000,15.096,144.2,15.000,15.093,128.9,15.000,15.087,130.4
24.0867,10054,52658,15.000,15.083,144.4,15.000,15.080,129.1,15.000,15.074,130.6
24.0867,10055,52663,15.000,15.067,144.4,15.000,15.059,129.2,15.000,15.237,129.5
24.0867,10056,52668,15.000,15.263,143.1,15.000,15.615,125.5,15.000,15.072,131.0
24.0867,10057,52673,15.000,15.064,144.9,15.000,15.417,128.0,15.000,15.053,130.7
24.0867,10058,52678,15.000,15.448,141.9,15.000,15.443,127.3,15.000,15.261,129.3
24.0867,10059,52683,15.000,15.252,144.0,15.000,15.427,127.4,15.000,15.062,131.0
24.0867,10060,52688,15.000,15.102,144.5,15.000,15.647,125.9,15.000,15.097,130.3
24.0867,10061,52693,15.000,14.868,145.6,15.000,15.781,125.5,15.000,15.229,129.5
24.0867,10062,52698,15.000,14.712,146.1,15.000,15.626,126.8,15.000,15.075,130.8
24.0867,10063,52703,15.000,14.505,147.1,15.000,15.594,126.5,15.000,15.229,129.4
24.0867,10064,52708,15.000,14.347,147.7,15.000,15.619,126.2,15.000,15.253,129.6
24.0867,10065,52713,15.000,14.366,147.3,15.000,15.640,126.1,15.000,15.091,130.7
24.0867,10066,52718,15.000,14.340,147.6,15.000,15.614,126.2,15.000,15.247,129.3
24.1435,10067,52723,15.000,14.176,148.7,15.000,15.630,126.0,15.000,15.264,129.5
24.1435,10068,52728,15.000,13.976,149.7,15.000,15.610,126.1,15.000,15.062,130.9
24.1435,10069,52733,15.000,14.157,148.1,15.000,15.615,125.9,15.000,15.250,129.1
24.1435,10070,52738,15.000,14.346,147.4,15.000,15.619,125.8,15.000,15.254,129.5
24.1435,10071,52743,15.000,14.361,147.8,15.000,15.452,126.9,15.000,15.267,129.4
24.1435,10072,52748,15.000,14.557,146.7,15.000,15.653,125.1,15.000,15.102,130.5
24.1435,10073,52753,15.000,14.723,146.1,15.000,15.457,126.8,15.000,14.905,131.4
24.1435,10074,52758,15.000,14.906,145.4,15.000,15.638,125.1,15.000,14.903,130.9
24.1939,10075,52763,15.000,14.872,146.0,15.000,15.417,126.9,15.000,14.866,131.2
24.1939,10076,52768,15.000,14.881,145.9,15.000,15.426,126.2,15.000,14.694,132.2
24.1939,10077,52773,15.000,15.085,144.6,15.000,15.268,127.2,15.000,14.722,131.7
24.1939,10078,52778,15.000,15.095,145.0,15.000,15.278,126.8,15.000,14.732,131.7
24.1939,10079,52783,15.000,15.063,145.2,15.000,15.424,125.8,15.000,14.517,133.2
24.1939,10080,52788,15.000,15.073,145.1,15.000,15.252,127.2,15.000,14.529,132.6
24.1939,10081,52793,15.000,15.256,143.9,15.000,15.073,127.9,15.000,14.352,133.9
24.1939,10082,52798,15.000,15.249,144.4,15.000,15.064,127.6,15.000,14.526,132.4
24.2549,10083,52803,15.000,15.409,143.3,15.000,15.220,126.5,15.000,14.682,131.8
24.2549,10084,52808,15.000,15.226,144.8,15.000,15.040,128.1,15.000,14.686,132.2
24.2549,10085,52813,15.000,15.448,142.9,15.000,15.082,127.3,15.000,14.909,130.8
24.2549,10086,52818,15.000,15.433,143.5,15.000,15.068,127.5,15.000,14.898,131.4
24.2549,10087,52823,15.000,15.404,143.6,15.000,15.221,126.5,15.000,14.683,132.8
24.2549,10088,52828,15.000,15.615,142.1,15.000,15.066,127.8,15.000,14.895,131.0
24.2549,10089,52833,15.000,15.467,143.5,15.000,15.102,127.2,15.000,14.927,131.3
24.2549,10090,52838,15.000,15.611,142.1,15.000,15.064,127.5,15.000,14.890,131.6
24.2549,10091,52843,15.000,15.612,142.4,15.000,15.424,125.1,15.000,15.068,130.4
24.2549,10092,52848,15.000,15.585,142.5,15.000,15.391,126.1,15.000,15.038,131.0
24.2549,10093,52853,15.000,15.648,142.0,15.000,15.280,126.7,15.000,14.927,131.6
24.2549,10094,52858,15.000,15.823,140.9,15.000,15.268,126.5,15.000,15.098,130.2
24.2549,10095,52863,15.000,15.608,142.7,15.000,15.416,125.5,15.000,14.885,132.0
24.2549,10096,52868,15.000,15.622,142.0,15.000,15.431,125.7,15.000,15.075,130.3
24.2549,10097,52873,15.000,15.801,140.8,15.000,15.427,125.7,15.000,15.254,129.6
24.2549,10098,52878,15.000,15.626,142.2,15.000,15.619,124.4,15.000,15.261,129.9
24.3170,10099,52883,15.000,15.794,140.7,15.000,15.425,126.0,15.000,15.249,130.0
24.3170,10100,52888,15.000,15.596,142.3,15.000,15.587,124.5,15.000,15.411,128.9
24.3170,10101,52893,15.000,15.622,141.5,15.000,15.250,127.0,15.000,15.258,130.2
24.3170,10102,52898,15.000,15.285,143.7,15.000,15.282,126.0,15.000,15.286,129.6
24.3170,10103,52903,15.000,15.267,143.0,15.000,15.262,126.1,15.000,15.267,129.8
24.3170,10104,52908,15.000,15.060,144.3,15.000,15.417,125.0,15.000,15.239,129.9
24.3170,10105,52913,15.000,15.260,142.5,15.000,15.254,126.4,15.000,15.256,129.7
24.3170,10106,52918,15.000,15.093,144.0,15.000,14.905,128.3,15.000,15.088,130.8
24.3803,10107,52923,15.000,15.093,143.6,15.000,14.903,127.5,15.000,15.088,130.4
24.3803,10108,52928,15.000,15.065,143.8,15.000,14.695,128.8,15.000,15.061,130.6
24.3803,10109,52933,15.000,15.050,143.8,15.000,14.682,128.4,15.000,15.048,130.6
24.3803,10110,52938,15.000,15.099,143.4,15.000,14.552,129.3,15.000,14.918,131.4
24.3803,10111,52943,15.000,15.048,143.9,15.000,14.866,127.0,15.000,14.869,131.4
24.3803,10112,52948,15.000,15.421,141.3,15.000,14.694,128.9,15.000,14.880,131.2
24.3803,10113,52953,15.000,15.397,142.3,15.000,14.671,128.7,15.000,15.035,130.3
24.3803,10114,52958,15.000,15.449,141.9,15.000,14.358,130.7,15.000,14.723,132.7
24.3813,10115,52963,15.000,15.259,143.2,15.000,14.166,131.2,15.000,14.892,130.8
24.3813,10116,52968,15.000,15.438,141.5,15.000,13.985,132.1,15.000,14.896,131.2
24.3813,10117,52973,15.000,15.422,142.0,15.000,13.794,133.0,15.000,14.882,131.3
24.3813,10118,52978,15.000,15.410,142.0,15.000,13.779,132.8,15.000,14.685,132.6
24.3813,10119,52983,15.000,15.078,144.1,15.000,13.627,133.9,15.000,14.716,132.0
24.3813,10120,52988,15.000,15.045,143.5,15.000,13.593,133.9,15.000,14.860,131.1
24.3813,10121,52993,15.000,14.711,145.6,15.000,13.625,133.8,15.000,14.890,131.3
24.3813,10122,52998,15.000,14.717,144.8,15.000,13.629,134.0,15.000,14.895,131.4
24.4502,10123,53003,15.000,14.549,145.9,15.000,13.640,134.1,15.000,14.727,132.5
24.4502,10124,53008,15.000,14.499,145.9,15.000,13.776,133.4,15.000,14.862,131.2
24.4502,10125,53013,15.000,14.487,145.9,15.000,14.130,131.5,15.000,14.855,131.6
24.4502,10126,53018,15.000,14.331,147.0,15.000,14.332,131.1,15.000,14.877,131.5
24.4502,10127,53023,15.000,14.144,147.9,15.000,14.503,130.6,15.000,14.869,131.6
24.4502,10128,53028,15.000,14.191,147.2,15.000,14.552,130.7,15.000,14.919,131.3
24.4502,10129,53033,15.000,14.173,147.6,15.000,14.892,128.7,15.000,14.896,131.5
24.4502,10130,53038,15.000,14.187,147.5,15.000,14.723,130.6,15.000,14.914,131.4
24.4512,10131,53043,15.000,14.178,147.7,15.000,14.528,131.5,15.000,14.899,131.5
24.4512,10132,53048,15.000,14.339,146.7,15.000,14.510,131.2,15.000,14.879,131.6
24.4512,10133,53053,15.000,14.324,147.3,15.000,14.498,131.3,15.000,15.049,130.5
24.4512,10134,53058,15.000,14.366,147.1,15.000,14.539,131.1,15.000,15.090,130.6
24.4512,10135,53063,15.000,14.202,148.3,15.000,14.376,132.3,15.000,14.925,131.8
24.4512,10136,53068,15.000,14.368,146.9,15.000,14.544,130.9,15.000,15.089,130.3
24.4512,10137,53073,15.000,14.383,147.3,15.000,14.560,131.2,15.000,15.107,130.6
24.4512,10138,53078,15.000,14.537,146.4,15.000,14.713,130.3,15.000,15.078,130.8
24.5072,10139,53083,15.000,14.716,145.6,15.000,14.530,131.9,15.000,15.254,129.6
24.5072,10140,53088,15.000,14.704,146.2,15.000,14.878,129.3,15.000,15.056,131.3
24.5072,10141,53093,15.000,14.880,145.1,15.000,14.880,130.1,15.000,15.059,130.8
24.5072,10142,53098,15.000,14.879,145.5,15.000,15.057,129.0,15.000,15.236,129.6
24.5072,10143,53103,15.000,14.923,145.2,15.000,15.104,129.1,15.000,15.102,130.9
24.5072,10144,53108,15.000,15.070,144.4,15.000,15.070,129.4,15.000,15.068,130.8
24.5072,10145,53113,15.000,15.260,143.5,15.000,15.260,128.1,15.000,15.258,129.5
24.5072,10146,53118,15.000,15.253,143.9,15.000,15.254,128.5,15.000,15.072,131.1
24.5666,10147,53123,15.000,15.241,144.0,15.000,15.415,127.4,15.000,15.230,129.6
24.5666,10148,53128,15.000,15.246,143.9,15.000,15.058,130.1,15.000,15.240,129.9
24.5666,10149,53133,15.000,15.409,142.8,15.000,15.047,129.3,15.000,15.050,131.1
24.5666,10150,53138,15.000,15.428,143.0,15.000,15.071,129.1,15.000,15.255,129.3
24.5666,10151,53143,15.000,15.620,141.8,15.000,15.077,129.1,15.000,15.259,129.8
24.5666,10152,53148,15.000,15.444,143.3,15.000,15.083,129.1,15.000,15.262,129.7
24.5666,10153,53153,15.000,15.599,141.8,15.000,15.237,128.1,15.000,15.239,129.9
24.5666,10154,53158,15.000,15.421,143.3,15.000,15.240,128.4,15.000,15.240,129.8
24.5666,10155,53163,15.000,15.621,141.5,15.000,15.251,128.3,15.000,15.253,129.7
24.5666,10156,53168,15.000,15.407,143.3,15.000,15.222,128.5,15.000,15.222,129.9
24.5666,10157,53173,15.000,15.638,141.3,15.000,15.097,129.2,15.000,15.099,130.6
24.5666,10158,53178,15.000,15.421,143.2,15.000,15.421,126.8,15.000,15.238,129.4
24.5666,10159,53183,15.000,15.479,142.2,15.000,15.472,127.2,15.000,15.290,129.3
24.5666,10160,53188,15.000,15.464,142.4,15.000,15.274,128.6,15.000,15.091,130.7
24.5666,10161,53193,15.000,15.439,142.5,15.000,15.429,127.1,15.000,15.069,130.4
24.5666,10162,53198,15.000,15.468,142.2,15.000,15.276,128.4,15.000,14.920,131.3
24.6312,10163,53203,15.000,15.444,142.3,15.000,15.250,128.1,15.000,15.072,129.9
24.6312,10164,53208,15.000,15.602,141.2,15.000,15.405,127.0,15.000,15.228,129.3
24.6312,10165,53213,15.000,15.437,142.6,15.000,15.251,128.4,15.000,15.073,130.6
24.6312,10166,53218,15.000,15.632,140.9,15.000,15.444,126.7,15.000,15.087,130.2
24.6312,10167,53223,15.000,15.441,142.5,15.000,15.435,127.2,15.000,15.261,129.0
24.6312,10168,53228,15.000,15.606,140.9,15.000,15.420,127.2,15.000,15.070,130.7
24.6312,10169,53233,15.000,15.410,142.5,15.000,15.593,126.0,15.000,15.241,129.1
24.6312,10170,53238,15.000,15.430,141.9,15.000,15.613,126.2,15.000,15.262,129.3
24.6899,10171,53243,15.000,15.274,142.9,15.000,15.635,126.1,15.000,15.462,128.1
24.6899,10172,53248,15.000,15.215,142.9,15.000,15.579,126.4,15.000,15.406,128.9
24.6899,10173,53253,15.000,15.064,143.7,15.000,15.611,126.0,15.000,15.437,128.5
24.6899,10174,53258,15.000,14.924,144.2,15.000,15.476,126.9,15.000,15.301,129.4
24.6899,10175,53263,15.000,14.857,144.3,15.000,15.581,125.8,15.000,15.229,129.5
24.6899,10176,53268,15.000,14.694,145.3,15.000,15.601,125.9,15.000,15.429,128.0
24.6899,10177,53273,15.000,14.683,145.0,15.000,15.589,125.9,15.000,15.233,129.7
24.6899,10178,53278,15.000,14.555,145.8,15.000,15.645,125.5,15.000,15.466,127.7
24.6899,10179,53283,15.000,14.537,145.7,15.000,15.439,126.9,15.000,15.259,129.5
24.6899,10180,53288,15.000,14.525,145.8,15.000,15.614,125.2,15.000,15.253,129.0
24.6899,10181,53293,15.000,14.682,144.8,15.000,15.239,128.0,15.000,15.234,129.1
24.6899,10182,53298,15.000,14.725,144.9,15.000,15.463,125.6,15.000,15.275,128.8
24.6899,10183,53303,15.000,14.873,144.1,15.000,15.428,126.3,15.000,15.241,129.1
24.6899,10184,53308,15.000,14.881,144.4,15.000,15.435,126.1,15.000,15.249,128.9
24.6899,10185,53313,15.000,15.093,143.0,15.000,15.287,127.1,15.000,15.278,128.7
24.6899,10186,53318,15.000,15.076,143.7,15.000,15.087,128.0,15.000,15.077,130.1
24.7555,10187,53323,15.000,15.063,143.7,15.000,15.071,127.6,15.000,15.242,128.5
24.7555,10188,53328,15.000,15.070,143.6,15.000,14.897,128.7,15.000,15.068,130.0
24.7555,10189,53333,15.000,15.193,142.8,15.000,14.852,128.6,15.000,15.024,129.9
24.7555,10190,53338,15.000,15.231,142.8,15.000,14.702,129.4,15.000,15.056,129.5
24.7555,10191,53343,15.000,15.091,143.8,15.000,14.918,127.7,15.000,14.915,130.5
24.7555,10192,53348,15.000,15.053,143.7,15.000,14.696,129.7,15.000,15.055,129.3
24.7555,10193,53353,15.000,14.904,144.6,15.000,14.548,130.2,15.000,14.907,130.6
24.7555,10194,53358,15.000,14.893,144.3,15.000,14.717,128.7,15.000,14.894,130.3
24.8178,10195,53363,15.000,14.897,144.3,15.000,14.719,129.2,15.000,14.896,130.3
24.8178,10196,53368,15.000,14.908,144.2,15.000,14.732,129.1,15.000,14.909,130.2
24.8178,10197,53373,15.000,15.070,143.2,15.000,14.900,128.1,15.000,14.716,131.5
24.8178,10198,53378,15.000,15.055,143.7,15.000,14.881,128.6,15.000,14.699,131.2
24.8178,10199,53383,15.000,14.945,144.4,15.000,15.127,127.0,15.000,14.762,130.8
24.8178,10200,53388,15.000,14.886,144.5,15.000,15.068,128.0,15.000,14.881,130.2
24.8178,10201,53393,15.000,14.879,144.4,15.000,15.244,126.7,15.000,14.875,130.5
24.8178,10202,53398,15.000,14.919,144.1,15.000,15.101,128.0,15.000,14.738,131.4
24.8178,10203,53403,15.000,14.713,145.6,15.000,15.247,126.7,15.000,14.704,131.3
24.8178,10204,53408,15.000,14.527,146.3,15.000,15.067,128.2,15.000,14.707,131.3
24.8178,10205,53413,15.000,14.163,148.3,15.000,15.071,127.7,15.000,14.712,131.3
24.8178,10206,53418,15.000,14.142,147.7,15.000,15.226,126.7,15.000,14.688,131.5
24.8178,10207,53423,15.000,14.002,148.6,15.000,15.085,128.0,15.000,14.728,131.2
24.8178,10208,53428,15.000,13.803,149.7,15.000,15.247,126.6,15.000,14.888,130.3
24.8178,10209,53433,15.000,13.805,149.4,15.000,15.066,128.1,15.000,14.887,130.7
24.8178,10210,53438,15.000,13.827,149.4,15.000,15.271,126.3,15.000,14.734,131.7
24.8756,10211,53443,15.000,13.805,149.7,15.000,15.064,128.1,15.000,14.708,131.5
24.8756,10212,53448,15.000,13.619,151.0,15.000,15.247,126.4,15.000,14.707,131.5
24.8756,10213,53453,15.000,13.825,149.4,15.000,15.100,127.8,15.000,14.923,130.1
24.8756,10214,53458,15.000,14.153,147.8,15.000,15.241,126.5,15.000,14.883,130.9
24.8756,10215,53463,15.000,14.136,148.8,15.000,15.401,125.8,15.000,14.864,131.0
24.8756,10216,53468,15.000,14.371,147.4,15.000,15.274,127.0,15.000,14.917,130.6
24.8756,10217,53473,15.000,14.359,148.1,15.000,15.262,126.7,15.000,15.086,129.6
24.8756,10218,53478,15.000,14.715,145.8,15.000,15.078,127.8,15.000,14.902,131.2
24.9253,10219,53483,15.000,14.705,146.8,15.000,15.065,127.5,15.000,14.891,130.9
24.9253,10220,53488,15.000,14.893,145.5,15.000,14.890,128.6,15.000,15.079,129.6
24.9253,10221,53493,15.000,14.883,146.1,15.000,15.062,127.0,15.000,15.072,130.1
24.9253,10222,53498,15.000,15.250,143.7,15.000,15.060,127.5,15.000,15.071,130.1
24.9253,10223,53503,15.000,15.229,144.7,15.000,15.219,126.4,15.000,15.044,130.3
24.9253,10224,53508,15.000,15.287,144.2,15.000,15.093,127.6,15.000,15.100,129.8
24.9253,10225,53513,15.000,15.623,142.1,15.000,15.066,127.5,15.000,15.075,130.1
24.9253,10226,53518,15.000,15.428,144.1,15.000,15.054,127.5,15.000,15.246,128.9
24.9253,10227,53523,15.000,15.586,142.6,15.000,15.030,127.6,15.000,15.039,130.7
24.9253,10228,53528,15.000,15.436,143.9,15.000,15.062,127.3,15.000,15.072,129.9
24.9253,10229,53533,15.000,15.603,142.4,15.000,15.233,126.3,15.000,15.243,128.9
24.9253,10230,53538,15.000,15.407,144.0,15.000,15.399,125.6,15.000,15.044,130.6
24.9253,10231,53543,15.000,15.621,142.1,15.000,15.252,126.9,15.000,15.076,129.9
24.9253,10232,53548,15.000,15.594,142.7,15.000,15.407,125.5,15.000,15.231,128.9
24.9253,10233,53553,15.000,15.609,142.5,15.000,15.243,126.9,15.000,15.069,130.3
24.9253,10234,53558,15.000,15.589,142.6,15.000,15.408,125.4,15.000,15.050,130.1
24.9870,10235,53563,15.000,15.454,143.3,15.000,15.089,127.8,15.000,15.274,128.6
24.9870,10236,53568,15.000,15.609,141.9,15.000,15.246,126.0,15.000,15.068,130.4
24.9870,10237,53573,15.000,15.434,143.4,15.000,15.252,126.3,15.000,15.253,128.7
24.9870,10238,53578,15.000,15.623,141.7,15.000,15.441,125.1,15.000,15.258,129.1
24.9870,10239,53583,15.000,15.440,143.2,15.000,15.255,126.7,15.000,15.072,130.3
24.9870,10240,53588,15.000,15.623,141.6,15.000,15.259,126.2,15.000,15.257,128.6
24.9870,10241,53593,15.000,15.451,143.1,15.000,15.268,126.1,15.000,15.269,129.0
24.9870,10242,53598,15.000,15.465,142.5,15.000,15.102,127.2,15.000,15.101,130.0
25.0512,10243,53603,15.000,15.620,141.5,15.000,15.074,127.0,15.000,15.251,128.7
25.0512,10244,53608,15.000,15.443,142.9,15.000,15.083,126.8,15.000,15.259,128.9
25.0512,10245,53613,15.000,15.587,141.5,15.000,15.235,125.8,15.000,15.224,129.2
25.0512,10246,53618,15.000,15.442,142.7,15.000,15.273,125.9,15.000,15.257,128.8
25.0512,10247,53623,15.000,15.616,141.2,15.000,15.267,126.0,15.000,15.071,130.1
25.0512,10248,53628,15.000,15.537,142.1,15.000,15.185,126.5,15.000,15.174,129.0
25.0512,10249,53633,15.000,15.636,141.2,15.000,15.097,126.9,15.000,15.278,128.5
25.0512,10250,53638,15.000,15.455,142.5,15.000,14.913,127.9,15.000,15.095,129.9
25.0512,10251,53643,15.000,15.616,141.0,15.000,14.889,127.6,15.000,15.251,128.5
25.0512,10252,53648,15.000,15.436,142.5,15.000,15.075,126.3,15.000,15.255,128.8
25.0512,10253,53653,15.000,15.426,142.0,15.000,15.247,125.6,15.000,15.248,128.8
25.0512,10254,53658,15.000,15.609,140.8,15.000,15.062,127.2,15.000,15.247,128.8
25.0512,10255,53663,15.000,15.471,142.0,15.000,15.102,126.5,15.000,15.108,129.6
25.0512,10256,53668,15.000,15.605,140.8,15.000,14.873,128.1,15.000,15.242,128.4
25.0512,10257,53673,15.000,15.438,142.1,15.000,15.065,126.3,15.000,15.255,128.6
25.0512,10258,53678,15.000,15.518,141.2,15.000,14.964,127.4,15.000,15.337,128.1
25.1114,10259,53683,15.000,15.427,141.9,15.000,15.238,125.4,15.000,15.239,128.9
25.1114,10260,53688,15.000,15.609,140.4,15.000,15.242,126.0,15.000,15.423,127.4
25.1114,10261,53693,15.000,15.574,141.0,15.000,15.389,125.0,15.000,15.214,129.2
25.1114,10262,53698,15.000,15.601,140.7,15.000,15.235,126.3,15.000,15.243,128.5
25.1114,10263,53703,15.000,15.615,140.6,15.000,15.250,125.8,15.000,15.257,128.4
25.1114,10264,53708,15.000,15.439,141.7,15.000,15.255,125.8,15.000,15.262,128.4
25.1114,10265,53713,15.000,15.584,140.3,15.000,15.220,126.0,15.000,15.226,128.6
25.1114,10266,53718,15.000,15.449,141.4,15.000,15.264,125.6,15.000,15.278,128.2
25.1749,10267,53723,15.000,15.626,139.9,15.000,15.258,125.7,15.000,15.273,128.3
25.1749,10268,53728,15.000,15.410,141.7,15.000,15.226,125.9,15.000,15.055,129.7
25.1749,10269,53733,15.000,15.591,139.9,15.000,15.233,125.8,15.000,15.243,127.9
25.1749,10270,53738,15.000,15.238,142.6,15.000,15.241,125.7,15.000,15.071,129.4
25.1749,10271,53743,15.000,15.108,142.6,15.000,15.114,126.5,15.000,15.119,128.7
25.1749,10272,53748,15.000,15.054,142.6,15.000,14.700,128.9,15.000,15.061,129.2
25.1749,10273,53753,15.000,14.870,143.7,15.000,14.694,128.0,15.000,14.878,130.2
25.1749,10274,53758,15.000,15.084,141.8,15.000,14.720,127.8,15.000,14.904,129.6
25.1749,10275,53763,15.000,14.901,143.5,15.000,14.894,126.8,15.000,15.079,128.6
25.1749,10276,53768,15.000,14.872,143.3,15.000,14.867,127.4,15.000,14.863,130.4
25.1749,10277,53773,15.000,14.891,143.1,15.000,14.890,127.2,15.000,14.887,129.7
25.1749,10278,53778,15.000,14.720,144.3,15.000,14.355,130.8,15.000,14.897,129.7
25.1749,10279,53783,15.000,14.568,144.9,15.000,14.203,130.5,15.000,14.744,130.8
25.1749,10280,53788,15.000,14.710,143.7,15.000,14.162,130.5,15.000,14.701,130.7
25.1749,10281,53793,15.000,14.887,142.9,15.000,14.337,129.4,15.000,14.695,130.7
25.1749,10282,53798,15.000,14.920,143.1,15.000,14.728,127.3,15.000,14.730,130.5
25.2351,10283,53803,15.000,15.113,141.9,15.000,14.739,128.2,15.000,14.919,129.4
25.2351,10284,53808,15.000,14.883,143.9,15.000,14.880,127.4,15.000,14.877,130.1
25.2351,10285,53813,15.000,14.907,143.2,15.000,14.729,128.7,15.000,14.726,131.0
25.2351,10286,53818,15.000,15.075,142.2,15.000,14.895,127.3,15.000,14.716,130.7
25.2351,10287,53823,15.000,14.910,143.6,15.000,14.729,128.8,15.000,14.729,130.7
25.2351,10288,53828,15.000,15.249,141.0,15.000,15.252,125.0,15.000,14.708,130.9
25.2351,10289,53833,15.000,15.242,141.9,15.000,15.245,126.3,15.000,14.701,130.9
25.2351,10290,53838,15.000,15.254,141.8,15.000,15.437,125.0,15.000,14.714,130.8
25.3016,10291,53843,15.000,15.245,141.8,15.000,15.425,125.5,15.000,14.701,131.0
25.3016,10292,53848,15.000,15.250,141.7,15.000,15.432,125.3,15.000,14.709,130.9
25.3016,10293,53853,15.000,15.056,143.0,15.000,15.421,125.4,15.000,14.698,131.0
25.3016,10294,53858,15.000,15.246,141.3,15.000,15.244,126.5,15.000,14.703,131.0
25.3016,10295,53863,15.000,15.228,141.8,15.000,15.403,125.0,15.000,14.683,131.2
25.3016,10296,53868,15.000,14.911,143.8,15.000,15.087,127.4,15.000,14.732,130.9
25.3016,10297,53873,15.000,14.685,144.5,15.000,15.041,126.9,15.000,14.685,131.3
25.3016,10298,53878,15.000,14.536,145.0,15.000,14.887,127.8,15.000,14.896,129.9
25.3016,10299,53883,15.000,14.514,144.8,15.000,15.044,126.4,15.000,14.871,130.5
25.3016,10300,53888,15.000,14.716,143.5,15.000,14.884,127.8,15.000,14.892,130.4
25.3016,10301,53893,15.000,14.524,145.3,15.000,14.877,127.5,15.000,14.887,130.5
25.3016,10302,53898,15.000,14.675,143.9,15.000,15.027,126.5,15.000,15.037,129.5
25.3016,10303,53903,15.000,14.709,144.1,15.000,14.698,129.0,15.000,14.890,130.8
25.3016,10304,53908,15.000,14.520,145.4,15.000,14.876,127.1,15.000,14.884,130.5
25.3016,10305,53913,15.000,14.544,144.9,15.000,14.720,128.6,15.000,15.093,129.1
25.3016,10306,53918,15.000,14.709,143.9,15.000,14.884,127.2,15.000,15.072,129.8
25.3563,10307,53923,15.000,15.068,142.0,15.000,14.882,127.6,15.000,15.068,129.7
25.3563,10308,53928,15.000,15.068,142.8,15.000,15.247,125.2,15.000,15.070,129.7
25.3563,10309,53933,15.000,15.254,141.6,15.000,15.076,127.2,15.000,15.081,129.6
25.3563,10310,53938,15.000,15.077,143.2,15.000,15.265,125.5,15.000,15.086,129.6
25.3563,10311,53943,15.000,15.255,141.6,15.000,15.258,126.0,15.000,15.258,128.5
25.3563,10312,53948,15.000,15.092,143.1,15.000,15.097,127.0,15.000,15.098,129.9
25.3563,10313,53953,15.000,15.243,141.7,15.000,15.431,124.4,15.000,15.070,129.7
25.3563,10314,53958,15.000,15.267,141.9,15.000,15.272,126.2,15.000,15.095,129.5
25.4202,10315,53963,15.000,15.439,140.8,15.000,15.441,124.7,15.000,15.079,129.6
25.4202,10316,53968,15.000,15.416,141.3,15.000,15.419,125.2,15.000,15.057,129.7
25.4202,10317,53973,15.000,15.450,140.9,15.000,15.636,123.7,15.000,15.092,129.4
25.4202,10318,53978,15.000,15.432,141.1,15.000,15.437,125.4,15.000,15.072,129.6
25.4202,10319,53983,15.000,15.424,141.1,15.000,15.606,123.8,15.000,15.060,129.7
25.4202,10320,53988,15.000,15.428,141.0,15.000,15.428,125.3,15.000,15.065,129.6
25.4202,10321,53993,15.000,15.257,142.0,15.000,15.438,124.7,15.000,15.077,129.5
25.4202,10322,53998,15.000,15.253,141.6,15.000,15.434,124.7,15.000,15.071,129.6
25.4202,10323,54003,15.000,15.088,142.7,15.000,15.445,124.6,15.000,15.260,128.3
25.4202,10324,54008,15.000,15.082,142.3,15.000,15.442,124.6,15.000,15.259,128.7
25.4202,10325,54013,15.000,14.870,143.7,15.000,15.412,124.7,15.000,15.050,130.1
25.4202,10326,54018,15.000,14.725,144.1,15.000,15.452,124.4,15.000,15.275,128.1
25.4202,10327,54023,15.000,14.504,145.2,15.000,15.407,124.7,15.000,15.235,128.9
25.4202,10328,54028,15.000,14.353,145.7,15.000,15.256,125.5,15.000,15.089,129.7
25.4202,10329,54033,15.000,14.161,146.7,15.000,15.064,126.4,15.000,15.254,128.3
25.4202,10330,54038,15.000,14.172,146.3,15.000,15.259,124.6,15.000,15.266,128.5
25.4826,10331,54043,15.000,14.168,146.4,15.000,15.074,126.3,15.000,15.259,128.6
25.4826,10332,54048,15.000,14.326,145.5,15.000,15.230,124.8,15.000,15.238,128.7
25.4826,10333,54053,15.000,14.359,145.7,15.000,15.090,126.1,15.000,15.099,129.5
25.4826,10334,54058,15.000,14.503,144.9,15.000,15.230,124.8,15.000,15.238,128.3
25.4826,10335,54063,15.000,14.527,145.2,15.000,15.075,126.1,15.000,15.263,128.4
25.4826,10336,54068,15.000,14.691,144.2,15.000,15.237,124.7,15.000,15.236,128.6
25.4826,10337,54073,15.000,14.917,143.2,15.000,14.918,127.1,15.000,15.281,128.2
25.4826,10338,54078,15.000,15.066,142.7,15.000,15.065,125.4,15.000,15.243,128.5
25.4826,10339,54083,15.000,15.263,141.8,15.000,15.080,125.7,15.000,15.263,128.3
25.4826,10340,54088,15.000,15.243,142.4,15.000,14.877,127.0,15.000,15.239,128.5
25.4826,10341,54093,15.000,15.425,141.1,15.000,14.880,126.5,15.000,15.245,128.4
25.4826,10342,54098,15.000,15.253,142.6,15.000,14.888,126.5,15.000,15.252,128.3
25.4826,10343,54103,15.000,15.424,141.1,15.000,14.875,126.6,15.000,15.239,128.4
25.4826,10344,54108,15.000,15.269,142.5,15.000,14.720,127.6,15.000,15.267,128.1
25.4826,10345,54113,15.000,15.429,141.0,15.000,14.701,127.4,15.000,15.247,128.3
25.4826,10346,54118,15.000,15.263,142.4,15.000,14.538,128.5,15.000,15.087,129.3
25.5440,10347,54123,15.000,15.234,142.2,15.000,14.693,127.1,15.000,15.236,127.9
25.5440,10348,54128,15.000,15.242,142.0,15.000,14.704,127.4,15.000,15.247,128.1
25.5440,10349,54133,15.000,15.077,143.1,15.000,14.722,127.4,15.000,15.085,129.2
25.5440,10350,54138,15.000,15.225,141.7,15.000,14.689,127.7,15.000,15.233,127.8
25.5440,10351,54143,15.000,15.063,143.1,15.000,14.710,127.5,15.000,15.072,129.2
25.5440,10352,54148,15.000,15.278,141.3,15.000,14.561,128.5,15.000,15.102,128.6
25.5440,10353,54153,15.000,15.059,143.2,15.000,14.701,127.3,15.000,15.241,127.8
25.5440,10354,54158,15.000,15.215,141.7,15.000,14.677,127.9,15.000,15.035,129.4
25.5978,10355,54163,15.000,15.072,143.0,15.000,14.710,127.6,15.000,15.068,128.7
25.5978,10356,54168,15.000,15.252,141.4,15.000,14.707,127.7,15.000,15.065,128.8
25.5978,10357,54173,15.000,15.247,141.9,15.000,14.887,126.6,15.000,14.885,130.0
25.5978,10358,54178,15.000,15.248,141.8,15.000,14.886,127.1,15.000,14.884,129.6
25.5978,10359,54183,15.000,15.431,140.6,15.000,15.068,125.9,15.000,14.883,129.6
25.5978,10360,54188,15.000,15.246,142.2,15.000,15.061,126.4,15.000,14.876,129.6
25.5978,10361,54193,15.000,15.272,141.6,15.000,15.087,126.2,15.000,14.902,129.5
25.5978,10362,54198,15.000,15.238,141.8,15.000,15.238,125.2,15.000,14.872,129.7
25.6571,10363,54203,15.000,15.267,141.5,15.000,15.081,126.6,15.000,14.717,130.7
25.6571,10364,54208,15.000,15.291,141.4,15.000,15.291,124.8,15.000,14.742,130.2
25.6571,10365,54213,15.000,15.069,142.9,15.000,15.250,125.6,15.000,14.702,130.5
25.6571,10366,54218,15.000,15.077,142.3,15.000,15.442,124.2,15.000,14.707,130.4
25.6571,10367,54223,15.000,15.072,142.3,15.000,15.257,125.8,15.000,14.702,130.5
25.6571,10368,54228,15.000,15.102,142.1,15.000,15.288,125.1,15.000,14.733,130.3
25.6571,10369,54233,15.000,15.073,142.4,15.000,15.258,125.4,15.000,14.885,129.4
25.6571,10370,54238,15.000,15.122,142.0,15.000,15.305,125.0,15.000,14.756,130.7
25.6571,10371,54243,15.000,15.082,142.3,15.000,15.445,124.1,15.000,14.714,130.7
25.6571,10372,54248,15.000,14.915,143.3,15.000,15.098,126.7,15.000,14.728,130.5
25.6571,10373,54253,15.000,14.711,144.2,15.000,15.261,124.8,15.000,14.714,130.7
25.6571,10374,54258,15.000,14.534,144.9,15.000,15.077,126.3,15.000,14.713,130.7
25.6571,10375,54263,15.000,14.905,142.2,15.000,15.270,124.6,15.000,14.726,130.6
25.6571,10376,54268,15.000,14.679,144.5,15.000,14.857,127.7,15.000,14.679,131.0
25.6571,10377,54273,15.000,14.514,145.1,15.000,14.870,126.7,15.000,14.872,129.6
25.6571,10378,54278,15.000,14.506,144.8,15.000,14.862,126.8,15.000,14.864,130.2
25.7206,10379,54283,15.000,14.361,145.8,15.000,14.716,127.7,15.000,14.720,131.1
25.7206,10380,54288,15.000,14.497,144.6,15.000,14.856,126.5,15.000,14.680,131.1
25.7206,10381,54293,15.000,14.504,145.0,15.000,14.867,126.8,15.000,14.688,130.9
25.7206,10382,54298,15.000,14.510,145.0,15.000,15.052,125.6,15.000,14.693,131.0
25.7206,10383,54303,15.000,14.863,142.8,15.000,15.044,126.1,15.000,14.864,129.9
25.7206,10384,54308,15.000,14.863,143.6,15.000,14.862,127.3,15.000,14.864,130.3
25.7206,10385,54313,15.000,14.891,143.5,15.000,14.707,127.9,15.000,14.890,130.2
25.7206,10386,54318,15.000,15.097,142.2,15.000,15.097,125.0,15.000,14.918,130.1
25.7206,10387,54323,15.000,14.923,143.8,15.000,15.102,125.9,15.000,14.923,130.1
25.7206,10388,54328,15.000,15.055,142.6,15.000,15.236,125.0,15.000,14.879,130.4
25.7206,10389,54333,15.000,15.072,142.8,15.000,15.256,125.2,15.000,14.899,130.2
25.7206,10390,54338,15.000,15.072,142.8,15.000,15.256,125.2,15.000,15.077,129.1
25.7206,10391,54343,15.000,14.894,143.9,15.000,14.893,127.5,15.000,15.080,129.5
25.7206,10392,54348,15.000,14.717,144.7,15.000,15.085,125.4,15.000,15.087,129.4
25.7206,10393,54353,15.000,14.373,146.5,15.000,14.922,126.9,15.000,14.924,130.5
25.7206,10394,54358,15.000,14.351,145.9,15.000,15.262,124.3,15.000,15.082,129.1
25.8041,10395,54363,15.000,14.126,147.4,15.000,15.394,124.2,15.000,15.036,129.8
25.8041,10396,54368,15.000,14.155,146.8,15.000,15.242,125.5,15.000,15.067,129.5
25.8041,10397,54373,15.000,14.343,145.7,15.000,15.255,125.0,15.000,15.081,129.4
25.8041,10398,54378,15.000,14.340,146.3,15.000,15.247,125.1,15.000,15.075,129.5
25.8041,10399,54383,15.000,14.319,146.5,15.000,15.225,125.2,15.000,15.052,129.6
25.8041,10400,54388,15.000,14.151,147.6,15.000,15.236,125.0,15.000,15.063,129.5
25.8041,10401,54393,15.000,14.519,144.9,15.000,15.422,123.8,15.000,15.067,129.5
25.8041,10402,54398,15.000,14.517,145.8,15.000,15.420,124.2,15.000,15.065,129.5
25.8041,10403,54403,15.000,14.705,144.7,15.000,15.241,125.3,15.000,15.249,128.3
25.8041,10404,54408,15.000,14.694,145.2,15.000,15.051,126.1,15.000,15.059,129.9
25.8041,10405,54413,15.000,14.562,146.1,15.000,14.932,126.4,15.000,15.116,129.1
25.8041,10406,54418,15.000,14.512,146.1,15.000,15.060,125.3,15.000,15.064,129.6
25.8041,10407,54423,15.000,14.492,146.2,15.000,15.037,125.8,15.000,14.859,130.8
25.8041,10408,54428,15.000,14.367,147.0,15.000,15.099,125.3,15.000,14.912,129.9
25.8041,10409,54433,15.000,14.365,146.8,15.000,14.912,126.7,15.000,14.727,131.3
25.8041,10410,54438,15.000,14.527,145.8,15.000,14.897,126.3,15.000,14.532,132.1
25.8574,10411,54443,15.000,14.155,148.7,15.000,14.884,126.4,15.000,14.520,131.8
25.8574,10412,54448,15.000,14.307,146.9,15.000,14.850,126.6,15.000,14.491,132.0
25.8574,10413,54453,15.000,14.345,147.1,15.000,15.075,125.1,15.000,14.352,132.9
25.8574,10414,54458,15.000,14.509,146.2,15.000,15.239,124.5,15.000,14.339,132.7
25.8574,10415,54463,15.000,14.701,145.4,15.000,15.244,124.9,15.000,14.344,132.8
25.8574,10416,54468,15.000,14.911,144.5,15.000,15.091,125.8,15.000,14.371,132.7
25.8574,10417,54473,15.000,14.922,145.0,15.000,15.102,125.4,15.000,14.382,132.7
25.8584,10418,54478,15.000,15.064,144.1,15.000,14.879,126.9,15.000,14.525,131.9
25.9264,10419,54483,15.000,14.862,145.7,15.000,15.218,124.1,15.000,14.681,131.3
25.9264,10420,54488,15.000,14.914,144.9,15.000,15.088,125.8,15.000,14.732,131.4
25.9264,10421,54493,15.000,15.092,143.9,15.000,15.270,124.3,15.000,14.914,130.3
25.9264,10422,54498,15.000,15.273,143.1,15.000,14.912,127.0,15.000,14.914,130.8
25.9264,10423,54503,15.000,15.250,143.7,15.000,15.070,125.1,15.000,14.888,131.0
25.9264,10424,54508,15.000,15.262,143.5,15.000,14.902,126.6,15.000,14.898,130.8
25.9264,10425,54513,15.000,15.449,142.3,15.000,15.090,125.0,15.000,15.084,129.7
25.9264,10426,54518,15.000,15.232,144.1,15.000,15.057,125.6,15.000,15.052,130.3
25.9264,10427,54523,15.000,15.394,142.5,15.000,15.215,124.5,15.000,15.032,130.4
25.9264,10428,54528,15.000,15.059,145.1,15.000,15.243,124.7,15.000,15.063,130.1
25.9264,10429,54533,15.000,15.253,143.0,15.000,15.262,124.6,15.000,15.080,130.1
25.9264,10430,54538,15.000,15.042,144.8,15.000,15.235,124.8,15.000,15.052,130.3
25.9264,10431,54543,15.000,15.052,144.2,15.000,14.879,127.0,15.000,15.061,130.1
25.9264,10432,54548,15.000,14.881,145.3,15.000,15.248,123.8,15.000,15.070,130.1
25.9264,10433,54553,15.000,14.697,146.1,15.000,15.065,125.8,15.000,15.254,128.9
25.9264,10434,54558,15.000,14.554,146.7,15.000,15.102,125.1,15.000,15.292,129.1
25.9872,10435,54563,15.000,14.341,147.8,15.000,14.884,126.6,15.000,15.075,130.5
25.9872,10436,54568,15.000,14.503,146.3,15.000,14.871,126.2,15.000,15.238,128.9
25.9872,10437,54573,15.000,14.344,147.8,15.000,14.715,127.2,15.000,15.262,129.2
25.9872,10438,54578,15.000,14.342,147.5,15.000,14.713,126.9,15.000,15.258,129.2
25.9872,10439,54583,15.000,14.367,147.4,15.000,14.371,129.1,15.000,15.286,129.0
25.9872,10440,54588,15.000,14.553,146.3,15.000,14.553,127.2,15.000,15.286,129.0
25.9872,10441,54593,15.000,14.517,147.0,15.000,14.700,126.7,15.000,15.069,130.4
25.9872,10442,54598,15.000,14.714,145.7,15.000,14.535,128.2,15.000,15.084,129.8
26.0473,10443,54603,15.000,14.898,145.0,15.000,14.532,127.9,15.000,14.899,131.0
26.0473,10444,54608,15.000,14.895,145.5,15.000,14.530,127.9,15.000,14.893,130.6
26.0473,10445,54613,15.000,15.073,144.3,15.000,14.531,128.0,15.000,14.896,130.6
26.0473,10446,54618,15.000,14.890,145.9,15.000,14.701,126.9,15.000,14.888,130.7
26.0473,10447,54623,15.000,14.900,145.5,15.000,14.712,127.3,15.000,14.898,130.6
26.0473,10448,54628,15.000,15.093,144.2,15.000,14.719,127.3,15.000,14.725,131.8
26.0473,10449,54633,15.000,15.219,143.9,15.000,15.031,125.3,15.000,14.671,131.7
26.0473,10450,54638,15.000,15.069,145.1,15.000,14.699,128.2,15.000,14.705,131.4
26.0473,10451,54643,15.000,15.261,143.5,15.000,14.708,127.4,15.000,14.713,131.5
26.0473,10452,54648,15.000,15.088,145.1,15.000,14.350,129.8,15.000,14.724,131.5
26.0473,10453,54653,15.000,15.243,143.6,15.000,14.329,129.1,15.000,14.703,131.7
26.0473,10454,54658,15.000,15.218,144.1,15.000,14.300,129.4,15.000,14.856,130.6
26.0473,10455,54663,15.000,15.058,145.1,15.000,14.138,130.4,15.000,14.873,130.9
26.0473,10456,54668,15.000,15.266,143.3,15.000,13.989,131.1,15.000,14.726,131.9
26.0473,10457,54673,15.000,15.249,143.9,15.000,13.971,131.0,15.000,14.709,131.7
26.0473,10458,54678,15.000,15.423,142.7,15.000,13.965,131.1,15.000,14.703,131.7
26.1119,10459,54683,15.000,15.259,144.2,15.000,13.797,132.3,15.000,14.712,131.7
26.1119,10460,54688,15.000,15.388,142.9,15.000,13.930,131.2,15.000,14.840,130.9
26.1119,10461,54693,15.000,15.263,144.0,15.000,13.806,132.4,15.000,14.904,130.8
26.1119,10462,54698,15.000,15.260,143.7,15.000,14.168,129.9,15.000,14.897,131.0
26.1119,10463,54703,15.000,15.265,143.6,15.000,14.169,130.8,15.000,14.898,131.0
26.1119,10464,54708,15.000,15.285,143.4,15.000,14.010,132.0,15.000,14.742,132.1
26.1119,10465,54713,15.000,15.432,142.5,15.000,14.160,130.7,15.000,14.710,131.9
26.1119,10466,54718,15.000,15.267,143.9,15.000,14.176,131.1,15.000,14.907,130.6
26.1767,10467,54723,15.000,15.451,142.3,15.000,14.354,130.1,15.000,14.905,131.1
26.1767,10468,54728,15.000,15.260,143.9,15.000,14.349,130.6,15.000,14.899,131.1
26.1767,10469,54733,15.000,15.431,142.3,15.000,14.345,130.7,15.000,15.074,130.0
26.1767,10470,54738,15.000,15.287,143.6,15.000,14.198,131.7,15.000,14.932,131.3
26.1767,10471,54743,15.000,15.240,143.5,15.000,14.514,129.4,15.000,14.880,131.3
26.1767,10472,54748,15.000,15.240,143.4,15.000,14.514,130.2,15.000,14.880,131.2
26.1767,10473,54753,15.000,15.046,144.6,15.000,14.504,130.3,15.000,15.045,130.2
26.1767,10474,54758,15.000,15.048,144.1,15.000,14.504,130.4,15.000,15.049,130.5
26.1767,10475,54763,15.000,14.899,145.1,15.000,13.982,133.8,15.000,15.259,129.2
26.1767,10476,54768,15.000,14.884,144.8,15.000,14.149,131.6,15.000,15.064,130.9
26.1767,10477,54773,15.000,14.680,146.1,15.000,14.128,132.2,15.000,15.045,130.6
26.1767,10478,54778,15.000,14.688,145.6,15.000,14.134,132.2,15.000,15.233,129.3
26.1767,10479,54783,15.000,14.537,146.7,15.000,14.345,131.0,15.000,15.084,130.7
26.1767,10480,54788,15.000,14.518,146.5,15.000,14.508,130.5,15.000,15.062,130.5
26.1767,10481,54793,15.000,14.695,145.4,15.000,14.504,131.0,15.000,15.239,129.2
26.1767,10482,54798,15.000,14.511,147.0,15.000,14.684,129.9,15.000,15.236,129.7
26.2341,10483,54803,15.000,14.550,146.4,15.000,14.722,130.1,15.000,15.099,130.5
26.2341,10484,54808,15.000,14.718,145.4,15.000,15.075,127.9,15.000,15.266,129.1
26.2341,10485,54813,15.000,14.687,146.1,15.000,15.597,125.3,15.000,15.057,130.8
26.2341,10486,54818,15.000,14.851,145.0,15.000,15.221,129.0,15.000,15.217,129.3
26.2341,10487,54823,15.000,14.912,145.0,15.000,15.106,128.8,15.000,15.280,129.2
26.2341,10488,54828,15.000,14.892,145.3,15.000,15.084,128.6,15.000,15.076,130.7
26.2341,10489,54833,15.000,15.048,144.2,15.000,15.056,128.8,15.000,15.230,129.2
26.2341,10490,54838,15.000,15.063,144.5,15.000,15.252,127.4,15.000,15.245,129.4
26.2980,10491,54843,15.000,15.104,144.2,15.000,15.108,128.8,15.000,15.100,130.4
26.2980,10492,54848,15.000,15.278,143.2,15.000,15.102,128.5,15.000,15.277,128.9
26.2980,10493,54853,15.000,15.436,142.5,15.000,15.260,127.4,15.000,15.253,129.4
26.2980,10494,54858,15.000,15.056,145.4,15.000,15.056,129.1,15.000,15.228,129.5
26.2980,10495,54863,15.000,15.250,143.2,15.000,15.250,127.3,15.000,15.240,129.3
26.2980,10496,54868,15.000,15.095,144.6,15.000,15.633,125.3,15.000,15.266,129.2
26.2980,10497,54873,15.000,15.276,143.1,15.000,15.629,126.1,15.000,15.262,129.2
26.2980,10498,54878,15.000,15.381,142.8,15.000,15.732,125.4,15.000,15.365,128.5
26.2980,10499,54883,15.000,15.263,143.7,15.000,15.799,125.1,15.000,15.246,129.5
26.2980,10500,54888,15.000,15.482,142.0,15.000,15.654,126.1,15.000,15.283,128.9
26.2980,10501,54893,15.000,15.256,144.0,15.000,15.796,124.8,15.000,15.244,129.2
26.2980,10502,54898,15.000,15.445,142.1,15.000,15.436,127.4,15.000,15.067,130.3
26.2980,10503,54903,15.000,15.247,143.8,15.000,15.418,126.6,15.000,15.049,129.9
26.2980,10504,54908,15.000,15.648,140.7,15.000,15.457,126.2,15.000,14.912,130.8
26.2980,10505,54913,15.000,15.287,144.0,15.000,15.458,126.3,15.000,14.913,130.5
26.2980,10506,54918,15.000,15.080,144.4,15.000,15.427,126.4,15.000,14.704,131.8
26.3572,10507,54923,15.000,14.874,145.2,15.000,15.218,127.7,15.000,14.677,131.5
26.3572,10508,54928,15.000,14.784,145.4,15.000,15.315,126.5,15.000,14.593,132.1
26.3572,10509,54933,15.000,14.759,145.3,15.000,14.924,129.3,15.000,14.572,132.0
26.3572,10510,54938,15.000,14.524,146.8,15.000,15.048,127.5,15.000,14.517,132.4
26.3572,10511,54943,15.000,14.703,145.2,15.000,14.867,129.0,15.000,14.515,132.3
26.3572,10512,54948,15.000,14.501,146.9,15.000,15.211,126.3,15.000,14.678,131.3
26.3572,10513,54953,15.000,14.714,145.1,15.000,15.063,128.1,15.000,14.709,131.6
26.3572,10514,54958,15.000,14.513,147.0,15.000,15.225,126.7,15.000,14.689,131.8
26.3572,10515,54963,15.000,14.705,145.3,15.000,15.235,127.0,15.000,14.698,131.7
26.3572,10516,54968,15.000,15.103,143.2,15.000,15.095,127.9,15.000,14.920,130.3
26.3572,10517,54973,15.000,15.092,144.2,15.000,15.454,125.2,15.000,14.914,130.9
26.3572,10518,54978,15.000,15.249,143.1,15.000,15.246,127.4,15.000,14.888,131.1
26.3572,10519,54983,15.000,15.226,143.6,15.000,15.589,124.6,15.000,15.047,130.0
26.3572,10520,54988,15.000,15.433,142.2,15.000,15.251,127.6,15.000,15.072,130.2
26.3572,10521,54993,15.000,15.266,143.8,15.000,15.444,125.5,15.000,15.085,130.2
26.3572,10522,54998,15.000,15.439,142.2,15.000,15.436,125.9,15.000,14.896,131.4
26.4050,10523,55003,15.000,15.235,143.9,15.000,15.409,126.0,15.000,15.049,130.0
26.4050,10524,55008,15.000,15.268,143.2,15.000,15.452,125.6,15.000,15.088,130.1
26.4050,10525,55013,15.000,15.421,142.2,15.000,15.247,127.0,15.000,15.063,130.3
26.4050,10526,55018,15.000,15.257,143.6,15.000,15.448,125.2,15.000,14.898,131.4
26.4050,10527,55023,15.000,15.445,141.9,15.000,15.088,128.0,15.000,14.902,130.9
26.4050,10528,55028,15.000,15.253,143.6,15.000,14.899,128.3,15.000,14.890,131.0
26.4050,10529,55033,15.000,15.443,141.9,15.000,14.722,129.0,15.000,14.897,131.0
26.4050,10530,55038,15.000,15.076,144.7,15.000,15.089,126.2,15.000,14.898,131.0
26.4726,10531,55043,15.000,15.240,142.7,15.000,14.889,128.4,15.000,14.878,131.1
26.4726,10532,55048,15.000,15.075,144.1,15.000,14.909,127.8,15.000,14.894,131.0
26.4726,10533,55053,15.000,15.266,142.5,15.000,15.106,126.6,15.000,14.732,132.1
26.4726,10534,55058,15.000,15.265,142.9,15.000,14.915,128.3,15.000,14.726,131.8
26.4726,10535,55063,15.000,15.093,144.0,15.000,15.102,126.6,15.000,14.734,131.8
26.4726,10536,55068,15.000,15.261,142.5,15.000,14.902,128.4,15.000,14.718,131.9
26.4726,10537,55073,15.000,15.044,144.3,15.000,15.229,125.8,15.000,14.861,131.0
26.4726,10538,55078,15.000,15.086,143.5,15.000,15.447,125.1,15.000,14.904,131.1
26.5367,10539,55083,15.000,15.064,143.7,15.000,15.607,124.6,15.000,14.698,132.5
26.5367,10540,55088,15.000,15.261,142.4,15.000,15.438,126.0,15.000,14.714,132.0
26.5367,10541,55093,15.000,15.103,143.9,15.000,15.645,124.2,15.000,14.740,131.9
26.5367,10542,55098,15.000,15.257,142.5,15.000,15.614,124.8,15.000,14.890,131.0
26.5367,10543,55103,15.000,15.081,143.9,15.000,15.439,125.8,15.000,14.897,131.3
26.5367,10544,55108,15.000,15.243,142.5,15.000,15.235,126.6,15.000,14.875,131.5
26.5367,10545,55113,15.000,15.229,142.9,15.000,15.040,127.4,15.000,14.860,131.5
26.5367,10546,55118,15.000,15.067,143.9,15.000,14.877,128.0,15.000,14.880,131.4
26.5367,10547,55123,15.000,15.280,142.1,15.000,14.904,127.4,15.000,14.730,132.4
26.5367,10548,55128,15.000,15.240,142.9,15.000,15.047,126.6,15.000,14.872,131.2
26.5367,10549,55133,15.000,14.887,145.0,15.000,14.880,128.0,15.000,14.886,131.4
26.5367,10550,55138,15.000,14.877,144.3,15.000,15.053,126.5,15.000,14.874,131.6
26.5367,10551,55143,15.000,14.851,144.4,15.000,14.843,128.3,15.000,15.025,130.6
26.5367,10552,55148,15.000,14.538,146.4,15.000,14.904,127.4,15.000,14.902,131.7
26.5367,10553,55153,15.000,14.343,147.0,15.000,14.706,128.8,15.000,14.883,131.6
26.5367,10554,55158,15.000,14.322,146.7,15.000,14.868,127.3,15.000,15.043,130.5
26.5974,10555,55163,15.000,14.176,147.7,15.000,14.903,127.5,15.000,15.078,130.6
26.5974,10556,55168,15.000,14.155,147.6,15.000,15.251,125.3,15.000,15.060,130.8
26.5974,10557,55173,15.000,14.115,147.9,15.000,15.222,126.3,15.000,15.210,129.8
26.5974,10558,55178,15.000,14.179,147.5,15.000,15.103,127.0,15.000,15.090,130.9
26.5974,10559,55183,15.000,14.339,146.7,15.000,15.258,125.7,15.000,15.067,130.8
26.5974,10560,55188,15.000,14.343,147.1,15.000,15.078,127.2,15.000,15.070,130.7
26.5974,10561,55193,15.000,14.541,145.9,15.000,15.277,125.5,15.000,15.090,130.5
26.5974,10562,55198,15.000,14.705,145.4,15.000,15.071,127.3,15.000,15.069,130.7
26.6569,10563,55203,15.000,14.899,144.6,15.000,15.260,125.5,15.000,15.259,129.4
26.6569,10564,55208,15.000,14.903,145.0,15.000,15.088,127.1,15.000,15.088,131.0
26.6569,10565,55213,15.000,15.091,143.8,15.000,14.912,127.8,15.000,15.095,130.5
26.6569,10566,55218,15.000,15.230,143.3,15.000,14.688,128.8,15.000,15.233,129.6
26.6569,10567,55223,15.000,15.257,143.5,15.000,14.350,130.5,15.000,15.076,130.9
26.6569,10568,55228,15.000,15.223,143.7,15.000,14.316,130.0,15.000,15.224,129.6
26.6569,10569,55233,15.000,15.264,143.3,15.000,13.997,132.1,15.000,15.268,129.6
26.6569,10570,55238,15.000,15.443,142.2,15.000,13.991,131.5,15.000,15.261,129.7
26.6569,10571,55243,15.000,15.264,143.8,15.000,13.624,134.0,15.000,15.255,129.7
26.6569,10572,55248,15.000,15.421,142.3,15.000,13.608,133.4,15.000,15.239,129.8
26.6569,10573,55253,15.000,15.433,142.6,15.000,13.443,134.6,15.000,15.076,130.8
26.6569,10574,55258,15.000,15.060,145.0,15.000,13.604,133.3,15.000,15.235,129.4
26.6569,10575,55263,15.000,15.067,144.0,15.000,13.796,132.6,15.000,15.244,129.7
26.6569,10576,55268,15.000,14.918,145.0,15.000,13.825,133.0,15.000,15.095,130.6
26.6569,10577,55273,15.000,14.733,145.9,15.000,14.002,132.1,15.000,15.271,129.1
26.6569,10578,55278,15.000,14.718,145.5,15.000,14.166,131.5,15.000,15.073,130.8
26.7051,10579,55283,15.000,14.720,145.5,15.000,14.349,130.8,15.000,15.256,129.1
26.7051,10580,55288,15.000,14.530,146.8,15.000,14.344,131.4,15.000,15.251,129.6
26.7051,10581,55293,15.000,14.498,146.6,15.000,14.325,131.6,15.000,15.226,129.7
26.7051,10582,55298,15.000,14.190,148.6,15.000,14.000,133.7,15.000,15.274,129.3
26.7051,10583,55303,15.000,14.161,148.1,15.000,13.795,134.4,15.000,15.246,129.5
26.7051,10584,55308,15.000,14.702,144.6,15.000,13.621,135.2,15.000,15.251,129.4
26.7051,10585,55313,15.000,14.689,146.1,15.000,13.423,136.2,15.000,15.237,129.5
26.7051,10586,55318,15.000,14.868,144.9,15.000,13.240,137.1,15.000,15.417,128.3
26.7657,10587,55323,15.000,14.866,145.4,15.000,13.234,136.9,15.000,15.231,129.9
26.7657,10588,55328,15.000,14.910,145.1,15.000,13.099,138.0,15.000,15.276,129.1
26.7657,10589,55333,15.000,14.860,145.5,15.000,13.054,138.2,15.000,15.225,129.5
26.7657,10590,55338,15.000,15.039,144.3,15.000,12.867,139.5,15.000,15.220,129.4
26.7657,10591,55343,15.000,14.887,145.7,15.000,12.891,139.1,15.000,15.252,129.1
26.7657,10592,55348,15.000,15.194,143.3,15.000,13.028,138.5,15.000,15.194,129.6
26.7657,10593,55353,15.000,15.256,143.6,15.000,13.260,137.6,15.000,15.441,127.8
26.7657,10594,55358,15.000,15.108,144.7,15.000,13.652,135.8,15.000,15.293,129.3
26.7657,10595,55363,15.000,15.263,143.3,15.000,13.807,135.9,15.000,15.264,129.1
26.7657,10596,55368,15.000,15.092,144.8,15.000,14.000,135.1,15.000,15.278,128.9
26.7657,10597,55373,15.000,15.265,143.2,15.000,14.179,134.5,15.000,15.277,128.9
26.7657,10598,55378,15.000,15.404,142.7,15.000,14.316,134.2,15.000,15.414,128.0
26.7657,10599,55383,15.000,15.440,142.8,15.000,14.533,133.2,15.000,15.269,129.2
26.7657,10600,55388,15.000,15.453,142.7,15.000,14.727,132.5,15.000,15.280,128.8
26.7657,10601,55393,15.000,15.645,141.5,15.000,15.101,130.5,15.000,15.112,129.8
26.7657,10602,55398,15.000,15.659,141.7,15.000,15.474,129.0,15.000,15.125,129.4
26.8147,10603,55403,15.000,15.775,141.0,15.000,15.775,127.9,15.000,14.870,131.0
26.8147,10604,55408,15.000,15.599,142.3,15.000,15.782,128.4,15.000,14.692,131.6
26.8147,10605,55413,15.000,15.433,142.9,15.000,15.801,128.3,15.000,14.713,131.1
26.8147,10606,55418,15.000,15.584,141.4,15.000,15.950,127.2,15.000,14.498,132.5
26.8147,10607,55423,15.000,15.448,142.6,15.000,15.996,127.2,15.000,14.541,131.8
26.8147,10608,55428,15.000,15.443,142.3,15.000,15.993,127.2,15.000,14.358,133.2
26.8147,10609,55433,15.000,15.458,142.1,15.000,15.824,128.2,15.000,14.372,132.7
26.8147,10610,55438,15.000,15.073,144.6,15.000,15.985,126.6,15.000,14.353,132.9
26.8774,10611,55443,15.000,15.054,143.8,15.000,15.960,127.1,15.000,14.329,133.1
26.8774,10612,55448,15.000,14.882,144.9,15.000,15.791,128.0,15.000,14.340,133.1
26.8774,10613,55453,15.000,14.727,145.5,15.000,15.823,127.3,15.000,14.370,133.0
26.8774,10614,55458,15.000,14.708,145.3,15.000,15.617,128.6,15.000,14.531,132.1
26.8774,10615,55463,15.000,14.698,145.3,15.000,15.607,128.1,15.000,14.518,132.6
26.8774,10616,55468,15.000,14.715,145.2,15.000,15.624,127.9,15.000,14.536,132.5
26.8774,10617,55473,15.000,14.715,145.3,15.000,15.440,129.1,15.000,14.535,132.6
26.8774,10618,55478,15.000,14.529,146.5,15.000,15.254,129.8,15.000,14.529,132.7
26.8774,10619,55483,15.000,14.531,146.1,15.000,15.437,128.1,15.000,14.528,132.7
26.8774,10620,55488,15.000,14.510,146.3,15.000,15.233,129.8,15.000,14.503,133.0
26.8774,10621,55493,15.000,14.534,146.2,15.000,15.264,129.1,15.000,14.533,132.8
26.8774,10622,55498,15.000,14.361,147.4,15.000,15.274,129.1,15.000,14.543,132.8
26.8774,10623,55503,15.000,14.172,148.3,15.000,15.083,130.3,15.000,14.535,132.9
26.8774,10624,55508,15.000,14.167,148.0,15.000,15.079,129.9,15.000,14.531,133.0
26.8774,10625,55513,15.000,14.186,147.9,15.000,15.096,129.8,15.000,14.550,132.9
26.8774,10626,55518,15.000,13.976,149.4,15.000,15.061,130.0,15.000,14.694,132.1
26.9411,10627,55523,15.000,13.974,149.1,15.000,15.059,130.0,15.000,14.692,132.5
26.9411,10628,55528,15.000,14.007,149.0,15.000,15.093,129.7,15.000,14.726,132.3
26.9411,10629,55533,15.000,13.966,149.4,15.000,14.872,131.2,15.000,14.689,132.6
26.9411,10630,55538,15.000,14.159,148.2,15.000,15.061,129.5,15.000,14.882,131.3
26.9411,10631,55543,15.000,14.172,148.7,15.000,14.896,131.0,15.000,14.896,131.7
26.9411,10632,55548,15.000,14.350,147.6,15.000,14.888,130.7,15.000,14.889,131.8
26.9411,10633,55553,15.000,14.706,145.8,15.000,14.701,131.9,15.000,14.882,131.8
26.9411,10634,55558,15.000,14.515,148.0,15.000,14.688,131.6,15.000,15.045,130.8
27.0012,10635,55563,15.000,14.509,147.6,15.000,14.861,130.4,15.000,15.037,131.2
27.0012,10636,55568,15.000,14.534,147.5,15.000,14.713,131.8,15.000,14.890,132.2
27.0012,10637,55573,15.000,14.532,147.6,15.000,14.897,130.3,15.000,14.891,131.8
27.0012,10638,55578,15.000,14.716,146.4,15.000,14.896,130.8,15.000,14.890,131.8
27.0012,10639,55583,15.000,14.715,146.9,15.000,15.072,129.6,15.000,14.887,131.9
27.0012,10640,55588,15.000,14.897,145.8,15.000,15.075,130.0,15.000,14.709,133.0
27.0012,10641,55593,15.000,14.888,146.3,15.000,15.065,130.1,15.000,14.516,133.9
27.0012,10642,55598,15.000,15.070,145.1,15.000,15.065,130.1,15.000,14.516,133.5
27.0012,10643,55603,15.000,14.899,146.6,15.000,14.889,131.2,15.000,14.523,133.5
27.0012,10644,55608,15.000,15.272,143.8,15.000,15.086,129.5,15.000,14.364,134.6
27.0012,10645,55613,15.000,15.449,143.5,15.000,15.086,130.0,15.000,14.362,134.3
27.0012,10646,55618,15.000,15.439,143.9,15.000,15.253,128.9,15.000,14.527,133.3
27.0012,10647,55623,15.000,15.600,142.8,15.000,15.046,130.6,15.000,14.506,133.9
27.0012,10648,55628,15.000,15.605,143.1,15.000,15.236,128.8,15.000,14.511,133.9
27.0012,10649,55633,15.000,15.599,143.1,15.000,15.230,129.3,15.000,14.506,134.0
27.0012,10650,55638,15.000,15.639,142.7,15.000,15.088,130.2,15.000,14.544,133.8
27.0372,10651,55643,15.000,15.759,142.0,15.000,15.024,130.3,15.000,14.838,132.0
27.0372,10652,55648,15.000,15.630,143.0,15.000,15.082,129.7,15.000,14.895,132.3
27.0372,10653,55653,15.000,15.716,142.1,15.000,15.706,125.8,15.000,14.813,133.0
27.0372,10654,55658,15.000,15.605,142.9,15.000,15.595,127.9,15.000,14.881,132.4
27.0372,10655,55663,15.000,15.448,143.6,15.000,15.621,127.4,15.000,15.091,131.2
27.0372,10656,55668,15.000,15.639,141.9,15.000,15.454,128.5,15.000,14.925,132.8
27.0372,10657,55673,15.000,15.612,142.5,15.000,15.607,127.1,15.000,15.076,131.4
27.0372,10658,55678,15.000,15.428,143.6,15.000,15.606,127.4,15.000,15.075,131.8
27.0990,10659,55683,15.000,15.612,141.9,15.000,15.607,127.3,15.000,15.077,131.7
27.0990,10660,55688,15.000,15.441,143.4,15.000,15.623,127.1,15.000,15.280,130.4
27.0990,10661,55693,15.000,15.468,142.7,15.000,15.834,125.7,15.000,15.135,131.8
27.0990,10662,55698,15.000,15.421,143.0,15.000,15.963,125.3,15.000,15.267,130.6
27.0990,10663,55703,15.000,15.507,142.3,15.000,15.698,127.2,15.000,15.344,130.4
27.0990,10664,55708,15.000,15.611,141.8,15.000,15.800,125.8,15.000,15.446,129.9
27.0990,10665,55713,15.000,15.612,142.0,15.000,15.616,127.2,15.000,15.261,131.3
27.0990,10666,55718,15.000,15.585,142.1,15.000,15.767,125.7,15.000,15.412,129.8
27.1539,10667,55723,15.000,15.430,143.0,15.000,15.794,125.8,15.000,15.258,131.1
27.1539,10668,55728,15.000,15.596,141.5,15.000,15.596,127.0,15.000,15.243,130.8
27.1539,10669,55733,15.000,15.443,142.8,15.000,15.631,126.3,15.000,15.457,129.4
27.1539,10670,55738,15.000,15.599,141.3,15.000,15.602,126.5,15.000,15.241,131.2
27.1539,10671,55743,15.000,15.437,142.7,15.000,15.617,126.2,15.000,15.436,129.4
27.1549,10672,55748,15.000,15.598,141.2,15.000,15.599,126.3,15.000,15.236,131.1
27.1549,10673,55753,15.000,15.613,141.4,15.000,15.611,126.1,15.000,15.431,129.4
27.1549,10674,55758,15.000,15.437,142.6,15.000,15.615,126.1,15.000,15.256,130.9
27.2040,10675,55763,15.000,15.408,142.3,15.000,15.583,126.2,15.000,15.403,129.5
27.2040,10676,55768,15.000,15.274,143.0,15.000,15.637,125.7,15.000,15.275,130.6
27.2040,10677,55773,15.000,15.290,142.6,15.000,15.473,126.8,15.000,15.475,129.0
27.2040,10678,55778,15.000,14.920,145.0,15.000,15.645,125.3,15.000,15.465,129.5
27.2040,10679,55783,15.000,14.913,144.1,15.000,15.632,125.7,15.000,15.453,129.5
27.2040,10680,55788,15.000,14.709,145.5,15.000,15.431,126.9,15.000,15.433,129.5
27.2040,10681,55793,15.000,14.897,143.8,15.000,15.441,126.3,15.000,15.444,129.4
27.2040,10682,55798,15.000,14.711,145.5,15.000,15.252,127.5,15.000,15.436,129.4
27.2040,10683,55803,15.000,14.537,146.2,15.000,15.444,125.8,15.000,15.077,131.7
27.2040,10684,55808,15.000,14.353,147.0,15.000,15.260,127.4,15.000,15.073,130.8
27.2040,10685,55813,15.000,14.376,146.5,15.000,15.470,125.5,15.000,14.919,131.8
27.2040,10686,55818,15.000,14.166,148.0,15.000,15.253,127.4,15.000,14.705,132.8
27.2040,10687,55823,15.000,14.136,147.8,15.000,15.404,125.9,15.000,14.670,132.6
27.2040,10688,55828,15.000,14.348,146.4,15.000,15.255,127.1,15.000,14.521,133.5
27.2040,10689,55833,15.000,14.325,147.2,15.000,15.232,126.9,15.000,14.317,134.5
27.2040,10690,55838,15.000,14.149,148.3,15.000,15.599,124.4,15.000,14.323,134.1
27.2640,10691,55843,15.000,13.997,149.0,15.000,15.443,126.3,15.000,14.166,135.2
27.2640,10692,55848,15.000,13.990,148.8,15.000,15.613,124.7,15.000,14.156,135.0
27.2640,10693,55853,15.000,13.977,149.0,15.000,15.422,126.3,15.000,14.335,133.9
27.2640,10694,55858,15.000,14.162,147.9,15.000,15.606,124.6,15.000,14.337,134.4
27.2640,10695,55863,15.000,14.168,148.4,15.000,15.243,127.3,15.000,14.345,134.4
27.2640,10696,55868,15.000,14.535,146.1,15.000,15.432,125.2,15.000,14.532,133.3
27.2640,10697,55873,15.000,14.565,146.8,15.000,15.282,126.6,15.000,14.385,134.8
27.2640,10698,55878,15.000,14.516,147.3,15.000,15.409,125.4,15.000,14.695,132.5
27.3313,10699,55883,15.000,14.705,146.0,15.000,15.239,126.7,15.000,14.702,133.2
27.3313,10700,55888,15.000,14.908,145.1,15.000,15.264,126.1,15.000,14.725,133.1
27.3313,10701,55893,15.000,14.864,145.9,15.000,15.223,126.4,15.000,14.684,133.4
27.3313,10702,55898,15.000,15.089,144.4,15.000,15.271,126.0,15.000,14.728,133.1
27.3313,10703,55903,15.000,15.062,145.1,15.000,15.240,126.3,15.000,14.695,133.5
27.3313,10704,55908,15.000,15.069,144.9,15.000,15.245,126.2,15.000,14.883,132.2
27.3313,10705,55913,15.000,15.220,144.0,15.000,15.402,125.1,15.000,14.854,132.8
27.3313,10706,55918,15.000,15.069,145.3,15.000,15.435,125.2,15.000,14.883,132.6
27.3313,10707,55923,15.000,15.050,145.0,15.000,15.411,125.4,15.000,14.858,132.8
27.3313,10708,55928,15.000,15.267,143.6,15.000,15.271,126.2,15.000,14.718,133.7
27.3313,10709,55933,15.000,15.086,145.3,15.000,15.093,127.0,15.000,14.898,132.2
27.3313,10710,55938,15.000,15.269,143.6,15.000,14.908,127.8,15.000,14.899,132.7
27.3313,10711,55943,15.000,15.259,144.1,15.000,14.897,127.4,15.000,14.887,132.8
27.3313,10712,55948,15.000,15.081,145.2,15.000,14.719,128.6,15.000,14.895,132.7
27.3313,10713,55953,15.000,15.255,143.6,15.000,14.714,128.2,15.000,14.890,132.8
27.3313,10714,55958,15.000,15.097,145.0,15.000,14.559,129.2,15.000,14.918,132.6
27.3908,10715,55963,15.000,15.073,144.8,15.000,14.534,129.1,15.000,14.893,132.8
27.3918,10716,55968,15.000,15.070,144.8,15.000,14.350,130.3,15.000,14.893,132.8
27.3918,10717,55973,15.000,15.231,143.7,15.000,14.516,128.8,15.000,15.058,131.7
27.3918,10718,55978,15.000,15.049,145.2,15.000,14.514,129.3,15.000,15.057,132.1
27.3918,10719,55983,15.000,15.088,144.5,15.000,14.548,129.1,15.000,14.918,133.0
27.3918,10720,55988,15.000,15.074,144.7,15.000,14.714,128.2,15.000,14.901,132.8
27.3918,10721,55993,15.000,15.072,144.7,15.000,14.535,129.8,15.000,15.077,131.6
27.3918,10722,55998,15.000,15.226,143.7,15.000,14.507,129.6,15.000,15.052,132.2
27.4536,10723,56003,15.000,14.891,146.2,15.000,14.707,128.3,15.000,15.252,130.8
27.4536,10724,56008,15.000,15.065,144.3,15.000,14.704,128.8,15.000,15.065,132.5
27.4536,10725,56013,15.000,14.919,145.6,15.000,14.922,127.4,15.000,15.100,131.8
27.4536,10726,56018,15.000,15.086,144.2,15.000,14.905,128.0,15.000,15.264,130.8
27.4536,10727,56023,15.000,14.931,145.6,15.000,14.750,129.0,15.000,15.112,132.2
27.4536,10728,56028,15.000,15.080,144.3,15.000,14.719,128.9,15.000,15.255,130.9
27.4536,10729,56033,15.000,15.262,143.4,15.000,15.085,126.5,15.000,15.255,131.2
27.4536,10730,56038,15.000,15.061,145.2,15.000,14.886,128.6,15.000,15.238,131.2
27.4536,10731,56043,15.000,15.260,143.4,15.000,15.259,125.7,15.000,15.256,131.1
27.4536,10732,56048,15.000,15.273,143.7,15.000,15.089,127.7,15.000,15.266,131.0
27.4536,10733,56053,15.000,15.460,142.5,15.000,15.103,127.2,15.000,15.099,132.1
27.4536,10734,56058,15.000,15.601,142.0,15.000,15.238,126.3,15.000,15.232,130.8
27.4536,10735,56063,15.000,15.772,141.1,15.000,14.863,129.1,15.000,15.222,131.2
27.4536,10736,56068,15.000,15.593,142.6,15.000,15.049,127.0,15.000,15.226,131.1
27.4536,10737,56073,15.000,15.764,141.0,15.000,15.038,127.5,15.000,15.215,131.1
27.4536,10738,56078,15.000,15.612,142.3,15.000,15.247,126.1,15.000,15.248,130.9
27.5158,10739,56083,15.000,15.603,142.0,15.000,15.054,127.8,15.000,15.236,131.0
27.5158,10740,56088,15.000,15.618,141.8,15.000,15.252,126.1,15.000,15.431,129.7
27.5158,10741,56093,15.000,15.441,142.9,15.000,14.716,130.0,15.000,15.260,131.2
27.5158,10742,56098,15.000,15.070,144.8,15.000,14.893,127.6,15.000,15.255,130.8
27.5158,10743,56103,15.000,15.068,143.9,15.000,14.889,128.1,15.000,15.434,129.6
27.5158,10744,56108,15.000,14.903,145.0,15.000,14.725,129.1,15.000,15.270,131.1
27.5158,10745,56113,15.000,14.901,144.6,15.000,14.723,128.8,15.000,15.449,129.5
27.5158,10746,56118,15.000,14.714,145.9,15.000,14.535,130.0,15.000,15.259,131.1
27.5798,10747,56123,15.000,14.722,145.4,15.000,14.721,128.4,15.000,15.446,129.4
27.5798,10748,56128,15.000,14.741,145.3,15.000,14.741,128.8,15.000,15.282,130.8
27.5798,10749,56133,15.000,14.708,145.6,15.000,14.718,129.0,15.000,15.439,129.4
27.5798,10750,56138,15.000,14.880,144.4,15.000,14.706,129.1,15.000,15.250,130.9
27.5798,10751,56143,15.000,15.058,143.7,15.000,15.247,125.5,15.000,15.425,129.3
27.5798,10752,56148,15.000,15.224,143.0,15.000,15.227,126.9,15.000,15.405,129.8
27.5798,10753,56153,15.000,15.441,142.0,15.000,15.264,126.6,15.000,15.441,129.5
27.5798,10754,56158,15.000,15.439,142.5,15.000,14.902,129.0,15.000,15.434,129.6
27.5806,10755,56163,15.000,15.271,143.5,15.000,15.279,125.7,15.000,15.270,130.6
27.5806,10756,56168,15.000,15.605,140.9,15.000,15.432,125.6,15.000,15.425,129.1
27.5806,10757,56173,15.000,15.458,142.6,15.000,15.104,128.1,15.000,15.282,130.4
27.5806,10758,56178,15.000,15.578,141.4,15.000,14.862,128.8,15.000,15.401,129.2
27.5806,10759,56183,15.000,15.449,142.5,15.000,14.910,128.0,15.000,15.269,130.4
27.5806,10760,56188,15.000,15.432,142.2,15.000,14.894,128.2,15.000,15.433,128.9
27.5806,10761,56193,15.000,15.447,142.0,15.000,14.908,128.1,15.000,15.266,130.4
27.5806,10762,56198,15.000,15.609,141.0,15.000,14.895,128.2,15.000,15.430,128.9
27.6430,10763,56203,15.000,15.412,142.6,15.000,14.878,128.3,15.000,15.228,130.5
27.6430,10764,56208,15.000,15.631,140.6,15.000,15.274,125.7,15.000,15.453,128.5
27.6430,10765,56213,15.000,15.592,141.3,15.000,15.231,126.9,15.000,15.410,129.3
27.6430,10766,56218,15.000,15.620,141.0,15.000,15.259,126.6,15.000,15.438,129.0
27.6430,10767,56223,15.000,15.581,141.2,15.000,15.578,124.5,15.000,15.392,129.3
27.6430,10768,56228,15.000,15.629,140.8,15.000,15.625,124.9,15.000,15.445,128.8
27.6430,10769,56233,15.000,15.598,141.0,15.000,15.777,124.0,15.000,15.416,129.1
27.6430,10770,56238,15.000,15.625,140.7,15.000,15.623,125.3,15.000,15.261,130.0
27.6430,10771,56243,15.000,15.420,142.0,15.000,15.593,125.0,15.000,15.413,128.6
27.6430,10772,56248,15.000,15.450,141.3,15.000,15.622,124.7,15.000,15.264,129.8
27.6430,10773,56253,15.000,15.444,141.3,15.000,15.621,124.7,15.000,15.264,129.5
27.6430,10774,56258,15.000,15.219,142.7,15.000,15.577,124.9,15.000,15.214,129.8
27.6430,10775,56263,15.000,15.437,140.8,15.000,15.617,124.5,15.000,15.250,129.4
27.6430,10776,56268,15.000,15.257,142.4,15.000,15.437,125.7,15.000,15.070,130.6
27.6430,10777,56273,15.000,15.462,140.6,15.000,15.468,125.0,15.000,15.098,130.0
27.6430,10778,56278,15.000,15.268,142.3,15.000,15.453,125.1,15.000,14.900,131.3
27.7006,10779,56283,15.000,15.437,140.7,15.000,15.432,125.1,15.000,14.699,132.2
27.7006,10780,56288,15.000,15.082,143.4,15.000,15.445,125.0,15.000,14.713,131.6
27.7006,10781,56293,15.000,15.244,141.5,15.000,15.433,125.0,15.000,14.524,132.9
27.7006,10782,56298,15.000,15.069,143.0,15.000,15.255,126.1,15.000,14.345,133.7
27.7006,10783,56303,15.000,15.064,142.6,15.000,15.247,125.7,15.000,14.338,133.4
27.7006,10784,56308,15.000,15.247,141.4,15.000,15.252,125.6,15.000,14.166,134.6
27.7006,10785,56313,15.000,15.074,142.9,15.000,14.895,127.9,15.000,13.989,135.4
27.7006,10786,56318,15.000,15.064,142.5,15.000,14.883,127.2,15.000,13.980,135.2
27.7617,10787,56323,15.000,14.894,143.6,15.000,14.709,128.3,15.000,13.988,135.2
27.7617,10788,56328,15.000,14.880,143.3,15.000,14.699,128.0,15.000,13.978,135.4
27.7617,10789,56333,15.000,14.723,144.3,15.000,14.549,128.9,15.000,14.005,135.3
27.7617,10790,56338,15.000,15.062,141.8,15.000,14.521,128.8,15.000,14.154,134.5
27.7617,10791,56343,15.000,14.903,143.6,15.000,14.356,129.9,15.000,14.169,134.9
27.7617,10792,56348,15.000,14.909,143.2,15.000,14.367,129.5,15.000,14.180,135.0
27.7617,10793,56353,15.000,15.055,142.3,15.000,13.969,132.2,15.000,14.323,134.1
27.7617,10794,56358,15.000,14.925,143.5,15.000,14.019,131.0,15.000,14.373,134.2
27.7617,10795,56363,15.000,14.897,143.3,15.000,13.992,131.4,15.000,14.528,133.4
27.7617,10796,56368,15.000,15.085,142.1,15.000,14.002,131.4,15.000,14.536,133.8
27.7617,10797,56373,15.000,15.051,142.7,15.000,13.973,131.7,15.000,14.506,134.1
27.7617,10798,56378,15.000,15.089,142.4,15.000,14.008,131.6,15.000,14.541,133.8
27.7617,10799,56383,15.000,14.879,143.8,15.000,13.976,132.0,15.000,14.871,131.8
27.7617,10800,56388,15.000,14.721,144.4,15.000,13.998,131.9,15.000,14.717,133.6
27.7617,10801,56393,15.000,14.715,144.1,15.000,13.996,132.0,15.000,14.713,133.3
27.7617,10802,56398,15.000,14.526,145.3,15.000,13.804,133.4,15.000,14.887,132.2
27.8193,10803,56403,15.000,14.161,147.3,15.000,14.151,130.8,15.000,14.876,132.7
27.8193,10804,56408,15.000,13.964,147.8,15.000,14.139,131.8,15.000,14.864,132.8
27.8193,10805,56413,15.000,13.810,148.4,15.000,14.536,129.3,15.000,14.898,132.5
27.8193,10806,56418,15.000,13.612,149.5,15.000,14.515,130.5,15.000,15.054,131.6
27.8193,10807,56423,15.000,13.632,149.1,15.000,14.169,132.7,15.000,15.076,131.8
27.8193,10808,56428,15.000,13.602,149.5,15.000,14.139,132.2,15.000,15.047,132.1
27.8193,10809,56433,15.000,13.784,148.4,15.000,14.321,131.0,15.000,14.691,134.3
27.8193,10810,56438,15.000,13.795,148.9,15.000,14.332,131.5,15.000,14.700,133.4
27.8741,10811,56443,15.000,13.810,148.9,15.000,14.525,130.3,15.000,14.712,133.4
27.8741,10812,56448,15.000,13.991,147.9,15.000,14.891,128.4,15.000,14.529,134.7
27.8741,10813,56453,15.000,14.191,147.2,15.000,14.921,129.1,15.000,14.378,135.3
27.8741,10814,56458,15.000,14.518,145.6,15.000,14.881,129.5,15.000,14.517,134.1
27.8741,10815,56463,15.000,14.677,145.4,15.000,14.673,130.8,15.000,14.493,134.6
27.8741,10816,56468,15.000,14.716,145.6,15.000,14.896,128.8,15.000,14.354,135.5
27.8741,10817,56473,15.000,14.890,144.6,15.000,14.524,131.8,15.000,14.344,135.3
27.8741,10818,56478,15.000,14.710,146.2,15.000,14.525,131.0,15.000,14.346,135.4
27.9250,10819,56483,15.000,14.741,145.6,15.000,14.374,132.0,15.000,14.371,135.3
27.9250,10820,56488,15.000,14.863,144.9,15.000,14.319,132.1,15.000,14.138,136.9
27.9250,10821,56493,15.000,14.683,146.4,15.000,13.778,135.5,15.000,14.142,136.4
27.9250,10822,56498,15.000,14.679,146.0,15.000,13.774,134.4,15.000,14.321,135.4
27.9250,10823,56503,15.000,14.712,145.8,15.000,13.626,135.5,15.000,14.169,136.9
27.9250,10824,56508,15.000,14.175,149.4,15.000,13.628,135.3,15.000,13.991,137.8
27.9250,10825,56513,15.000,14.190,148.1,15.000,13.459,136.6,15.000,14.005,137.4
27.9250,10826,56518,15.000,14.158,148.5,15.000,13.245,137.7,15.000,13.974,137.7
27.9250,10827,56523,15.000,14.185,148.3,15.000,14.180,131.3,15.000,13.996,137.6
27.9250,10828,56528,15.000,14.521,146.3,15.000,14.159,133.8,15.000,14.150,136.8
27.9250,10829,56533,15.000,14.161,149.5,15.000,13.987,135.0,15.000,14.349,136.0
27.9250,10830,56538,15.000,14.166,148.7,15.000,13.813,135.8,15.000,14.529,135.3
27.9250,10831,56543,15.000,14.539,146.4,15.000,14.186,133.1,15.000,14.540,135.7
27.9250,10832,56548,15.000,14.547,147.3,15.000,14.192,134.0,15.000,14.729,134.6
27.9250,10833,56553,15.000,14.677,146.5,15.000,14.321,133.3,15.000,14.864,134.2
27.9250,10834,56558,15.000,15.260,143.0,15.000,14.546,132.2,15.000,15.088,133.1
27.9809,10835,56563,15.000,15.416,143.4,15.000,14.880,130.6,15.000,15.062,133.8
27.9809,10836,56568,25.000,15.435,184.7,25.000,14.896,172.5,25.000,15.258,173.6
27.9809,10837,56573,25.000,15.401,186.1,25.000,14.874,173.9,25.000,15.239,175.3
27.9809,10838,56578,25.000,15.437,186.9,25.000,15.086,173.6,25.000,15.275,176.1
27.9809,10839,56583,25.000,15.958,184.7,25.000,15.421,173.0,25.000,15.423,176.4
27.9809,10840,56588,25.000,16.188,185.5,25.000,15.642,173.5,25.000,15.649,176.4
27.9809,10841,56593,25.000,15.976,188.4,25.000,15.612,175.3,25.000,15.796,177.0
27.9809,10842,56598,25.000,16.332,186.6,25.000,15.420,177.6,25.000,15.966,177.3
28.0324,10843,56603,25.000,16.565,187.0,25.000,15.466,177.9,25.000,16.194,177.3
28.0324,10844,56608,25.000,16.701,187.6,25.000,15.423,179.4,25.000,16.333,177.9
28.0324,10845,56613,25.000,16.700,188.9,25.000,15.429,180.4,25.000,16.516,178.1
28.0324,10846,56618,25.000,16.904,188.5,25.000,15.636,180.1,25.000,16.728,178.1
28.0324,10847,56623,25.000,16.910,189.9,25.000,15.633,181.7,25.000,17.088,177.2
28.0324,10848,56628,25.000,16.723,192.1,25.000,15.809,181.6,25.000,17.264,177.9
28.0324,10849,56633,25.000,16.874,191.6,25.000,15.957,182.2,25.000,17.591,177.0
28.0324,10850,56638,25.000,16.699,194.0,25.000,15.968,183.5,25.000,17.786,177.4
28.0922,10851,56643,25.000,17.083,192.1,25.000,15.984,184.4,25.000,17.988,177.4
28.0922,10852,56648,25.000,17.051,194.1,25.000,16.143,184.5,25.000,18.140,177.7
28.0922,10853,56653,25.000,17.070,194.8,25.000,15.978,187.0,25.000,18.344,177.5
28.0922,10854,56658,25.000,17.060,195.8,25.000,15.791,188.8,25.000,18.332,178.8
28.0922,10855,56663,25.000,17.262,195.4,25.000,15.445,191.7,25.000,18.713,177.1
28.0922,10856,56668,25.000,17.449,195.6,25.000,15.632,190.7,25.000,18.715,178.7
28.0922,10857,56673,25.000,17.589,196.0,25.000,16.125,189.0,25.000,18.850,178.6
28.0922,10858,56678,25.000,18.152,193.5,25.000,16.328,189.9,25.000,18.869,179.5
28.0922,10859,56683,25.000,18.164,195.6,25.000,16.517,190.2,25.000,18.878,180.2
28.0922,10860,56688,25.000,18.558,193.8,25.000,17.097,187.8,25.000,18.906,180.7
28.0922,10861,56693,25.000,18.701,194.6,25.000,17.608,186.8,25.000,19.053,180.5
28.0922,10862,56698,25.000,18.916,194.2,25.000,18.361,184.0,25.000,19.088,181.3
28.0922,10863,56703,25.000,18.893,195.6,25.000,19.078,181.9,25.000,19.064,182.3
28.0922,10864,56708,25.000,18.707,197.4,25.000,19.602,180.9,25.000,19.230,181.8
28.0922,10865,56713,25.000,18.715,197.7,25.000,20.521,176.8,25.000,19.241,182.8
28.0922,10866,56718,25.000,18.681,198.6,25.000,20.851,177.3,25.000,19.208,183.7
28.1562,10867,56723,25.000,18.746,198.9,25.000,20.743,179.3,25.000,19.278,183.8
28.1562,10868,56728,25.000,18.532,201.1,25.000,20.889,178.6,25.000,19.426,183.7
28.1562,10869,56733,25.000,18.721,200.1,25.000,21.084,178.1,25.000,19.442,184.6
28.1562,10870,56738,25.000,18.514,202.7,25.000,21.059,179.2,25.000,19.602,184.2
28.1562,10871,56743,25.000,18.541,202.7,25.000,21.265,178.3,25.000,19.630,185.0
28.1562,10872,56748,25.000,18.537,203.6,25.000,21.260,179.2,25.000,19.621,185.8
28.1562,10873,56753,25.000,18.678,203.4,25.000,21.213,179.9,25.000,19.763,185.5
28.1562,10874,56758,25.000,19.093,201.7,25.000,21.274,179.9,25.000,19.645,187.2
28.2213,10875,56763,25.000,19.236,202.5,25.000,21.225,180.8,25.000,19.778,186.6
28.2213,10876,56768,25.000,19.465,202.0,25.000,21.280,180.7,25.000,19.823,187.3
28.2213,10877,56773,25.000,19.585,202.4,25.000,21.576,179.4,25.000,19.937,187.2
28.2213,10878,56778,25.000,19.799,201.9,25.000,21.430,181.4,25.000,19.973,187.8
28.2213,10879,56783,25.000,19.464,205.2,25.000,21.465,181.2,25.000,20.007,188.3
28.2213,10880,56788,25.000,19.427,205.3,25.000,21.602,180.8,25.000,19.961,189.2
28.2213,10881,56793,25.000,19.617,204.6,25.000,21.612,181.5,25.000,19.970,189.6
28.2213,10882,56798,25.000,19.588,205.9,25.000,21.576,182.1,25.000,20.119,189.3
28.2213,10883,56803,25.000,19.453,207.3,25.000,21.443,183.3,25.000,20.165,189.9
28.2213,10884,56808,25.000,19.233,209.0,25.000,21.587,182.5,25.000,20.489,188.4
28.2213,10885,56813,25.000,19.247,209.1,25.000,21.608,183.1,25.000,20.332,190.8
28.2213,10886,56818,25.000,18.872,212.2,25.000,21.416,184.8,25.000,20.695,188.6
28.2230,10887,56823,25.000,18.721,213.0,25.000,21.271,185.7,25.000,20.551,190.9
28.2230,10888,56828,25.000,18.698,213.5,25.000,21.246,185.9,25.000,20.703,190.0
28.2230,10889,56833,25.000,19.047,211.9,25.000,21.045,187.6,25.000,20.685,191.0
28.2230,10890,56838,25.000,19.415,211.0,25.000,21.052,187.5,25.000,20.875,190.2
28.2786,10891,56843,25.000,19.213,213.9,25.000,21.022,188.2,25.000,21.026,190.2
28.2786,10892,56848,25.000,18.898,216.1,25.000,20.905,189.3,25.000,20.908,191.8
28.2786,10893,56853,25.000,18.696,217.4,25.000,21.254,187.2,25.000,21.075,190.9
28.2786,10894,56858,25.000,19.058,215.3,25.000,21.427,187.4,25.000,21.070,191.8
28.2786,10895,56863,25.000,19.230,215.7,25.000,21.779,185.9,25.000,21.241,191.1
28.2786,10896,56868,25.000,19.046,218.0,25.000,21.783,187.1,25.000,21.064,193.1
28.2786,10897,56873,25.000,19.040,218.2,25.000,21.776,187.5,25.000,21.236,192.0
28.2786,10898,56878,25.000,19.020,219.1,25.000,21.930,186.9,25.000,21.033,194.2
28.2786,10899,56883,25.000,19.211,218.4,25.000,22.122,186.3,25.000,21.040,194.1
28.2786,10900,56888,25.000,19.210,219.6,25.000,22.122,187.1,25.000,20.858,195.7
28.2786,10901,56893,25.000,19.254,220.0,25.000,22.181,187.1,25.000,20.549,197.8
28.2786,10902,56898,25.000,19.774,217.3,25.000,22.146,187.8,25.000,20.518,197.8
28.2786,10903,56903,25.000,19.947,218.0,25.000,21.946,189.3,25.000,20.498,198.3
28.2786,10904,56908,25.000,19.413,222.5,25.000,21.597,191.5,25.000,20.330,199.9
28.2786,10905,56913,25.000,19.443,221.7,25.000,20.902,195.5,25.000,20.175,201.0
28.2786,10906,56918,25.000,20.154,217.8,25.000,20.874,194.5,25.000,20.329,200.2
28.3441,10907,56923,25.000,20.486,217.9,25.000,20.658,196.3,25.000,20.292,201.4
28.3441,10908,56928,25.000,20.548,218.8,25.000,20.551,197.0,25.000,20.363,201.4
28.3441,10909,56933,25.000,20.515,219.7,25.000,20.516,197.5,25.000,20.513,201.1
28.3441,10910,56938,25.000,20.556,219.8,25.000,20.560,197.7,25.000,20.733,200.5
28.3441,10911,56943,25.000,20.668,219.7,25.000,20.486,198.8,25.000,21.029,199.6
28.3441,10912,56948,25.000,20.692,220.3,25.000,20.691,197.8,25.000,21.049,200.7
28.3441,10913,56953,25.000,21.039,218.6,25.000,20.678,198.8,25.000,21.038,201.2
28.3441,10914,56958,25.000,21.631,216.0,25.000,20.726,199.0,25.000,21.270,200.1
28.4057,10915,56963,25.000,21.820,216.6,25.000,21.273,196.0,25.000,21.454,199.9
28.4057,10916,56968,25.000,21.634,218.7,25.000,21.269,197.8,25.000,21.449,200.8
28.4057,10917,56973,25.000,21.674,218.3,25.000,21.497,196.7,25.000,21.499,200.9
28.4057,10918,56978,25.000,21.793,218.0,25.000,21.610,196.9,25.000,21.612,200.7
28.4057,10919,56983,25.000,21.979,217.5,25.000,21.618,197.6,25.000,21.619,201.3
28.4057,10920,56988,25.000,21.805,219.4,25.000,21.625,197.9,25.000,21.444,202.8
28.4057,10921,56993,25.000,21.656,220.3,25.000,21.653,198.1,25.000,21.650,201.5
28.4057,10922,56998,25.000,21.638,220.5,25.000,21.638,198.7,25.000,21.638,202.4
28.4057,10923,57003,25.000,21.794,219.8,25.000,21.785,198.1,25.000,21.783,201.8
28.4057,10924,57008,25.000,21.588,221.9,25.000,21.952,197.7,25.000,21.763,202.7
28.4057,10925,57013,25.000,21.215,224.2,25.000,21.768,199.7,25.000,21.582,204.2
28.4057,10926,57018,25.000,21.567,221.5,25.000,21.936,198.5,25.000,21.566,204.3
28.4057,10927,57023,25.000,21.549,222.8,25.000,22.094,198.2,25.000,21.724,203.6
28.4057,10928,57028,25.000,21.590,222.9,25.000,22.134,198.7,25.000,21.763,204.1
28.4057,10929,57033,25.000,21.604,223.3,25.000,22.150,199.0,25.000,21.780,204.4
28.4057,10930,57038,25.000,21.576,223.9,25.000,22.302,198.4,25.000,21.935,203.8
28.4723,10931,57043,25.000,21.786,222.9,25.000,22.328,198.9,25.000,21.781,205.6
28.4723,10932,57048,25.000,21.924,222.8,25.000,21.927,201.9,25.000,21.919,204.7
28.4723,10933,57053,25.000,21.990,223.1,25.000,21.642,203.1,25.000,21.819,206.0
28.4723,10934,57058,25.000,22.172,222.4,25.000,21.452,204.1,25.000,21.814,206.2
28.4723,10935,57063,25.000,22.694,219.8,25.000,21.250,205.3,25.000,22.150,204.3
28.4723,10936,57068,25.000,22.537,222.3,25.000,21.090,206.3,25.000,22.175,205.3
28.4723,10937,57073,25.000,22.747,220.9,25.000,20.942,207.3,25.000,22.027,206.7
28.4723,10938,57078,25.000,22.703,221.9,25.000,21.078,206.6,25.000,21.986,206.9
28.5300,10939,57083,25.000,22.527,223.2,25.000,21.257,206.2,25.000,22.164,206.0
28.5300,10940,57088,25.000,22.510,223.2,25.000,21.058,208.3,25.000,22.144,206.9
28.5300,10941,57093,25.000,22.305,224.8,25.000,20.860,209.6,25.000,22.310,206.1
28.5300,10942,57098,25.000,22.011,226.5,25.000,21.468,205.6,25.000,22.377,206.4
28.5300,10943,57103,25.000,21.764,227.7,25.000,21.585,206.7,25.000,22.310,207.3
28.5300,10944,57108,25.000,21.629,228.4,25.000,22.005,204.7,25.000,22.174,208.3
28.5300,10945,57113,25.000,21.083,232.0,25.000,22.358,203.7,25.000,21.809,210.7
28.5300,10946,57118,25.000,20.695,233.7,25.000,22.703,202.6,25.000,21.786,210.3
28.5300,10947,57123,25.000,20.485,234.6,25.000,22.849,202.8,25.000,21.571,212.0
28.5300,10948,57128,25.000,20.507,234.5,25.000,22.694,204.4,25.000,21.596,211.7
28.5300,10949,57133,25.000,20.550,234.8,25.000,22.747,203.9,25.000,21.465,213.0
28.5300,10950,57138,25.000,20.728,234.2,25.000,22.561,205.5,25.000,21.462,213.2
28.5300,10951,57143,25.000,21.057,233.0,25.000,22.888,203.2,25.000,21.247,215.0
28.5300,10952,57148,25.000,21.215,233.2,25.000,22.861,204.4,25.000,21.223,215.0
28.5300,10953,57153,25.000,20.932,235.9,25.000,22.944,204.1,25.000,21.491,213.7
28.5300,10954,57158,25.000,21.194,234.0,25.000,22.480,207.5,25.000,21.577,214.1
28.5924,10955,57163,25.000,21.575,232.5,25.000,22.497,206.6,25.000,21.955,212.3
28.5924,10956,57168,25.000,21.951,231.4,25.000,22.510,206.8,25.000,21.968,213.5
28.5924,10957,57173,25.000,21.932,232.8,25.000,22.498,207.2,25.000,22.316,211.6
28.5924,10958,57178,25.000,21.960,232.9,25.000,22.522,207.3,25.000,22.337,212.6
28.5924,10959,57183,25.000,21.964,233.3,25.000,22.527,207.7,25.000,22.529,211.7
28.5924,10960,57188,25.000,21.973,233.6,25.000,22.898,205.5,25.000,22.537,212.4
28.5924,10961,57193,25.000,21.806,235.1,25.000,22.912,206.6,25.000,22.730,211.4
28.5924,10962,57198,25.000,21.834,234.8,25.000,23.126,205.5,25.000,22.938,210.8
28.6532,10963,57203,25.000,22.149,233.2,25.000,23.247,205.4,25.000,22.697,213.1
28.6532,10964,57208,25.000,22.195,234.0,25.000,23.650,203.3,25.000,22.741,212.5
28.6532,10965,57213,25.000,21.973,235.9,25.000,23.613,204.6,25.000,22.524,214.3
28.6532,10966,57218,25.000,21.594,238.2,25.000,23.594,204.8,25.000,22.506,214.2
28.6532,10967,57223,25.000,21.452,238.6,25.000,23.814,203.5,25.000,22.363,215.3
28.6532,10968,57228,25.000,21.267,239.9,25.000,23.996,203.0,25.000,22.364,215.3
28.6532,10969,57233,25.000,21.421,238.8,25.000,23.782,204.9,25.000,22.148,217.0
28.6532,10970,57238,25.000,21.402,239.7,25.000,23.938,203.5,25.000,22.305,215.8
28.6532,10971,57243,25.000,21.271,241.0,25.000,23.994,203.7,25.000,22.177,217.3
28.6532,10972,57248,25.000,21.373,240.4,25.000,23.726,205.7,25.000,22.097,217.8
28.6532,10973,57253,25.000,21.591,239.6,25.000,23.774,204.9,25.000,22.138,217.7
28.6532,10974,57258,25.000,21.566,240.7,25.000,23.741,205.3,25.000,22.287,217.2
28.6532,10975,57263,25.000,21.645,240.5,25.000,23.831,204.8,25.000,22.371,217.3
28.6532,10976,57268,25.000,22.333,236.6,25.000,23.617,206.5,25.000,22.515,216.9
28.6532,10977,57273,25.000,22.708,236.2,25.000,23.445,207.3,25.000,22.708,216.2
28.6532,10978,57278,25.000,23.039,235.2,25.000,23.413,207.3,25.000,22.677,217.2
28.7025,10979,57283,25.000,22.845,237.4,25.000,23.213,208.7,25.000,22.842,216.3
28.7025,10980,57288,25.000,22.880,237.0,25.000,23.077,209.3,25.000,22.704,217.8
28.7025,10981,57293,25.000,23.059,236.2,25.000,23.076,209.2,25.000,22.886,216.6
28.7025,10982,57298,25.000,23.279,235.4,25.000,23.108,209.2,25.000,22.918,217.0
28.7025,10983,57303,25.000,23.051,237.6,25.000,23.062,209.8,25.000,22.876,217.6
28.7025,10984,57308,25.000,22.728,239.4,25.000,23.110,209.6,25.000,22.924,217.5
28.7025,10985,57313,25.000,22.676,239.2,25.000,23.048,210.4,25.000,23.043,217.0
28.7025,10986,57318,25.000,22.363,241.4,25.000,23.455,207.8,25.000,23.095,217.2
28.7642,10987,57323,25.000,22.298,241.4,25.000,23.390,209.4,25.000,23.028,218.0
28.7642,10988,57328,25.000,22.001,243.4,25.000,23.277,210.1,25.000,23.283,216.4
28.7642,10989,57333,25.000,22.138,242.2,25.000,23.605,207.9,25.000,23.245,217.5
28.7642,10990,57338,25.000,21.953,244.0,25.000,23.780,207.7,25.000,23.421,216.4
28.7642,10991,57343,25.000,21.858,244.6,25.000,24.027,206.7,25.000,23.316,217.7
28.7642,10992,57348,25.000,21.208,248.9,25.000,24.320,205.5,25.000,23.234,218.2
28.7642,10993,57353,25.000,21.385,246.7,25.000,24.126,207.5,25.000,23.579,215.9
28.7642,10994,57358,25.000,20.831,251.1,25.000,24.123,207.2,25.000,23.391,218.2
28.7642,10995,57363,25.000,21.050,248.8,25.000,23.973,208.2,25.000,23.430,217.6
28.7642,10996,57368,25.000,21.208,248.8,25.000,23.230,212.8,25.000,23.408,218.1
28.7642,10997,57373,25.000,20.883,251.7,25.000,23.268,211.0,25.000,23.626,216.8
28.7642,10998,57378,25.000,21.003,250.6,25.000,23.384,210.5,25.000,23.556,217.9
28.7642,10999,57383,25.000,21.048,251.1,25.000,23.787,208.4,25.000,23.597,217.6
28.7642,11000,57388,25.000,21.223,250.5,25.000,23.783,209.5,25.000,23.589,217.9
28.7642,11001,57393,25.000,21.145,251.9,25.000,23.546,211.2,25.000,23.705,217.3
28.7642,11002,57398,25.000,21.447,250.2,25.000,23.456,211.4,25.000,23.809,217.1
28.8264,11003,57403,25.000,21.252,252.6,25.000,23.796,209.1,25.000,23.790,217.6
28.8264,11004,57408,25.000,21.807,248.9,25.000,23.801,210.0,25.000,23.980,216.4
28.8264,11005,57413,25.000,21.234,254.3,25.000,24.147,207.9,25.000,23.961,217.1
28.8264,11006,57418,25.000,21.249,253.3,25.000,24.519,206.4,25.000,23.969,217.2
28.8264,11007,57423,25.000,21.459,252.4,25.000,24.734,206.0,25.000,23.823,218.3
28.8264,11008,57428,25.000,21.604,252.4,25.000,24.519,207.9,25.000,23.964,217.1
28.8264,11009,57433,25.000,21.061,255.0,25.000,23.976,211.0,25.000,23.968,217.6
28.8264,11010,57438,25.000,21.434,253.4,25.000,23.802,211.0,25.000,23.978,217.6
28.8874,11011,57443,25.000,21.617,253.5,25.000,23.613,211.9,25.000,23.971,217.8
28.8874,11012,57448,25.000,21.607,254.4,25.000,23.605,211.7,25.000,24.144,216.8
28.8874,11013,57453,25.000,21.836,253.2,25.000,23.487,212.6,25.000,24.026,218.1
28.8874,11014,57458,25.000,21.985,253.2,25.000,23.087,215.1,25.000,23.987,218.1
28.8874,11015,57463,25.000,22.532,250.3,25.000,23.262,213.2,25.000,23.981,218.2
28.8874,11016,57468,25.000,22.339,253.2,25.000,23.254,213.9,25.000,23.794,219.5
28.8874,11017,57473,25.000,21.792,255.0,25.000,22.890,216.4,25.000,23.794,219.2
28.8874,11018,57478,25.000,21.661,255.0,25.000,23.299,213.1,25.000,23.481,221.4
28.8874,11019,57483,25.000,22.002,254.3,25.000,23.452,213.3,25.000,23.453,221.0
28.8874,11020,57488,25.000,21.795,255.0,25.000,23.431,214.0,25.000,23.252,222.4
28.8874,11021,57493,25.000,21.925,255.0,25.000,23.747,212.1,25.000,23.204,222.5
28.8874,11022,57498,25.000,22.145,255.0,25.000,23.601,213.9,25.000,22.875,224.7
28.8874,11023,57503,25.000,21.556,255.0,25.000,23.723,212.9,25.000,22.817,224.5
28.8874,11024,57508,25.000,21.954,255.0,25.000,24.120,210.8,25.000,22.855,224.4
28.8874,11025,57513,25.000,21.949,255.0,25.000,23.575,215.4,25.000,22.852,224.7
28.8874,11026,57518,25.000,22.377,255.0,25.000,23.631,213.9,25.000,23.093,223.4
28.9557,11027,57523,25.000,23.064,251.9,25.000,23.764,213.3,25.000,23.040,224.6
28.9557,11028,57528,25.000,23.258,252.5,25.000,23.599,214.8,25.000,23.244,223.3
28.9557,11029,57533,25.000,23.222,253.5,25.000,24.099,211.3,25.000,23.209,224.2
28.9557,11030,57538,25.000,23.298,253.1,25.000,23.797,214.6,25.000,23.460,222.7
28.9557,11031,57543,25.000,23.460,252.4,25.000,23.600,215.3,25.000,23.444,223.6
28.9557,11032,57548,25.000,23.419,253.2,25.000,23.377,216.5,25.000,23.584,222.8
28.9557,11033,57553,25.000,23.852,250.5,25.000,23.098,217.9,25.000,23.668,222.8
28.9557,11034,57558,25.000,23.426,254.4,25.000,23.029,217.9,25.000,23.601,223.6
29.0185,11035,57563,25.000,23.452,253.4,25.000,23.417,215.5,25.000,23.804,222.3
29.0185,11036,57568,25.000,23.065,255.0,25.000,23.586,215.5,25.000,23.607,224.2
29.0185,11037,57573,25.000,23.037,255.0,25.000,23.208,218.5,25.000,23.764,222.8
29.0185,11038,57578,25.000,22.887,255.0,25.000,23.242,217.6,25.000,23.796,223.1
29.0185,11039,57583,25.000,22.917,255.0,25.000,22.740,221.1,25.000,23.826,223.2
29.0185,11040,57588,25.000,22.461,255.0,25.000,23.014,218.4,25.000,23.727,224.0
29.0185,11041,57593,25.000,22.124,255.0,25.000,22.855,220.3,25.000,23.929,222.6
29.0185,11042,57598,25.000,22.196,255.0,25.000,23.110,218.5,25.000,24.005,222.7
29.0185,11043,57603,25.000,21.943,255.0,25.000,23.030,219.9,25.000,23.919,223.6
29.0185,11044,57608,25.000,22.164,255.0,25.000,22.895,220.8,25.000,23.963,223.2
29.0185,11045,57613,25.000,22.177,255.0,25.000,22.549,223.0,25.000,23.805,224.5
29.0185,11046,57618,25.000,22.293,255.0,25.000,22.657,221.7,25.000,24.094,222.3
29.0185,11047,57623,25.000,22.381,255.0,25.000,23.099,219.4,25.000,24.004,223.7
29.0185,11048,57628,25.000,22.512,255.0,25.000,23.219,219.9,25.000,23.943,224.0
29.0185,11049,57633,25.000,22.711,255.0,25.000,22.880,222.6,25.000,23.967,223.8
29.0185,11050,57638,25.000,23.273,255.0,25.000,22.723,223.0,25.000,24.172,222.7
29.0866,11051,57643,25.000,23.509,255.0,25.000,22.949,221.4,25.000,24.038,224.1
29.0866,11052,57648,25.000,23.573,255.0,25.000,22.482,225.2,25.000,23.925,224.7
29.0866,11053,57653,25.000,23.801,255.0,25.000,22.542,224.0,25.000,23.809,225.3
29.0866,11054,57658,25.000,23.561,255.0,25.000,22.654,223.7,25.000,23.739,225.6
29.0866,11055,57663,25.000,23.602,255.0,25.000,22.877,222.8,25.000,23.591,226.5
29.0866,11056,57668,25.000,23.797,255.0,25.000,22.352,227.0,25.000,23.245,228.6
29.0866,11057,57673,25.000,23.781,255.0,25.000,21.789,229.7,25.000,23.232,228.0
29.0866,11058,57678,25.000,23.982,255.0,25.000,21.811,228.6,25.000,23.070,229.3
29.1425,11059,57683,25.000,23.790,255.0,25.000,21.790,229.2,25.000,23.043,229.3
29.1425,11060,57688,25.000,23.657,255.0,25.000,21.658,230.3,25.000,22.922,230.2
29.1425,11061,57693,25.000,23.607,255.0,25.000,21.982,228.3,25.000,22.884,230.4
29.1425,11062,57698,25.000,23.672,255.0,25.000,22.576,225.5,25.000,22.941,230.2
29.1425,11063,57703,25.000,24.001,255.0,25.000,22.540,227.5,25.000,23.264,228.5
29.1425,11064,57708,25.000,24.391,255.0,25.000,22.576,227.4,25.000,23.300,229.2
29.1425,11065,57713,25.000,24.537,255.0,25.000,21.984,231.7,25.000,23.448,228.5
29.1425,11066,57718,25.000,24.543,255.0,25.000,22.529,227.0,25.000,23.813,226.7
29.1425,11067,57723,25.000,24.694,254.5,25.000,23.404,222.9,25.000,23.777,227.9
29.1425,11068,57728,25.000,24.509,255.0,25.000,23.592,224.0,25.000,23.963,226.8
29.1425,11069,57733,25.000,24.533,255.0,25.000,23.988,222.0,25.000,24.186,225.9
29.1425,11070,57738,25.000,24.449,255.0,25.000,24.087,222.4,25.000,24.088,227.2
29.1425,11071,57743,25.000,24.464,255.0,25.000,23.918,223.9,25.000,24.284,225.8
29.1425,11072,57748,25.000,24.095,255.0,25.000,23.910,223.7,25.000,24.276,226.4
29.1425,11073,57753,25.000,23.766,255.0,25.000,24.127,222.4,25.000,24.315,226.2
29.1425,11074,57758,25.000,23.630,255.0,25.000,24.174,222.7,25.000,24.362,226.0
29.2003,11075,57763,25.000,23.394,255.0,25.000,24.667,219.7,25.000,24.482,225.4
29.2003,11076,57768,25.000,23.071,255.0,25.000,24.351,222.9,25.000,24.350,226.6
29.2003,11077,57773,25.000,22.900,255.0,25.000,24.187,223.3,25.000,24.366,226.3
29.2003,11078,57778,25.000,22.862,255.0,25.000,23.958,224.5,25.000,24.144,227.9
29.2003,11079,57783,25.000,23.062,255.0,25.000,24.157,222.8,25.000,23.975,228.5
29.2003,11080,57788,25.000,23.294,255.0,25.000,24.565,220.7,25.000,23.844,229.1
29.2003,11081,57793,25.000,23.058,255.0,25.000,24.506,222.1,25.000,23.605,230.5
29.2003,11082,57798,25.000,23.116,255.0,25.000,24.391,222.8,25.000,23.485,230.8
29.2003,11083,57803,25.000,23.265,255.0,25.000,24.350,222.8,25.000,23.261,232.2
29.2003,11084,57808,25.000,23.244,255.0,25.000,24.510,221.8,25.000,23.240,232.0
29.2003,11085,57813,25.000,23.278,255.0,25.000,24.918,219.6,25.000,23.103,233.0
29.2003,11086,57818,25.000,23.394,255.0,25.000,25.384,217.5,25.000,23.206,232.2
29.2003,11087,57823,25.000,22.896,255.0,25.000,25.449,218.2,25.000,23.080,233.5
29.2003,11088,57828,25.000,22.710,255.0,25.000,25.262,219.5,25.000,23.434,231.1
29.2003,11089,57833,25.000,22.827,255.0,25.000,24.839,221.8,25.000,23.372,232.6
29.2003,11090,57838,25.000,22.682,255.0,25.000,25.064,219.3,25.000,23.591,231.2
29.2641,11091,57843,25.000,23.118,255.0,25.000,24.401,224.2,25.000,23.471,232.6
29.2641,11092,57848,25.000,23.020,255.0,25.000,24.304,223.3,25.000,23.382,233.1
29.2641,11093,57853,25.000,23.022,255.0,25.000,24.490,221.9,25.000,23.203,234.2
29.2641,11094,57858,25.000,23.059,255.0,25.000,24.345,223.4,25.000,22.872,236.2
29.2641,11095,57863,25.000,23.256,255.0,25.000,23.807,226.6,25.000,22.885,235.5
29.2641,11096,57868,25.000,22.912,255.0,25.000,23.465,227.7,25.000,22.544,238.0
29.2641,11097,57873,25.000,23.742,255.0,25.000,23.192,228.8,25.000,22.644,236.9
29.2641,11098,57878,25.000,23.986,255.0,25.000,23.073,229.1,25.000,22.343,239.3
29.3266,11099,57883,25.000,23.655,255.0,25.000,23.278,227.7,25.000,22.371,238.7
29.3266,11100,57888,25.000,23.821,255.0,25.000,22.891,230.9,25.000,22.353,239.2
29.3266,11101,57893,25.000,23.739,255.0,25.000,23.198,228.2,25.000,22.651,237.5
29.3266,11102,57898,25.000,24.005,255.0,25.000,22.721,232.3,25.000,22.907,236.9
29.3266,11103,57903,25.000,23.463,255.0,25.000,22.361,233.8,25.000,23.094,236.5
29.3266,11104,57908,25.000,23.085,255.0,25.000,22.159,234.5,25.000,23.622,233.7
29.3266,11105,57913,25.000,22.882,255.0,25.000,22.146,234.4,25.000,23.425,236.4
29.3266,11106,57918,25.000,23.456,255.0,25.000,21.998,235.7,25.000,23.453,236.0
29.3266,11107,57923,25.000,22.919,255.0,25.000,22.169,234.6,25.000,23.446,236.2
29.3266,11108,57928,25.000,22.888,255.0,25.000,22.328,234.3,25.000,23.425,236.5
29.3266,11109,57933,25.000,23.075,255.0,25.000,22.340,234.9,25.000,23.435,236.6
29.3266,11110,57938,25.000,22.863,255.0,25.000,22.675,233.0,25.000,23.408,237.0
29.3266,11111,57943,25.000,22.567,255.0,25.000,23.095,231.4,25.000,23.290,237.9
29.3266,11112,57948,25.000,22.520,255.0,25.000,23.787,228.1,25.000,23.245,238.1
29.3266,11113,57953,25.000,23.088,255.0,25.000,24.173,227.4,25.000,23.268,238.0
29.3266,11114,57958,25.000,23.580,255.0,25.000,24.489,226.4,25.000,23.040,239.8
29.3909,11115,57963,25.000,23.783,255.0,25.000,24.861,224.7,25.000,23.412,237.0
29.3909,11116,57968,25.000,23.573,255.0,25.000,25.020,224.6,25.000,23.574,237.0
29.3909,11117,57973,25.000,23.924,255.0,25.000,25.202,223.8,25.000,23.754,236.4
29.3909,11118,57978,25.000,23.793,255.0,25.000,25.432,222.7,25.000,23.980,235.5
29.3909,11119,57983,25.000,23.588,255.0,25.000,25.588,222.2,25.000,24.136,235.2
29.3909,11120,57988,25.000,23.594,255.0,25.000,25.414,223.6,25.000,24.143,235.6
29.3909,11121,57993,25.000,23.930,255.0,25.000,25.387,223.4,25.000,24.295,234.7
29.3909,11122,57998,25.000,23.732,255.0,25.000,25.539,222.3,25.000,24.451,234.1
29.4527,11123,58003,25.000,23.776,255.0,25.000,25.404,223.4,25.000,24.680,233.1
29.4537,11124,58008,25.000,23.058,255.0,25.000,25.396,223.1,25.000,25.033,231.4
29.4537,11125,58013,25.000,22.898,255.0,25.000,25.065,225.2,25.000,24.889,233.2
29.4537,11126,58018,25.000,22.717,255.0,25.000,25.059,224.5,25.000,25.063,231.7
29.4537,11127,58023,25.000,22.228,255.0,25.000,24.571,227.6,25.000,25.120,231.7
29.4537,11128,58028,25.000,22.300,255.0,25.000,24.276,228.4,25.000,25.188,231.4
29.4537,11129,58033,25.000,22.375,255.0,25.000,24.172,228.5,25.000,25.084,232.2
29.4537,11130,58038,25.000,22.368,255.0,25.000,23.985,229.5,25.000,25.260,230.8
29.4537,11131,58043,25.000,22.179,255.0,25.000,23.610,231.6,25.000,25.241,231.3
29.4537,11132,58048,25.000,22.599,255.0,25.000,23.317,232.8,25.000,25.315,230.8
29.4537,11133,58053,25.000,22.701,255.0,25.000,23.238,232.8,25.000,25.055,232.6
29.4537,11134,58058,25.000,23.484,255.0,25.000,23.312,232.3,25.000,24.947,232.7
29.4537,11135,58063,25.000,23.391,255.0,25.000,23.573,231.0,25.000,25.019,232.0
29.4537,11136,58068,25.000,23.623,255.0,25.000,23.439,232.7,25.000,25.074,231.8
29.4537,11137,58073,25.000,24.167,255.0,25.000,23.805,230.1,25.000,24.892,233.1
29.4537,11138,58078,25.000,24.390,255.0,25.000,24.028,229.7,25.000,24.937,232.4
29.5100,11139,58083,25.000,24.107,255.0,25.000,24.089,230.0,25.000,24.997,232.1
29.5100,11140,58088,25.000,24.145,255.0,25.000,24.311,228.8,25.000,24.855,233.2
29.5100,11141,58093,25.000,24.150,255.0,25.000,24.679,227.0,25.000,24.870,232.8
29.5100,11142,58098,25.000,23.770,255.0,25.000,24.848,226.8,25.000,24.849,232.9
29.5100,11143,58103,25.000,23.637,255.0,25.000,24.894,226.9,25.000,25.078,231.4
29.5100,11144,58108,25.000,23.422,255.0,25.000,24.862,227.3,25.000,24.862,233.4
29.5100,11145,58113,25.000,22.378,255.0,25.000,24.919,226.8,25.000,24.924,232.5
29.5100,11146,58118,25.000,21.991,255.0,25.000,25.264,224.7,25.000,24.900,232.8
29.5763,11147,58123,25.000,21.726,255.0,25.000,25.342,225.0,25.000,24.985,232.2
29.5763,11148,58128,25.000,21.390,255.0,25.000,25.373,225.0,25.000,25.016,232.2
29.5763,11149,58133,25.000,21.617,255.0,25.000,25.437,224.6,25.000,25.082,231.8
29.5763,11150,58138,25.000,21.627,255.0,25.000,25.258,225.8,25.000,25.085,231.9
29.5763,11151,58143,25.000,21.793,255.0,25.000,25.249,225.4,25.000,25.074,232.0
29.5763,11152,58148,25.000,22.120,255.0,25.000,25.025,226.8,25.000,25.033,232.2
29.5763,11153,58153,25.000,21.903,255.0,25.000,25.169,225.4,25.000,24.993,232.4
29.5763,11154,58158,25.000,21.788,255.0,25.000,25.242,225.2,25.000,25.063,231.9
29.5763,11155,58163,25.000,22.826,255.0,25.000,25.356,224.6,25.000,24.997,232.4
29.5763,11156,58168,25.000,23.037,255.0,25.000,25.580,223.4,25.000,25.035,232.0
29.5763,11157,58173,25.000,22.913,255.0,25.000,25.472,224.6,25.000,25.104,231.7
29.5763,11158,58178,25.000,23.073,255.0,25.000,25.264,225.6,25.000,25.077,232.0
29.5763,11159,58183,25.000,22.728,255.0,25.000,25.285,225.0,25.000,25.098,231.8
29.5763,11160,58188,25.000,22.652,255.0,25.000,25.214,225.4,25.000,25.205,231.1
29.5763,11161,58193,25.000,22.186,255.0,25.000,25.115,225.9,25.000,25.106,232.0
29.5763,11162,58198,25.000,21.985,255.0,25.000,25.454,223.4,25.000,25.266,230.7
29.6315,11163,58203,25.000,22.372,255.0,25.000,25.294,225.2,25.000,25.106,232.1
29.6315,11164,58208,25.000,22.299,255.0,25.000,25.573,223.0,25.000,25.385,229.9
29.6315,11165,58213,25.000,22.538,255.0,25.000,25.462,224.3,25.000,25.274,231.3
29.6315,11166,58218,25.000,22.850,255.0,25.000,25.213,225.6,25.000,25.207,231.4
29.6315,11167,58223,25.000,23.241,255.0,25.000,25.243,224.8,25.000,25.240,231.0
29.6315,11168,58228,25.000,23.387,255.0,25.000,25.389,223.9,25.000,25.027,232.4
29.6315,11169,58233,25.000,23.929,255.0,25.000,25.384,224.2,25.000,25.020,232.0
29.6315,11170,58238,25.000,23.783,255.0,25.000,25.592,222.8,25.000,25.052,231.7
29.6802,11171,58243,25.000,24.320,255.0,25.000,25.755,222.2,25.000,25.216,230.7
29.6802,11172,58248,25.000,24.326,255.0,25.000,25.589,223.6,25.000,25.045,232.2
29.6802,11173,58253,25.000,24.318,255.0,25.000,25.769,221.9,25.000,25.227,230.6
29.6802,11174,58258,25.000,24.332,255.0,25.000,25.423,224.5,25.000,25.064,232.1
29.6802,11175,58263,25.000,24.140,255.0,25.000,25.409,223.7,25.000,25.049,231.8
29.6802,11176,58268,25.000,23.786,255.0,25.000,25.420,223.6,25.000,25.060,231.7
29.6802,11177,58273,25.000,23.760,255.0,25.000,25.390,223.8,25.000,25.030,231.9
29.6802,11178,58278,25.000,23.792,255.0,25.000,25.424,223.4,25.000,25.242,230.4
29.6802,11179,58283,25.000,23.622,255.0,25.000,25.430,223.4,25.000,25.249,230.9
29.6802,11180,58288,25.000,23.822,255.0,25.000,25.277,224.4,25.000,25.276,230.7
29.6802,11181,58293,25.000,23.807,255.0,25.000,25.266,224.1,25.000,25.084,232.0
29.6802,11182,58298,25.000,23.933,255.0,25.000,25.383,223.2,25.000,24.852,233.0
29.6802,11183,58303,25.000,23.783,255.0,25.000,25.417,223.3,25.000,24.695,233.5
29.6802,11184,58308,25.000,24.170,255.0,25.000,25.439,223.1,25.000,24.540,234.2
29.6802,11185,58313,25.000,24.364,255.0,25.000,25.271,224.2,25.000,24.549,233.8
29.6812,11186,58318,25.000,24.552,255.0,25.000,25.273,223.8,25.000,24.375,235.0
29.7401,11187,58323,25.000,24.358,255.0,25.000,25.437,222.7,25.000,24.177,235.9
29.7401,11188,58328,25.000,24.385,255.0,25.000,25.467,222.8,25.000,24.024,236.6
29.7401,11189,58333,25.000,24.311,255.0,25.000,25.395,223.3,25.000,23.953,236.8
29.7401,11190,58338,25.000,24.346,255.0,25.000,25.423,222.9,25.000,23.797,237.7
29.7401,11191,58343,25.000,23.755,255.0,25.000,25.550,222.1,25.000,23.745,237.8
29.7401,11192,58348,25.000,23.675,255.0,25.000,25.293,224.0,25.000,23.840,237.2
29.7401,11193,58353,25.000,23.457,255.0,25.000,25.251,223.7,25.000,23.988,236.6
29.7401,11194,58358,25.000,23.248,255.0,25.000,25.405,222.5,25.000,23.961,237.3
29.7901,11195,58363,25.000,23.057,255.0,25.000,25.571,221.8,25.000,24.128,236.2
29.7901,11196,58368,25.000,22.341,255.0,25.000,25.416,223.1,25.000,24.153,236.6
29.7901,11197,58373,25.000,22.557,255.0,25.000,25.277,223.6,25.000,24.008,237.7
29.7901,11198,58378,25.000,22.335,255.0,25.000,25.229,223.5,25.000,24.143,236.6
29.7901,11199,58383,25.000,22.573,255.0,25.000,25.290,223.0,25.000,24.204,236.6
29.7901,11200,58388,25.000,22.171,255.0,25.000,25.250,223.4,25.000,24.167,237.1
29.7901,11201,58393,25.000,22.372,255.0,25.000,25.100,224.2,25.000,24.375,235.7
29.7901,11202,58398,25.000,22.653,255.0,25.000,25.379,222.0,25.000,24.478,235.6
29.8517,11203,58403,25.000,22.863,255.0,25.000,25.403,222.5,25.000,24.500,235.8
29.8517,11204,58408,25.000,22.872,255.0,25.000,25.238,223.6,25.000,24.695,234.6
29.8517,11205,58413,25.000,22.840,255.0,25.000,25.391,222.2,25.000,24.668,235.3
29.8517,11206,58418,25.000,23.790,255.0,25.000,25.421,222.3,25.000,24.695,235.1
29.8517,11207,58423,25.000,23.583,255.0,25.000,25.569,221.4,25.000,25.032,233.0
29.8517,11208,58428,25.000,23.225,255.0,25.000,25.575,221.6,25.000,25.036,233.8
29.8517,11209,58433,25.000,23.411,255.0,25.000,25.579,221.5,25.000,25.041,233.8
29.8517,11210,58438,25.000,23.743,255.0,25.000,25.728,220.5,25.000,25.188,232.8
29.8517,11211,58443,25.000,24.133,255.0,25.000,25.744,220.7,25.000,25.207,233.0
29.8517,11212,58448,25.000,24.015,255.0,25.000,25.632,221.4,25.000,25.272,232.6
29.8517,11213,58453,25.000,23.812,255.0,25.000,25.438,222.3,25.000,25.260,232.8
29.8517,11214,58458,25.000,23.827,255.0,25.000,25.451,221.7,25.000,25.268,232.7
29.8517,11215,58463,25.000,23.859,255.0,25.000,25.302,222.6,25.000,25.124,233.6
29.8517,11216,58468,25.000,23.746,255.0,25.000,25.545,220.7,25.000,25.368,231.7
29.8517,11217,58473,25.000,23.764,255.0,25.000,25.390,222.2,25.000,25.390,232.1
29.8517,11218,58478,25.000,24.166,255.0,25.000,25.251,222.7,25.000,25.431,231.8
29.9134,11219,58483,25.000,24.171,255.0,25.000,25.251,222.3,25.000,25.252,233.0
29.9134,11220,58488,25.000,24.378,255.0,25.000,25.282,222.1,25.000,25.284,232.4
29.9134,11221,58493,25.000,24.176,255.0,25.000,25.272,222.2,25.000,25.272,232.5
29.9134,11222,58498,25.000,24.148,255.0,25.000,25.239,222.4,25.000,25.235,232.7
29.9134,11223,58503,25.000,24.325,255.0,25.000,25.410,221.1,25.000,25.222,232.6
29.9134,11224,58508,25.000,23.963,255.0,25.000,25.417,221.4,25.000,25.241,232.5
29.9134,11225,58513,25.000,23.785,255.0,25.000,25.422,221.4,25.000,25.422,231.3
29.9134,11226,58518,25.000,23.472,255.0,25.000,25.299,222.2,25.000,25.295,232.5
29.9777,11227,58523,25.000,23.275,255.0,25.000,25.269,222.0,25.000,25.270,232.3
29.9777,11228,58528,25.000,23.256,255.0,25.000,25.433,220.8,25.000,25.256,232.3
29.9777,11229,58533,25.000,23.016,255.0,25.000,25.560,220.4,25.000,25.381,231.5
29.9777,11230,58538,25.000,23.009,255.0,25.000,25.549,220.7,25.000,25.370,231.8
29.9777,11231,58543,25.000,23.040,255.0,25.000,25.399,221.6,25.000,25.401,231.5
29.9777,11232,58548,25.000,23.049,255.0,25.000,25.586,219.9,25.000,25.411,231.5
29.9777,11233,58553,25.000,23.202,255.0,25.000,25.561,220.5,25.000,25.392,231.6
29.9777,11234,58558,25.000,23.615,255.0,25.000,25.421,221.3,25.000,25.246,232.4
29.9777,11235,58563,25.000,23.606,255.0,25.000,25.408,221.0,25.000,25.232,232.2
29.9777,11236,58568,25.000,23.966,255.0,25.000,25.408,220.9,25.000,25.237,232.1
29.9777,11237,58573,25.000,23.965,255.0,25.000,25.418,220.8,25.000,25.243,232.0
29.9777,11238,58578,25.000,23.575,255.0,25.000,25.558,219.8,25.000,25.200,232.3
29.9777,11239,58583,25.000,23.828,255.0,25.000,25.267,222.0,25.000,25.276,231.7
29.9777,11240,58588,25.000,23.468,255.0,25.000,25.269,221.3,25.000,25.278,231.8
29.9777,11241,58593,25.000,23.269,255.0,25.000,25.435,220.2,25.000,25.079,233.1
29.9777,11242,58598,25.000,23.263,255.0,25.000,25.251,221.7,25.000,25.078,232.6
30.0373,11243,58603,25.000,23.118,255.0,25.000,25.099,222.2,25.000,25.104,232.4
30.0373,11244,58608,25.000,22.862,255.0,25.000,25.209,221.1,25.000,25.214,231.7
30.0373,11245,58613,25.000,22.833,255.0,25.000,25.180,221.6,25.000,25.184,232.2
30.0373,11246,58618,25.000,22.875,255.0,25.000,25.217,221.2,25.000,25.038,233.0
30.0373,11247,58623,25.000,22.878,255.0,25.000,25.222,221.3,25.000,25.043,232.6
30.0373,11248,58628,25.000,23.257,255.0,25.000,25.065,222.3,25.000,25.069,232.5
30.0373,11249,58633,25.000,22.869,255.0,25.000,25.224,220.9,25.000,25.040,232.7
30.0373,11250,58638,25.000,23.259,255.0,25.000,25.255,221.0,25.000,24.886,233.6
30.0373,11251,58643,25.000,23.436,255.0,25.000,25.241,221.1,25.000,25.056,232.2
30.0373,11252,58648,25.000,23.052,255.0,25.000,25.214,221.3,25.000,25.029,232.8
30.0373,11253,58653,25.000,23.081,255.0,25.000,25.437,219.7,25.000,25.070,232.4
30.0373,11254,58658,25.000,23.258,255.0,25.000,25.430,220.2,25.000,25.063,232.6
30.0373,11255,58663,25.000,23.789,255.0,25.000,25.424,220.2,25.000,25.057,232.6
30.0373,11256,58668,25.000,23.573,255.0,25.000,25.391,220.4,25.000,25.207,231.6
30.0373,11257,58673,25.000,23.800,255.0,25.000,25.436,220.0,25.000,25.064,232.8
30.0373,11258,58678,25.000,23.828,255.0,25.000,25.469,219.8,25.000,25.101,232.3
30.0969,11259,58683,25.000,24.003,255.0,25.000,25.456,219.9,25.000,25.088,232.4
30.0969,11260,58688,25.000,23.607,255.0,25.000,25.423,220.0,25.000,25.239,231.4
30.0969,11261,58693,25.000,23.567,255.0,25.000,25.207,221.3,25.000,25.201,232.0
30.0969,11262,58698,25.000,23.639,255.0,25.000,25.107,221.4,25.000,25.287,231.3
30.0969,11263,58703,25.000,23.589,255.0,25.000,25.049,221.6,25.000,25.228,231.9
30.0969,11264,58708,25.000,23.568,255.0,25.000,25.021,221.6,25.000,25.200,231.9
30.0969,11265,58713,25.000,23.294,255.0,25.000,25.116,220.9,25.000,25.295,231.2
30.0969,11266,58718,25.000,23.462,255.0,25.000,25.102,221.2,25.000,25.279,231.5
30.1668,11267,58723,25.000,23.764,255.0,25.000,25.034,221.6,25.000,25.400,230.6
30.1668,11268,58728,25.000,23.382,255.0,25.000,25.016,221.6,25.000,25.379,231.0
30.1668,11269,58733,25.000,23.234,255.0,25.000,25.065,221.2,25.000,25.425,230.6
30.1668,11270,58738,25.000,23.554,255.0,25.000,24.840,222.8,25.000,25.382,230.9
30.1668,11271,58743,25.000,23.804,255.0,25.000,25.089,220.6,25.000,25.268,231.5
30.1668,11272,58748,25.000,23.945,255.0,25.000,25.227,220.3,25.000,25.221,231.5
30.1668,11273,58753,25.000,23.424,255.0,25.000,25.257,220.4,25.000,25.251,231.2
30.1668,11274,58758,25.000,23.254,255.0,25.000,25.272,220.4,25.000,25.266,231.1
30.1668,11275,58763,25.000,23.035,255.0,25.000,25.405,219.5,25.000,25.217,231.5
30.1668,11276,58768,25.000,22.494,255.0,25.000,25.405,219.8,25.000,25.220,231.3
30.1668,11277,58773,25.000,22.394,255.0,25.000,25.496,219.1,25.000,25.307,230.7
30.1668,11278,58778,25.000,22.900,255.0,25.000,25.455,219.6,25.000,25.266,231.2
30.1668,11279,58783,25.000,23.244,255.0,25.000,25.425,219.6,25.000,25.241,231.2
30.1668,11280,58788,25.000,23.241,255.0,25.000,25.602,218.3,25.000,25.236,231.1
30.1668,11281,58793,25.000,23.042,255.0,25.000,25.585,218.8,25.000,25.401,230.0
30.1668,11282,58798,25.000,22.883,255.0,25.000,25.605,218.6,25.000,25.423,230.2
30.2272,11283,58803,25.000,23.191,255.0,25.000,25.353,220.2,25.000,25.348,230.7
30.2272,11284,58808,25.000,23.278,255.0,25.000,25.466,218.8,25.000,25.271,231.0
30.2272,11285,58813,25.000,23.414,255.0,25.000,25.061,221.7,25.000,25.228,231.1
30.2272,11286,58818,25.000,23.463,255.0,25.000,25.123,220.3,25.000,25.291,230.5
30.2272,11287,58823,25.000,23.020,255.0,25.000,25.035,221.0,25.000,25.204,231.2
30.2272,11288,58828,25.000,22.709,255.0,25.000,25.090,220.4,25.000,25.075,231.8
30.2272,11289,58833,25.000,22.296,255.0,25.000,25.033,220.9,25.000,25.018,231.9
30.2272,11290,58838,25.000,22.161,255.0,25.000,25.078,220.5,25.000,25.064,231.4
30.2868,11291,58843,25.000,22.373,255.0,25.000,24.919,221.6,25.000,25.092,231.4
30.2868,11292,58848,25.000,22.169,255.0,25.000,24.900,221.4,25.000,25.067,231.6
30.2868,11293,58853,25.000,22.540,255.0,25.000,25.101,220.0,25.000,24.915,232.5
30.2868,11294,58858,25.000,22.716,255.0,25.000,25.078,220.6,25.000,25.082,231.1
30.2868,11295,58863,25.000,22.755,255.0,25.000,25.299,219.1,25.000,25.119,231.2
30.2868,11296,58868,25.000,23.180,255.0,25.000,24.990,221.6,25.000,24.987,232.1
30.2868,11297,58873,25.000,23.595,255.0,25.000,25.048,220.5,25.000,24.862,232.6
30.2868,11298,58878,25.000,23.818,255.0,25.000,24.908,221.6,25.000,25.090,230.9
30.2868,11299,58883,25.000,24.164,255.0,25.000,25.065,220.2,25.000,25.070,231.5
30.2868,11300,58888,25.000,24.166,255.0,25.000,24.892,221.7,25.000,25.074,231.5
30.2868,11301,58893,25.000,23.770,255.0,25.000,25.051,220.3,25.000,24.869,232.8
30.2868,11302,58898,25.000,24.338,255.0,25.000,25.077,220.5,25.000,24.899,232.1
30.2868,11303,58903,25.000,24.338,255.0,25.000,25.075,220.5,25.000,25.073,231.1
30.2868,11304,58908,25.000,23.959,255.0,25.000,25.067,220.6,25.000,24.879,232.7
30.2868,11305,58913,25.000,24.118,255.0,25.000,25.043,220.7,25.000,24.860,232.4
30.2868,11306,58918,25.000,24.170,255.0,25.000,25.275,219.1,25.000,24.912,232.0
30.3627,11307,58923,25.000,23.997,255.0,25.000,24.911,222.0,25.000,25.098,231.0
30.3627,11308,58928,25.000,23.570,255.0,25.000,25.023,220.4,25.000,25.026,231.9
30.3627,11309,58933,25.000,23.581,255.0,25.000,24.872,221.7,25.000,25.053,231.5
30.3627,11310,58938,25.000,23.409,255.0,25.000,25.053,220.2,25.000,25.057,231.6
30.3627,11311,58943,25.000,23.609,255.0,25.000,24.891,221.7,25.000,25.259,230.2
30.3627,11312,58948,25.000,23.386,255.0,25.000,24.845,221.6,25.000,25.210,231.0
30.3627,11313,58953,25.000,22.916,255.0,25.000,24.932,220.9,25.000,25.114,231.5
30.3627,11314,58958,25.000,23.230,255.0,25.000,24.869,221.5,25.000,25.237,230.5
30.4234,11315,58963,25.000,23.038,255.0,25.000,24.851,221.5,25.000,25.216,230.9
30.4234,11316,58968,25.000,22.745,255.0,25.000,24.932,221.0,25.000,25.300,230.2
30.4234,11317,58973,25.000,22.515,255.0,25.000,25.253,219.1,25.000,25.254,230.7
30.4234,11318,58978,25.000,23.074,255.0,25.000,25.271,219.7,25.000,25.271,230.5
30.4234,11319,58983,25.000,23.105,255.0,25.000,25.115,220.7,25.000,25.296,230.3
30.4234,11320,58988,25.000,23.461,255.0,25.000,24.929,221.6,25.000,25.292,230.4
30.4234,11321,58993,25.000,23.238,255.0,25.000,24.883,221.4,25.000,25.242,230.6
30.4234,11322,58998,25.000,23.433,255.0,25.000,24.717,222.4,25.000,25.259,230.4
30.4234,11323,59003,25.000,23.541,255.0,25.000,24.445,223.8,25.000,25.348,229.8
30.4234,11324,59008,25.000,23.430,255.0,25.000,24.530,222.7,25.000,25.430,229.5
30.4234,11325,59013,25.000,23.585,255.0,25.000,24.685,221.9,25.000,25.413,229.7
30.4234,11326,59018,25.000,23.758,255.0,25.000,24.488,223.6,25.000,25.397,229.7
30.4234,11327,59023,25.000,23.947,255.0,25.000,24.498,223.1,25.000,25.404,229.6
30.4234,11328,59028,25.000,23.588,255.0,25.000,23.956,226.7,25.000,25.229,230.7
30.4234,11329,59033,25.000,23.403,255.0,25.000,24.133,224.4,25.000,25.225,230.3
30.4234,11330,59038,25.000,23.422,255.0,25.000,23.968,226.0,25.000,25.245,230.1
30.4704,11331,59043,25.000,23.387,255.0,25.000,23.566,228.3,25.000,25.194,230.5
30.4704,11332,59048,25.000,23.040,255.0,25.000,23.405,228.6,25.000,25.215,230.2
30.4704,11333,59053,25.000,23.267,255.0,25.000,23.641,226.9,25.000,25.270,229.9
30.4704,11334,59058,25.000,23.385,255.0,25.000,23.384,229.3,25.000,25.203,230.4
30.4704,11335,59063,25.000,23.105,255.0,25.000,23.114,230.6,25.000,25.107,230.8
30.4704,11336,59068,25.000,23.029,255.0,25.000,22.856,231.8,25.000,25.017,231.2
30.4704,11337,59073,25.000,23.230,255.0,25.000,22.872,231.4,25.000,25.040,230.8
30.4704,11338,59078,25.000,23.433,255.0,25.000,23.260,229.1,25.000,25.245,229.5
30.5193,11339,59083,25.000,23.248,255.0,25.000,23.250,230.3,25.000,25.055,231.2
30.5193,11340,59088,25.000,23.208,255.0,25.000,23.396,229.5,25.000,24.655,233.4
30.5193,11341,59093,25.000,23.449,255.0,25.000,23.827,227.3,25.000,24.545,233.2
30.5193,11342,59098,25.000,23.634,255.0,25.000,24.007,227.3,25.000,24.188,235.3
30.5193,11343,59103,25.000,23.259,255.0,25.000,23.993,227.9,25.000,23.995,235.8
30.5193,11344,59108,25.000,23.243,255.0,25.000,23.974,228.1,25.000,23.786,236.8
30.5193,11345,59113,25.000,23.598,255.0,25.000,23.961,228.3,25.000,23.776,236.5
30.5193,11346,59118,25.000,23.292,255.0,25.000,24.018,228.0,25.000,23.665,237.3
30.5193,11347,59123,25.000,23.082,255.0,25.000,23.804,229.6,25.000,23.447,238.6
30.5193,11348,59128,25.000,22.883,255.0,25.000,23.606,230.5,25.000,23.247,239.6
30.5193,11349,59133,25.000,23.043,255.0,25.000,23.053,233.8,25.000,23.232,239.4
30.5193,11350,59138,25.000,22.937,255.0,25.000,23.310,231.0,25.000,23.112,240.4
30.5193,11351,59143,25.000,22.872,255.0,25.000,23.422,231.1,25.000,23.052,240.7
30.5193,11352,59148,25.000,22.706,255.0,25.000,23.256,232.7,25.000,23.062,240.7
30.5193,11353,59153,25.000,23.264,255.0,25.000,22.721,235.9,25.000,22.892,242.1
30.5205,11354,59158,25.000,22.888,255.0,25.000,22.525,236.2,25.000,22.877,242.0
30.5797,11355,59163,25.000,22.690,255.0,25.000,22.868,233.8,25.000,22.852,242.4
30.5797,11356,59168,25.000,23.068,255.0,25.000,23.066,233.6,25.000,22.687,243.6
30.5797,11357,59173,25.000,23.093,255.0,25.000,23.280,232.9,25.000,22.719,243.3
30.5797,11358,59178,25.000,23.241,255.0,25.000,22.885,236.1,25.000,22.862,242.7
30.5797,11359,59183,25.000,23.106,255.0,25.000,23.108,234.0,25.000,22.908,243.0
30.5797,11360,59188,25.000,22.870,255.0,25.000,22.866,236.3,25.000,23.223,241.3
30.5797,11361,59193,25.000,23.088,255.0,25.000,22.726,236.9,25.000,23.445,240.8
30.5797,11362,59198,25.000,23.452,255.0,25.000,22.906,235.6,25.000,23.623,240.3
30.6292,11363,59203,25.000,23.378,255.0,25.000,23.375,233.3,25.000,23.905,239.1
30.6292,11364,59208,25.000,24.019,255.0,25.000,23.839,231.6,25.000,24.009,239.2
30.6292,11365,59213,25.000,24.163,255.0,25.000,23.805,233.0,25.000,24.161,238.6
30.6292,11366,59218,25.000,23.944,255.0,25.000,23.944,232.2,25.000,24.479,237.0
30.6292,11367,59223,25.000,23.925,255.0,25.000,23.920,232.8,25.000,24.457,238.0
30.6292,11368,59228,25.000,23.774,255.0,25.000,24.678,227.9,25.000,24.490,237.7
30.6292,11369,59233,25.000,24.112,255.0,25.000,25.375,225.2,25.000,24.649,236.8
30.6292,11370,59238,25.000,24.118,255.0,25.000,25.567,225.6,25.000,24.841,236.0
30.6953,11371,59243,25.000,23.940,255.0,25.000,25.923,223.7,25.000,24.831,236.6
30.6953,11372,59248,25.000,23.797,255.0,25.000,26.337,221.7,25.000,25.063,235.0
30.6953,11373,59253,25.000,23.626,255.0,25.000,26.531,221.3,25.000,25.082,235.5
30.6953,11374,59258,25.000,23.227,255.0,25.000,26.497,221.8,25.000,25.231,234.5
30.6953,11375,59263,25.000,22.509,255.0,25.000,26.494,221.6,25.000,25.229,234.9
30.6953,11376,59268,25.000,22.746,255.0,25.000,26.556,221.0,25.000,25.287,234.5
30.6953,11377,59273,25.000,22.876,255.0,25.000,26.328,222.5,25.000,25.417,233.7
30.6953,11378,59278,25.000,23.114,255.0,25.000,26.381,221.4,25.000,25.293,234.8
30.6953,11379,59283,25.000,22.949,255.0,25.000,26.038,223.6,25.000,25.304,234.4
30.6953,11380,59288,25.000,23.292,255.0,25.000,25.839,224.0,25.000,25.287,234.5
30.6953,11381,59293,25.000,23.123,255.0,25.000,25.679,224.4,25.000,25.311,234.3
30.6953,11382,59298,25.000,23.251,255.0,25.000,25.433,225.6,25.000,25.248,234.7
30.6953,11383,59303,25.000,23.262,255.0,25.000,25.085,227.2,25.000,25.256,234.5
30.6953,11384,59308,25.000,23.438,255.0,25.000,25.077,226.4,25.000,25.248,234.5
30.6953,11385,59313,25.000,23.784,255.0,25.000,25.061,226.5,25.000,25.233,234.6
30.6953,11386,59318,25.000,23.991,255.0,25.000,24.709,228.7,25.000,25.258,234.3
30.7536,11387,59323,25.000,24.048,255.0,25.000,24.934,226.5,25.000,25.306,234.1
30.7536,11388,59328,25.000,24.168,255.0,25.000,24.697,228.6,25.000,25.431,233.3
30.7536,11389,59333,25.000,23.981,255.0,25.000,24.149,231.6,25.000,25.249,234.8
30.7536,11390,59338,25.000,23.969,255.0,25.000,24.130,230.5,25.000,25.228,234.4
30.7536,11391,59343,25.000,24.287,255.0,25.000,23.727,233.2,25.000,25.184,234.6
30.7536,11392,59348,25.000,24.161,255.0,25.000,23.044,236.8,25.000,25.247,234.1
30.7536,11393,59353,25.000,24.149,255.0,25.000,23.030,235.5,25.000,25.231,234.3
30.7536,11394,59358,25.000,24.130,255.0,25.000,22.644,238.2,25.000,25.208,234.4
30.8187,11395,59363,25.000,24.513,255.0,25.000,22.310,239.7,25.000,25.233,234.2
30.8187,11396,59368,25.000,24.318,255.0,25.000,22.493,238.0,25.000,25.043,235.4
30.8187,11397,59373,25.000,24.322,255.0,25.000,22.147,241.0,25.000,25.062,234.9
30.8187,11398,59378,25.000,24.139,255.0,25.000,22.319,239.4,25.000,25.054,234.9
30.8187,11399,59383,25.000,24.296,255.0,25.000,22.834,236.7,25.000,25.203,234.0
30.8187,11400,59388,25.000,24.151,255.0,25.000,23.055,236.8,25.000,25.245,234.0
30.8187,11401,59393,25.000,23.831,255.0,25.000,23.455,234.9,25.000,25.105,235.0
30.8187,11402,59398,25.000,23.742,255.0,25.000,24.101,231.9,25.000,25.004,235.3
30.8187,11403,59403,25.000,23.638,255.0,25.000,23.994,234.2,25.000,25.088,234.5
30.8187,11404,59408,25.000,23.970,255.0,25.000,24.154,233.0,25.000,25.063,234.9
30.8187,11405,59413,25.000,23.660,255.0,25.000,24.213,233.1,25.000,25.127,234.4
30.8187,11406,59418,25.000,23.758,255.0,25.000,24.483,231.6,25.000,25.216,233.9
30.8187,11407,59423,25.000,23.771,255.0,25.000,24.494,232.2,25.000,25.229,234.0
30.8187,11408,59428,25.000,23.602,255.0,25.000,24.510,232.2,25.000,25.062,235.1
30.8187,11409,59433,25.000,23.622,255.0,25.000,24.350,233.4,25.000,25.085,234.6
30.8187,11410,59438,25.000,23.927,255.0,25.000,24.294,233.4,25.000,25.029,235.0
30.8771,11411,59443,25.000,24.152,255.0,25.000,24.336,233.1,25.000,24.882,235.8
30.8771,11412,59448,25.000,24.374,255.0,25.000,24.384,233.0,25.000,24.748,236.3
30.8771,11413,59453,25.000,24.489,255.0,25.000,24.680,231.2,25.000,24.496,237.7
30.8771,11414,59458,25.000,24.362,255.0,25.000,24.912,230.4,25.000,24.183,239.2
30.8771,11415,59463,25.000,24.658,255.0,25.000,25.023,230.3,25.000,24.106,239.0
30.8771,11416,59468,25.000,24.557,255.0,25.000,24.930,231.2,25.000,24.011,239.6
30.8771,11417,59473,25.000,24.484,255.0,25.000,24.863,231.4,25.000,23.755,241.1
30.8771,11418,59478,25.000,24.498,255.0,25.000,24.883,231.1,25.000,23.957,239.3
30.9393,11419,59483,25.000,24.675,255.0,25.000,25.234,228.9,25.000,23.766,241.2
30.9393,11420,59488,25.000,24.174,255.0,25.000,25.457,228.2,25.000,23.808,240.6
30.9393,11421,59493,25.000,23.931,255.0,25.000,25.396,229.1,25.000,24.116,238.8
30.9393,11422,59498,25.000,23.953,255.0,25.000,25.233,230.0,25.000,24.136,239.5
30.9393,11423,59503,25.000,24.123,255.0,25.000,25.225,229.6,25.000,24.309,238.6
30.9393,11424,59508,25.000,24.160,255.0,25.000,25.258,229.4,25.000,24.708,236.5
30.9393,11425,59513,25.000,23.805,255.0,25.000,25.440,228.2,25.000,24.714,237.4
30.9393,11426,59518,25.000,23.959,255.0,25.000,25.409,228.8,25.000,24.866,236.5
30.9393,11427,59523,25.000,23.650,255.0,25.000,25.810,226.1,25.000,25.089,235.4
30.9393,11428,59528,25.000,23.776,255.0,25.000,25.751,227.3,25.000,25.028,236.3
30.9393,11429,59533,25.000,23.461,255.0,25.000,25.635,227.9,25.000,25.090,235.8
30.9393,11430,59538,25.000,23.466,255.0,25.000,25.459,228.7,25.000,25.096,235.9
30.9393,11431,59543,25.000,23.274,255.0,25.000,25.441,228.3,25.000,25.077,236.0
30.9393,11432,59548,25.000,22.522,255.0,25.000,25.603,227.2,25.000,25.239,234.9
30.9393,11433,59553,25.000,22.223,255.0,25.000,25.848,225.9,25.000,25.302,234.8
30.9393,11434,59558,25.000,21.956,255.0,25.000,25.765,226.9,25.000,25.218,235.5
31.0040,11435,59563,25.000,22.151,255.0,25.000,25.597,227.7,25.000,25.228,235.2
31.0050,11436,59568,25.000,21.941,255.0,25.000,25.749,226.3,25.000,25.200,235.4
31.0050,11437,59573,25.000,22.160,255.0,25.000,25.804,226.2,25.000,25.256,234.9
31.0050,11438,59578,25.000,22.153,255.0,25.000,25.793,226.3,25.000,25.245,235.1
31.0050,11439,59583,25.000,22.158,255.0,25.000,25.792,226.2,25.000,25.428,233.9
31.0050,11440,59588,25.000,22.487,255.0,25.000,25.758,226.3,25.000,25.395,234.5
31.0050,11441,59593,25.000,23.039,255.0,25.000,25.952,224.9,25.000,25.408,234.2
31.0050,11442,59598,25.000,23.596,255.0,25.000,25.963,225.2,25.000,25.236,235.4
31.0050,11443,59603,25.000,23.764,255.0,25.000,25.763,226.4,25.000,25.218,235.0
31.0050,11444,59608,25.000,23.584,255.0,25.000,25.763,225.8,25.000,25.217,235.0
31.0050,11445,59613,25.000,23.610,255.0,25.000,25.796,225.5,25.000,25.250,234.7
31.0050,11446,59618,25.000,23.810,255.0,25.000,25.822,225.3,25.000,25.092,235.8
31.0050,11447,59623,25.000,23.735,255.0,25.000,25.732,225.9,25.000,25.002,236.0
31.0050,11448,59628,25.000,23.988,255.0,25.000,25.805,225.1,25.000,25.077,235.3
31.0050,11449,59633,25.000,24.137,255.0,25.000,25.768,225.4,25.000,25.039,235.7
31.0050,11450,59638,25.000,23.825,255.0,25.000,25.824,224.9,25.000,24.911,236.5
31.0684,11451,59643,25.000,23.820,255.0,25.000,25.802,225.1,25.000,24.891,236.3
31.0684,11452,59648,25.000,23.957,255.0,25.000,25.768,225.1,25.000,25.038,235.3
31.0684,11453,59653,25.000,23.996,255.0,25.000,25.818,224.6,25.000,25.090,235.3
31.0684,11454,59658,25.000,24.189,255.0,25.000,25.828,224.6,25.000,25.102,235.3
31.0684,11455,59663,25.000,24.010,255.0,25.000,25.651,225.7,25.000,25.109,235.3
31.0684,11456,59668,25.000,23.752,255.0,25.000,25.560,225.8,25.000,25.204,234.7
31.0684,11457,59673,25.000,23.649,255.0,25.000,25.650,224.9,25.000,25.293,234.3
31.0684,11458,59678,25.000,23.619,255.0,25.000,25.620,225.2,25.000,25.264,234.7
31.1289,11459,59683,25.000,23.257,255.0,25.000,25.615,225.1,25.000,25.257,234.6
31.1289,11460,59688,25.000,23.591,255.0,25.000,25.402,226.4,25.000,25.229,234.8
31.1289,11461,59693,25.000,23.616,255.0,25.000,25.270,226.7,25.000,25.090,235.6
31.1289,11462,59698,25.000,23.803,255.0,25.000,25.259,226.5,25.000,25.084,235.3
31.1289,11463,59703,25.000,24.128,255.0,25.000,25.395,225.5,25.000,25.037,235.6
31.1289,11464,59708,25.000,24.144,255.0,25.000,25.235,226.9,25.000,25.060,235.3
31.1289,11465,59713,25.000,23.942,255.0,25.000,25.570,224.3,25.000,25.032,235.5
31.1289,11466,59718,25.000,24.344,255.0,25.000,25.441,225.8,25.000,25.078,235.2
31.1289,11467,59723,25.000,24.339,255.0,25.000,25.433,225.5,25.000,25.072,235.3
31.1289,11468,59728,25.000,24.521,255.0,25.000,25.433,225.5,25.000,25.072,235.3
31.1289,11469,59733,25.000,24.859,254.8,25.000,25.592,224.4,25.000,25.053,235.4
31.1289,11470,59738,25.000,24.879,255.0,25.000,25.794,223.4,25.000,25.253,234.0
31.1289,11471,59743,25.000,24.829,255.0,25.000,25.736,224.1,25.000,25.382,233.6
31.1289,11472,59748,25.000,24.868,255.0,25.000,25.778,223.6,25.000,25.419,233.7
31.1289,11473,59753,25.000,24.522,255.0,25.000,25.614,224.7,25.000,25.436,233.6
31.1289,11474,59758,25.000,24.308,255.0,25.000,25.757,223.3,25.000,25.392,233.9
31.1848,11475,59763,25.000,24.896,254.0,25.000,25.620,224.5,25.000,25.438,233.4
31.1848,11476,59768,25.000,24.702,255.0,25.000,25.423,225.4,25.000,25.424,233.6
31.1848,11477,59773,25.000,24.683,255.0,25.000,25.414,224.9,25.000,25.409,233.6
31.1848,11478,59778,25.000,24.333,255.0,25.000,25.423,224.8,25.000,25.422,233.4
31.1848,11479,59783,25.000,24.301,255.0,25.000,25.210,226.1,25.000,25.389,233.6
31.1848,11480,59788,25.000,24.275,255.0,25.000,25.545,223.4,25.000,25.362,233.7
31.1848,11481,59793,25.000,24.157,255.0,25.000,25.609,223.7,25.000,25.426,233.1
31.1848,11482,59798,25.000,23.943,255.0,25.000,25.578,224.0,25.000,25.396,233.5
31.2463,11483,59803,25.000,23.796,255.0,25.000,25.617,223.6,25.000,25.247,234.3
31.2463,11484,59808,25.000,24.157,255.0,25.000,25.615,223.7,25.000,25.252,233.9
31.2463,11485,59813,25.000,23.917,255.0,25.000,25.564,223.9,25.000,25.199,234.2
31.2463,11486,59818,25.000,23.967,255.0,25.000,25.796,222.2,25.000,25.247,233.7
31.2463,11487,59823,25.000,24.148,255.0,25.000,25.783,222.8,25.000,25.240,233.9
31.2463,11488,59828,25.000,24.252,255.0,25.000,25.888,222.0,25.000,25.163,234.3
31.2463,11489,59833,25.000,24.126,255.0,25.000,25.763,222.9,25.000,25.220,233.8
31.2463,11490,59838,25.000,24.164,255.0,25.000,25.439,224.7,25.000,25.258,233.6
31.2463,11491,59843,25.000,24.019,255.0,25.000,25.666,222.3,25.000,25.114,234.6
31.2463,11492,59848,25.000,23.632,255.0,25.000,25.638,223.0,25.000,25.085,234.5
31.2463,11493,59853,25.000,23.609,255.0,25.000,25.618,223.0,25.000,25.254,233.3
31.2463,11494,59858,25.000,23.069,255.0,25.000,25.621,222.9,25.000,25.250,233.7
31.2463,11495,59863,25.000,23.232,255.0,25.000,25.600,222.9,25.000,25.233,233.8
31.2463,11496,59868,25.000,22.686,255.0,25.000,25.595,222.8,25.000,25.229,233.7
31.2463,11497,59873,25.000,22.673,255.0,25.000,25.586,222.8,25.000,25.219,233.7
31.2463,11498,59878,25.000,22.178,255.0,25.000,25.274,224.8,25.000,25.085,234.6
31.3138,11499,59883,25.000,22.217,255.0,25.000,25.314,223.7,25.000,25.128,234.0
31.3138,11500,59888,25.000,22.125,255.0,25.000,25.397,223.2,25.000,25.034,234.7
31.3138,11501,59893,25.000,22.265,255.0,25.000,25.173,224.8,25.000,25.182,233.5
31.3138,11502,59898,25.000,22.127,255.0,25.000,25.219,224.0,25.000,25.228,233.5
31.3138,11503,59903,25.000,22.145,255.0,25.000,25.052,225.2,25.000,25.060,234.7
31.3138,11504,59908,25.000,22.704,255.0,25.000,25.073,224.6,25.000,25.082,234.1
31.3138,11505,59913,25.000,22.726,255.0,25.000,25.275,223.3,25.000,25.104,234.0
31.3138,11506,59918,25.000,23.290,255.0,25.000,25.296,223.7,25.000,25.124,233.9
31.3702,11507,59923,25.000,23.098,255.0,25.000,25.096,225.0,25.000,25.104,234.1
31.3702,11508,59928,25.000,23.281,255.0,25.000,25.100,224.5,25.000,25.291,232.8
31.3702,11509,59933,25.000,23.610,255.0,25.000,25.249,223.5,25.000,25.255,233.5
31.3702,11510,59938,25.000,23.450,255.0,25.000,24.915,226.0,25.000,25.274,233.2
31.3702,11511,59943,25.000,23.066,255.0,25.000,24.880,225.4,25.000,25.240,233.5
31.3702,11512,59948,25.000,23.618,255.0,25.000,24.890,225.3,25.000,25.248,233.3
31.3702,11513,59953,25.000,23.945,255.0,25.000,25.027,224.4,25.000,25.386,232.4
31.3702,11514,59958,25.000,23.618,255.0,25.000,25.073,224.5,25.000,25.251,233.6
31.3702,11515,59963,25.000,23.454,255.0,25.000,24.904,225.7,25.000,25.259,233.2
31.3702,11516,59968,25.000,23.055,255.0,25.000,24.870,225.5,25.000,25.221,233.4
31.3702,11517,59973,25.000,23.050,255.0,25.000,25.235,223.1,25.000,25.229,233.2
31.3702,11518,59978,25.000,23.243,255.0,25.000,25.242,223.9,25.000,25.236,233.2
31.3702,11519,59983,25.000,23.227,255.0,25.000,25.224,224.0,25.000,25.218,233.3
31.3702,11520,59988,25.000,23.470,255.0,25.000,25.284,223.5,25.000,25.285,232.8
31.3702,11521,59993,25.000,23.837,255.0,25.000,25.293,223.6,25.000,25.292,232.9
31.3702,11522,59998,25.000,23.601,255.0,25.000,24.873,226.3,25.000,25.232,233.2
31.4356,11523,60003,25.000,23.558,255.0,25.000,25.012,224.4,25.000,25.191,233.3
31.4356,11524,60008,25.000,23.791,255.0,25.000,24.874,225.6,25.000,25.424,231.7
31.4356,11525,60013,25.000,23.584,255.0,25.000,24.847,225.5,25.000,25.398,232.4
31.4356,11526,60018,25.000,23.795,255.0,25.000,24.875,225.2,25.000,25.430,232.0
31.4356,11527,60023,25.000,24.126,255.0,25.000,24.666,226.7,25.000,25.397,232.3
31.4356,11528,60028,25.000,24.305,255.0,25.000,24.664,226.2,25.000,25.393,232.2
31.4356,11529,60033,25.000,24.331,255.0,25.000,24.507,227.3,25.000,25.238,233.1
31.4356,11530,60038,25.000,24.474,255.0,25.000,24.643,226.1,25.000,25.371,231.9
31.4979,11531,60043,25.000,24.689,255.0,25.000,24.313,228.6,25.000,25.225,233.1
31.4979,11532,60048,25.000,24.739,255.0,25.000,24.548,226.4,25.000,25.285,232.3
31.4979,11533,60053,25.000,24.388,255.0,25.000,24.202,229.2,25.000,25.298,232.4
31.4979,11534,60058,25.000,24.323,255.0,25.000,24.134,228.9,25.000,25.225,232.8
31.4979,11535,60063,25.000,24.155,255.0,25.000,23.970,229.9,25.000,25.241,232.5
31.4979,11536,60068,25.000,23.600,255.0,25.000,23.781,230.9,25.000,25.231,232.6
31.4979,11537,60073,25.000,23.599,255.0,25.000,23.776,230.6,25.000,25.051,233.7
31.4979,11538,60078,25.000,23.415,255.0,25.000,23.587,232.0,25.000,24.683,235.7
31.4979,11539,60083,25.000,23.059,255.0,25.000,23.412,232.8,25.000,24.689,234.8
31.4979,11540,60088,25.000,22.718,255.0,25.000,23.447,232.4,25.000,24.359,237.0
31.4979,11541,60093,25.000,22.313,255.0,25.000,23.224,234.1,25.000,24.136,237.7
31.4979,11542,60098,25.000,22.155,255.0,25.000,23.066,234.8,25.000,23.980,238.3
31.4979,11543,60103,25.000,21.963,255.0,25.000,23.226,233.6,25.000,23.781,239.4
31.4979,11544,60108,25.000,21.796,255.0,25.000,23.615,231.6,25.000,23.618,240.1
31.4979,11545,60113,25.000,22.334,255.0,25.000,23.793,231.6,25.000,23.615,239.9
31.4979,11546,60118,25.000,22.702,255.0,25.000,23.796,232.1,25.000,23.439,241.2
31.5580,11547,60123,25.000,22.533,255.0,25.000,23.621,233.4,25.000,23.439,240.9
31.5580,11548,60128,25.000,22.206,255.0,25.000,23.854,231.6,25.000,23.672,239.6
31.5580,11549,60133,25.000,21.785,255.0,25.000,23.974,231.5,25.000,23.787,239.6
31.5580,11550,60138,25.000,21.599,255.0,25.000,23.958,232.0,25.000,23.776,240.0
31.5580,11551,60143,25.000,21.660,255.0,25.000,24.387,229.3,25.000,24.021,238.6
31.5580,11552,60148,25.000,21.794,255.0,25.000,24.702,228.4,25.000,24.153,238.4
31.5580,11553,60153,25.000,22.166,255.0,25.000,24.540,230.2,25.000,24.169,238.7
31.5580,11554,60158,25.000,22.474,255.0,25.000,24.289,231.5,25.000,24.287,238.1
31.5580,11555,60163,25.000,22.323,255.0,25.000,24.133,232.0,25.000,24.313,238.3
31.5580,11556,60168,25.000,22.696,255.0,25.000,24.514,229.3,25.000,24.325,238.3
31.5580,11557,60173,25.000,22.723,255.0,25.000,24.548,230.0,25.000,24.541,237.0
31.5580,11558,60178,25.000,23.212,255.0,25.000,24.658,229.4,25.000,24.649,236.9
31.5580,11559,60183,25.000,23.988,255.0,25.000,24.717,229.3,25.000,24.715,236.8
31.5580,11560,60188,25.000,24.171,255.0,25.000,24.543,230.6,25.000,24.904,235.7
31.5580,11561,60193,25.000,24.492,255.0,25.000,24.310,231.8,25.000,25.033,235.4
31.5580,11562,60198,25.000,24.516,255.0,25.000,24.337,231.1,25.000,24.877,236.7
31.6198,11563,60203,25.000,24.520,255.0,25.000,24.336,231.3,25.000,25.055,235.2
31.6198,11564,60208,25.000,24.372,255.0,25.000,24.376,231.1,25.000,25.096,235.3
31.6198,11565,60213,25.000,24.515,255.0,25.000,24.346,231.5,25.000,25.061,235.6
31.6198,11566,60218,25.000,24.330,255.0,25.000,23.972,233.9,25.000,25.241,234.4
31.6198,11567,60223,25.000,24.543,255.0,25.000,24.183,231.8,25.000,25.270,234.6
31.6198,11568,60228,25.000,24.372,255.0,25.000,24.017,233.4,25.000,25.288,234.5
31.6198,11569,60233,25.000,24.139,255.0,25.000,23.963,233.5,25.000,25.227,234.9
31.6198,11570,60238,25.000,24.336,255.0,25.000,23.977,233.4,25.000,25.242,234.6
31.6811,11571,60243,25.000,24.128,255.0,25.000,24.126,232.6,25.000,25.206,234.9
31.6811,11572,60248,25.000,24.101,255.0,25.000,24.102,233.2,25.000,25.366,233.7
31.6811,11573,60253,25.000,24.275,255.0,25.000,24.282,232.1,25.000,25.367,234.1
31.6811,11574,60258,25.000,23.925,255.0,25.000,24.298,232.5,25.000,25.383,233.9
31.6811,11575,60263,25.000,23.956,255.0,25.000,24.503,231.3,25.000,25.410,233.7
31.6811,11576,60268,25.000,23.984,255.0,25.000,24.720,230.4,25.000,25.256,234.8
31.6811,11577,60273,25.000,23.598,255.0,25.000,24.518,232.3,25.000,25.235,234.5
31.6811,11578,60278,25.000,23.782,255.0,25.000,24.701,230.6,25.000,25.232,234.4
31.6811,11579,60283,25.000,23.955,255.0,25.000,24.689,231.2,25.000,25.224,234.5
31.6811,11580,60288,25.000,23.620,255.0,25.000,24.907,229.8,25.000,25.261,234.2
31.6811,11581,60293,25.000,23.457,255.0,25.000,25.300,227.8,25.000,25.294,234.0
31.6811,11582,60298,25.000,23.455,255.0,25.000,25.289,228.7,25.000,25.281,234.1
31.6811,11583,60303,25.000,23.115,255.0,25.000,25.315,228.5,25.000,25.305,233.9
31.6811,11584,60308,25.000,23.648,255.0,25.000,25.110,229.9,25.000,25.285,234.1
31.6811,11585,60313,25.000,23.285,255.0,25.000,24.571,232.9,25.000,25.288,234.0
31.6811,11586,60318,25.000,23.419,255.0,25.000,24.333,233.2,25.000,25.420,233.1
31.7477,11587,60323,25.000,23.369,255.0,25.000,24.451,231.9,25.000,25.354,233.8
31.7477,11588,60328,25.000,22.865,255.0,25.000,24.320,233.1,25.000,25.232,234.4
31.7477,11589,60333,25.000,22.926,255.0,25.000,24.018,234.8,25.000,25.297,233.6
31.7477,11590,60338,25.000,23.239,255.0,25.000,24.141,233.4,25.000,25.238,234.1
31.7477,11591,60343,25.000,23.242,255.0,25.000,23.961,235.0,25.000,25.238,234.0
31.7477,11592,60348,25.000,22.889,255.0,25.000,23.791,235.8,25.000,25.069,235.1
31.7477,11593,60353,25.000,23.231,255.0,25.000,23.406,238.0,25.000,25.044,234.8
31.7477,11594,60358,25.000,23.048,255.0,25.000,23.591,236.1,25.000,25.047,234.7
31.8099,11595,60363,25.000,23.079,255.0,25.000,24.164,233.0,25.000,25.079,234.5
31.8099,11596,60368,25.000,22.885,255.0,25.000,23.974,235.7,25.000,25.063,234.7
31.8099,11597,60373,25.000,22.879,255.0,25.000,23.797,236.5,25.000,25.068,234.6
31.8099,11598,60378,25.000,23.264,255.0,25.000,23.805,236.1,25.000,25.074,234.6
31.8099,11599,60383,25.000,23.041,255.0,25.000,24.313,233.0,25.000,25.031,234.9
31.8099,11600,60388,25.000,22.513,255.0,25.000,23.965,236.6,25.000,25.046,234.7
31.8099,11601,60393,25.000,22.703,255.0,25.000,23.980,235.7,25.000,25.058,234.6
31.8099,11602,60398,25.000,23.213,255.0,25.000,23.946,236.1,25.000,25.206,233.7
31.8099,11603,60403,25.000,22.909,255.0,25.000,24.181,234.6,25.000,25.083,234.8
31.8099,11604,60408,25.000,23.092,255.0,25.000,24.000,236.5,25.000,25.083,234.5
31.8099,11605,60413,25.000,23.609,255.0,25.000,23.796,237.5,25.000,25.060,234.6
31.8099,11606,60418,25.000,23.414,255.0,25.000,24.139,234.9,25.000,25.044,234.7
31.8099,11607,60423,25.000,23.857,255.0,25.000,24.219,235.3,25.000,24.944,235.3
31.8099,11608,60428,25.000,23.760,255.0,25.000,24.304,235.0,25.000,24.850,235.7
31.8099,11609,60433,25.000,23.997,255.0,25.000,24.358,234.9,25.000,24.537,237.5
31.8099,11610,60438,25.000,24.535,255.0,25.000,24.717,232.8,25.000,24.351,238.0
31.8724,11611,60443,25.000,24.531,255.0,25.000,24.520,235.0,25.000,24.156,238.9
31.8724,11612,60448,25.000,24.380,255.0,25.000,24.730,233.2,25.000,24.186,238.3
31.8724,11613,60453,25.000,24.315,255.0,25.000,24.671,234.1,25.000,24.124,238.9
31.8724,11614,60458,25.000,23.558,255.0,25.000,24.635,234.3,25.000,24.088,239.1
31.8724,11615,60463,25.000,23.015,255.0,25.000,24.812,233.1,25.000,23.901,240.3
31.8724,11616,60468,25.000,23.577,255.0,25.000,24.837,233.3,25.000,23.926,239.8
31.8724,11617,60473,25.000,23.248,255.0,25.000,25.065,231.9,25.000,23.967,239.8
31.8724,11618,60478,25.000,23.222,255.0,25.000,25.210,231.5,25.000,24.115,239.0
31.9331,11619,60483,25.000,22.867,255.0,25.000,25.037,233.0,25.000,24.495,237.0
31.9331,11620,60488,25.000,22.871,255.0,25.000,24.681,234.9,25.000,24.684,236.7
31.9331,11621,60493,25.000,22.838,255.0,25.000,24.837,233.1,25.000,24.839,236.2
31.9331,11622,60498,25.000,22.901,255.0,25.000,24.905,233.0,25.000,24.722,237.4
31.9331,11623,60503,25.000,23.064,255.0,25.000,25.236,231.0,25.000,25.051,235.0
31.9331,11624,60508,25.000,23.443,255.0,25.000,25.441,230.4,25.000,24.893,236.8
31.9331,11625,60513,25.000,23.419,255.0,25.000,25.593,229.9,25.000,25.048,235.4
31.9331,11626,60518,25.000,22.941,255.0,25.000,25.668,229.7,25.000,25.124,235.3
31.9341,11627,60523,25.000,23.233,255.0,25.000,25.582,230.4,25.000,25.225,234.8
31.9341,11628,60528,25.000,22.932,255.0,25.000,25.479,230.8,25.000,25.298,234.5
31.9341,11629,60533,25.000,23.033,255.0,25.000,25.576,229.8,25.000,25.211,235.2
31.9341,11630,60538,25.000,22.883,255.0,25.000,25.604,229.8,25.000,25.241,234.8
31.9341,11631,60543,25.000,23.054,255.0,25.000,25.596,229.9,25.000,25.232,234.9
31.9341,11632,60548,25.000,23.015,255.0,25.000,25.550,230.1,25.000,25.370,234.0
31.9341,11633,60553,25.000,23.296,255.0,25.000,25.482,230.3,25.000,25.123,235.9
31.9341,11634,60558,25.000,23.258,255.0,25.000,25.612,229.3,25.000,25.255,234.4
32.0118,11635,60563,25.000,23.313,255.0,25.000,25.494,230.3,25.000,25.315,234.3
32.0118,11636,60568,25.000,23.208,255.0,25.000,25.548,229.6,25.000,25.190,235.2
32.0118,11637,60573,25.000,23.046,255.0,25.000,25.578,229.5,25.000,25.220,234.7
32.0118,11638,60578,25.000,23.240,255.0,25.000,25.589,229.4,25.000,25.231,234.7
32.0118,11639,60583,25.000,23.080,255.0,25.000,25.791,228.1,25.000,25.250,234.6
32.0118,11640,60588,25.000,22.903,255.0,25.000,25.799,228.4,25.000,25.261,234.5
32.0118,11641,60593,25.000,22.930,255.0,25.000,25.826,228.1,25.000,25.289,234.3
32.0118,11642,60598,25.000,22.701,255.0,25.000,25.768,228.5,25.000,25.232,234.7
32.0127,11643,60603,25.000,22.467,255.0,25.000,25.711,228.6,25.000,25.178,234.9
32.0127,11644,60608,25.000,22.723,255.0,25.000,25.620,229.0,25.000,25.266,234.2
32.0127,11645,60613,25.000,23.014,255.0,25.000,25.548,229.2,25.000,24.835,237.2
32.0127,11646,60618,25.000,23.227,255.0,25.000,25.409,229.9,25.000,24.513,238.3
32.0127,11647,60623,25.000,23.242,255.0,25.000,25.420,229.4,25.000,24.340,238.7
32.0127,11648,60628,25.000,23.574,255.0,25.000,25.565,228.4,25.000,24.125,239.7
32.0127,11649,60633,25.000,23.635,255.0,25.000,25.455,229.4,25.000,23.827,241.2
32.0127,11650,60638,25.000,24.102,255.0,25.000,25.562,228.4,25.000,23.566,242.4
32.0743,11651,60643,25.000,23.906,255.0,25.000,25.539,228.8,25.000,23.545,242.0
32.0743,11652,60648,25.000,24.329,255.0,25.000,25.611,228.2,25.000,23.433,242.9
32.0743,11653,60653,25.000,24.552,255.0,25.000,25.287,230.4,25.000,23.475,242.5
32.0743,11654,60658,25.000,24.657,255.0,25.000,25.202,230.1,25.000,23.391,243.4
32.0743,11655,60663,25.000,24.688,255.0,25.000,25.234,229.7,25.000,23.600,242.0
32.0743,11656,60668,25.000,24.745,255.0,25.000,25.295,229.4,25.000,24.018,239.9
32.0743,11657,60673,25.000,24.873,255.0,25.000,25.236,229.8,25.000,23.967,241.4
32.0743,11658,60678,25.000,24.521,255.0,25.000,25.066,230.8,25.000,24.157,240.1
32.1335,11659,60683,25.000,24.824,255.0,25.000,24.819,232.0,25.000,24.280,239.9
32.1335,11660,60688,25.000,24.331,255.0,25.000,24.686,232.3,25.000,24.511,238.7
32.1335,11661,60693,25.000,24.162,255.0,25.000,24.528,233.0,25.000,24.532,239.2
32.1335,11662,60698,25.000,24.156,255.0,25.000,24.518,232.8,25.000,24.522,239.4
32.1335,11663,60703,25.000,23.970,255.0,25.000,25.066,229.2,25.000,24.702,238.2
32.1335,11664,60708,25.000,24.172,255.0,25.000,24.911,231.5,25.000,24.727,238.6
32.1335,11665,60713,25.000,24.200,255.0,25.000,24.755,232.2,25.000,24.935,237.3
32.1335,11666,60718,25.000,24.146,255.0,25.000,24.874,231.1,25.000,24.877,238.2
32.1335,11667,60723,25.000,23.976,255.0,25.000,24.885,231.3,25.000,25.064,236.8
32.1335,11668,60728,25.000,23.830,255.0,25.000,24.930,231.1,25.000,25.107,237.0
32.1335,11669,60733,25.000,23.626,255.0,25.000,25.091,230.1,25.000,25.268,236.0
32.1335,11670,60738,25.000,24.001,255.0,25.000,25.278,229.3,25.000,25.275,236.3
32.1335,11671,60743,25.000,24.525,255.0,25.000,25.442,228.6,25.000,25.257,236.4
32.1335,11672,60748,25.000,24.360,255.0,25.000,25.275,230.1,25.000,25.458,235.1
32.1335,11673,60753,25.000,24.432,255.0,25.000,25.160,230.4,25.000,25.350,236.2
32.1335,11674,60758,25.000,24.360,255.0,25.000,25.447,228.2,25.000,25.454,235.2
32.1983,11675,60763,25.000,24.158,255.0,25.000,25.604,227.8,25.000,25.427,235.6
32.1983,11676,60768,25.000,24.341,255.0,25.000,25.609,228.1,25.000,25.436,235.4
32.1983,11677,60773,25.000,24.340,255.0,25.000,25.616,228.0,25.000,25.442,235.3
32.1983,11678,60778,25.000,24.993,253.5,25.000,25.718,227.3,25.000,25.367,235.8
32.1983,11679,60783,25.000,25.234,253.5,25.000,25.407,229.5,25.000,25.422,235.2
32.1983,11680,60788,25.000,25.074,255.0,25.000,25.438,228.5,25.000,25.266,236.3
32.1983,11681,60793,25.000,24.753,255.0,25.000,25.475,228.2,25.000,25.303,235.7
32.1983,11682,60798,25.000,24.719,255.0,25.000,25.445,228.5,25.000,25.270,235.9
32.1983,11683,60803,25.000,24.421,255.0,25.000,25.326,229.1,25.000,25.328,235.5
32.1994,11684,60808,25.000,24.149,255.0,25.000,25.417,228.2,25.000,25.241,236.1
32.1994,11685,60813,25.000,24.130,255.0,25.000,25.223,229.7,25.000,25.227,236.0
32.1994,11686,60818,25.000,23.969,255.0,25.000,25.244,229.0,25.000,25.244,235.8
32.1994,11687,60823,25.000,23.768,255.0,25.000,25.215,229.2,25.000,25.214,236.0
32.1994,11688,60828,25.000,23.691,255.0,25.000,24.954,230.8,25.000,25.319,235.2
32.1994,11689,60833,25.000,23.249,255.0,25.000,25.410,227.3,25.000,25.231,236.0
32.1994,11690,60838,25.000,23.446,255.0,25.000,25.234,229.4,25.000,25.427,234.5
32.2600,11691,60843,25.000,23.227,255.0,25.000,25.001,230.5,25.000,25.194,236.5
32.2600,11692,60848,25.000,23.070,255.0,25.000,25.221,228.5,25.000,25.232,235.6
32.2600,11693,60853,25.000,23.255,255.0,25.000,25.233,228.9,25.000,25.063,236.8
32.2600,11694,60858,25.000,23.420,255.0,25.000,25.203,229.1,25.000,25.035,236.6
32.2600,11695,60863,25.000,23.467,255.0,25.000,25.441,227.5,25.000,25.092,236.1
32.2600,11696,60868,25.000,23.622,255.0,25.000,25.053,230.5,25.000,25.067,236.4
32.2600,11697,60873,25.000,23.669,255.0,25.000,25.107,229.3,25.000,24.937,237.2
32.2600,11698,60878,25.000,23.375,255.0,25.000,25.351,227.8,25.000,24.996,236.5
32.3199,11699,60883,25.000,23.824,255.0,25.000,25.081,230.1,25.000,24.903,237.2
32.3199,11700,60888,25.000,23.598,255.0,25.000,25.228,228.5,25.000,24.865,237.3
32.3199,11701,60893,25.000,23.991,255.0,25.000,25.455,227.3,25.000,25.092,235.7
32.3199,11702,60898,25.000,24.336,255.0,25.000,25.241,229.2,25.000,25.060,236.5
32.3199,11703,60903,25.000,24.664,255.0,25.000,25.202,228.9,25.000,25.202,235.5
32.3199,11704,60908,25.000,24.362,255.0,25.000,24.915,230.7,25.000,25.281,235.3
32.3199,11705,60913,25.000,24.495,255.0,25.000,24.855,230.4,25.000,25.221,235.8
32.3199,11706,60918,25.000,24.501,255.0,25.000,25.226,227.8,25.000,25.049,236.8
32.3209,11707,60923,25.000,24.695,255.0,25.000,25.233,228.7,25.000,25.240,235.1
32.3209,11708,60928,25.000,24.753,255.0,25.000,25.121,229.4,25.000,24.945,237.5
32.3209,11709,60933,25.000,24.704,255.0,25.000,25.443,227.0,25.000,24.907,237.0
32.3209,11710,60938,25.000,24.691,255.0,25.000,25.243,229.0,25.000,24.706,238.2
32.3209,11711,60943,25.000,24.687,255.0,25.000,25.057,229.7,25.000,24.519,239.0
32.3209,11712,60948,25.000,24.644,255.0,25.000,25.191,228.4,25.000,24.293,240.1
32.3209,11713,60953,25.000,24.375,255.0,25.000,25.295,228.0,25.000,23.839,242.6
32.3209,11714,60958,25.000,24.681,255.0,25.000,25.053,229.8,25.000,23.410,244.4
32.3824,11715,60963,25.000,24.810,255.0,25.000,25.173,228.4,25.000,23.178,245.1
32.3824,11716,60968,25.000,24.522,255.0,25.000,25.083,229.3,25.000,23.075,245.4
32.3824,11717,60973,25.000,24.456,255.0,25.000,25.199,228.3,25.000,22.832,247.0
32.3824,11718,60978,25.000,24.443,255.0,25.000,25.179,228.7,25.000,22.816,246.7
32.3824,11719,60983,25.000,24.277,255.0,25.000,25.015,229.7,25.000,22.830,246.8
32.3824,11720,60988,25.000,24.501,255.0,25.000,25.054,229.1,25.000,22.870,246.9
32.3824,11721,60993,25.000,24.338,255.0,25.000,25.436,226.7,25.000,22.887,247.1
32.3824,11722,60998,25.000,24.339,255.0,25.000,25.438,227.5,25.000,23.066,246.2
32.4476,11723,61003,25.000,24.637,255.0,25.000,25.359,228.0,25.000,23.366,244.9
32.4476,11724,61008,25.000,24.315,255.0,25.000,25.405,227.4,25.000,23.781,243.1
32.4476,11725,61013,25.000,24.197,255.0,25.000,25.299,228.2,25.000,23.847,243.8
32.4476,11726,61018,25.000,24.488,255.0,25.000,25.207,228.5,25.000,24.131,242.3
32.4476,11727,61023,25.000,24.548,255.0,25.000,24.725,231.4,25.000,24.369,241.5
32.4476,11728,61028,25.000,24.381,255.0,25.000,24.379,232.5,25.000,24.387,242.0
32.4476,11729,61033,25.000,24.582,255.0,25.000,24.032,234.0,25.000,24.586,240.8
32.4476,11730,61038,25.000,24.150,255.0,25.000,23.786,234.9,25.000,24.698,240.6
32.4476,11731,61043,25.000,23.958,255.0,25.000,23.405,237.0,25.000,24.866,239.8
32.4476,11732,61048,25.000,23.830,255.0,25.000,23.280,237.0,25.000,24.926,239.9
32.4476,11733,61053,25.000,23.605,255.0,25.000,23.069,238.3,25.000,25.070,239.1
32.4476,11734,61058,25.000,23.805,255.0,25.000,23.263,236.8,25.000,24.897,240.6
32.4476,11735,61063,25.000,23.244,255.0,25.000,23.059,238.8,25.000,25.232,238.0
32.4476,11736,61068,25.000,23.089,255.0,25.000,22.903,239.5,25.000,25.255,238.6
32.4476,11737,61073,25.000,23.020,255.0,25.000,23.196,237.5,25.000,25.190,239.0
32.4476,11738,61078,25.000,22.836,255.0,25.000,23.556,236.0,25.000,25.366,237.7
32.5085,11739,61083,25.000,22.698,255.0,25.000,23.592,236.8,25.000,25.405,237.8
32.5085,11740,61088,25.000,22.901,255.0,25.000,23.980,234.5,25.000,25.074,240.0
32.5085,11741,61093,25.000,23.221,255.0,25.000,23.946,235.8,25.000,25.211,238.3
32.5085,11742,61098,25.000,23.059,255.0,25.000,24.154,234.5,25.000,25.053,239.7
32.5085,11743,61103,25.000,22.933,255.0,25.000,24.384,233.6,25.000,25.106,239.0
32.5085,11744,61108,25.000,23.015,255.0,25.000,24.286,234.9,25.000,25.185,238.6
32.5085,11745,61113,25.000,23.402,255.0,25.000,24.495,233.3,25.000,25.035,239.7
32.5085,11746,61118,25.000,23.575,255.0,25.000,24.488,233.9,25.000,25.027,239.4
32.5728,11747,61123,25.000,23.801,255.0,25.000,24.707,232.6,25.000,25.066,239.1
32.5728,11748,61128,25.000,24.343,255.0,25.000,24.709,233.1,25.000,24.886,240.4
32.5728,11749,61133,25.000,24.103,255.0,25.000,25.025,231.1,25.000,24.834,240.3
32.5728,11750,61138,25.000,24.295,255.0,25.000,25.034,231.8,25.000,25.205,237.8
32.5728,11751,61143,25.000,24.172,255.0,25.000,25.451,229.1,25.000,25.083,239.4
32.5728,11752,61148,25.000,24.325,255.0,25.000,25.236,231.4,25.000,25.234,238.1
32.5728,11753,61153,25.000,24.648,255.0,25.000,25.017,232.3,25.000,25.192,238.8
32.5728,11754,61158,25.000,24.716,255.0,25.000,25.448,229.0,25.000,25.264,238.2
32.5728,11755,61163,25.000,24.739,255.0,25.000,25.286,231.0,25.000,25.103,239.4
32.5728,11756,61168,25.000,24.713,255.0,25.000,25.264,230.7,25.000,25.083,239.1
32.5728,11757,61173,25.000,24.704,255.0,25.000,25.082,231.8,25.000,25.078,239.1
32.5728,11758,61178,25.000,24.689,255.0,25.000,24.882,232.7,25.000,25.240,238.0
32.5728,11759,61183,25.000,24.918,254.8,25.000,24.749,233.1,25.000,25.291,238.0
32.5728,11760,61188,25.000,25.040,254.5,25.000,24.690,233.2,25.000,25.231,238.5
32.5728,11761,61193,25.000,25.238,253.5,25.000,24.157,236.6,25.000,25.251,238.2
32.5728,11762,61198,25.000,25.061,255.0,25.000,24.524,233.0,25.000,25.252,238.2
32.6344,11763,61203,25.000,25.028,254.9,25.000,24.495,234.1,25.000,25.224,238.4
32.6344,11764,61208,25.000,25.072,254.6,25.000,24.173,236.2,25.000,25.268,238.0
32.6344,11765,61213,25.000,25.039,254.9,25.000,24.326,234.5,25.000,25.421,237.1
32.6344,11766,61218,25.000,25.019,254.9,25.000,24.482,234.0,25.000,25.396,237.5
32.6344,11767,61223,25.000,25.058,254.6,25.000,24.524,234.1,25.000,25.437,237.2
32.6344,11768,61228,25.000,24.906,255.0,25.000,24.551,234.1,25.000,25.650,235.8
32.6344,11769,61233,25.000,25.055,254.4,25.000,24.516,234.4,25.000,25.611,236.5
32.6344,11770,61238,25.000,24.716,255.0,25.000,24.535,234.3,25.000,25.633,236.2
32.6979,11771,61243,25.000,24.490,255.0,25.000,24.852,232.3,25.000,25.577,236.6
32.6979,11772,61248,25.000,24.887,254.5,25.000,24.522,235.2,25.000,25.614,236.1
32.6979,11773,61253,25.000,24.579,255.0,25.000,24.569,234.2,25.000,25.666,235.8
32.6979,11774,61258,25.000,24.693,255.0,25.000,24.325,236.0,25.000,25.601,236.3
32.6979,11775,61263,25.000,24.679,255.0,25.000,24.309,235.6,25.000,25.584,236.2
32.6979,11776,61268,25.000,24.729,255.0,25.000,24.177,236.5,25.000,25.636,235.7
32.6979,11777,61273,25.000,24.668,255.0,25.000,23.756,239.0,25.000,25.570,236.2
32.6979,11778,61278,25.000,24.870,255.0,25.000,23.775,238.0,25.000,25.411,237.0
32.6979,11779,61283,25.000,25.046,254.4,25.000,23.945,237.1,25.000,25.397,236.7
32.6979,11780,61288,25.000,25.402,252.5,25.000,23.584,239.9,25.000,25.396,236.6
32.6979,11781,61293,25.000,25.422,253.2,25.000,23.611,239.1,25.000,25.425,236.4
32.6979,11782,61298,25.000,25.020,255.0,25.000,23.943,237.1,25.000,25.391,236.6
32.6979,11783,61303,25.000,25.239,253.4,25.000,24.161,236.6,25.000,25.428,236.2
32.6979,11784,61308,25.000,24.899,255.0,25.000,24.546,234.7,25.000,25.444,236.2
32.6979,11785,61313,25.000,24.702,255.0,25.000,24.526,235.8,25.000,25.427,236.3
32.6979,11786,61318,25.000,24.174,255.0,25.000,24.730,234.5,25.000,25.449,236.0
32.7625,11787,61323,25.000,24.017,255.0,25.000,25.108,232.6,25.000,25.471,235.9
32.7625,11788,61328,25.000,23.807,255.0,25.000,25.266,232.4,25.000,25.442,236.1
32.7625,11789,61333,25.000,23.382,255.0,25.000,25.033,234.3,25.000,25.389,236.3
32.7625,11790,61338,25.000,23.119,255.0,25.000,25.305,232.0,25.000,25.300,236.7
32.7625,11791,61343,25.000,23.239,255.0,25.000,25.420,231.8,25.000,25.239,236.8
32.7625,11792,61348,25.000,23.434,255.0,25.000,25.250,233.2,25.000,25.250,236.6
32.7625,11793,61353,25.000,23.404,255.0,25.000,25.222,232.9,25.000,25.222,236.8
32.7625,11794,61358,25.000,23.539,255.0,25.000,24.993,234.3,25.000,25.175,237.0
32.7625,11795,61363,25.000,23.827,255.0,25.000,24.358,237.9,25.000,25.284,236.2
32.7625,11796,61368,25.000,23.976,255.0,25.000,24.143,237.9,25.000,25.067,237.8
32.7625,11797,61373,25.000,24.132,255.0,25.000,23.946,238.7,25.000,25.050,237.4
32.7625,11798,61378,25.000,24.113,255.0,25.000,23.561,240.9,25.000,25.025,237.5
32.7625,11799,61383,25.000,24.153,255.0,25.000,23.598,239.9,25.000,25.065,237.2
32.7625,11800,61388,25.000,23.918,255.0,25.000,23.178,242.9,25.000,25.193,236.4
32.7625,11801,61393,25.000,23.973,255.0,25.000,23.242,241.7,25.000,25.250,236.3
32.7625,11802,61398,25.000,24.158,255.0,25.000,23.241,242.0,25.000,25.068,237.6
32.8202,11803,61403,25.000,24.171,255.0,25.000,23.068,243.3,25.000,25.077,237.1
32.8202,11804,61408,25.000,23.824,255.0,25.000,23.265,241.9,25.000,25.094,237.0
32.8202,11805,61413,25.000,23.606,255.0,25.000,23.983,237.9,25.000,25.067,237.2
32.8202,11806,61418,25.000,24.090,255.0,25.000,24.102,238.9,25.000,25.186,236.4
32.8202,11807,61423,25.000,23.627,255.0,25.000,24.372,237.6,25.000,25.278,236.1
32.8202,11808,61428,25.000,23.647,255.0,25.000,24.757,235.8,25.000,25.297,236.1
32.8202,11809,61433,25.000,23.775,255.0,25.000,24.883,235.9,25.000,25.247,236.5
32.8202,11810,61438,25.000,24.122,255.0,25.000,25.417,232.7,25.000,25.233,236.4
32.8844,11811,61443,25.000,23.933,255.0,25.000,25.399,234.1,25.000,25.218,236.4
32.8844,11812,61448,25.000,23.590,255.0,25.000,25.427,233.8,25.000,25.242,236.2
32.8844,11813,61453,25.000,23.356,255.0,25.000,25.381,234.1,25.000,25.369,235.4
32.8844,11814,61458,25.000,23.429,255.0,25.000,25.649,232.2,25.000,25.266,236.4
32.8844,11815,61463,25.000,23.733,255.0,25.000,25.584,233.2,25.000,25.201,236.5
32.8844,11816,61468,25.000,23.452,255.0,25.000,25.663,232.5,25.000,25.280,235.8
32.8844,11817,61473,25.000,23.919,255.0,25.000,25.755,232.0,25.000,25.191,236.5
32.8844,11818,61478,25.000,23.936,255.0,25.000,25.774,232.0,25.000,25.216,236.1
32.8844,11819,61483,25.000,23.809,255.0,25.000,25.822,231.7,25.000,25.080,237.1
32.8844,11820,61488,25.000,23.635,255.0,25.000,25.833,231.6,25.000,24.909,237.8
32.8844,11821,61493,25.000,23.651,255.0,25.000,25.676,232.6,25.000,24.385,240.9
32.8844,11822,61498,25.000,23.933,255.0,25.000,25.585,232.7,25.000,24.301,240.2
32.8844,11823,61503,25.000,24.016,255.0,25.000,25.669,231.9,25.000,23.661,244.3
32.8844,11824,61508,25.000,24.325,255.0,25.000,25.236,234.8,25.000,23.417,244.5
32.8844,11825,61513,25.000,24.315,255.0,25.000,25.405,232.6,25.000,23.047,246.5
32.8844,11826,61518,25.000,24.318,255.0,25.000,24.860,236.6,25.000,22.688,248.2
32.9483,11827,61523,25.000,24.359,255.0,25.000,24.712,236.2,25.000,22.536,248.6
32.9483,11828,61528,25.000,24.651,255.0,25.000,24.466,237.5,25.000,22.291,250.1
32.9483,11829,61533,25.000,24.869,255.0,25.000,24.328,237.9,25.000,22.333,249.5
32.9483,11830,61538,25.000,24.843,255.0,25.000,24.296,237.8,25.000,22.303,250.1
32.9483,11831,61543,25.000,24.698,255.0,25.000,24.154,238.8,25.000,22.707,247.7
32.9483,11832,61548,25.000,24.356,255.0,25.000,24.354,237.2,25.000,22.907,247.7
32.9483,11833,61553,25.000,23.595,255.0,25.000,24.502,236.8,25.000,23.243,246.2
32.9483,11834,61558,25.000,23.029,255.0,25.000,24.658,236.2,25.000,23.401,246.2
33.0107,11835,61563,25.000,22.344,255.0,25.000,24.515,237.5,25.000,23.797,244.2
33.0107,11836,61568,25.000,22.161,255.0,25.000,25.069,233.6,25.000,23.981,244.0
33.0107,11837,61573,25.000,21.584,255.0,25.000,25.217,234.0,25.000,24.135,243.6
33.0107,11838,61578,25.000,21.261,255.0,25.000,25.430,232.9,25.000,24.343,242.7
33.0107,11839,61583,25.000,20.902,255.0,25.000,25.619,232.2,25.000,24.349,243.2
33.0107,11840,61588,25.000,20.907,255.0,25.000,25.799,231.4,25.000,24.529,242.2
33.0107,11841,61593,25.000,20.684,255.0,25.000,25.759,232.0,25.000,24.674,241.7
33.0107,11842,61598,25.000,20.344,255.0,25.000,25.427,234.0,25.000,24.704,241.9
33.0107,11843,61603,25.000,21.059,255.0,25.000,25.407,233.3,25.000,24.863,241.0
33.0107,11844,61608,25.000,21.040,255.0,25.000,25.564,232.1,25.000,25.024,240.3
33.0107,11845,61613,25.000,21.271,255.0,25.000,25.634,232.0,25.000,24.907,241.5
33.0107,11846,61618,25.000,21.216,255.0,25.000,25.746,231.4,25.000,25.019,240.5
33.0107,11847,61623,25.000,21.268,255.0,25.000,25.631,232.3,25.000,25.089,240.3
33.0107,11848,61628,25.000,21.248,255.0,25.000,25.608,232.1,25.000,25.065,240.6
33.0107,11849,61633,25.000,21.219,255.0,25.000,25.757,231.0,25.000,25.216,239.5
33.0107,11850,61638,25.000,21.277,255.0,25.000,25.642,232.0,25.000,25.282,239.4
33.0744,11851,61643,25.000,21.770,255.0,25.000,25.942,229.7,25.000,25.220,240.0
33.0744,11852,61648,25.000,22.159,255.0,25.000,25.970,230.1,25.000,25.067,240.8
33.0744,11853,61653,25.000,22.109,255.0,25.000,26.101,229.2,25.000,25.199,239.6
33.0744,11854,61658,25.000,22.528,255.0,25.000,25.981,230.2,25.000,25.256,239.5
33.0744,11855,61663,25.000,22.688,255.0,25.000,25.953,230.0,25.000,25.231,239.8
33.0744,11856,61668,25.000,22.900,255.0,25.000,25.988,229.6,25.000,25.268,239.4
33.0744,11857,61673,25.000,23.210,255.0,25.000,25.929,229.9,25.000,25.202,239.9
33.0744,11858,61678,25.000,23.069,255.0,25.000,25.973,229.4,25.000,25.249,239.4
33.1358,11859,61683,25.000,23.249,255.0,25.000,25.786,230.6,25.000,25.243,239.6
33.1358,11860,61688,25.000,23.016,255.0,25.000,25.919,229.2,25.000,25.191,239.8
33.1358,11861,61693,25.000,22.910,255.0,25.000,26.003,228.9,25.000,25.274,239.2
33.1358,11862,61698,25.000,22.467,255.0,25.000,26.084,228.4,25.000,25.353,238.8
33.1358,11863,61703,25.000,22.372,255.0,25.000,26.184,227.9,25.000,25.269,239.5
33.1358,11864,61708,25.000,22.347,255.0,25.000,26.162,228.1,25.000,25.245,239.4
33.1358,11865,61713,25.000,22.647,255.0,25.000,26.268,227.2,25.000,25.358,238.6
33.1358,11866,61718,25.000,22.914,255.0,25.000,26.173,228.0,25.000,25.443,238.3
33.1358,11867,61723,25.000,23.126,255.0,25.000,26.199,227.4,25.000,25.468,238.3
33.1358,11868,61728,25.000,23.469,255.0,25.000,26.177,227.5,25.000,25.451,238.4
33.1358,11869,61733,25.000,23.660,255.0,25.000,26.379,226.0,25.000,25.466,238.2
33.1358,11870,61738,25.000,24.008,255.0,25.000,26.181,227.6,25.000,25.454,238.3
33.1358,11871,61743,25.000,24.307,255.0,25.000,26.111,227.4,25.000,25.385,238.6
33.1358,11872,61748,25.000,24.566,255.0,25.000,26.211,226.5,25.000,25.484,237.8
33.1358,11873,61753,25.000,25.025,253.8,25.000,26.118,227.2,25.000,25.399,238.5
33.1358,11874,61758,25.000,25.255,253.4,25.000,26.169,226.5,25.000,25.452,237.9
33.1937,11875,61763,25.000,25.249,254.0,25.000,25.980,227.7,25.000,25.440,238.1
33.1937,11876,61768,25.000,25.027,255.0,25.000,25.949,227.4,25.000,25.227,239.4
33.1937,11877,61773,25.000,24.972,255.0,25.000,26.076,226.4,25.000,25.355,238.0
33.1937,11878,61778,25.000,25.055,254.5,25.000,26.159,226.0,25.000,25.247,239.0
33.1937,11879,61783,25.000,25.219,253.6,25.000,25.956,227.4,25.000,25.229,238.8
33.1937,11880,61788,25.000,25.023,255.0,25.000,26.117,225.7,25.000,25.386,237.7
33.1937,11881,61793,25.000,24.559,255.0,25.000,26.025,226.6,25.000,25.290,238.7
33.1937,11882,61798,25.000,24.700,255.0,25.000,25.977,226.6,25.000,25.419,237.6
33.2574,11883,61803,25.000,24.711,255.0,25.000,25.980,226.3,25.000,25.425,237.8
33.2574,11884,61808,25.000,24.355,255.0,25.000,25.997,226.1,25.000,25.257,238.9
33.2574,11885,61813,25.000,24.324,255.0,25.000,25.972,226.2,25.000,25.408,237.4
33.2574,11886,61818,25.000,24.343,255.0,25.000,25.990,225.9,25.000,25.425,237.6
33.2574,11887,61823,25.000,24.376,255.0,25.000,26.020,225.6,25.000,25.276,238.6
33.2574,11888,61828,25.000,24.288,255.0,25.000,25.936,226.2,25.000,25.375,237.6
33.2574,11889,61833,25.000,23.780,255.0,25.000,25.791,226.8,25.000,25.233,238.7
33.2574,11890,61838,25.000,24.289,255.0,25.000,25.764,226.5,25.000,25.207,238.5
33.2574,11891,61843,25.000,24.072,255.0,25.000,25.719,226.7,25.000,25.346,237.5
33.2574,11892,61848,25.000,24.264,255.0,25.000,25.733,226.4,25.000,25.183,238.9
33.2574,11893,61853,25.000,23.811,255.0,25.000,25.659,226.8,25.000,25.098,239.0
33.2574,11894,61858,25.000,24.276,255.0,25.000,25.572,227.1,25.000,25.196,238.1
33.2574,11895,61863,25.000,24.176,255.0,25.000,25.649,226.4,25.000,25.097,239.0
33.2574,11896,61868,25.000,24.119,255.0,25.000,25.591,226.8,25.000,25.226,237.9
33.2574,11897,61873,25.000,23.745,255.0,25.000,25.575,226.7,25.000,25.208,238.3
33.2574,11898,61878,25.000,23.412,255.0,25.000,25.607,226.4,25.000,25.061,239.2
33.3161,11899,61883,25.000,23.596,255.0,25.000,25.785,225.3,25.000,25.238,237.7
33.3161,11900,61888,25.000,23.301,255.0,25.000,25.673,226.3,25.000,25.126,238.8
33.3161,11901,61893,25.000,23.451,255.0,25.000,25.642,226.2,25.000,25.091,238.8
33.3161,11902,61898,25.000,23.762,255.0,25.000,25.768,225.2,25.000,25.042,239.0
33.3161,11903,61903,25.000,23.775,255.0,25.000,25.780,225.4,25.000,25.240,237.6
33.3161,11904,61908,25.000,23.613,255.0,25.000,25.797,225.2,25.000,25.257,237.9
33.3161,11905,61913,25.000,23.569,255.0,25.000,26.109,223.1,25.000,25.210,238.2
33.3161,11906,61918,25.000,23.741,255.0,25.000,26.096,223.8,25.000,25.197,238.2
33.3815,11907,61923,25.000,24.129,255.0,25.000,25.944,224.6,25.000,25.226,237.9
33.3815,11908,61928,25.000,24.512,255.0,25.000,25.963,224.0,25.000,25.242,237.9
33.3815,11909,61933,25.000,24.487,255.0,25.000,25.761,225.3,25.000,25.222,238.0
33.3815,11910,61938,25.000,24.496,255.0,25.000,25.764,224.7,25.000,25.225,237.9
33.3815,11911,61943,25.000,24.705,255.0,25.000,25.797,224.4,25.000,25.262,237.7
33.3815,11912,61948,25.000,24.167,255.0,25.000,25.611,225.6,25.000,25.251,237.8
33.3815,11913,61953,25.000,24.326,255.0,25.000,25.219,227.6,25.000,25.229,237.9
33.3815,11914,61958,25.000,24.170,255.0,25.000,25.426,225.3,25.000,25.252,237.6
33.3815,11915,61963,25.000,24.375,255.0,25.000,25.264,226.8,25.000,25.268,237.6
33.3815,11916,61968,25.000,24.533,255.0,25.000,25.251,226.5,25.000,25.256,237.7
33.3815,11917,61973,25.000,24.369,255.0,25.000,25.277,226.3,25.000,25.281,237.4
33.3815,11918,61978,25.000,24.299,255.0,25.000,25.377,225.6,25.000,25.387,236.8
33.3815,11919,61983,25.000,24.523,255.0,25.000,25.603,224.4,25.000,25.431,236.7
33.3815,11920,61988,25.000,24.498,255.0,25.000,25.763,223.8,25.000,25.410,236.9
33.3815,11921,61993,25.000,24.684,255.0,25.000,25.580,225.3,25.000,25.411,236.8
33.3815,11922,61998,25.000,24.742,255.0,25.000,25.653,224.3,25.000,25.483,236.3
33.4417,11923,62003,25.000,24.652,255.0,25.000,25.915,222.7,25.000,25.375,237.1
33.4417,11924,62008,25.000,24.861,255.0,25.000,25.762,224.2,25.000,25.405,236.6
33.4417,11925,62013,25.000,24.876,255.0,25.000,25.608,224.8,25.000,25.431,236.5
33.4417,11926,62018,25.000,24.671,255.0,25.000,25.754,223.4,25.000,25.399,236.7
33.4417,11927,62023,25.000,25.072,253.7,25.000,25.971,222.2,25.000,25.428,236.4
33.4417,11928,62028,25.000,25.064,254.7,25.000,25.789,223.8,25.000,25.425,236.4
33.4417,11929,62033,25.000,24.895,255.0,25.000,25.616,224.4,25.000,25.254,237.5
33.4417,11930,62038,25.000,24.690,255.0,25.000,25.406,225.3,25.000,25.403,236.0
33.4417,11931,62043,25.000,24.725,255.0,25.000,25.251,225.8,25.000,25.250,237.4
33.4417,11932,62048,25.000,24.708,255.0,25.000,25.052,226.7,25.000,25.232,237.1
33.4417,11933,62053,25.000,24.950,254.6,25.000,25.302,224.6,25.000,25.301,236.6
33.4417,11934,62058,25.000,24.716,255.0,25.000,25.249,225.5,25.000,25.248,237.0
33.4417,11935,62063,25.000,24.721,255.0,25.000,25.253,225.3,25.000,25.253,236.8
33.4417,11936,62068,25.000,24.728,255.0,25.000,25.081,226.4,25.000,25.431,235.7
33.4417,11937,62073,25.000,24.339,255.0,25.000,24.875,227.3,25.000,25.235,237.3
33.4417,11938,62078,25.000,24.351,255.0,25.000,25.060,225.6,25.000,25.419,235.6
33.4900,11939,62083,25.000,24.328,255.0,25.000,25.219,225.0,25.000,25.392,236.2
33.4900,11940,62088,25.000,24.335,255.0,25.000,25.234,225.3,25.000,25.405,236.0
33.4900,11941,62093,25.000,24.138,255.0,25.000,25.596,222.9,25.000,25.401,236.0
33.4900,11942,62098,25.000,23.948,255.0,25.000,25.764,222.6,25.000,25.389,236.0
33.4900,11943,62103,25.000,23.980,255.0,25.000,25.615,223.9,25.000,25.421,235.8
33.4900,11944,62108,25.000,24.163,255.0,25.000,25.795,222.3,25.000,25.420,235.8
33.4900,11945,62113,25.000,23.790,255.0,25.000,25.786,222.7,25.000,25.405,235.8
33.4900,11946,62118,25.000,23.826,255.0,25.000,26.003,221.2,25.000,25.092,237.8
33.5501,11947,62123,25.000,24.151,255.0,25.000,25.959,221.9,25.000,25.226,236.2
33.5501,11948,62128,25.000,24.198,255.0,25.000,25.837,222.5,25.000,25.104,237.2
33.5501,11949,62133,25.000,23.994,255.0,25.000,25.628,223.4,25.000,25.261,235.9
33.5501,11950,62138,25.000,24.193,255.0,25.000,25.469,223.9,25.000,25.107,237.3
33.5501,11951,62143,25.000,23.943,255.0,25.000,25.386,224.0,25.000,25.206,236.2
33.5501,11952,62148,25.000,24.363,255.0,25.000,25.452,223.3,25.000,25.268,236.1
33.5501,11953,62153,25.000,24.320,255.0,25.000,25.409,223.7,25.000,25.047,237.6
33.5501,11954,62158,25.000,23.977,255.0,25.000,25.067,225.8,25.000,25.068,236.9
33.6129,11955,62163,25.000,24.150,255.0,25.000,25.410,222.7,25.000,25.055,237.1
33.6129,11956,62168,25.000,24.169,255.0,25.000,25.251,224.5,25.000,25.254,235.7
33.6129,11957,62173,25.000,23.822,255.0,25.000,25.277,224.0,25.000,25.280,236.0
33.6129,11958,62178,25.000,23.770,255.0,25.000,25.219,224.4,25.000,25.222,236.4
33.6129,11959,62183,25.000,23.965,255.0,25.000,25.420,222.9,25.000,25.241,236.1
33.6129,11960,62188,25.000,23.927,255.0,25.000,25.557,222.4,25.000,25.197,236.4
33.6129,11961,62193,25.000,24.490,255.0,25.000,25.224,224.9,25.000,25.224,236.1
33.6129,11962,62198,25.000,24.500,255.0,25.000,25.236,224.0,25.000,25.053,237.3
33.6129,11963,62203,25.000,24.460,255.0,25.000,25.366,223.1,25.000,25.361,234.9
33.6129,11964,62208,25.000,24.829,254.8,25.000,25.369,223.4,25.000,25.365,235.5
33.6129,11965,62213,25.000,25.043,254.3,25.000,24.876,226.6,25.000,25.229,236.4
33.6129,11966,62218,25.000,24.839,255.0,25.000,25.028,224.4,25.000,25.204,236.2
33.6129,11967,62223,25.000,24.690,255.0,25.000,25.059,224.6,25.000,25.235,235.9
33.6129,11968,62228,25.000,24.515,255.0,25.000,25.068,224.6,25.000,25.244,235.9
33.6129,11969,62233,25.000,24.302,255.0,25.000,25.033,224.8,25.000,25.210,236.1
33.6129,11970,62238,25.000,23.834,255.0,25.000,25.116,224.2,25.000,25.292,235.5
33.6739,11971,62243,25.000,23.664,255.0,25.000,25.481,222.0,25.000,25.297,235.6
33.6739,11972,62248,25.000,23.806,255.0,25.000,25.255,224.3,25.000,25.441,234.6
33.6739,11973,62253,25.000,23.622,255.0,25.000,25.432,222.5,25.000,25.438,235.0
33.6739,11974,62258,25.000,23.279,255.0,25.000,25.276,223.9,25.000,25.285,235.9
33.6739,11975,62263,25.000,23.417,255.0,25.000,25.407,222.7,25.000,25.419,234.6
33.6739,11976,62268,25.000,23.222,255.0,25.000,25.029,225.4,25.000,25.579,233.9
33.6739,11977,62273,25.000,23.358,255.0,25.000,24.982,224.8,25.000,25.532,234.5
33.6739,11978,62278,25.000,23.400,255.0,25.000,25.020,224.5,25.000,25.569,234.1
33.7210,11979,62283,25.000,23.932,255.0,25.000,25.010,224.6,25.000,25.559,234.2
33.7210,11980,62288,25.000,24.486,255.0,25.000,25.017,224.5,25.000,25.382,235.2
33.7210,11981,62293,25.000,24.536,255.0,25.000,25.073,224.2,25.000,25.438,234.4
33.7210,11982,62298,25.000,24.475,255.0,25.000,25.192,223.5,25.000,25.547,233.8
33.7210,11983,62303,25.000,24.518,255.0,25.000,25.062,224.6,25.000,25.418,234.8
33.7210,11984,62308,25.000,24.704,255.0,25.000,25.249,223.1,25.000,25.421,234.4
33.7210,11985,62313,25.000,24.172,255.0,25.000,25.440,222.3,25.000,25.432,234.3
33.7210,11986,62318,25.000,24.169,255.0,25.000,25.616,221.5,25.000,25.246,235.5
33.7210,11987,62323,25.000,24.172,255.0,25.000,25.612,221.9,25.000,25.245,235.0
33.7210,11988,62328,25.000,23.976,255.0,25.000,25.609,221.9,25.000,25.238,235.0
33.7210,11989,62333,25.000,23.813,255.0,25.000,25.809,220.5,25.000,25.257,234.9
33.7210,11990,62338,25.000,23.594,255.0,25.000,25.223,224.7,25.000,25.401,234.0
33.7210,11991,62343,25.000,23.594,255.0,25.000,25.222,223.3,25.000,25.400,234.3
33.7210,11992,62348,25.000,23.276,255.0,25.000,25.450,221.7,25.000,25.270,235.1
33.7210,11993,62353,25.000,23.249,255.0,25.000,25.238,223.6,25.000,25.240,234.9
33.7210,11994,62358,25.000,23.438,255.0,25.000,25.429,221.8,25.000,25.242,234.8
33.7677,11995,62363,25.000,23.810,255.0,25.000,25.256,223.4,25.000,25.250,234.7
33.7677,11996,62368,25.000,23.996,255.0,25.000,25.267,222.9,25.000,25.263,234.6
33.7677,11997,62373,25.000,23.642,255.0,25.000,25.282,222.8,25.000,25.276,234.5
33.7677,11998,62378,25.000,24.017,255.0,25.000,25.288,222.7,25.000,25.102,235.7
33.7677,11999,62383,25.000,23.980,255.0,25.000,25.244,223.0,25.000,25.059,235.5
33.7677,12000,62388,25.000,24.180,255.0,25.000,25.627,220.4,25.000,25.078,235.3
33.7677,12001,62393,25.000,24.135,255.0,25.000,25.940,219.2,25.000,25.030,235.6
33.7677,12002,62398,25.000,24.515,255.0,25.000,25.411,223.3,25.000,25.052,235.4
33.8313,12003,62403,25.000,24.698,255.0,25.000,25.414,221.9,25.000,25.054,235.4
33.8313,12004,62408,25.000,24.473,255.0,25.000,25.365,222.2,25.000,25.191,234.5
33.8313,12005,62413,25.000,24.100,255.0,25.000,25.364,222.1,25.000,25.008,236.0
33.8313,12006,62418,25.000,24.131,255.0,25.000,25.214,223.0,25.000,25.039,235.4
33.8313,12007,62423,25.000,24.353,255.0,25.000,24.889,224.7,25.000,25.087,235.1
33.8313,12008,62428,25.000,24.315,255.0,25.000,25.031,223.0,25.000,25.230,234.3
33.8313,12009,62433,25.000,24.168,255.0,25.000,24.889,224.3,25.000,25.269,234.4
33.8313,12010,62438,25.000,24.129,255.0,25.000,25.205,221.9,25.000,25.224,234.7
33.8941,12011,62443,25.000,24.178,255.0,25.000,24.893,224.7,25.000,25.273,234.3
33.8941,12012,62448,25.000,23.807,255.0,25.000,25.068,222.8,25.000,25.083,235.6
33.8941,12013,62453,25.000,23.800,255.0,25.000,25.069,223.2,25.000,25.260,234.0
33.8941,12014,62458,25.000,23.990,255.0,25.000,25.081,223.1,25.000,25.089,235.5
33.8941,12015,62463,25.000,24.006,255.0,25.000,25.096,223.0,25.000,25.283,233.8
33.8941,12016,62468,25.000,23.634,255.0,25.000,25.448,220.8,25.000,25.276,234.3
33.8941,12017,62473,25.000,23.787,255.0,25.000,25.782,219.4,25.000,25.236,234.5
33.8941,12018,62478,25.000,23.794,255.0,25.000,25.611,221.2,25.000,25.247,234.3
33.8941,12019,62483,25.000,23.588,255.0,25.000,25.576,221.0,25.000,25.211,234.5
33.8941,12020,62488,25.000,23.457,255.0,25.000,25.457,221.6,25.000,25.272,234.0
33.8941,12021,62493,25.000,23.233,255.0,25.000,25.420,221.5,25.000,25.234,234.4
33.8941,12022,62498,25.000,23.360,255.0,25.000,25.364,221.7,25.000,25.357,233.5
33.8941,12023,62503,25.000,23.089,255.0,25.000,25.091,223.3,25.000,25.277,234.2
33.8941,12024,62508,25.000,22.886,255.0,25.000,24.882,224.0,25.000,25.432,233.0
33.8941,12025,62513,25.000,23.025,255.0,25.000,25.012,222.7,25.000,25.385,233.6
33.8941,12026,62518,25.000,23.434,255.0,25.000,24.699,225.0,25.000,25.437,233.1
33.9631,12027,62523,25.000,23.580,255.0,25.000,24.659,224.6,25.000,25.397,233.5
33.9631,12028,62528,25.000,23.402,255.0,25.000,24.482,225.7,25.000,25.398,233.3
33.9631,12029,62533,25.000,23.820,255.0,25.000,24.364,226.1,25.000,25.466,232.8
33.9631,12030,62538,25.000,23.619,255.0,25.000,24.157,227.2,25.000,25.259,234.3
33.9631,12031,62543,25.000,23.422,255.0,25.000,24.140,226.9,25.000,25.243,233.9
33.9631,12032,62548,25.000,23.087,255.0,25.000,24.345,225.6,25.000,25.443,232.5
33.9631,12033,62553,25.000,22.842,255.0,25.000,24.818,223.1,25.000,25.367,233.4
33.9631,12034,62558,25.000,22.703,255.0,25.000,24.871,223.9,25.000,25.241,234.0
33.9631,12035,62563,25.000,22.377,255.0,25.000,24.730,225.0,25.000,25.279,233.5
33.9631,12036,62568,25.000,22.161,255.0,25.000,24.695,224.9,25.000,25.242,233.8
33.9631,12037,62573,25.000,21.783,255.0,25.000,24.502,226.1,25.000,25.221,233.8
33.9631,12038,62578,25.000,21.820,255.0,25.000,24.720,224.3,25.000,25.267,233.4
33.9631,12039,62583,25.000,21.571,255.0,25.000,25.010,223.0,25.000,25.193,234.0
33.9631,12040,62588,25.000,21.783,255.0,25.000,24.857,224.7,25.000,25.403,232.4
33.9631,12041,62593,25.000,22.164,255.0,25.000,24.874,224.2,25.000,25.425,232.7
33.9631,12042,62598,25.000,22.361,255.0,25.000,24.710,225.3,25.000,25.086,234.9
34.0176,12043,62603,25.000,22.935,255.0,25.000,24.380,227.1,25.000,24.749,236.3
34.0176,12044,62608,25.000,23.032,255.0,25.000,24.638,224.7,25.000,24.652,236.1
34.0176,12045,62613,25.000,23.617,255.0,25.000,24.692,225.0,25.000,24.336,238.0
34.0176,12046,62618,25.000,23.972,255.0,25.000,24.680,225.3,25.000,24.140,238.6
34.0176,12047,62623,25.000,24.020,255.0,25.000,24.730,224.9,25.000,24.018,239.0
34.0176,12048,62628,25.000,23.963,255.0,25.000,24.843,224.4,25.000,23.767,240.5
34.0176,12049,62633,25.000,24.014,255.0,25.000,24.356,227.8,25.000,23.824,239.6
34.0176,12050,62638,25.000,23.982,255.0,25.000,24.512,225.7,25.000,23.615,241.3
34.0847,12051,62643,25.000,23.817,255.0,25.000,24.525,226.1,25.000,23.438,242.1
34.0847,12052,62648,25.000,23.775,255.0,25.000,24.660,225.3,25.000,23.577,240.9
34.0847,12053,62653,25.000,23.756,255.0,25.000,24.831,224.5,25.000,23.749,240.3
34.0847,12054,62658,25.000,24.007,255.0,25.000,24.367,228.0,25.000,23.822,240.4
34.0847,12055,62663,25.000,23.740,255.0,25.000,23.908,229.9,25.000,24.091,239.0
34.0847,12056,62668,25.000,23.773,255.0,25.000,23.757,229.9,25.000,24.124,239.5
34.0847,12057,62673,25.000,23.764,255.0,25.000,23.746,229.8,25.000,24.292,238.6
34.0847,12058,62678,25.000,23.602,255.0,25.000,23.592,230.9,25.000,24.136,240.1
34.0847,12059,62683,25.000,23.224,255.0,25.000,23.932,228.5,25.000,24.112,240.0
34.0847,12060,62688,25.000,23.234,255.0,25.000,24.126,228.1,25.000,24.121,239.9
34.0847,12061,62693,25.000,23.066,255.0,25.000,23.967,229.7,25.000,24.331,238.7
34.0847,12062,62698,25.000,23.255,255.0,25.000,23.978,229.4,25.000,24.341,239.2
34.0847,12063,62703,25.000,22.544,255.0,25.000,23.811,230.6,25.000,24.542,238.0
34.0847,12064,62708,25.000,22.350,255.0,25.000,23.984,229.3,25.000,24.531,238.6
34.0847,12065,62713,25.000,22.374,255.0,25.000,24.189,228.5,25.000,24.379,239.6
34.0847,12066,62718,25.000,21.413,255.0,25.000,24.491,227.1,25.000,24.316,239.7
34.1416,12067,62723,25.000,21.773,255.0,25.000,24.303,229.1,25.000,24.132,240.9
34.1416,12068,62728,25.000,21.460,255.0,25.000,24.192,229.4,25.000,24.378,238.9
34.1416,12069,62733,25.000,21.809,255.0,25.000,24.004,230.5,25.000,24.191,240.8
34.1416,12070,62738,25.000,21.618,255.0,25.000,23.627,232.6,25.000,24.180,240.5
34.1416,12071,62743,25.000,21.966,255.0,25.000,23.238,234.4,25.000,24.157,240.7
34.1416,12072,62748,25.000,22.172,255.0,25.000,22.723,237.0,25.000,24.002,241.8
34.1416,12073,62753,25.000,22.681,255.0,25.000,22.144,239.8,25.000,23.960,241.8
34.1416,12074,62758,25.000,23.081,255.0,25.000,21.989,239.8,25.000,24.172,240.4
34.2042,12075,62763,25.000,23.439,255.0,25.000,21.981,239.8,25.000,24.345,239.9
34.2042,12076,62768,25.000,24.489,254.5,25.000,21.604,242.6,25.000,24.504,239.4
34.2042,12077,62773,25.000,24.565,255.0,25.000,21.674,241.6,25.000,24.580,239.3
34.2042,12078,62778,25.000,25.248,252.3,25.000,21.434,243.7,25.000,24.702,238.8
34.2042,12079,62783,25.000,25.406,252.9,25.000,21.233,244.9,25.000,24.857,238.1
34.2042,12080,62788,25.000,25.758,251.0,25.000,21.402,243.7,25.000,25.025,237.4
34.2042,12081,62793,25.000,25.744,251.8,25.000,21.935,241.0,25.000,25.010,237.9
34.2042,12082,62798,25.000,25.387,254.0,25.000,22.486,239.1,25.000,25.198,236.6
34.2042,12083,62803,25.000,25.562,252.0,25.000,23.012,237.3,25.000,25.183,237.1
34.2042,12084,62808,25.000,25.409,253.3,25.000,23.236,237.3,25.000,25.038,238.0
34.2042,12085,62813,25.000,25.066,255.0,25.000,23.441,236.7,25.000,25.063,237.5
34.2042,12086,62818,25.000,24.558,255.0,25.000,23.461,237.3,25.000,25.086,237.4
34.2042,12087,62823,25.000,24.141,255.0,25.000,23.603,236.6,25.000,25.225,236.6
34.2042,12088,62828,25.000,23.959,255.0,25.000,23.962,234.7,25.000,25.222,236.9
34.2042,12089,62833,25.000,23.976,255.0,25.000,24.338,233.3,25.000,24.881,239.1
34.2042,12090,62838,25.000,23.648,255.0,25.000,24.561,232.8,25.000,24.740,239.2
34.2527,12091,62843,25.000,23.615,255.0,25.000,24.523,233.6,25.000,24.343,241.5
34.2535,12092,62848,25.000,23.613,255.0,25.000,24.513,233.6,25.000,23.972,243.0
34.2535,12093,62853,25.000,23.489,255.0,25.000,24.589,233.2,25.000,23.499,245.3
34.2535,12094,62858,25.000,23.020,255.0,25.000,24.475,234.1,25.000,23.206,246.3
34.2535,12095,62863,25.000,23.191,255.0,25.000,24.464,234.0,25.000,23.014,247.0
34.2535,12096,62868,25.000,23.429,255.0,25.000,24.706,232.5,25.000,22.712,248.7
34.2535,12097,62873,25.000,23.565,255.0,25.000,25.012,231.1,25.000,22.476,249.8
34.2535,12098,62878,25.000,23.254,255.0,25.000,25.079,231.4,25.000,22.356,250.3
34.3140,12099,62883,25.000,23.254,255.0,25.000,25.075,231.6,25.000,22.531,249.2
34.3140,12100,62888,25.000,23.424,255.0,25.000,25.061,231.6,25.000,22.519,250.0
34.3140,12101,62893,25.000,23.289,255.0,25.000,25.299,230.0,25.000,22.750,248.7
34.3140,12102,62898,25.000,23.253,255.0,25.000,25.264,230.8,25.000,22.897,248.6
34.3140,12103,62903,25.000,23.386,255.0,25.000,25.384,229.9,25.000,23.208,247.2
34.3140,12104,62908,25.000,23.611,255.0,25.000,25.611,228.7,25.000,23.432,246.7
34.3140,12105,62913,25.000,23.635,255.0,25.000,25.637,229.0,25.000,23.457,247.2
34.3140,12106,62918,25.000,23.449,255.0,25.000,25.817,227.8,25.000,23.821,245.1
34.3788,12107,62923,25.000,23.636,255.0,25.000,25.826,228.1,25.000,23.828,246.0
34.3788,12108,62928,25.000,24.128,255.0,25.000,25.763,228.4,25.000,23.953,245.4
34.3788,12109,62933,25.000,24.144,255.0,25.000,25.786,228.0,25.000,23.970,245.7
34.3788,12110,62938,25.000,24.139,255.0,25.000,26.142,225.7,25.000,24.149,244.7
34.3788,12111,62943,25.000,24.273,255.0,25.000,25.907,227.9,25.000,24.279,244.4
34.3788,12112,62948,25.000,24.501,255.0,25.000,25.960,226.9,25.000,24.509,243.3
34.3788,12113,62953,25.000,24.336,255.0,25.000,26.161,225.6,25.000,24.709,242.6
34.3788,12114,62958,25.000,24.555,255.0,25.000,26.201,225.7,25.000,24.746,242.8
34.3788,12115,62963,25.000,24.176,255.0,25.000,26.175,225.8,25.000,24.902,241.9
34.3788,12116,62968,25.000,24.156,255.0,25.000,26.158,225.7,25.000,24.886,242.4
34.3788,12117,62973,25.000,23.942,255.0,25.000,26.121,225.8,25.000,25.209,240.3
34.3788,12118,62978,25.000,24.002,255.0,25.000,26.180,225.2,25.000,25.082,241.9
34.3788,12119,62983,25.000,23.826,255.0,25.000,26.182,225.2,25.000,25.447,239.2
34.3788,12120,62988,25.000,23.770,255.0,25.000,25.934,226.7,25.000,25.385,240.4
34.3788,12121,62993,25.000,23.641,255.0,25.000,25.992,225.6,25.000,25.443,239.8
34.3788,12122,62998,25.000,23.845,255.0,25.000,26.015,225.5,25.000,25.284,241.0
34.4380,12123,63003,25.000,23.792,255.0,25.000,25.770,227.0,25.000,25.393,239.8
34.4380,12124,63008,25.000,23.912,255.0,25.000,25.887,225.6,25.000,25.518,239.2
34.4380,12125,63013,25.000,24.310,255.0,25.000,25.929,225.5,25.000,25.560,239.2
34.4380,12126,63018,25.000,24.465,255.0,25.000,25.897,225.7,25.000,25.527,239.5
34.4380,12127,63023,25.000,24.741,255.0,25.000,25.822,226.0,25.000,25.268,241.0
34.4380,12128,63028,25.000,24.819,255.0,25.000,25.898,225.2,25.000,25.529,238.7
34.4380,12129,63033,25.000,24.666,255.0,25.000,25.931,225.1,25.000,25.384,240.2
34.4380,12130,63038,25.000,24.885,254.9,25.000,25.796,225.9,25.000,25.422,239.5
34.5022,12131,63043,25.000,25.055,254.4,25.000,25.775,225.7,25.000,25.401,239.7
34.5022,12132,63048,25.000,25.034,254.9,25.000,25.758,225.6,25.000,25.569,238.5
34.5022,12133,63053,25.000,24.904,255.0,25.000,26.001,223.9,25.000,25.457,239.6
34.5022,12134,63058,25.000,24.566,255.0,25.000,25.665,226.6,25.000,25.482,239.1
34.5022,12135,63063,25.000,24.691,255.0,25.000,25.609,226.1,25.000,25.420,239.5
34.5022,12136,63068,25.000,24.920,254.8,25.000,25.657,225.5,25.000,25.474,239.0
34.5022,12137,63073,25.000,24.881,255.0,25.000,25.613,225.9,25.000,25.615,238.1
34.5022,12138,63078,25.000,24.372,255.0,25.000,25.641,225.5,25.000,25.463,239.4
34.5022,12139,63083,25.000,24.364,255.0,25.000,25.630,225.6,25.000,25.452,239.0
34.5022,12140,63088,25.000,24.378,255.0,25.000,25.647,225.4,25.000,25.470,238.8
34.5022,12141,63093,25.000,24.169,255.0,25.000,25.626,225.5,25.000,25.448,239.0
34.5022,12142,63098,25.000,23.988,255.0,25.000,25.623,225.4,25.000,25.444,238.9
34.5022,12143,63103,25.000,24.138,255.0,25.000,25.404,226.7,25.000,25.407,239.1
34.5022,12144,63108,25.000,24.122,255.0,25.000,25.570,225.1,25.000,25.391,239.0
34.5022,12145,63113,25.000,23.825,255.0,25.000,25.638,225.0,25.000,25.463,238.5
34.5022,12146,63118,25.000,23.602,255.0,25.000,25.596,225.3,25.000,25.416,238.9
34.5631,12147,63123,25.000,23.219,255.0,25.000,25.746,224.2,25.000,25.384,238.9
34.5631,12148,63128,25.000,23.642,255.0,25.000,25.452,226.4,25.000,25.451,238.4
34.5631,12149,63133,25.000,23.437,255.0,25.000,25.429,225.8,25.000,25.252,239.8
34.5631,12150,63138,25.000,23.398,255.0,25.000,25.386,225.9,25.000,25.210,239.6
34.5631,12151,63143,25.000,23.407,255.0,25.000,25.393,225.7,25.000,25.216,239.4
34.5631,12152,63148,25.000,23.429,255.0,25.000,25.415,225.6,25.000,25.239,239.2
34.5631,12153,63153,25.000,23.477,255.0,25.000,25.471,225.2,25.000,25.295,238.9
34.5631,12154,63158,25.000,23.610,255.0,25.000,25.598,224.5,25.000,25.244,239.3
34.5631,12155,63163,25.000,23.795,255.0,25.000,25.594,224.7,25.000,25.240,239.2
34.5631,12156,63168,25.000,23.984,255.0,25.000,25.423,225.8,25.000,25.251,239.1
34.5631,12157,63173,25.000,24.197,255.0,25.000,24.919,228.6,25.000,25.294,238.8
34.5631,12158,63178,25.000,24.097,255.0,25.000,24.644,229.2,25.000,25.194,239.5
34.5631,12159,63183,25.000,24.505,255.0,25.000,24.141,231.8,25.000,25.231,239.0
34.5631,12160,63188,25.000,24.666,255.0,25.000,24.124,230.8,25.000,25.396,238.0
34.5631,12161,63193,25.000,24.536,255.0,25.000,24.000,231.7,25.000,25.274,239.2
34.5631,12162,63198,25.000,24.477,255.0,25.000,23.759,233.1,25.000,25.208,239.3
34.6251,12163,63203,25.000,23.938,255.0,25.000,23.397,235.0,25.000,25.211,239.1
34.6251,12164,63208,25.000,23.823,255.0,25.000,23.475,233.8,25.000,25.288,238.6
34.6251,12165,63213,25.000,23.413,255.0,25.000,23.069,236.8,25.000,25.245,239.0
34.6251,12166,63218,25.000,23.533,255.0,25.000,23.189,235.3,25.000,25.183,239.3
34.6251,12167,63223,25.000,23.742,255.0,25.000,23.215,235.6,25.000,25.213,238.9
34.6251,12168,63228,25.000,23.624,255.0,25.000,23.451,234.3,25.000,25.276,238.5
34.6251,12169,63233,25.000,23.965,255.0,25.000,23.976,231.7,25.000,25.253,238.8
34.6251,12170,63238,25.000,23.260,255.0,25.000,23.808,234.1,25.000,24.901,241.0
34.6978,12171,63243,25.000,23.596,255.0,25.000,23.952,232.9,25.000,24.864,240.4
34.6978,12172,63248,25.000,23.471,255.0,25.000,24.199,231.8,25.000,24.750,241.1
34.6978,12173,63253,25.000,23.794,255.0,25.000,24.519,230.4,25.000,24.526,242.3
34.6978,12174,63258,25.000,23.958,255.0,25.000,24.317,232.5,25.000,24.501,242.0
34.6978,12175,63263,25.000,24.309,255.0,25.000,24.845,228.7,25.000,24.305,243.3
34.6978,12176,63268,25.000,23.650,255.0,25.000,24.911,229.5,25.000,24.372,242.4
34.6978,12177,63273,25.000,23.576,255.0,25.000,25.207,227.8,25.000,24.299,243.1
34.6978,12178,63278,25.000,23.619,255.0,25.000,25.435,227.0,25.000,24.160,243.9
34.6978,12179,63283,25.000,23.556,255.0,25.000,25.365,227.9,25.000,24.095,244.1
34.6978,12180,63288,25.000,24.148,255.0,25.000,25.425,227.3,25.000,23.971,244.9
34.6978,12181,63293,25.000,23.992,255.0,25.000,25.461,227.2,25.000,23.820,245.7
34.6978,12182,63298,25.000,24.317,255.0,25.000,25.416,227.5,25.000,23.778,245.7
34.6978,12183,63303,25.000,24.123,255.0,25.000,25.394,227.5,25.000,23.758,245.9
34.6978,12184,63308,25.000,24.159,255.0,25.000,25.431,227.2,25.000,23.611,247.0
34.6978,12185,63313,25.000,24.152,255.0,25.000,25.423,227.3,25.000,23.783,245.7
34.6978,12186,63318,25.000,24.723,254.7,25.000,25.449,227.0,25.000,23.626,247.2
34.7457,12187,63323,25.000,24.562,255.0,25.000,25.463,226.9,25.000,23.639,246.9
34.7457,12188,63328,25.000,24.720,255.0,25.000,25.439,227.1,25.000,23.617,247.3
34.7457,12189,63333,25.000,24.569,255.0,25.000,25.478,226.7,25.000,23.833,246.0
34.7457,12190,63338,25.000,24.392,255.0,25.000,25.475,226.8,25.000,24.016,245.4
34.7457,12191,63343,25.000,24.118,255.0,25.000,25.539,226.3,25.000,24.094,245.5
34.7457,12192,63348,25.000,23.957,255.0,25.000,25.386,227.4,25.000,23.939,246.8
34.7457,12193,63353,25.000,24.338,255.0,25.000,25.411,226.8,25.000,23.962,246.4
34.7457,12194,63358,25.000,24.316,255.0,25.000,25.206,228.2,25.000,23.939,246.7
34.8104,12195,63363,25.000,24.559,255.0,25.000,25.080,228.5,25.000,23.814,247.6
34.8104,12196,63368,25.000,24.144,255.0,25.000,25.028,228.5,25.000,23.944,246.6
34.8104,12197,63373,25.000,23.806,255.0,25.000,24.882,229.3,25.000,23.796,248.0
34.8104,12198,63378,25.000,23.795,255.0,25.000,24.504,231.4,25.000,23.786,247.8
34.8104,12199,63383,25.000,23.789,255.0,25.000,24.493,230.7,25.000,23.775,248.0
34.8104,12200,63388,25.000,23.786,255.0,25.000,24.309,231.9,25.000,23.774,248.1
34.8104,12201,63393,25.000,23.827,255.0,25.000,23.825,234.7,25.000,24.006,246.7
34.8104,12202,63398,25.000,24.008,255.0,25.000,23.634,234.9,25.000,24.180,246.3
34.8104,12203,63403,25.000,23.970,255.0,25.000,23.414,236.0,25.000,24.317,245.9
34.8104,12204,63408,25.000,23.786,255.0,25.000,23.229,236.9,25.000,24.496,245.1
34.8104,12205,63413,25.000,23.391,255.0,25.000,23.026,238.0,25.000,24.477,245.7
34.8104,12206,63418,25.000,23.772,255.0,25.000,22.860,238.8,25.000,24.493,245.7
34.8104,12207,63423,25.000,24.145,255.0,25.000,22.868,238.6,25.000,24.687,244.5
34.8104,12208,63428,25.000,24.113,255.0,25.000,23.021,237.9,25.000,24.833,244.0
34.8104,12209,63433,25.000,24.170,255.0,25.000,22.896,239.3,25.000,24.895,244.0
34.8104,12210,63438,25.000,24.297,255.0,25.000,23.203,237.2,25.000,25.018,243.4
34.8781,12211,63443,25.000,24.509,255.0,25.000,23.224,238.0,25.000,25.043,243.5
34.8781,12212,63448,25.000,24.308,255.0,25.000,23.572,236.0,25.000,25.208,242.5
34.8781,12213,63453,25.000,24.316,255.0,25.000,23.767,235.7,25.000,25.226,242.7
34.8781,12214,63458,25.000,24.380,255.0,25.000,24.014,234.7,25.000,25.111,243.5
34.8781,12215,63463,25.000,24.364,255.0,25.000,24.357,233.2,25.000,25.271,242.2
34.8781,12216,63468,25.000,24.352,255.0,25.000,24.529,233.0,25.000,25.261,242.6
34.8781,12217,63473,25.000,23.973,255.0,25.000,24.693,232.4,25.000,25.242,242.7
34.8781,12218,63478,25.000,23.810,255.0,25.000,24.711,232.7,25.000,25.263,242.4
34.8791,12219,63483,25.000,23.605,255.0,25.000,24.861,231.8,25.000,25.228,242.7
34.8791,12220,63488,25.000,23.424,255.0,25.000,23.969,238.0,25.000,25.409,241.4
34.8791,12221,63493,25.000,23.637,255.0,25.000,23.636,238.1,25.000,25.269,242.7
34.8791,12222,63498,25.000,23.821,255.0,25.000,23.092,241.0,25.000,25.270,242.3
34.8791,12223,63503,25.000,23.662,255.0,25.000,22.751,242.2,25.000,25.465,241.0
34.8791,12224,63508,25.000,23.808,255.0,25.000,22.341,244.3,25.000,25.609,240.5
34.8791,12225,63513,25.000,23.430,255.0,25.000,21.781,247.2,25.000,25.588,240.9
34.8791,12226,63518,25.000,23.083,255.0,25.000,21.436,248.5,25.000,25.607,240.7
34.9366,12227,63523,25.000,23.230,255.0,25.000,21.022,250.8,25.000,25.549,241.0
34.9366,12228,63528,25.000,23.247,255.0,25.000,20.866,251.3,25.000,25.577,240.6
34.9366,12229,63533,25.000,23.088,255.0,25.000,20.355,254.7,25.000,25.623,240.3
34.9366,12230,63538,25.000,22.380,255.0,25.000,20.900,250.5,25.000,25.449,241.5
34.9366,12231,63543,25.000,22.312,255.0,25.000,21.387,249.1,25.000,25.559,240.3
34.9366,12232,63548,25.000,22.179,255.0,25.000,21.798,248.0,25.000,25.614,240.2
34.9366,12233,63553,25.000,21.631,255.0,25.000,21.965,248.2,25.000,25.421,241.5
34.9366,12234,63558,25.000,21.569,255.0,25.000,22.455,245.8,25.000,25.538,240.2
35.0013,12235,63563,25.000,21.835,255.0,25.000,22.538,246.7,25.000,25.450,241.0
35.0013,12236,63568,25.000,22.165,255.0,25.000,22.868,245.1,25.000,25.596,239.8
35.0013,12237,63573,25.000,22.587,255.0,25.000,22.937,245.7,25.000,25.491,240.8
35.0013,12238,63578,25.000,22.703,255.0,25.000,23.229,244.2,25.000,25.594,239.8
35.0013,12239,63583,25.000,23.052,255.0,25.000,23.759,241.6,25.000,25.570,240.1
35.0013,12240,63588,25.000,23.764,255.0,25.000,24.289,239.6,25.000,25.566,240.0
35.0013,12241,63593,25.000,23.607,255.0,25.000,24.129,242.0,25.000,25.588,239.8
35.0013,12242,63598,25.000,23.598,255.0,25.000,23.938,242.9,25.000,25.578,239.8
35.0013,12243,63603,25.000,24.686,253.6,25.000,23.944,242.5,25.000,25.408,240.9
35.0013,12244,63608,25.000,24.389,255.0,25.000,23.840,243.4,25.000,25.122,242.3
35.0013,12245,63613,25.000,24.689,255.0,25.000,23.419,246.0,25.000,24.877,243.2
35.0013,12246,63618,25.000,24.531,255.0,25.000,23.078,247.4,25.000,24.538,244.8
35.0013,12247,63623,25.000,24.473,255.0,25.000,22.847,248.3,25.000,24.661,243.2
35.0013,12248,63628,25.000,24.194,255.0,25.000,22.748,248.6,25.000,24.387,245.4
35.0013,12249,63633,25.000,23.980,255.0,25.000,22.717,248.9,25.000,24.173,246.2
35.0013,12250,63638,25.000,24.196,255.0,25.000,22.212,252.3,25.000,24.028,246.7
35.0603,12251,63643,25.000,24.337,255.0,25.000,22.174,251.7,25.000,23.983,246.8
35.0603,12252,63648,25.000,24.103,255.0,25.000,22.485,249.9,25.000,23.746,248.3
35.0603,12253,63653,25.000,23.633,255.0,25.000,22.749,249.2,25.000,24.011,246.2
35.0603,12254,63658,25.000,23.572,255.0,25.000,23.037,248.2,25.000,23.760,248.5
35.0603,12255,63663,25.000,23.245,255.0,25.000,23.804,244.1,25.000,23.979,246.7
35.0603,12256,63668,25.000,23.233,255.0,25.000,24.158,243.8,25.000,24.151,246.2
35.0603,12257,63673,25.000,22.883,255.0,25.000,24.891,240.0,25.000,24.165,246.6
35.0603,12258,63678,25.000,23.232,255.0,25.000,25.054,240.7,25.000,24.146,246.9
35.1229,12259,63683,25.000,22.891,255.0,25.000,24.891,242.1,25.000,24.345,245.6
35.1229,12260,63688,25.000,22.694,255.0,25.000,25.056,240.7,25.000,24.508,245.1
35.1229,12261,63693,25.000,22.544,255.0,25.000,25.275,239.7,25.000,24.553,245.3
35.1229,12262,63698,25.000,22.746,255.0,25.000,25.295,240.0,25.000,24.752,244.1
35.1229,12263,63703,25.000,22.653,255.0,25.000,25.010,241.9,25.000,24.644,245.3
35.1229,12264,63708,25.000,22.730,255.0,25.000,24.736,243.0,25.000,25.096,242.2
35.1229,12265,63713,25.000,23.058,255.0,25.000,24.331,245.0,25.000,25.057,243.5
35.1229,12266,63718,25.000,23.078,255.0,25.000,24.349,244.0,25.000,25.076,243.3
35.1229,12267,63723,25.000,23.225,255.0,25.000,24.300,244.4,25.000,25.030,243.6
35.1229,12268,63728,25.000,23.252,255.0,25.000,24.150,245.4,25.000,25.249,242.1
35.1229,12269,63733,25.000,23.413,255.0,25.000,24.496,242.9,25.000,25.229,242.7
35.1229,12270,63738,25.000,23.621,255.0,25.000,24.521,243.6,25.000,25.259,242.4
35.1229,12271,63743,25.000,23.757,255.0,25.000,24.826,241.7,25.000,25.204,242.8
35.1229,12272,63748,25.000,23.999,255.0,25.000,24.891,242.0,25.000,25.268,242.2
35.1229,12273,63753,25.000,24.207,255.0,25.000,25.101,240.8,25.000,25.301,242.2
35.1229,12274,63758,25.000,24.165,255.0,25.000,25.418,239.3,25.000,25.249,242.5
35.1870,12275,63763,25.000,23.973,255.0,25.000,25.767,237.7,25.000,25.416,241.3
35.1870,12276,63768,25.000,23.759,255.0,25.000,25.910,237.5,25.000,25.380,241.9
35.1870,12277,63773,25.000,24.005,255.0,25.000,25.815,238.4,25.000,25.462,241.2
35.1870,12278,63778,25.000,23.799,255.0,25.000,25.969,237.0,25.000,25.430,241.6
35.1870,12279,63783,25.000,24.152,255.0,25.000,25.955,237.4,25.000,25.420,241.5
35.1870,12280,63788,25.000,24.149,255.0,25.000,26.133,236.1,25.000,25.595,240.3
35.1870,12281,63793,25.000,23.974,255.0,25.000,26.145,236.3,25.000,25.607,240.6
35.1870,12282,63798,25.000,23.948,255.0,25.000,26.116,236.4,25.000,25.577,240.7
35.2479,12283,63803,25.000,24.117,255.0,25.000,26.276,235.2,25.000,25.559,240.7
35.2479,12284,63808,25.000,24.458,255.0,25.000,26.258,235.5,25.000,25.542,240.7
35.2479,12285,63813,25.000,24.307,255.0,25.000,26.292,235.1,25.000,25.576,240.4
35.2479,12286,63818,25.000,24.375,255.0,25.000,26.381,234.5,25.000,25.660,239.9
35.2479,12287,63823,25.000,23.988,255.0,25.000,26.349,234.7,25.000,25.627,240.2
35.2479,12288,63828,25.000,23.931,255.0,25.000,26.110,236.0,25.000,25.560,240.5
35.2479,12289,63833,25.000,23.594,255.0,25.000,26.144,235.1,25.000,25.776,238.8
35.2479,12290,63838,25.000,23.435,255.0,25.000,26.171,234.9,25.000,25.442,241.5
35.2479,12291,63843,25.000,23.105,255.0,25.000,26.196,234.7,25.000,25.645,239.3
35.2479,12292,63848,25.000,22.881,255.0,25.000,26.339,233.7,25.000,25.608,239.9
35.2479,12293,63853,25.000,22.915,255.0,25.000,26.207,234.7,25.000,25.654,239.5
35.2479,12294,63858,25.000,22.939,255.0,25.000,26.224,234.1,25.000,25.487,240.6
35.2479,12295,63863,25.000,22.881,255.0,25.000,26.336,233.3,25.000,25.243,241.7
35.2479,12296,63868,25.000,22.684,255.0,25.000,26.131,234.8,25.000,25.039,242.4
35.2479,12297,63873,25.000,22.528,255.0,25.000,26.348,232.7,25.000,24.890,242.9
35.2479,12298,63878,25.000,22.882,255.0,25.000,26.524,231.9,25.000,24.716,243.7
35.3124,12299,63883,25.000,23.087,255.0,25.000,26.359,233.3,25.000,24.365,245.6
35.3124,12300,63888,25.000,22.702,255.0,25.000,26.523,231.6,25.000,24.525,243.8
35.3124,12301,63893,25.000,22.885,255.0,25.000,26.356,232.9,25.000,24.176,246.5
35.3124,12302,63898,25.000,22.706,255.0,25.000,26.351,232.4,25.000,24.172,245.8
35.3124,12303,63903,25.000,22.525,255.0,25.000,26.531,231.1,25.000,23.988,247.1
35.3124,12304,63908,25.000,22.124,255.0,25.000,26.307,232.8,25.000,24.130,245.8
35.3124,12305,63913,25.000,22.367,255.0,25.000,26.201,232.8,25.000,24.379,244.6
35.3124,12306,63918,25.000,23.067,255.0,25.000,26.347,231.5,25.000,24.347,245.5
35.3737,12307,63923,25.000,23.382,255.0,25.000,26.284,232.1,25.000,24.469,244.7
35.3737,12308,63928,25.000,23.073,255.0,25.000,26.336,231.4,25.000,24.702,243.6
35.3737,12309,63933,25.000,22.880,255.0,25.000,26.151,232.6,25.000,24.700,244.2
35.3737,12310,63938,25.000,23.365,255.0,25.000,25.902,233.7,25.000,24.808,243.5
35.3737,12311,63943,25.000,23.545,255.0,25.000,25.900,233.0,25.000,24.810,243.8
35.3737,12312,63948,25.000,23.570,255.0,25.000,25.930,232.7,25.000,24.835,243.6
35.3737,12313,63953,25.000,23.748,255.0,25.000,25.563,235.0,25.000,25.014,242.5
35.3737,12314,63958,25.000,23.970,255.0,25.000,25.793,232.6,25.000,25.062,242.7
35.3737,12315,63963,25.000,24.115,255.0,25.000,25.749,233.3,25.000,25.015,243.1
35.3737,12316,63968,25.000,23.740,255.0,25.000,25.552,234.4,25.000,25.185,241.8
35.3737,12317,63973,25.000,23.966,255.0,25.000,25.433,234.6,25.000,25.241,241.9
35.3737,12318,63978,25.000,23.981,255.0,25.000,25.632,233.0,25.000,25.260,241.9
35.3737,12319,63983,25.000,24.118,255.0,25.000,25.940,231.4,25.000,25.387,241.0
35.3737,12320,63988,25.000,23.459,255.0,25.000,26.012,231.6,25.000,25.286,242.0
35.3737,12321,63993,25.000,23.654,255.0,25.000,26.028,231.5,25.000,25.477,240.4
35.3737,12322,63998,25.000,23.793,255.0,25.000,25.977,231.8,25.000,25.435,241.1
35.4386,12323,64003,25.000,23.966,255.0,25.000,26.144,230.5,25.000,25.599,239.9
35.4386,12324,64008,25.000,23.801,255.0,25.000,25.987,231.7,25.000,25.440,241.3
35.4386,12325,64013,25.000,23.588,255.0,25.000,26.135,230.3,25.000,25.592,239.8
35.4386,12326,64018,25.000,22.879,255.0,25.000,26.339,229.2,25.000,25.610,240.0
35.4386,12327,64023,25.000,21.992,255.0,25.000,26.375,229.3,25.000,25.465,240.9
35.4386,12328,64028,25.000,21.409,255.0,25.000,26.143,230.7,25.000,25.591,239.7
35.4386,12329,64033,25.000,20.897,255.0,25.000,26.183,229.8,25.000,25.630,239.7
35.4386,12330,64038,25.000,21.214,255.0,25.000,26.311,228.9,25.000,25.577,240.1
35.4983,12331,64043,25.000,20.860,255.0,25.000,26.314,229.0,25.000,25.584,239.8
35.4983,12332,64048,25.000,20.876,255.0,25.000,26.155,229.9,25.000,25.599,239.7
35.4983,12333,64053,25.000,20.545,255.0,25.000,26.381,227.9,25.000,25.466,240.5
35.4983,12334,64058,25.000,20.631,255.0,25.000,26.447,227.9,25.000,25.537,239.7
35.4983,12335,64063,25.000,20.507,255.0,25.000,26.325,228.7,25.000,25.416,240.6
35.4983,12336,64068,25.000,21.091,255.0,25.000,26.195,229.1,25.000,25.467,239.9
35.4983,12337,64073,25.000,21.552,255.0,25.000,26.258,228.2,25.000,25.716,238.3
35.4983,12338,64078,25.000,22.256,255.0,25.000,26.416,227.2,25.000,25.516,240.2
35.4983,12339,64083,25.000,22.285,255.0,25.000,26.088,229.6,25.000,25.554,239.4
35.4983,12340,64088,25.000,22.547,255.0,25.000,26.001,229.2,25.000,25.647,238.8
35.4983,12341,64093,25.000,22.714,255.0,25.000,25.808,230.2,25.000,25.635,239.0
35.4983,12342,64098,25.000,22.493,255.0,25.000,25.934,228.8,25.000,25.587,239.2
35.4983,12343,64103,25.000,22.519,255.0,25.000,25.779,230.0,25.000,25.612,238.9
35.4983,12344,64108,25.000,22.191,255.0,25.000,25.811,229.3,25.000,25.642,238.7
35.4983,12345,64113,25.000,22.349,255.0,25.000,25.608,230.6,25.000,25.620,238.8
35.4983,12346,64118,25.000,22.688,255.0,25.000,25.575,230.3,25.000,25.587,238.9
35.5596,12347,64123,25.000,22.700,255.0,25.000,25.586,230.1,25.000,25.419,239.9
35.5596,12348,64128,25.000,22.931,255.0,25.000,25.280,232.0,25.000,25.292,240.2
35.5596,12349,64133,25.000,23.129,255.0,25.000,25.300,231.1,25.000,25.127,241.0
35.5596,12350,64138,25.000,22.869,255.0,25.000,25.387,230.6,25.000,25.036,241.2
35.5596,12351,64143,25.000,22.895,255.0,25.000,25.596,229.4,25.000,25.061,240.8
35.5596,12352,64148,25.000,23.244,255.0,25.000,25.588,229.8,25.000,25.052,240.9
35.5596,12353,64153,25.000,23.409,255.0,25.000,25.568,229.9,25.000,25.034,241.0
35.5596,12354,64158,25.000,23.967,255.0,25.000,25.588,229.6,25.000,25.051,240.8
35.5596,12355,64163,25.000,24.010,255.0,25.000,25.816,228.1,25.000,25.101,240.5
35.5596,12356,64168,25.000,23.797,255.0,25.000,25.781,228.8,25.000,25.066,240.9
35.5596,12357,64173,25.000,24.187,255.0,25.000,25.824,228.4,25.000,25.106,240.5
35.5596,12358,64178,25.000,23.826,255.0,25.000,26.011,227.2,25.000,25.293,239.4
35.5596,12359,64183,25.000,23.921,255.0,25.000,26.262,225.9,25.000,25.366,239.3
35.5596,12360,64188,25.000,23.950,255.0,25.000,26.117,227.3,25.000,25.400,239.2
35.5596,12361,64193,25.000,23.744,255.0,25.000,26.088,227.0,25.000,25.371,239.4
35.5596,12362,64198,25.000,23.786,255.0,25.000,26.137,226.5,25.000,25.420,239.0
35.6215,12363,64203,25.000,23.616,255.0,25.000,26.142,226.4,25.000,25.237,240.3
35.6215,12364,64208,25.000,23.452,255.0,25.000,25.992,227.3,25.000,25.266,239.6
35.6215,12365,64213,25.000,23.732,255.0,25.000,26.092,226.1,25.000,25.189,240.2
35.6215,12366,64218,25.000,23.793,255.0,25.000,26.152,225.9,25.000,24.879,242.0
35.6215,12367,64223,25.000,23.982,255.0,25.000,25.979,227.0,25.000,24.706,242.4
35.6215,12368,64228,25.000,23.781,255.0,25.000,25.957,226.6,25.000,24.503,243.3
35.6215,12369,64233,25.000,24.183,255.0,25.000,26.009,226.1,25.000,24.370,243.8
35.6215,12370,64238,25.000,24.368,255.0,25.000,26.009,226.1,25.000,24.186,244.7
35.6681,12371,64243,25.000,24.534,255.0,25.000,25.812,227.3,25.000,23.990,245.6
35.6681,12372,64248,25.000,24.549,255.0,25.000,25.829,226.6,25.000,24.006,245.2
35.6681,12373,64253,25.000,24.695,255.0,25.000,25.617,227.9,25.000,23.979,245.5
35.6681,12374,64258,25.000,24.663,255.0,25.000,25.395,228.8,25.000,23.938,245.8
35.6681,12375,64263,25.000,24.175,255.0,25.000,25.267,229.1,25.000,23.983,245.6
35.6681,12376,64268,25.000,24.510,255.0,25.000,25.055,230.1,25.000,24.328,243.5
35.6681,12377,64273,25.000,24.159,255.0,25.000,25.065,229.5,25.000,24.520,243.2
35.6681,12378,64278,25.000,24.353,255.0,25.000,25.078,229.5,25.000,24.714,242.4
35.7373,12379,64283,25.000,24.322,255.0,25.000,25.040,229.7,25.000,24.859,242.0
35.7373,12380,64288,25.000,23.941,255.0,25.000,24.839,230.9,25.000,25.022,241.3
35.7373,12381,64293,25.000,24.138,255.0,25.000,25.045,229.1,25.000,25.228,240.3
35.7373,12382,64298,25.000,24.154,255.0,25.000,25.058,229.5,25.000,25.239,240.7
35.7373,12383,64303,25.000,23.992,255.0,25.000,25.261,228.2,25.000,25.259,240.6
35.7373,12384,64308,25.000,24.175,255.0,25.000,25.445,227.5,25.000,25.265,240.6
35.7373,12385,64313,25.000,24.530,255.0,25.000,25.616,226.8,25.000,25.257,240.6
35.7373,12386,64318,25.000,24.310,255.0,25.000,25.580,227.4,25.000,25.390,239.7
35.7373,12387,64323,25.000,24.530,255.0,25.000,25.615,227.0,25.000,25.244,240.9
35.7373,12388,64328,25.000,24.332,255.0,25.000,25.597,227.1,25.000,25.227,240.7
35.7373,12389,64333,25.000,24.183,255.0,25.000,25.460,227.9,25.000,24.905,242.7
35.7373,12390,64338,25.000,24.549,255.0,25.000,25.648,226.3,25.000,24.731,243.1
35.7373,12391,64343,25.000,24.523,255.0,25.000,25.795,225.7,25.000,24.697,242.9
35.7373,12392,64348,25.000,24.350,255.0,25.000,25.258,229.5,25.000,24.527,244.0
35.7373,12393,64353,25.000,24.096,255.0,25.000,25.175,228.7,25.000,24.449,244.1
35.7373,12394,64358,25.000,24.125,255.0,25.000,25.383,227.1,25.000,24.475,243.8
35.7974,12395,64363,25.000,24.155,255.0,25.000,25.048,229.7,25.000,24.500,243.8
35.7974,12396,64368,25.000,24.022,255.0,25.000,25.282,227.4,25.000,24.198,245.9
35.7974,12397,64373,25.000,23.912,255.0,25.000,25.177,228.6,25.000,24.274,244.7
35.7974,12398,64378,25.000,24.161,255.0,25.000,25.247,227.9,25.000,24.344,244.5
35.7974,12399,64383,25.000,24.141,255.0,25.000,25.219,228.2,25.000,24.680,242.6
35.7974,12400,64388,25.000,24.149,255.0,25.000,25.233,228.0,25.000,24.693,243.4
35.7974,12401,64393,25.000,24.011,255.0,25.000,25.277,227.7,25.000,24.735,243.2
35.7974,12402,64398,25.000,23.968,255.0,25.000,25.596,225.7,25.000,24.870,242.4
35.8594,12403,64403,25.000,24.356,255.0,25.000,25.448,227.4,25.000,24.898,242.6
35.8602,12404,64408,25.000,24.350,255.0,25.000,25.447,227.0,25.000,24.897,242.6
35.8602,12405,64413,25.000,24.152,255.0,25.000,25.619,225.8,25.000,24.894,242.7
35.8602,12406,64418,25.000,24.331,255.0,25.000,25.611,226.2,25.000,24.881,242.8
35.8602,12407,64423,25.000,24.163,255.0,25.000,25.792,225.0,25.000,25.063,241.6
35.8602,12408,64428,25.000,24.316,255.0,25.000,25.765,225.5,25.000,24.851,243.4
35.8602,12409,64433,25.000,24.653,255.0,25.000,25.746,225.5,25.000,24.831,243.0
35.8602,12410,64438,25.000,24.344,255.0,25.000,25.438,227.3,25.000,25.078,241.4
35.8602,12411,64443,25.000,24.142,255.0,25.000,24.863,230.3,25.000,25.049,242.2
35.8602,12412,64448,25.000,24.511,255.0,25.000,24.700,230.0,25.000,25.067,242.0
35.8602,12413,64453,25.000,24.176,255.0,25.000,24.728,229.4,25.000,25.279,240.6
35.8602,12414,64458,25.000,24.291,255.0,25.000,24.307,232.3,25.000,25.217,241.5
35.8602,12415,64463,25.000,24.285,255.0,25.000,24.117,232.6,25.000,25.206,241.4
35.8602,12416,64468,25.000,24.100,255.0,25.000,23.750,234.6,25.000,25.385,240.2
35.8602,12417,64473,25.000,24.156,255.0,25.000,23.636,234.6,25.000,25.275,241.3
35.8602,12418,64478,25.000,23.561,255.0,25.000,23.574,234.9,25.000,25.398,240.2
35.9227,12419,64483,25.000,23.261,255.0,25.000,23.085,238.1,25.000,25.457,240.0
35.9227,12420,64488,25.000,23.402,255.0,25.000,23.224,236.3,25.000,25.407,240.5
35.9227,12421,64493,25.000,23.751,255.0,25.000,23.405,235.6,25.000,25.406,240.3
35.9227,12422,64498,25.000,23.051,255.0,25.000,23.422,236.1,25.000,25.425,240.1
35.9227,12423,64503,25.000,23.383,255.0,25.000,23.393,236.5,25.000,25.393,240.3
35.9227,12424,64508,25.000,23.117,255.0,25.000,23.110,238.5,25.000,25.485,239.6
35.9227,12425,64513,25.000,23.122,255.0,25.000,22.749,240.4,25.000,25.488,239.8
35.9227,12426,64518,25.000,23.102,255.0,25.000,22.368,242.3,25.000,25.472,239.8
35.9227,12427,64523,25.000,23.042,255.0,25.000,22.294,242.1,25.000,25.394,240.2
35.9227,12428,64528,25.000,23.772,255.0,25.000,21.769,245.7,25.000,25.413,239.9
35.9227,12429,64533,25.000,23.615,255.0,25.000,22.168,242.2,25.000,25.449,239.6
35.9227,12430,64538,25.000,24.290,255.0,25.000,22.296,242.6,25.000,25.392,240.0
35.9227,12431,64543,25.000,24.297,255.0,25.000,22.483,242.0,25.000,25.037,242.2
35.9227,12432,64548,25.000,24.667,255.0,25.000,22.490,242.7,25.000,24.862,242.5
35.9227,12433,64553,25.000,24.702,255.0,25.000,22.705,241.6,25.000,24.714,243.0
35.9227,12434,64558,25.000,24.669,255.0,25.000,23.221,239.1,25.000,24.497,244.1
35.9896,12435,64563,25.000,24.470,255.0,25.000,23.925,235.9,25.000,24.293,245.0
35.9896,12436,64568,25.000,24.286,255.0,25.000,24.824,231.9,25.000,24.283,244.6
35.9896,12437,64573,25.000,24.147,255.0,25.000,24.888,233.6,25.000,24.164,245.5
35.9896,12438,64578,25.000,23.848,255.0,25.000,25.492,229.9,25.000,24.228,244.9
35.9896,12439,64583,25.000,24.101,255.0,25.000,25.732,229.7,25.000,24.106,245.9
35.9896,12440,64588,25.000,23.767,255.0,25.000,25.762,230.0,25.000,23.955,246.7
35.9896,12441,64593,25.000,23.830,255.0,25.000,25.823,229.6,25.000,24.193,244.9
35.9896,12442,64598,25.000,23.602,255.0,25.000,25.771,230.0,25.000,24.320,244.7
36.0476,12443,64603,25.000,23.581,255.0,25.000,25.926,228.7,25.000,24.477,244.1
36.0476,12444,64608,25.000,23.786,255.0,25.000,25.955,228.8,25.000,24.684,243.2
36.0476,12445,64613,25.000,23.965,255.0,25.000,25.777,229.9,25.000,24.871,242.5
36.0476,12446,64618,25.000,24.379,255.0,25.000,25.653,230.2,25.000,24.926,242.6
36.0476,12447,64623,25.000,24.213,255.0,25.000,25.848,228.6,25.000,24.941,242.6
36.0476,12448,64628,25.000,24.121,255.0,25.000,25.745,229.6,25.000,24.833,243.4
36.0476,12449,64633,25.000,23.678,255.0,25.000,25.683,229.7,25.000,24.950,242.4
36.0476,12450,64638,25.000,23.672,255.0,25.000,25.856,228.4,25.000,25.123,241.5
36.0476,12451,64643,25.000,23.447,255.0,25.000,25.810,229.0,25.000,25.262,241.0
36.0476,12452,64648,25.000,23.263,255.0,25.000,26.163,226.5,25.000,25.258,241.4
36.0476,12453,64653,25.000,23.429,255.0,25.000,25.975,228.4,25.000,25.250,241.4
36.0476,12454,64658,25.000,23.070,255.0,25.000,25.981,227.8,25.000,25.258,241.3
36.0476,12455,64663,25.000,23.247,255.0,25.000,26.156,226.6,25.000,25.251,241.3
36.0476,12456,64668,25.000,23.208,255.0,25.000,26.117,227.1,25.000,25.215,241.5
36.0476,12457,64673,25.000,23.390,255.0,25.000,25.934,228.1,25.000,25.391,240.2
36.0476,12458,64678,25.000,23.625,255.0,25.000,25.992,227.1,25.000,25.272,241.4
36.1064,12459,64683,25.000,23.922,255.0,25.000,26.080,226.6,25.000,25.357,240.5
36.1064,12460,64688,25.000,23.574,255.0,25.000,25.919,227.7,25.000,25.372,240.6
36.1064,12461,64693,25.000,22.855,255.0,25.000,25.580,229.4,25.000,25.223,241.6
36.1064,12462,64698,25.000,23.411,255.0,25.000,25.240,230.8,25.000,25.241,241.1
36.1064,12463,64703,25.000,22.913,255.0,25.000,25.103,230.8,25.000,25.288,240.8
36.1064,12464,64708,25.000,23.053,255.0,25.000,24.875,232.0,25.000,25.240,241.2
36.1064,12465,64713,25.000,22.912,255.0,25.000,24.372,234.7,25.000,25.280,240.8
36.1064,12466,64718,25.000,22.335,255.0,25.000,24.152,235.0,25.000,25.244,241.1
36.1717,12467,64723,25.000,22.337,255.0,25.000,23.967,235.8,25.000,25.244,240.9
36.1717,12468,64728,25.000,21.970,255.0,25.000,24.150,234.3,25.000,25.424,239.7
36.1717,12469,64733,25.000,21.956,255.0,25.000,24.146,234.8,25.000,25.241,241.3
36.1717,12470,64738,25.000,21.982,255.0,25.000,24.170,234.8,25.000,25.272,240.7
36.1717,12471,64743,25.000,22.839,255.0,25.000,24.287,234.2,25.000,25.378,240.0
36.1717,12472,64748,0.000,22.500,0.0,0.000,24.308,0.0,0.000,25.399,0.0
36.1717,12473,64753,0.000,22.698,0.0,0.000,24.142,0.0,0.000,25.236,0.0
36.1717,12474,64758,0.000,22.509,0.0,0.000,23.774,0.0,0.000,25.041,0.0
36.1728,12475,64763,0.000,22.129,0.0,0.000,23.384,0.0,0.000,24.474,0.0
36.1728,12476,64768,0.000,21.998,0.0,0.000,22.720,0.0,0.000,23.813,0.0
36.1728,12477,64773,0.000,21.246,0.0,0.000,21.969,0.0,0.000,22.880,0.0
36.1728,12478,64778,0.000,20.510,0.0,0.000,20.683,0.0,0.000,21.957,0.0
36.1728,12479,64783,0.000,19.463,0.0,0.000,19.280,0.0,0.000,20.914,0.0
36.1728,12480,64788,0.000,18.534,0.0,0.000,17.803,0.0,0.000,19.619,0.0
36.1728,12481,64793,0.000,17.117,0.0,0.000,16.568,0.0,0.000,18.387,0.0
36.1728,12482,64798,0.000,16.016,0.0,0.000,15.286,0.0,0.000,16.925,0.0
36.2332,12483,64803,0.000,14.523,0.0,0.000,13.971,0.0,0.000,15.605,0.0
36.2332,12484,64808,0.000,13.275,0.0,0.000,12.723,0.0,0.000,14.186,0.0
36.2332,12485,64813,0.000,12.006,0.0,0.000,11.829,0.0,0.000,13.105,0.0
36.2332,12486,64818,0.000,10.877,0.0,0.000,10.875,0.0,0.000,11.966,0.0
36.2332,12487,64823,0.000,10.171,0.0,0.000,9.806,0.0,0.000,11.080,0.0
36.2332,12488,64828,0.000,9.267,0.0,0.000,9.085,0.0,0.000,10.177,0.0
36.2332,12489,64833,0.000,8.712,0.0,0.000,8.352,0.0,0.000,9.441,0.0
36.2332,12490,64838,0.000,7.985,0.0,0.000,7.991,0.0,0.000,8.714,0.0
36.2899,12491,64843,0.000,7.250,0.0,0.000,7.435,0.0,0.000,7.976,0.0
36.2899,12492,64848,0.000,6.712,0.0,0.000,6.717,0.0,0.000,7.438,0.0
36.2899,12493,64853,0.000,6.343,0.0,0.000,6.350,0.0,0.000,6.890,0.0
36.2899,12494,64858,0.000,5.811,0.0,0.000,6.184,0.0,0.000,6.544,0.0
36.2899,12495,64863,0.000,5.440,0.0,0.000,5.632,0.0,0.000,5.992,0.0
36.2899,12496,64868,0.000,5.085,0.0,0.000,5.275,0.0,0.000,5.815,0.0
36.2899,12497,64873,0.000,4.533,0.0,0.000,5.264,0.0,0.000,5.442,0.0
36.2899,12498,64878,0.000,4.350,0.0,0.000,4.900,0.0,0.000,5.077,0.0
36.2899,12499,64883,0.000,3.816,0.0,0.000,4.724,0.0,0.000,4.724,0.0
36.2899,12500,64888,0.000,3.634,0.0,0.000,4.360,0.0,0.000,4.542,0.0
36.2899,12501,64893,0.000,3.453,0.0,0.000,4.180,0.0,0.000,4.363,0.0
36.2899,12502,64898,0.000,3.092,0.0,0.000,3.999,0.0,0.000,4.182,0.0
36.2899,12503,64903,0.000,2.736,0.0,0.000,3.825,0.0,0.000,3.826,0.0
36.2899,12504,64908,0.000,2.543,0.0,0.000,3.626,0.0,0.000,3.627,0.0
36.2899,12505,64913,0.000,2.362,0.0,0.000,3.445,0.0,0.000,3.627,0.0
36.2899,12506,64918,0.000,2.182,0.0,0.000,3.447,0.0,0.000,3.268,0.0
36.3386,12507,64923,0.000,2.185,0.0,0.000,3.092,0.0,0.000,3.091,0.0
36.3386,12508,64928,0.000,1.820,0.0,0.000,3.090,0.0,0.000,3.089,0.0
36.3386,12509,64933,0.000,1.820,0.0,0.000,2.910,0.0,0.000,2.909,0.0
36.3386,12510,64938,0.000,1.451,0.0,0.000,2.721,0.0,0.000,2.720,0.0
36.3386,12511,64943,0.000,1.270,0.0,0.000,2.543,0.0,0.000,2.542,0.0
36.3386,12512,64948,0.000,1.089,0.0,0.000,2.542,0.0,0.000,2.359,0.0
36.3386,12513,64953,0.000,0.907,0.0,0.000,2.361,0.0,0.000,2.360,0.0
36.3386,12514,64958,0.000,0.726,0.0,0.000,2.178,0.0,0.000,2.178,0.0
36.3864,12515,64963,0.000,0.544,0.0,0.000,2.180,0.0,0.000,1.998,0.0
36.3864,12516,64968,0.000,0.363,0.0,0.000,1.999,0.0,0.000,1.816,0.0
36.3864,12517,64973,0.000,0.181,0.0,0.000,2.000,0.0,0.000,1.817,0.0
36.3864,12518,64978,0.000,0.181,0.0,0.000,1.636,0.0,0.000,1.453,0.0
36.3864,12519,64983,0.000,0.000,0.0,0.000,1.638,0.0,0.000,1.456,0.0
36.3864,12520,64988,0.000,0.000,0.0,0.000,1.638,0.0,0.000,1.274,0.0
36.3864,12521,64993,0.000,0.000,0.0,0.000,1.455,0.0,0.000,1.091,0.0
36.3864,12522,64998,0.000,0.000,0.0,0.000,1.274,0.0,0.000,1.095,0.0
36.4532,12523,65003,0.000,0.000,0.0,0.000,1.271,0.0,0.000,0.913,0.0
36.4532,12524,65008,0.000,0.000,0.0,0.000,1.091,0.0,0.000,0.732,0.0
36.4532,12525,65013,0.000,0.000,0.0,0.000,0.908,0.0,0.000,0.550,0.0
36.4532,12526,65018,0.000,0.000,0.0,0.000,0.909,0.0,0.000,0.550,0.0
36.4532,12527,65023,0.000,0.000,0.0,0.000,0.726,0.0,0.000,0.367,0.0
36.4532,12528,65028,0.000,0.000,0.0,0.000,0.726,0.0,0.000,0.367,0.0
36.4532,12529,65033,0.000,0.000,0.0,0.000,0.544,0.0,0.000,0.185,0.0
36.4532,12530,65038,0.000,0.000,0.0,0.000,0.363,0.0,0.000,0.185,0.0
36.4542,12531,65043,0.000,0.000,0.0,0.000,0.363,0.0,0.000,0.185,0.0
36.4542,12532,65048,0.000,0.000,0.0,0.000,0.363,0.0,0.000,0.000,0.0
36.4542,12533,65053,0.000,0.000,0.0,0.000,0.184,0.0,0.000,0.000,0.0
36.4542,12534,65058,0.000,0.000,0.0,0.000,0.184,0.0,0.000,0.000,0.0
36.4542,12535,65063,0.000,0.000,0.0,0.000,0.184,0.0,0.000,0.000,0.0
36.4542,12536,65068,0.000,0.000,0.0,0.000,0.000,0.0,0.000,0.000,0.0
36.4542,12537,65073,0.000,0.000,0.0,0.000,0.000,0.0,0.000,0.000,0.0
36.4542,12538,65078,0.000,0.000,0.0,0.000,0.000,0.0,0.000,0.000,0.0
36.5211,12539,65083,0.000,0.000,0.0,0.000,0.000,0.0,0.000,0.000,0.0
36.5211,12540,65088,0.000,0.000,0.0,0.000,0.000,0.0,0.000,0.000,0.0
36.5211,12541,65093,0.000,0.000,0.0,0.000,0.000,0.0,0.000,0.000,0.0
36.5211,12542,65098,0.000,0.000,0.0,0.000,0.000,0.0,0.000,0.000,0.0
36.5211,12543,65103,0.000,0.000,0.0,0.000,0.000,0.0,0.000,0.000,0.0
36.5211,12544,65108,0.000,0.000,0.0,0.000,0.000,0.0,0.000,0.000,0.0
36.5211,12545,65113,0.000,0.000,0.0,0.000,0.000,0.0,0.000,0.000,0.0
36.5211,12546,65118,0.000,0.000,0.0,0.000,0.000,0.0,0.000,0.000,0.0
36.5211,12547,65123,0.000,0.000,0.0,0.000,0.000,0.0,0.000,0.000,0.0
36.5211,12548,65128,0.000,0.000,0.0,0.000,0.000,0.0,0.000,0.000,0.0
36.5211,12549,65133,0.000,0.000,0.0,0.000,0.000,0.0,0.000,0.000,0.0
36.5211,12550,65138,0.000,0.000,0.0,0.000,0.000,0.0,0.000,0.000,0.0
36.5211,12551,65143,0.000,0.000,0.0,0.000,0.000,0.0,0.000,0.000,0.0
36.5211,12552,65148,0.000,0.000,0.0,0.000,0.000,0.0,0.000,0.000,0.0
36.5211,12553,65153,0.000,0.000,0.0,0.000,0.000,0.0,0.000,0.000,0.0
36.5211,12554,65158,0.000,0.000,0.0,0.000,0.000,0.0,0.000,0.000,0.0
36.5808,12555,65163,0.000,0.000,0.0,0.000,0.000,0.0,0.000,0.000,0.0
36.5808,12556,65168,0.000,0.000,0.0,0.000,0.000,0.0,0.000,0.000,0.0
36.5808,12557,65173,0.000,0.000,0.0,0.000,0.000,0.0,0.000,0.000,0.0
36.5808,12558,65178,0.000,0.000,0.0,0.000,0.000,0.0,0.000,0.000,0.0
36.5808,12559,65183,0.000,0.000,0.0,0.000,0.000,0.0,0.000,0.000,0.0
36.5808,12560,65188,0.000,0.000,0.0,0.000,0.000,0.0,0.000,0.000,0.0
36.5808,12561,65193,0.000,0.000,0.0,0.000,0.000,0.0,0.000,0.000,0.0
36.5808,12562,65198,0.000,0.000,0.0,0.000,0.000,0.0,0.000,0.000,0.0
36.6340,12563,65203,0.000,0.000,0.0,0.000,0.000,0.0,0.000,0.000,0.0
36.6340,12564,65208,0.000,0.000,0.0,0.000,0.000,0.0,0.000,0.000,0.0
36.6340,12565,65213,0.000,0.000,0.0,0.000,0.000,0.0,0.000,0.000,0.0
36.6340,12566,65218,0.000,0.000,0.0,0.000,0.000,0.0,0.000,0.000,0.0
36.6340,12567,65223,0.000,0.000,0.0,0.000,0.000,0.0,0.000,0.000,0.0
36.6340,12568,65228,0.000,0.000,0.0,0.000,0.000,0.0,0.000,0.000,0.0
36.6340,12569,65233,0.000,0.000,0.0,0.000,0.000,0.0,0.000,0.000,0.0
36.6340,12570,65238,0.000,0.000,0.0,0.000,0.000,0.0,0.000,0.000,0.0
36.6929,12571,65243,0.000,0.000,0.0,0.000,0.000,0.0,0.000,0.000,0.0
36.6929,12572,65248,0.000,0.000,0.0,0.000,0.000,0.0,0.000,0.000,0.0
36.6929,12573,65253,0.000,0.000,0.0,0.000,0.000,0.0,0.000,0.000,0.0
36.6929,12574,65258,0.000,0.000,0.0,0.000,0.000,0.0,0.000,0.000,0.0
36.6929,12575,65263,0.000,0.000,0.0,0.000,0.000,0.0,0.000,0.000,0.0
36.6929,12576,65268,0.000,0.000,0.0,0.000,0.000,0.0,0.000,0.000,0.0
36.6929,12577,65273,0.000,0.000,0.0,0.000,0.000,0.0,0.000,0.000,0.0
36.6929,12578,65278,0.000,0.000,0.0,0.000,0.000,0.0,0.000,0.000,0.0
36.6929,12579,65283,0.000,0.000,0.0,0.000,0.000,0.0,0.000,0.000,0.0
36.6929,12580,65288,0.000,0.000,0.0,0.000,0.000,0.0,0.000,0.000,0.0
36.6929,12581,65293,0.000,0.000,0.0,0.000,0.000,0.0,0.000,0.000,0.0
36.6929,12582,65298,0.000,0.000,0.0,0.000,0.000,0.0,0.000,0.000,0.0
36.6929,12583,65303,0.000,0.000,0.0,0.000,0.000,0.0,0.000,0.000,0.0
36.6929,12584,65308,0.000,0.000,0.0,0.000,0.000,0.0,0.000,0.000,0.0
36.6929,12585,65313,0.000,0.000,0.0,0.000,0.000,0.0,0.000,0.000,0.0
36.6929,12586,65318,0.000,0.000,0.0,0.000,0.000,0.0,0.000,0.000,0.0
36.7420,12587,65323,0.000,0.000,0.0,0.000,0.000,0.0,0.000,0.000,0.0
36.7420,12588,65328,0.000,0.000,0.0,0.000,0.000,0.0,0.000,0.000,0.0
36.7420,12589,65333,0.000,0.000,0.0,0.000,0.000,0.0,0.000,0.000,0.0
36.7420,12590,65338,0.000,0.000,0.0,0.000,0.000,0.0,0.000,0.000,0.0
36.7420,12591,65343,0.000,0.000,0.0,0.000,0.000,0.0,0.000,0.000,0.0
36.7420,12592,65348,0.000,0.000,0.0,0.000,0.000,0.0,0.000,0.000,0.0
36.7420,12593,65353,0.000,0.000,0.0,0.000,0.000,0.0,0.000,0.000,0.0
36.7420,12594,65358,0.000,0.000,0.0,0.000,0.000,0.0,0.000,0.000,0.0
36.8083,12595,65363,0.000,0.000,0.0,0.000,0.000,0.0,0.000,0.000,0.0
36.8083,12596,65368,0.000,0.000,0.0,0.000,0.000,0.0,0.000,0.000,0.0
36.8083,12597,65373,0.000,0.000,0.0,0.000,0.000,0.0,0.000,0.000,0.0
36.8083,12598,65378,0.000,0.000,0.0,0.000,0.000,0.0,0.000,0.000,0.0
36.8083,12599,65383,0.000,0.000,0.0,0.000,0.000,0.0,0.000,0.000,0.0
36.8083,12600,65388,0.000,0.000,0.0,0.000,0.000,0.0,0.000,0.000,0.0
36.8083,12601,65393,0.000,0.000,0.0,0.000,0.000,0.0,0.000,0.000,0.0
36.8083,12602,65398,0.000,0.000,0.0,0.000,0.000,0.0,0.000,0.000,0.0
36.8083,12603,65403,0.000,0.000,0.0,0.000,0.000,0.0,0.000,0.000,0.0
36.8083,12604,65408,0.000,0.000,0.0,0.000,0.000,0.0,0.000,0.000,0.0
36.8083,12605,65413,0.000,0.000,0.0,0.000,0.000,0.0,0.000,0.000,0.0
36.8083,12606,65418,0.000,0.000,0.0,0.000,0.000,0.0,0.000,0.000,0.0
36.8083,12607,65423,0.000,0.000,0.0,0.000,0.000,0.0,0.000,0.000,0.0
36.8083,12608,65428,0.000,0.000,0.0,0.000,0.000,0.0,0.000,0.000,0.0
36.8083,12609,65433,0.000,0.000,0.0,0.000,0.000,0.0,0.000,0.000,0.0
36.8083,12610,65438,0.000,0.000,0.0,0.000,0.000,0.0,0.000,0.000,0.0
36.8663,12611,65443,0.000,0.000,0.0,0.000,0.000,0.0,0.000,0.000,0.0
36.8663,12612,65448,0.000,0.000,0.0,0.000,0.000,0.0,0.000,0.000,0.0
36.8663,12613,65453,0.000,0.000,0.0,0.000,0.000,0.0,0.000,0.000,0.0
36.8663,12614,65458,0.000,0.000,0.0,0.000,0.000,0.0,0.000,0.000,0.0
36.8663,12615,65463,0.000,0.000,0.0,0.000,0.000,0.0,0.000,0.000,0.0
36.8663,12616,65468,0.000,0.000,0.0,0.000,0.000,0.0,0.000,0.000,0.0
36.8663,12617,65473,0.000,0.000,0.0,0.000,0.000,0.0,0.000,0.000,0.0
36.8663,12618,65478,0.000,0.000,0.0,0.000,0.000,0.0,0.000,0.000,0.0
36.9333,12619,65483,0.000,0.000,0.0,0.000,0.000,0.0,0.000,0.000,0.0
36.9333,12620,65488,0.000,0.000,0.0,0.000,0.000,0.0,0.000,0.000,0.0
36.9333,12621,65493,0.000,0.000,0.0,0.000,0.000,0.0,0.000,0.000,0.0
36.9333,12622,65498,0.000,0.000,0.0,0.000,0.000,0.0,0.000,0.000,0.0
36.9333,12623,65503,0.000,0.000,0.0,0.000,0.000,0.0,0.000,0.000,0.0
36.9333,12624,65508,0.000,0.000,0.0,0.000,0.000,0.0,0.000,0.000,0.0
36.9333,12625,65513,0.000,0.000,0.0,0.000,0.000,0.0,0.000,0.000,0.0
36.9333,12626,65518,0.000,0.000,0.0,0.000,0.000,0.0,0.000,0.000,0.0
36.9343,12627,65523,0.000,0.000,0.0,0.000,0.000,0.0,0.000,0.000,0.0
36.9343,12628,65528,0.000,0.000,0.0,0.000,0.000,0.0,0.000,0.000,0.0
36.9343,12629,65533,0.000,0.000,0.0,0.000,0.000,0.0,0.000,0.000,0.0
36.9343,12630,65538,0.000,0.000,0.0,0.000,0.000,0.0,0.000,0.000,0.0
36.9343,12631,65543,0.000,0.000,0.0,0.000,0.000,0.0,0.000,0.000,0.0
36.9343,12632,65548,0.000,0.000,0.0,0.000,0.000,0.0,0.000,0.000,0.0
36.9343,12633,65553,0.000,0.000,0.0,0.000,0.000,0.0,0.000,0.000,0.0
36.9343,12634,65558,0.000,0.000,0.0,0.000,0.000,0.0,0.000,0.000,0.0
36.9925,12635,65563,0.000,0.000,0.0,0.000,0.000,0.0,0.000,0.000,0.0
36.9925,12636,65568,0.000,0.000,0.0,0.000,0.000,0.0,0.000,0.000,0.0
36.9925,12637,65573,0.000,0.000,0.0,0.000,0.000,0.0,0.000,0.000,0.0
36.9925,12638,65578,0.000,0.000,0.0,0.000,0.000,0.0,0.000,0.000,0.0
36.9925,12639,65583,0.000,0.000,0.0,0.000,0.000,0.0,0.000,0.000,0.0
36.9925,12640,65588,0.000,0.000,0.0,0.000,0.000,0.0,0.000,0.000,0.0
36.9925,12641,65593,0.000,0.000,0.0,0.000,0.000,0.0,0.000,0.000,0.0
36.9925,12642,65598,0.000,0.000,0.0,0.000,0.000,0.0,0.000,0.000,0.0
37.0520,12643,65603,0.000,0.000,0.0,0.000,0.000,0.0,0.000,0.000,0.0
37.0520,12644,65608,0.000,0.000,0.0,0.000,0.000,0.0,0.000,0.000,0.0
37.0520,12645,65613,0.000,0.000,0.0,0.000,0.000,0.0,0.000,0.000,0.0
37.0520,12646,65618,0.000,0.000,0.0,0.000,0.000,0.0,0.000,0.000,0.0
37.0520,12647,65623,0.000,0.000,0.0,0.000,0.000,0.0,0.000,0.000,0.0
37.0520,12648,65628,0.000,0.000,0.0,0.000,0.000,0.0,0.000,0.000,0.0
37.0520,12649,65633,0.000,0.000,0.0,0.000,0.000,0.0,0.000,0.000,0.0
37.0520,12650,65638,0.000,0.000,0.0,0.000,0.000,0.0,0.000,0.000,0.0
37.0520,12651,65643,0.000,0.000,0.0,0.000,0.000,0.0,0.000,0.000,0.0
37.0520,12652,65648,0.000,0.000,0.0,0.000,0.000,0.0,0.000,0.000,0.0
37.0520,12653,65653,0.000,0.000,0.0,0.000,0.000,0.0,0.000,0.000,0.0
37.0520,12654,65658,0.000,0.000,0.0,0.000,0.000,0.0,0.000,0.000,0.0
37.0520,12655,65663,0.000,0.000,0.0,0.000,0.000,0.0,0.000,0.000,0.0
37.0520,12656,65668,0.000,0.000,0.0,0.000,0.000,0.0,0.000,0.000,0.0
37.0520,12657,65673,0.000,0.000,0.0,0.000,0.000,0.0,0.000,0.000,0.0
37.0520,12658,65678,0.000,0.000,0.0,0.000,0.000,0.0,0.000,0.000,0.0
37.1010,12659,65683,0.000,0.000,0.0,0.000,0.000,0.0,0.000,0.000,0.0
37.1019,12660,65688,0.000,0.000,0.0,0.000,0.000,0.0,0.000,0.000,0.0
37.1019,12661,65693,0.000,0.000,0.0,0.000,0.000,0.0,0.000,0.000,0.0
37.1019,12662,65698,0.000,0.000,0.0,0.000,0.000,0.0,0.000,0.000,0.0
37.1019,12663,65703,0.000,0.000,0.0,0.000,0.000,0.0,0.000,0.000,0.0
37.1019,12664,65708,0.000,0.000,0.0,0.000,0.000,0.0,0.000,0.000,0.0
37.1019,12665,65713,0.000,0.000,0.0,0.000,0.000,0.0,0.000,0.000,0.0
37.1019,12666,65718,0.000,0.000,0.0,0.000,0.000,0.0,0.000,0.000,0.0
37.1681,12667,65723,0.000,0.000,0.0,0.000,0.000,0.0,0.000,0.000,0.0
37.1681,12668,65728,0.000,0.000,0.0,0.000,0.000,0.0,0.000,0.000,0.0
37.1681,12669,65733,0.000,0.000,0.0,0.000,0.000,0.0,0.000,0.000,0.0
37.1681,12670,65738,0.000,0.000,0.0,0.000,0.000,0.0,0.000,0.000,0.0
37.1681,12671,65743,0.000,0.000,0.0,0.000,0.000,0.0,0.000,0.000,0.0
37.1681,12672,65748,0.000,0.000,0.0,0.000,0.000,0.0,0.000,0.000,0.0
37.1681,12673,65753,0.000,0.000,0.0,0.000,0.000,0.0,0.000,0.000,0.0
37.1681,12674,65758,0.000,0.000,0.0,0.000,0.000,0.0,0.000,0.000,0.0
37.1681,12675,65763,0.000,0.000,0.0,0.000,0.000,0.0,0.000,0.000,0.0
37.1681,12676,65768,0.000,0.000,0.0,0.000,0.000,0.0,0.000,0.000,0.0
37.1681,12677,65773,0.000,0.000,0.0,0.000,0.000,0.0,0.000,0.000,0.0
37.1681,12678,65778,0.000,0.000,0.0,0.000,0.000,0.0,0.000,0.000,0.0
37.1681,12679,65783,0.000,0.000,0.0,0.000,0.000,0.0,0.000,0.000,0.0
37.1681,12680,65788,0.000,0.000,0.0,0.000,0.000,0.0,0.000,0.000,0.0
37.1681,12681,65793,0.000,0.000,0.0,0.000,0.000,0.0,0.000,0.000,0.0
37.1681,12682,65798,0.000,0.000,0.0,0.000,0.000,0.0,0.000,0.000,0.0
37.2251,12683,65803,0.000,0.000,0.0,0.000,0.000,0.0,0.000,0.000,0.0
37.2251,12684,65808,0.000,0.000,0.0,0.000,0.000,0.0,0.000,0.000,0.0
37.2251,12685,65813,0.000,0.000,0.0,0.000,0.000,0.0,0.000,0.000,0.0
37.2251,12686,65818,0.000,0.000,0.0,0.000,0.000,0.0,0.000,0.000,0.0
37.2251,12687,65823,0.000,0.000,0.0,0.000,0.000,0.0,0.000,0.000,0.0
37.2251,12688,65828,0.000,0.000,0.0,0.000,0.000,0.0,0.000,0.000,0.0
37.2251,12689,65833,0.000,0.000,0.0,0.000,0.000,0.0,0.000,0.000,0.0
37.2251,12690,65838,0.000,0.000,0.0,0.000,0.000,0.0,0.000,0.000,0.0
37.2873,12691,65843,0.000,0.000,0.0,0.000,0.000,0.0,0.000,0.000,0.0
37.2873,12692,65848,0.000,0.000,0.0,0.000,0.000,0.0,0.000,0.000,0.0
37.2873,12693,65853,0.000,0.000,0.0,0.000,0.000,0.0,0.000,0.000,0.0
37.2873,12694,65858,0.000,0.000,0.0,0.000,0.000,0.0,0.000,0.000,0.0
37.2873,12695,65863,0.000,0.000,0.0,0.000,0.000,0.0,0.000,0.000,0.0
37.2873,12696,65868,0.000,0.000,0.0,0.000,0.000,0.0,0.000,0.000,0.0
37.2873,12697,65873,0.000,0.000,0.0,0.000,0.000,0.0,0.000,0.000,0.0
37.2873,12698,65878,0.000,0.000,0.0,0.000,0.000,0.0,0.000,0.000,0.0
37.2873,12699,65883,0.000,0.000,0.0,0.000,0.000,0.0,0.000,0.000,0.0
37.2873,12700,65888,0.000,0.000,0.0,0.000,0.000,0.0,0.000,0.000,0.0
37.2873,12701,65893,0.000,0.000,0.0,0.000,0.000,0.0,0.000,0.000,0.0
37.2873,12702,65898,0.000,0.000,0.0,0.000,0.000,0.0,0.000,0.000,0.0
37.2873,12703,65903,0.000,0.000,0.0,0.000,0.000,0.0,0.000,0.000,0.0
37.2873,12704,65908,0.000,0.000,0.0,0.000,0.000,0.0,0.000,0.000,0.0
37.2873,12705,65913,0.000,0.000,0.0,0.000,0.000,0.0,0.000,0.000,0.0
37.2873,12706,65918,0.000,0.000,0.0,0.000,0.000,0.0,0.000,0.000,0.0
37.3636,12707,65923,0.000,0.000,0.0,0.000,0.000,0.0,0.000,0.000,0.0
37.3636,12708,65928,0.000,0.000,0.0,0.000,0.000,0.0,0.000,0.000,0.0
37.3636,12709,65933,0.000,0.000,0.0,0.000,0.000,0.0,0.000,0.000,0.0
37.3636,12710,65938,0.000,0.000,0.0,0.000,0.000,0.0,0.000,0.000,0.0
37.3636,12711,65943,0.000,0.000,0.0,0.000,0.000,0.0,0.000,0.000,0.0
37.3636,12712,65948,0.000,0.000,0.0,0.000,0.000,0.0,0.000,0.000,0.0
37.3636,12713,65953,0.000,0.000,0.0,0.000,0.000,0.0,0.000,0.000,0.0
37.3636,12714,65958,0.000,0.000,0.0,0.000,0.000,0.0,0.000,0.000,0.0
37.3636,12715,65963,0.000,0.000,0.0,0.000,0.000,0.0,0.000,0.000,0.0
37.3636,12716,65968,0.000,0.000,0.0,0.000,0.000,0.0,0.000,0.000,0.0
37.3636,12717,65973,0.000,0.000,0.0,0.000,0.000,0.0,0.000,0.000,0.0
37.3636,12718,65978,0.000,0.000,0.0,0.000,0.000,0.0,0.000,0.000,0.0
37.3636,12719,65983,0.000,0.000,0.0,0.000,0.000,0.0,0.000,0.000,0.0
37.3636,12720,65988,0.000,0.000,0.0,0.000,0.000,0.0,0.000,0.000,0.0
37.3636,12721,65993,0.000,0.000,0.0,0.000,0.000,0.0,0.000,0.000,0.0
37.3636,12722,65998,0.000,0.000,0.0,0.000,0.000,0.0,0.000,0.000,0.0
37.4179,12723,66003,0.000,0.000,0.0,0.000,0.000,0.0,0.000,0.000,0.0
37.4179,12724,66008,0.000,0.000,0.0,0.000,0.000,0.0,0.000,0.000,0.0
37.4179,12725,66013,0.000,0.000,0.0,0.000,0.000,0.0,0.000,0.000,0.0
37.4179,12726,66018,0.000,0.000,0.0,0.000,0.000,0.0,0.000,0.000,0.0
37.4179,12727,66023,0.000,0.000,0.0,0.000,0.000,0.0,0.000,0.000,0.0
37.4179,12728,66028,0.000,0.000,0.0,0.000,0.000,0.0,0.000,0.000,0.0
37.4179,12729,66033,0.000,0.000,0.0,0.000,0.000,0.0,0.000,0.000,0.0
37.4179,12730,66038,0.000,0.000,0.0,0.000,0.000,0.0,0.000,0.000,0.0
37.4748,12731,66043,0.000,0.000,0.0,0.000,0.000,0.0,0.000,0.000,0.0
37.4748,12732,66048,0.000,0.000,0.0,0.000,0.000,0.0,0.000,0.000,0.0
37.4748,12733,66053,0.000,0.000,0.0,0.000,0.000,0.0,0.000,0.000,0.0
37.4748,12734,66058,0.000,0.000,0.0,0.000,0.000,0.0,0.000,0.000,0.0
37.4748,12735,66063,0.000,0.000,0.0,0.000,0.000,0.0,0.000,0.000,0.0
37.4748,12736,66068,0.000,0.000,0.0,0.000,0.000,0.0,0.000,0.000,0.0
37.4748,12737,66073,0.000,0.000,0.0,0.000,0.000,0.0,0.000,0.000,0.0
37.4748,12738,66078,0.000,0.000,0.0,0.000,0.000,0.0,0.000,0.000,0.0
37.5412,12739,66083,0.000,0.000,0.0,0.000,0.000,0.0,0.000,0.000,0.0
37.5412,12740,66088,0.000,0.000,0.0,0.000,0.000,0.0,0.000,0.000,0.0
37.5412,12741,66093,0.000,0.000,0.0,0.000,0.000,0.0,0.000,0.000,0.0
37.5412,12742,66098,0.000,0.000,0.0,0.000,0.000,0.0,0.000,0.000,0.0
37.5412,12743,66103,0.000,0.000,0.0,0.000,0.000,0.0,0.000,0.000,0.0
37.5412,12744,66108,0.000,0.000,0.0,0.000,0.000,0.0,0.000,0.000,0.0
37.5412,12745,66113,0.000,0.000,0.0,0.000,0.000,0.0,0.000,0.000,0.0
37.5412,12746,66118,0.000,0.000,0.0,0.000,0.000,0.0,0.000,0.000,0.0
37.5412,12747,66123,0.000,0.000,0.0,0.000,0.000,0.0,0.000,0.000,0.0
37.5412,12748,66128,0.000,0.000,0.0,0.000,0.000,0.0,0.000,0.000,0.0
37.5412,12749,66133,0.000,0.000,0.0,0.000,0.000,0.0,0.000,0.000,0.0
37.5412,12750,66138,0.000,0.000,0.0,0.000,0.000,0.0,0.000,0.000,0.0
37.5412,12751,66143,0.000,0.000,0.0,0.000,0.000,0.0,0.000,0.000,0.0
37.5412,12752,66148,0.000,0.000,0.0,0.000,0.000,0.0,0.000,0.000,0.0
37.5412,12753,66153,0.000,0.000,0.0,0.000,0.000,0.0,0.000,0.000,0.0
37.5412,12754,66158,0.000,0.000,0.0,0.000,0.000,0.0,0.000,0.000,0.0
37.5969,12755,66163,0.000,0.000,0.0,0.000,0.000,0.0,0.000,0.000,0.0
37.5969,12756,66168,0.000,0.000,0.0,0.000,0.000,0.0,0.000,0.000,0.0
37.5969,12757,66173,0.000,0.000,0.0,0.000,0.000,0.0,0.000,0.000,0.0
37.5969,12758,66178,0.000,0.000,0.0,0.000,0.000,0.0,0.000,0.000,0.0
37.5969,12759,66183,0.000,0.000,0.0,0.000,0.000,0.0,0.000,0.000,0.0
37.5969,12760,66188,0.000,0.000,0.0,0.000,0.000,0.0,0.000,0.000,0.0
37.5969,12761,66193,0.000,0.000,0.0,0.000,0.000,0.0,0.000,0.000,0.0
37.5969,12762,66198,0.000,0.000,0.0,0.000,0.000,0.0,0.000,0.000,0.0
37.5969,12763,66203,0.000,0.000,0.0,0.000,0.000,0.0,0.000,0.000,0.0
37.5969,12764,66208,0.000,0.000,0.0,0.000,0.000,0.0,0.000,0.000,0.0
37.5969,12765,66213,0.000,0.000,0.0,0.000,0.000,0.0,0.000,0.000,0.0
37.5969,12766,66218,0.000,0.000,0.0,0.000,0.000,0.0,0.000,0.000,0.0
37.5969,12767,66223,0.000,0.000,0.0,0.000,0.000,0.0,0.000,0.000,0.0
37.5969,12768,66228,0.000,0.000,0.0,0.000,0.000,0.0,0.000,0.000,0.0
37.5969,12769,66233,0.000,0.000,0.0,0.000,0.000,0.0,0.000,0.000,0.0
37.5969,12770,66238,0.000,0.000,0.0,0.000,0.000,0.0,0.000,0.000,0.0
37.6613,12771,66243,0.000,0.000,0.0,0.000,0.000,0.0,0.000,0.000,0.0
37.6613,12772,66248,0.000,0.000,0.0,0.000,0.000,0.0,0.000,0.000,0.0
37.6613,12773,66253,0.000,0.000,0.0,0.000,0.000,0.0,0.000,0.000,0.0
37.6613,12774,66258,0.000,0.000,0.0,0.000,0.000,0.0,0.000,0.000,0.0
37.6613,12775,66263,0.000,0.000,0.0,0.000,0.000,0.0,0.000,0.000,0.0
37.6613,12776,66268,0.000,0.000,0.0,0.000,0.000,0.0,0.000,0.000,0.0
37.6613,12777,66273,0.000,0.000,0.0,0.000,0.000,0.0,0.000,0.000,0.0
37.6613,12778,66278,0.000,0.000,0.0,0.000,0.000,0.0,0.000,0.000,0.0
37.7304,12779,66283,0.000,0.000,0.0,0.000,0.000,0.0,0.000,0.000,0.0
37.7304,12780,66288,0.000,0.000,0.0,0.000,0.000,0.0,0.000,0.000,0.0
37.7304,12781,66293,0.000,0.000,0.0,0.000,0.000,0.0,0.000,0.000,0.0
37.7304,12782,66298,0.000,0.000,0.0,0.000,0.000,0.0,0.000,0.000,0.0
37.7304,12783,66303,0.000,0.000,0.0,0.000,0.000,0.0,0.000,0.000,0.0
37.7304,12784,66308,0.000,0.000,0.0,0.000,0.000,0.0,0.000,0.000,0.0
37.7304,12785,66313,0.000,0.000,0.0,0.000,0.000,0.0,0.000,0.000,0.0
37.7304,12786,66318,0.000,0.000,0.0,0.000,0.000,0.0,0.000,0.000,0.0
37.7304,12787,66323,0.000,0.000,0.0,0.000,0.000,0.0,0.000,0.000,0.0
37.7304,12788,66328,0.000,0.000,0.0,0.000,0.000,0.0,0.000,0.000,0.0
37.7304,12789,66333,0.000,0.000,0.0,0.000,0.000,0.0,0.000,0.000,0.0
37.7304,12790,66338,0.000,0.000,0.0,0.000,0.000,0.0,0.000,0.000,0.0
37.7304,12791,66343,0.000,0.000,0.0,0.000,0.000,0.0,0.000,0.000,0.0
37.7304,12792,66348,0.000,0.000,0.0,0.000,0.000,0.0,0.000,0.000,0.0
37.7304,12793,66353,0.000,0.000,0.0,0.000,0.000,0.0,0.000,0.000,0.0
37.7304,12794,66358,0.000,0.000,0.0,0.000,0.000,0.0,0.000,0.000,0.0
37.7867,12795,66363,0.000,0.000,0.0,0.000,0.000,0.0,0.000,0.000,0.0
37.7867,12796,66368,0.000,0.000,0.0,0.000,0.000,0.0,0.000,0.000,0.0
37.7867,12797,66373,0.000,0.000,0.0,0.000,0.000,0.0,0.000,0.000,0.0
37.7867,12798,66378,0.000,0.000,0.0,0.000,0.000,0.0,0.000,0.000,0.0
37.7867,12799,66383,0.000,0.000,0.0,0.000,0.000,0.0,0.000,0.000,0.0
37.7867,12800,66388,0.000,0.000,0.0,0.000,0.000,0.0,0.000,0.000,0.0
37.7867,12801,66393,0.000,0.000,0.0,0.000,0.000,0.0,0.000,0.000,0.0
37.7867,12802,66398,0.000,0.000,0.0,0.000,0.000,0.0,0.000,0.000,0.0
37.8490,12803,66403,0.000,0.000,0.0,0.000,0.000,0.0,0.000,0.000,0.0
37.8490,12804,66408,0.000,0.000,0.0,0.000,0.000,0.0,0.000,0.000,0.0
37.8490,12805,66413,0.000,0.000,0.0,0.000,0.000,0.0,0.000,0.000,0.0
37.8490,12806,66418,0.000,0.000,0.0,0.000,0.000,0.0,0.000,0.000,0.0
37.8490,12807,66423,0.000,0.000,0.0,0.000,0.000,0.0,0.000,0.000,0.0
37.8490,12808,66428,0.000,0.000,0.0,0.000,0.000,0.0,0.000,0.000,0.0
37.8490,12809,66433,0.000,0.000,0.0,0.000,0.000,0.0,0.000,0.000,0.0
37.8490,12810,66438,0.000,0.000,0.0,0.000,0.000,0.0,0.000,0.000,0.0
37.8490,12811,66443,0.000,0.000,0.0,0.000,0.000,0.0,0.000,0.000,0.0
37.8490,12812,66448,0.000,0.000,0.0,0.000,0.000,0.0,0.000,0.000,0.0
37.8490,12813,66453,0.000,0.000,0.0,0.000,0.000,0.0,0.000,0.000,0.0
37.8490,12814,66458,0.000,0.000,0.0,0.000,0.000,0.0,0.000,0.000,0.0
37.8490,12815,66463,0.000,0.000,0.0,0.000,0.000,0.0,0.000,0.000,0.0
37.8490,12816,66468,0.000,0.000,0.0,0.000,0.000,0.0,0.000,0.000,0.0
37.8490,12817,66473,0.000,0.000,0.0,0.000,0.000,0.0,0.000,0.000,0.0
37.8490,12818,66478,0.000,0.000,0.0,0.000,0.000,0.0,0.000,0.000,0.0
37.9092,12819,66483,0.000,0.000,0.0,0.000,0.000,0.0,0.000,0.000,0.0
37.9092,12820,66488,0.000,0.000,0.0,0.000,0.000,0.0,0.000,0.000,0.0
37.9092,12821,66493,0.000,0.000,0.0,0.000,0.000,0.0,0.000,0.000,0.0
37.9092,12822,66498,0.000,0.000,0.0,0.000,0.000,0.0,0.000,0.000,0.0
37.9092,12823,66503,0.000,0.000,0.0,0.000,0.000,0.0,0.000,0.000,0.0
37.9092,12824,66508,0.000,0.000,0.0,0.000,0.000,0.0,0.000,0.000,0.0
37.9092,12825,66513,0.000,0.000,0.0,0.000,0.000,0.0,0.000,0.000,0.0
37.9092,12826,66518,0.000,0.000,0.0,0.000,0.000,0.0,0.000,0.000,0.0
37.9556,12827,66523,0.000,0.000,0.0,0.000,0.000,0.0,0.000,0.000,0.0
37.9556,12828,66528,0.000,0.000,0.0,0.000,0.000,0.0,0.000,0.000,0.0
37.9556,12829,66533,0.000,0.000,0.0,0.000,0.000,0.0,0.000,0.000,0.0
37.9556,12830,66538,0.000,0.000,0.0,0.000,0.000,0.0,0.000,0.000,0.0
37.9556,12831,66543,0.000,0.000,0.0,0.000,0.000,0.0,0.000,0.000,0.0
37.9556,12832,66548,0.000,0.000,0.0,0.000,0.000,0.0,0.000,0.000,0.0
37.9556,12833,66553,0.000,0.000,0.0,0.000,0.000,0.0,0.000,0.000,0.0
37.9556,12834,66558,0.000,0.000,0.0,0.000,0.000,0.0,0.000,0.000,0.0
38.0208,12835,66563,0.000,0.000,0.0,0.000,0.000,0.0,0.000,0.000,0.0
38.0208,12836,66568,0.000,0.000,0.0,0.000,0.000,0.0,0.000,0.000,0.0
38.0208,12837,66573,0.000,0.000,0.0,0.000,0.000,0.0,0.000,0.000,0.0
38.0208,12838,66578,0.000,0.000,0.0,0.000,0.000,0.0,0.000,0.000,0.0
38.0208,12839,66583,0.000,0.000,0.0,0.000,0.000,0.0,0.000,0.000,0.0
38.0208,12840,66588,0.000,0.000,0.0,0.000,0.000,0.0,0.000,0.000,0.0
38.0208,12841,66593,0.000,0.000,0.0,0.000,0.000,0.0,0.000,0.000,0.0
38.0208,12842,66598,0.000,0.000,0.0,0.000,0.000,0.0,0.000,0.000,0.0
38.0208,12843,66603,0.000,0.000,0.0,0.000,0.000,0.0,0.000,0.000,0.0
38.0208,12844,66608,0.000,0.000,0.0,0.000,0.000,0.0,0.000,0.000,0.0
38.0208,12845,66613,0.000,0.000,0.0,0.000,0.000,0.0,0.000,0.000,0.0
38.0208,12846,66618,0.000,0.000,0.0,0.000,0.000,0.0,0.000,0.000,0.0
38.0208,12847,66623,0.000,0.000,0.0,0.000,0.000,0.0,0.000,0.000,0.0
38.0208,12848,66628,0.000,0.000,0.0,0.000,0.000,0.0,0.000,0.000,0.0
38.0208,12849,66633,0.000,0.000,0.0,0.000,0.000,0.0,0.000,0.000,0.0
38.0208,12850,66638,0.000,0.000,0.0,0.000,0.000,0.0,0.000,0.000,0.0
38.1008,12851,66643,0.000,0.000,0.0,0.000,0.000,0.0,0.000,0.000,0.0
38.1008,12852,66648,0.000,0.000,0.0,0.000,0.000,0.0,0.000,0.000,0.0
38.1008,12853,66653,0.000,0.000,0.0,0.000,0.000,0.0,0.000,0.000,0.0
38.1008,12854,66658,0.000,0.000,0.0,0.000,0.000,0.0,0.000,0.000,0.0
38.1008,12855,66663,0.000,0.000,0.0,0.000,0.000,0.0,0.000,0.000,0.0
38.1008,12856,66668,0.000,0.000,0.0,0.000,0.000,0.0,0.000,0.000,0.0
38.1008,12857,66673,0.000,0.000,0.0,0.000,0.000,0.0,0.000,0.000,0.0
38.1008,12858,66678,0.000,0.000,0.0,0.000,0.000,0.0,0.000,0.000,0.0
38.1008,12859,66683,0.000,0.000,0.0,0.000,0.000,0.0,0.000,0.000,0.0
38.1008,12860,66688,0.000,0.000,0.0,0.000,0.000,0.0,0.000,0.000,0.0
38.1008,12861,66693,0.000,0.000,0.0,0.000,0.000,0.0,0.000,0.000,0.0
38.1008,12862,66698,0.000,0.000,0.0,0.000,0.000,0.0,0.000,0.000,0.0
38.1008,12863,66703,0.000,0.000,0.0,0.000,0.000,0.0,0.000,0.000,0.0
38.1008,12864,66708,0.000,0.000,0.0,0.000,0.000,0.0,0.000,0.000,0.0
38.1008,12865,66713,0.000,0.000,0.0,0.000,0.000,0.0,0.000,0.000,0.0
38.1008,12866,66718,0.000,0.000,0.0,0.000,0.000,0.0,0.000,0.000,0.0
38.1586,12867,66723,0.000,0.000,0.0,0.000,0.000,0.0,0.000,0.000,0.0
38.1586,12868,66728,0.000,0.000,0.0,0.000,0.000,0.0,0.000,0.000,0.0
38.1586,12869,66733,0.000,0.000,0.0,0.000,0.000,0.0,0.000,0.000,0.0
38.1586,12870,66738,0.000,0.000,0.0,0.000,0.000,0.0,0.000,0.000,0.0
38.1586,12871,66743,0.000,0.000,0.0,0.000,0.000,0.0,0.000,0.000,0.0
38.1586,12872,66748,0.000,0.000,0.0,0.000,0.000,0.0,0.000,0.000,0.0
38.1586,12873,66753,0.000,0.000,0.0,0.000,0.000,0.0,0.000,0.000,0.0
38.1586,12874,66758,0.000,0.000,0.0,0.000,0.000,0.0,0.000,0.000,0.0
38.1586,12875,66763,0.000,0.000,0.0,0.000,0.000,0.0,0.000,0.000,0.0
38.1586,12876,66768,0.000,0.000,0.0,0.000,0.000,0.0,0.000,0.000,0.0
38.1586,12877,66773,0.000,0.000,0.0,0.000,0.000,0.0,0.000,0.000,0.0
38.1586,12878,66778,0.000,0.000,0.0,0.000,0.000,0.0,0.000,0.000,0.0
38.1586,12879,66783,0.000,0.000,0.0,0.000,0.000,0.0,0.000,0.000,0.0
38.1586,12880,66788,0.000,0.000,0.0,0.000,0.000,0.0,0.000,0.000,0.0
38.1586,12881,66793,0.000,0.000,0.0,0.000,0.000,0.0,0.000,0.000,0.0
38.1586,12882,66798,0.000,0.000,0.0,0.000,0.000,0.0,0.000,0.000,0.0
38.2038,12883,66803,0.000,0.000,0.0,0.000,0.000,0.0,0.000,0.000,0.0
38.2038,12884,66808,0.000,0.000,0.0,0.000,0.000,0.0,0.000,0.000,0.0
38.2038,12885,66813,0.000,0.000,0.0,0.000,0.000,0.0,0.000,0.000,0.0
38.2038,12886,66818,0.000,0.000,0.0,0.000,0.000,0.0,0.000,0.000,0.0
38.2038,12887,66823,0.000,0.000,0.0,0.000,0.000,0.0,0.000,0.000,0.0
38.2038,12888,66828,0.000,0.000,0.0,0.000,0.000,0.0,0.000,0.000,0.0
38.2038,12889,66833,0.000,0.000,0.0,0.000,0.000,0.0,0.000,0.000,0.0
38.2038,12890,66838,0.000,0.000,0.0,0.000,0.000,0.0,0.000,0.000,0.0
38.2556,12891,66843,0.000,0.000,0.0,0.000,0.000,0.0,0.000,0.000,0.0
38.2556,12892,66848,0.000,0.000,0.0,0.000,0.000,0.0,0.000,0.000,0.0
38.2556,12893,66853,0.000,0.000,0.0,0.000,0.000,0.0,0.000,0.000,0.0
38.2556,12894,66858,0.000,0.000,0.0,0.000,0.000,0.0,0.000,0.000,0.0
38.2556,12895,66863,0.000,0.000,0.0,0.000,0.000,0.0,0.000,0.000,0.0
38.2556,12896,66868,0.000,0.000,0.0,0.000,0.000,0.0,0.000,0.000,0.0
38.2556,12897,66873,0.000,0.000,0.0,0.000,0.000,0.0,0.000,0.000,0.0
38.2556,12898,66878,0.000,0.000,0.0,0.000,0.000,0.0,0.000,0.000,0.0
38.3160,12899,66883,0.000,0.000,0.0,0.000,0.000,0.0,0.000,0.000,0.0
38.3160,12900,66888,0.000,0.000,0.0,0.000,0.000,0.0,0.000,0.000,0.0
38.3160,12901,66893,0.000,0.000,0.0,0.000,0.000,0.0,0.000,0.000,0.0
38.3160,12902,66898,0.000,0.000,0.0,0.000,0.000,0.0,0.000,0.000,0.0
38.3160,12903,66903,0.000,0.000,0.0,0.000,0.000,0.0,0.000,0.000,0.0
38.3160,12904,66908,0.000,0.000,0.0,0.000,0.000,0.0,0.000,0.000,0.0
38.3160,12905,66913,0.000,0.000,0.0,0.000,0.000,0.0,0.000,0.000,0.0
38.3160,12906,66918,0.000,0.000,0.0,0.000,0.000,0.0,0.000,0.000,0.0
38.3160,12907,66923,0.000,0.000,0.0,0.000,0.000,0.0,0.000,0.000,0.0
38.3160,12908,66928,0.000,0.000,0.0,0.000,0.000,0.0,0.000,0.000,0.0
38.3160,12909,66933,0.000,0.000,0.0,0.000,0.000,0.0,0.000,0.000,0.0
38.3160,12910,66938,0.000,0.000,0.0,0.000,0.000,0.0,0.000,0.000,0.0
38.3160,12911,66943,0.000,0.000,0.0,0.000,0.000,0.0,0.000,0.000,0.0
38.3160,12912,66948,0.000,0.000,0.0,0.000,0.000,0.0,0.000,0.000,0.0
38.3160,12913,66953,0.000,0.000,0.0,0.000,0.000,0.0,0.000,0.000,0.0
38.3160,12914,66958,0.000,0.000,0.0,0.000,0.000,0.0,0.000,0.000,0.0
38.3786,12915,66963,0.000,0.000,0.0,0.000,0.000,0.0,0.000,0.000,0.0
38.3786,12916,66968,0.000,0.000,0.0,0.000,0.000,0.0,0.000,0.000,0.0
38.3786,12917,66973,0.000,0.000,0.0,0.000,0.000,0.0,0.000,0.000,0.0
38.3786,12918,66978,0.000,0.000,0.0,0.000,0.000,0.0,0.000,0.000,0.0
38.3786,12919,66983,0.000,0.000,0.0,0.000,0.000,0.0,0.000,0.000,0.0
38.3786,12920,66988,0.000,0.000,0.0,0.000,0.000,0.0,0.000,0.000,0.0
38.3786,12921,66993,0.000,0.000,0.0,0.000,0.000,0.0,0.000,0.000,0.0
38.3786,12922,66998,0.000,0.000,0.0,0.000,0.000,0.0,0.000,0.000,0.0
38.4427,12923,67003,0.000,0.000,0.0,0.000,0.000,0.0,0.000,0.000,0.0
38.4427,12924,67008,0.000,0.000,0.0,0.000,0.000,0.0,0.000,0.000,0.0
38.4427,12925,67013,0.000,0.000,0.0,0.000,0.000,0.0,0.000,0.000,0.0
38.4427,12926,67018,0.000,0.000,0.0,0.000,0.000,0.0,0.000,0.000,0.0
38.4427,12927,67023,0.000,0.000,0.0,0.000,0.000,0.0,0.000,0.000,0.0
38.4427,12928,67028,0.000,0.000,0.0,0.000,0.000,0.0,0.000,0.000,0.0
38.4427,12929,67033,0.000,0.000,0.0,0.000,0.000,0.0,0.000,0.000,0.0
38.4427,12930,67038,0.000,0.000,0.0,0.000,0.000,0.0,0.000,0.000,0.0
38.4427,12931,67043,0.000,0.000,0.0,0.000,0.000,0.0,0.000,0.000,0.0
38.4427,12932,67048,0.000,0.000,0.0,0.000,0.000,0.0,0.000,0.000,0.0
38.4427,12933,67053,0.000,0.000,0.0,0.000,0.000,0.0,0.000,0.000,0.0
38.4427,12934,67058,0.000,0.000,0.0,0.000,0.000,0.0,0.000,0.000,0.0
38.4427,12935,67063,0.000,0.000,0.0,0.000,0.000,0.0,0.000,0.000,0.0
38.4427,12936,67068,0.000,0.000,0.0,0.000,0.000,0.0,0.000,0.000,0.0
38.4427,12937,67073,0.000,0.000,0.0,0.000,0.000,0.0,0.000,0.000,0.0
38.4427,12938,67078,0.000,0.000,0.0,0.000,0.000,0.0,0.000,0.000,0.0
38.5045,12939,67083,0.000,0.000,0.0,0.000,0.000,0.0,0.000,0.000,0.0
38.5045,12940,67088,0.000,0.000,0.0,0.000,0.000,0.0,0.000,0.000,0.0
38.5045,12941,67093,0.000,0.000,0.0,0.000,0.000,0.0,0.000,0.000,0.0
38.5045,12942,67098,0.000,0.000,0.0,0.000,0.000,0.0,0.000,0.000,0.0
38.5045,12943,67103,0.000,0.000,0.0,0.000,0.000,0.0,0.000,0.000,0.0
38.5045,12944,67108,0.000,0.000,0.0,0.000,0.000,0.0,0.000,0.000,0.0
38.5045,12945,67113,0.000,0.000,0.0,0.000,0.000,0.0,0.000,0.000,0.0
38.5045,12946,67118,0.000,0.000,0.0,0.000,0.000,0.0,0.000,0.000,0.0
38.5668,12947,67123,0.000,0.000,0.0,0.000,0.000,0.0,0.000,0.000,0.0
38.5668,12948,67128,0.000,0.000,0.0,0.000,0.000,0.0,0.000,0.000,0.0
38.5668,12949,67133,0.000,0.000,0.0,0.000,0.000,0.0,0.000,0.000,0.0
38.5668,12950,67138,0.000,0.000,0.0,0.000,0.000,0.0,0.000,0.000,0.0
38.5668,12951,67143,0.000,0.000,0.0,0.000,0.000,0.0,0.000,0.000,0.0
38.5668,12952,67148,0.000,0.000,0.0,0.000,0.000,0.0,0.000,0.000,0.0
38.5668,12953,67153,0.000,0.000,0.0,0.000,0.000,0.0,0.000,0.000,0.0
38.5668,12954,67158,0.000,0.000,0.0,0.000,0.000,0.0,0.000,0.000,0.0
38.5668,12955,67163,0.000,0.000,0.0,0.000,0.000,0.0,0.000,0.000,0.0
38.5668,12956,67168,0.000,0.000,0.0,0.000,0.000,0.0,0.000,0.000,0.0
38.5668,12957,67173,0.000,0.000,0.0,0.000,0.000,0.0,0.000,0.000,0.0
38.5668,12958,67178,0.000,0.000,0.0,0.000,0.000,0.0,0.000,0.000,0.0
38.5668,12959,67183,0.000,0.000,0.0,0.000,0.000,0.0,0.000,0.000,0.0
38.5668,12960,67188,0.000,0.000,0.0,0.000,0.000,0.0,0.000,0.000,0.0
38.5668,12961,67193,0.000,0.000,0.0,0.000,0.000,0.0,0.000,0.000,0.0
38.5668,12962,67198,0.000,0.000,0.0,0.000,0.000,0.0,0.000,0.000,0.0
38.6267,12963,67203,0.000,0.000,0.0,0.000,0.000,0.0,0.000,0.000,0.0
38.6267,12964,67208,0.000,0.000,0.0,0.000,0.000,0.0,0.000,0.000,0.0
38.6267,12965,67213,0.000,0.000,0.0,0.000,0.000,0.0,0.000,0.000,0.0
38.6267,12966,67218,0.000,0.000,0.0,0.000,0.000,0.0,0.000,0.000,0.0
38.6267,12967,67223,0.000,0.000,0.0,0.000,0.000,0.0,0.000,0.000,0.0
38.6267,12968,67228,0.000,0.000,0.0,0.000,0.000,0.0,0.000,0.000,0.0
38.6267,12969,67233,0.000,0.000,0.0,0.000,0.000,0.0,0.000,0.000,0.0
38.6267,12970,67238,0.000,0.000,0.0,0.000,0.000,0.0,0.000,0.000,0.0
38.6882,12971,67243,0.000,0.000,0.0,0.000,0.000,0.0,0.000,0.000,0.0
38.6882,12972,67248,0.000,0.000,0.0,0.000,0.000,0.0,0.000,0.000,0.0
38.6882,12973,67253,0.000,0.000,0.0,0.000,0.000,0.0,0.000,0.000,0.0
38.6882,12974,67258,0.000,0.000,0.0,0.000,0.000,0.0,0.000,0.000,0.0
38.6882,12975,67263,0.000,0.000,0.0,0.000,0.000,0.0,0.000,0.000,0.0
38.6882,12976,67268,0.000,0.000,0.0,0.000,0.000,0.0,0.000,0.000,0.0
38.6882,12977,67273,0.000,0.000,0.0,0.000,0.000,0.0,0.000,0.000,0.0
38.6882,12978,67278,0.000,0.000,0.0,0.000,0.000,0.0,0.000,0.000,0.0
38.6882,12979,67283,0.000,0.000,0.0,0.000,0.000,0.0,0.000,0.000,0.0
38.6882,12980,67288,0.000,0.000,0.0,0.000,0.000,0.0,0.000,0.000,0.0
38.6882,12981,67293,0.000,0.000,0.0,0.000,0.000,0.0,0.000,0.000,0.0
38.6882,12982,67298,0.000,0.000,0.0,0.000,0.000,0.0,0.000,0.000,0.0
38.6882,12983,67303,0.000,0.000,0.0,0.000,0.000,0.0,0.000,0.000,0.0
38.6882,12984,67308,0.000,0.000,0.0,0.000,0.000,0.0,0.000,0.000,0.0
38.6882,12985,67313,0.000,0.000,0.0,0.000,0.000,0.0,0.000,0.000,0.0
38.6882,12986,67318,0.000,0.000,0.0,0.000,0.000,0.0,0.000,0.000,0.0
38.7516,12987,67323,0.000,0.000,0.0,0.000,0.000,0.0,0.000,0.000,0.0
38.7516,12988,67328,0.000,0.000,0.0,0.000,0.000,0.0,0.000,0.000,0.0
38.7516,12989,67333,0.000,0.000,0.0,0.000,0.000,0.0,0.000,0.000,0.0
38.7516,12990,67338,0.000,0.000,0.0,0.000,0.000,0.0,0.000,0.000,0.0
38.7516,12991,67343,0.000,0.000,0.0,0.000,0.000,0.0,0.000,0.000,0.0
38.7516,12992,67348,0.000,0.000,0.0,0.000,0.000,0.0,0.000,0.000,0.0
38.7516,12993,67353,0.000,0.000,0.0,0.000,0.000,0.0,0.000,0.000,0.0
38.7516,12994,67358,0.000,0.000,0.0,0.000,0.000,0.0,0.000,0.000,0.0
38.8121,12995,67363,0.000,0.000,0.0,0.000,0.000,0.0,0.000,0.000,0.0
38.8121,12996,67368,0.000,0.000,0.0,0.000,0.000,0.0,0.000,0.000,0.0
38.8121,12997,67373,0.000,0.000,0.0,0.000,0.000,0.0,0.000,0.000,0.0
38.8121,12998,67378,0.000,0.000,0.0,0.000,0.000,0.0,0.000,0.000,0.0
38.8121,12999,67383,0.000,0.000,0.0,0.000,0.000,0.0,0.000,0.000,0.0
38.8121,13000,67388,0.000,0.000,0.0,0.000,0.000,0.0,0.000,0.000,0.0
38.8121,13001,67393,0.000,0.000,0.0,0.000,0.000,0.0,0.000,0.000,0.0
38.8121,13002,67398,0.000,0.000,0.0,0.000,0.000,0.0,0.000,0.000,0.0
38.8121,13003,67403,0.000,0.000,0.0,0.000,0.000,0.0,0.000,0.000,0.0
38.8121,13004,67408,0.000,0.000,0.0,0.000,0.000,0.0,0.000,0.000,0.0
38.8121,13005,67413,0.000,0.000,0.0,0.000,0.000,0.0,0.000,0.000,0.0
38.8121,13006,67418,0.000,0.000,0.0,0.000,0.000,0.0,0.000,0.000,0.0
38.8121,13007,67423,0.000,0.000,0.0,0.000,0.000,0.0,0.000,0.000,0.0
38.8121,13008,67428,0.000,0.000,0.0,0.000,0.000,0.0,0.000,0.000,0.0
38.8121,13009,67433,0.000,0.000,0.0,0.000,0.000,0.0,0.000,0.000,0.0
38.8121,13010,67438,0.000,0.000,0.0,0.000,0.000,0.0,0.000,0.000,0.0
38.8395,13011,67443,0.000,0.000,0.0,0.000,0.000,0.0,0.000,0.000,0.0
38.8395,13012,67448,0.000,0.000,0.0,0.000,0.000,0.0,0.000,0.000,0.0
38.8395,13013,67453,0.000,0.000,0.0,0.000,0.000,0.0,0.000,0.000,0.0
38.8395,13014,67458,0.000,0.000,0.0,0.000,0.000,0.0,0.000,0.000,0.0
38.8395,13015,67463,0.000,0.000,0.0,0.000,0.000,0.0,0.000,0.000,0.0
38.8395,13016,67468,0.000,0.000,0.0,0.000,0.000,0.0,0.000,0.000,0.0
38.8395,13017,67473,0.000,0.000,0.0,0.000,0.000,0.0,0.000,0.000,0.0
38.8395,13018,67478,0.000,0.000,0.0,0.000,0.000,0.0,0.000,0.000,0.0
38.8904,13019,67484,35.000,0.000,204.0,35.000,0.000,204.0,35.000,0.000,204.0
38.8904,13020,67489,35.000,0.179,206.9,35.000,0.000,208.1,35.000,0.000,208.1
38.8904,13021,67494,35.000,0.538,209.0,35.000,0.358,209.7,35.000,0.179,210.9
38.8904,13022,67499,35.000,0.901,211.4,35.000,0.904,211.0,35.000,0.361,214.2
38.8904,13023,67504,35.000,1.643,211.4,35.000,0.904,216.3,35.000,0.546,217.4
38.8904,13024,67509,35.000,2.535,211.2,35.000,1.797,214.4,35.000,0.903,219.5
38.8904,13025,67514,35.000,3.453,211.1,35.000,2.897,213.2,35.000,1.270,221.8
38.8904,13026,67519,35.000,4.720,208.7,35.000,4.165,211.2,35.000,1.813,223.1
38.9509,13027,67524,35.000,5.815,208.1,35.000,5.437,209.5,35.000,2.359,224.6
38.9509,13028,67529,35.000,6.887,207.1,35.000,6.871,206.6,35.000,3.076,225.0
38.9509,13029,67534,35.000,8.181,204.4,35.000,8.350,203.7,35.000,3.815,225.6
38.9509,13030,67539,35.000,9.258,203.6,35.000,9.967,199.8,35.000,4.534,226.3
38.9509,13031,67544,35.000,10.346,202.1,35.000,11.235,198.3,35.000,5.258,226.8
38.9509,13032,67549,35.000,11.457,200.3,35.000,12.530,195.6,35.000,5.997,227.1
38.9509,13033,67554,35.000,12.336,199.9,35.000,14.153,190.7,35.000,6.893,226.4
38.9509,13034,67559,35.000,12.921,200.8,35.000,15.108,190.8,35.000,7.459,228.1
39.0016,13035,67564,35.000,13.797,199.1,35.000,16.153,188.6,35.000,8.345,226.8
39.0016,13036,67569,35.000,14.168,201.2,35.000,16.711,189.6,35.000,9.080,227.3
39.0016,13037,67574,35.000,14.683,201.1,35.000,17.403,188.5,35.000,9.785,227.4
39.0016,13038,67579,35.000,15.273,200.8,35.000,17.449,191.9,35.000,10.178,229.4
39.0016,13039,67584,35.000,15.772,201.3,35.000,17.944,190.8,35.000,10.514,231.0
39.0016,13040,67589,35.000,16.359,200.9,35.000,18.537,190.1,35.000,10.902,232.1
39.0016,13041,67594,35.000,16.732,202.0,35.000,19.094,189.8,35.000,11.271,233.4
39.0016,13042,67599,35.000,17.259,201.5,35.000,19.255,191.9,35.000,11.625,234.7
39.0016,13043,67604,35.000,17.427,203.8,35.000,19.771,190.7,35.000,11.968,236.0
39.0026,13044,67609,35.000,17.762,204.0,35.000,19.919,192.8,35.000,12.498,236.1
39.0026,13045,67614,35.000,17.995,205.3,35.000,19.802,195.6,35.000,12.720,238.5
39.0026,13046,67619,35.000,18.333,205.6,35.000,19.955,196.1,35.000,13.061,239.3
39.0026,13047,67624,35.000,18.536,207.0,35.000,20.348,195.6,35.000,13.443,240.2
39.0026,13048,67629,35.000,18.880,207.1,35.000,20.874,194.8,35.000,13.974,240.1
39.0026,13049,67634,35.000,19.078,208.5,35.000,21.074,196.4,35.000,14.710,239.0
39.0026,13050,67639,35.000,19.236,209.8,35.000,21.045,198.7,35.000,15.240,239.7
39.0661,13051,67644,35.000,19.247,211.9,35.000,20.870,201.4,35.000,15.789,239.7
39.0661,13052,67649,35.000,19.067,214.9,35.000,21.061,201.3,35.000,16.528,238.4
39.0661,13053,67654,35.000,19.261,215.1,35.000,21.083,203.2,35.000,16.904,239.8
39.0661,13054,67659,35.000,19.093,218.4,35.000,21.280,203.6,35.000,17.462,239.2
39.0661,13055,67664,35.000,19.055,220.1,35.000,21.422,204.7,35.000,17.976,239.2
39.0661,13056,67669,35.000,19.096,221.6,35.000,21.643,205.2,35.000,18.373,239.8
39.0661,13057,67674,35.000,19.233,222.6,35.000,21.589,207.6,35.000,18.867,239.4
39.0661,13058,67679,35.000,18.891,227.0,35.000,21.804,207.6,35.000,19.447,238.7
39.1281,13059,67684,35.000,18.908,227.9,35.000,21.812,209.6,35.000,19.817,239.5
39.1281,13060,67689,35.000,19.063,228.8,35.000,21.976,210.1,35.000,20.346,238.6
39.1281,13061,67694,35.000,19.385,228.9,35.000,22.296,209.9,35.000,20.673,239.5
39.1281,13062,67699,35.000,19.576,230.2,35.000,22.303,212.1,35.000,20.859,240.7
39.1281,13063,67704,35.000,19.792,231.0,35.000,22.522,212.1,35.000,21.438,239.0
39.1281,13064,67709,35.000,19.796,233.3,35.000,22.524,214.1,35.000,21.806,239.5
39.1281,13065,67714,35.000,19.970,233.9,35.000,22.701,214.4,35.000,21.983,240.8
39.1281,13066,67719,35.000,19.963,236.1,35.000,22.873,215.1,35.000,22.338,240.4
39.1281,13067,67724,35.000,20.000,237.6,35.000,22.915,216.6,35.000,22.558,241.3
39.1281,13068,67729,35.000,20.517,236.0,35.000,23.063,217.1,35.000,22.706,242.3
39.1281,13069,67734,35.000,20.883,236.5,35.000,23.257,217.6,35.000,23.082,241.6
39.1281,13070,67739,35.000,20.680,240.4,35.000,23.217,219.7,35.000,23.223,242.9
39.1281,13071,67744,35.000,20.557,242.3,35.000,23.285,220.5,35.000,23.470,243.0
39.1281,13072,67749,35.000,20.885,241.6,35.000,23.610,219.9,35.000,23.615,244.0
39.1281,13073,67754,35.000,21.027,243.0,35.000,23.747,221.1,35.000,23.392,247.1
39.1281,13074,67759,35.000,21.598,241.3,35.000,23.773,222.5,35.000,23.416,247.7
39.1856,13075,67764,35.000,21.594,244.2,35.000,23.939,222.8,35.000,23.406,249.2
39.1856,13076,67769,35.000,21.605,245.7,35.000,23.961,224.3,35.000,23.429,250.4
39.1856,13077,67774,35.000,21.607,247.2,35.000,23.787,226.8,35.000,23.433,251.7
39.1856,13078,67779,35.000,21.789,247.6,35.000,23.963,226.5,35.000,23.430,253.1
39.1856,13079,67784,35.000,21.786,249.6,35.000,23.960,228.2,35.000,23.062,255.0
39.1856,13080,67789,35.000,22.171,248.6,35.000,24.170,228.1,35.000,23.093,255.0
39.1856,13081,67794,35.000,22.531,248.6,35.000,24.161,229.9,35.000,22.900,255.0
39.1856,13082,67799,35.000,22.185,253.2,35.000,23.633,234.6,35.000,22.913,255.0
39.2324,13083,67804,35.000,21.975,255.0,35.000,23.415,236.1,35.000,23.057,255.0
39.2324,13084,67809,35.000,21.950,255.0,35.000,23.396,237.0,35.000,22.855,255.0
39.2324,13085,67814,35.000,21.418,255.0,35.000,23.053,240.5,35.000,23.233,255.0
39.2324,13086,67819,35.000,21.069,255.0,35.000,23.257,239.7,35.000,23.250,255.0
39.2324,13087,67824,35.000,21.423,255.0,35.000,23.433,240.4,35.000,23.428,255.0
39.2324,13088,67829,35.000,21.390,255.0,35.000,23.036,244.8,35.000,23.567,255.0
39.2324,13089,67834,35.000,21.380,255.0,35.000,22.841,246.5,35.000,23.919,255.0
39.2324,13090,67839,35.000,21.437,255.0,35.000,23.094,245.7,35.000,23.982,255.0
39.2978,13091,67844,35.000,21.586,255.0,35.000,23.057,248.0,35.000,24.310,255.0
39.2978,13092,67849,35.000,21.781,255.0,35.000,23.252,248.0,35.000,24.510,255.0
39.2978,13093,67854,35.000,21.953,255.0,35.000,23.081,250.9,35.000,24.691,255.0
39.2978,13094,67859,35.000,22.352,255.0,35.000,23.287,250.5,35.000,25.084,255.0
39.2978,13095,67864,35.000,22.897,255.0,35.000,23.834,248.8,35.000,25.084,255.0
39.2978,13096,67869,35.000,23.595,255.0,35.000,23.788,251.7,35.000,25.406,255.0
39.2978,13097,67874,35.000,23.777,255.0,35.000,23.786,252.9,35.000,25.406,255.0
39.2978,13098,67879,35.000,23.825,255.0,35.000,23.649,255.0,35.000,25.460,255.0
39.2978,13099,67884,35.000,23.989,255.0,35.000,23.452,255.0,35.000,25.434,255.0
39.2978,13100,67889,35.000,24.143,255.0,35.000,22.873,255.0,35.000,25.777,255.0
39.2978,13101,67894,35.000,23.767,255.0,35.000,23.227,255.0,35.000,25.767,255.0
39.2978,13102,67899,35.000,23.951,255.0,35.000,23.590,255.0,35.000,25.768,255.0
39.2978,13103,67904,35.000,24.208,255.0,35.000,23.838,255.0,35.000,26.027,255.0
39.2978,13104,67909,35.000,23.958,255.0,35.000,23.954,255.0,35.000,25.957,255.0
39.2978,13105,67914,35.000,23.985,255.0,35.000,23.804,255.0,35.000,25.986,255.0
39.2978,13106,67919,35.000,24.156,255.0,35.000,23.792,255.0,35.000,25.796,255.0
39.3585,13107,67924,35.000,23.940,255.0,35.000,24.097,255.0,35.000,25.920,255.0
39.3585,13108,67929,35.000,24.144,255.0,35.000,24.685,255.0,35.000,25.958,255.0
39.3585,13109,67934,35.000,23.957,255.0,35.000,25.401,255.0,35.000,25.960,255.0
39.3585,13110,67939,35.000,23.796,255.0,35.000,25.966,255.0,35.000,25.788,255.0
39.3585,13111,67944,35.000,24.175,255.0,35.000,25.986,255.0,35.000,25.809,255.0
39.3585,13112,67949,35.000,23.985,255.0,35.000,26.155,255.0,35.000,25.793,255.0
39.3585,13113,67954,35.000,23.983,255.0,35.000,26.340,255.0,35.000,25.613,255.0
39.3585,13114,67959,35.000,24.139,255.0,35.000,26.670,255.0,35.000,25.765,255.0
39.3585,13115,67964,35.000,23.788,255.0,35.000,26.869,255.0,35.000,25.784,255.0
39.3585,13116,67969,35.000,23.783,255.0,35.000,27.055,255.0,35.000,25.784,255.0
39.3585,13117,67974,35.000,23.849,255.0,35.000,27.147,255.0,35.000,25.693,255.0
39.3585,13118,67979,35.000,23.780,255.0,35.000,27.062,255.0,35.000,25.608,255.0
39.3585,13119,67984,35.000,24.161,255.0,35.000,27.081,255.0,35.000,25.807,255.0
39.3585,13120,67989,35.000,24.163,255.0,35.000,26.897,255.0,35.000,25.807,255.0
39.3585,13121,67994,35.000,23.936,255.0,35.000,27.028,255.0,35.000,25.760,255.0
39.3585,13122,67999,35.000,23.946,255.0,35.000,27.046,255.0,35.000,25.780,255.0
39.4227,13123,68004,35.000,23.966,255.0,35.000,27.237,255.0,35.000,25.787,255.0
39.4227,13124,68009,35.000,23.966,255.0,35.000,27.247,255.0,35.000,25.795,255.0
39.4227,13125,68014,35.000,24.692,255.0,35.000,27.241,255.0,35.000,25.790,255.0
39.4227,13126,68019,35.000,24.832,255.0,35.000,27.366,255.0,35.000,25.919,255.0
39.4227,13127,68024,35.000,25.040,255.0,35.000,27.395,255.0,35.000,25.946,255.0
39.4227,13128,68029,35.000,25.075,255.0,35.000,27.612,255.0,35.000,25.981,255.0
39.4227,13129,68034,35.000,24.335,255.0,35.000,27.771,255.0,35.000,25.961,255.0
39.4227,13130,68039,35.000,24.671,255.0,35.000,27.929,255.0,35.000,25.935,255.0
39.4803,13131,68044,35.000,25.061,255.0,35.000,27.949,255.0,35.000,26.136,255.0
39.4803,13132,68049,35.000,25.274,255.0,35.000,27.994,255.0,35.000,26.176,255.0
39.4803,13133,68054,35.000,25.223,255.0,35.000,27.948,255.0,35.000,26.313,255.0
39.4803,13134,68059,35.000,24.865,255.0,35.000,27.939,255.0,35.000,26.127,255.0
39.4803,13135,68064,35.000,24.681,255.0,35.000,27.938,255.0,35.000,25.942,255.0
39.4803,13136,68069,35.000,24.523,255.0,35.000,27.957,255.0,35.000,25.600,255.0
39.4803,13137,68074,35.000,24.660,255.0,35.000,28.092,255.0,35.000,25.557,255.0
39.4803,13138,68079,35.000,24.513,255.0,35.000,28.136,255.0,35.000,25.413,255.0
39.4803,13139,68084,35.000,25.038,255.0,35.000,28.105,255.0,35.000,25.384,255.0
39.4803,13140,68089,35.000,24.891,255.0,35.000,28.155,255.0,35.000,25.246,255.0
39.4803,13141,68094,35.000,24.557,255.0,35.000,28.016,255.0,35.000,25.105,255.0
39.4803,13142,68099,35.000,24.129,255.0,35.000,28.108,255.0,35.000,25.022,255.0
39.4803,13143,68104,35.000,23.954,255.0,35.000,28.114,255.0,35.000,25.024,255.0
39.4803,13144,68109,35.000,24.177,255.0,35.000,28.169,255.0,35.000,25.076,255.0
39.4803,13145,68114,35.000,24.346,255.0,35.000,28.154,255.0,35.000,25.245,255.0
39.4803,13146,68119,35.000,24.199,255.0,35.000,28.200,255.0,35.000,25.466,255.0
39.5273,13147,68124,35.000,23.777,255.0,35.000,28.106,255.0,35.000,25.558,255.0
39.5273,13148,68129,35.000,23.621,255.0,35.000,28.157,255.0,35.000,25.788,255.0
39.5273,13149,68134,35.000,23.484,255.0,35.000,28.043,255.0,35.000,25.673,255.0
39.5273,13150,68139,35.000,23.264,255.0,35.000,28.166,255.0,35.000,25.803,255.0
39.5273,13151,68144,35.000,23.388,255.0,35.000,28.280,255.0,35.000,25.743,255.0
39.5273,13152,68149,35.000,24.004,255.0,35.000,28.183,255.0,35.000,25.821,255.0
39.5273,13153,68154,35.000,24.146,255.0,35.000,28.321,255.0,35.000,25.604,255.0
39.5273,13154,68159,35.000,24.152,255.0,35.000,28.145,255.0,35.000,25.784,255.0
39.5744,13155,68164,35.000,24.108,255.0,35.000,28.269,255.0,35.000,25.739,255.0
39.5744,13156,68169,35.000,24.296,255.0,35.000,28.100,255.0,35.000,25.751,255.0
39.5744,13157,68174,35.000,24.581,255.0,35.000,28.242,255.0,35.000,25.700,255.0
39.5744,13158,68179,35.000,24.879,255.0,35.000,28.142,255.0,35.000,25.609,255.0
39.5744,13159,68184,35.000,24.859,255.0,35.000,28.301,255.0,35.000,25.585,255.0
39.5744,13160,68189,35.000,24.705,255.0,35.000,28.153,255.0,35.000,25.617,255.0
39.5744,13161,68194,35.000,24.530,255.0,35.000,28.155,255.0,35.000,25.795,255.0
39.5744,13162,68199,35.000,24.508,255.0,35.000,28.133,255.0,35.000,25.776,255.0
39.6253,13163,68204,35.000,24.386,255.0,35.000,28.194,255.0,35.000,25.832,255.0
39.6253,13164,68209,35.000,24.366,255.0,35.000,28.180,255.0,35.000,25.641,255.0
39.6253,13165,68214,35.000,24.509,255.0,35.000,28.149,255.0,35.000,25.785,255.0
39.6253,13166,68219,35.000,24.301,255.0,35.000,28.293,255.0,35.000,25.751,255.0
39.6253,13167,68224,35.000,24.296,255.0,35.000,28.102,255.0,35.000,25.743,255.0
39.6253,13168,68229,35.000,23.946,255.0,35.000,28.118,255.0,35.000,25.760,255.0
39.6253,13169,68234,35.000,24.125,255.0,35.000,28.115,255.0,35.000,25.755,255.0
39.6253,13170,68239,35.000,24.637,255.0,35.000,28.256,255.0,35.000,25.902,255.0
39.6830,13171,68244,35.000,24.543,255.0,35.000,28.181,255.0,35.000,25.821,255.0
39.6830,13172,68249,35.000,24.305,255.0,35.000,28.123,255.0,35.000,25.761,255.0
39.6830,13173,68254,35.000,24.310,255.0,35.000,28.138,255.0,35.000,25.778,255.0
39.6830,13174,68259,35.000,24.461,255.0,35.000,28.273,255.0,35.000,25.917,255.0
39.6830,13175,68264,35.000,24.393,255.0,35.000,28.216,255.0,35.000,25.851,255.0
39.6830,13176,68269,35.000,24.554,255.0,35.000,28.193,255.0,35.000,26.011,255.0
39.6830,13177,68274,35.000,24.687,255.0,35.000,28.138,255.0,35.000,26.142,255.0
39.6830,13178,68279,35.000,24.706,255.0,35.000,28.345,255.0,35.000,26.159,255.0
39.6830,13179,68284,35.000,24.684,255.0,35.000,28.137,255.0,35.000,26.137,255.0
39.6830,13180,68289,35.000,24.386,255.0,35.000,28.039,255.0,35.000,25.843,255.0
39.6830,13181,68294,35.000,24.820,255.0,35.000,28.100,255.0,35.000,25.559,255.0
39.6830,13182,68299,35.000,25.043,255.0,35.000,28.321,255.0,35.000,25.599,255.0
39.6830,13183,68304,35.000,25.236,255.0,35.000,28.151,255.0,35.000,25.423,255.0
39.6830,13184,68309,35.000,25.220,255.0,35.000,28.136,255.0,35.000,25.231,255.0
39.6830,13185,68314,35.000,25.185,255.0,35.000,28.093,255.0,35.000,25.187,255.0
39.6830,13186,68319,35.000,25.083,255.0,35.000,28.191,255.0,35.000,25.097,255.0
39.7479,13187,68324,35.000,24.857,255.0,35.000,28.313,255.0,35.000,24.866,255.0
39.7479,13188,68329,35.000,24.654,255.0,35.000,28.113,255.0,35.000,24.853,255.0
39.7479,13189,68334,35.000,24.893,255.0,35.000,28.180,255.0,35.000,24.914,255.0
39.7479,13190,68339,35.000,24.659,255.0,35.000,28.295,255.0,35.000,25.218,255.0
39.7479,13191,68344,35.000,24.164,255.0,35.000,28.163,255.0,35.000,25.437,255.0
39.7479,13192,68349,35.000,23.764,255.0,35.000,27.937,255.0,35.000,25.399,255.0
39.7479,13193,68354,35.000,23.757,255.0,35.000,27.561,255.0,35.000,25.751,255.0
39.7479,13194,68359,35.000,23.676,255.0,35.000,27.307,255.0,35.000,25.858,255.0
39.8117,13195,68364,35.000,23.476,255.0,35.000,27.105,255.0,35.000,25.842,255.0
39.8117,13196,68369,35.000,23.214,255.0,35.000,26.827,255.0,35.000,25.749,255.0
39.8117,13197,68374,35.000,23.259,255.0,35.000,26.525,255.0,35.000,25.985,255.0
39.8117,13198,68379,35.000,23.459,255.0,35.000,26.542,255.0,35.000,26.001,255.0
39.8117,13199,68384,35.000,23.087,255.0,35.000,26.531,255.0,35.000,25.990,255.0
39.8117,13200,68389,35.000,23.437,255.0,35.000,26.152,255.0,35.000,25.977,255.0
39.8117,13201,68394,35.000,23.635,255.0,35.000,26.175,255.0,35.000,25.994,255.0
39.8117,13202,68399,35.000,23.831,255.0,35.000,26.013,255.0,35.000,26.013,255.0
39.8117,13203,68404,35.000,23.268,255.0,35.000,26.349,255.0,35.000,25.807,255.0
39.8117,13204,68409,35.000,23.604,255.0,35.000,25.961,255.0,35.000,25.963,255.0
39.8117,13205,68414,35.000,23.607,255.0,35.000,25.609,255.0,35.000,25.974,255.0
39.8117,13206,68419,35.000,23.811,255.0,35.000,25.447,255.0,35.000,25.993,255.0
39.8117,13207,68424,35.000,23.480,255.0,35.000,25.120,255.0,35.000,25.851,255.0
39.8117,13208,68429,35.000,23.759,255.0,35.000,24.843,255.0,35.000,25.936,255.0
39.8117,13209,68434,35.000,23.965,255.0,35.000,24.688,255.0,35.000,25.963,255.0
39.8117,13210,68439,35.000,23.794,255.0,35.000,24.699,255.0,35.000,25.794,255.0
39.8736,13211,68444,35.000,23.590,255.0,35.000,24.479,255.0,35.000,25.756,255.0
39.8736,13212,68449,35.000,23.629,255.0,35.000,24.347,255.0,35.000,25.624,255.0
39.8736,13213,68454,35.000,23.605,255.0,35.000,24.326,255.0,35.000,25.421,255.0
39.8736,13214,68459,35.000,23.208,255.0,35.000,24.823,255.0,35.000,25.013,255.0
39.8736,13215,68464,35.000,23.255,255.0,35.000,25.427,255.0,35.000,24.882,255.0
39.8736,13216,68469,35.000,23.228,255.0,35.000,25.401,255.0,35.000,24.852,255.0
39.8736,13217,68474,35.000,23.616,255.0,35.000,25.971,255.0,35.000,24.688,255.0
39.8736,13218,68479,35.000,23.640,255.0,35.000,25.997,255.0,35.000,24.534,255.0
39.9375,13219,68484,35.000,23.438,255.0,35.000,26.151,255.0,35.000,24.505,255.0
39.9375,13220,68489,35.000,23.438,255.0,35.000,26.340,255.0,35.000,24.514,255.0
39.9375,13221,68494,35.000,23.832,255.0,35.000,26.567,255.0,35.000,24.558,255.0
39.9375,13222,68499,35.000,23.804,255.0,35.000,26.707,255.0,35.000,24.701,255.0
39.9375,13223,68504,35.000,24.735,255.0,35.000,26.741,255.0,35.000,24.915,255.0
39.9375,13224,68509,35.000,24.750,255.0,35.000,26.946,255.0,35.000,25.113,255.0
39.9375,13225,68514,35.000,24.518,255.0,35.000,26.880,255.0,35.000,25.416,255.0
39.9375,13226,68519,35.000,24.564,255.0,35.000,27.112,255.0,35.000,25.473,255.0
39.9375,13227,68524,35.000,24.494,255.0,35.000,27.209,255.0,35.000,25.577,255.0
39.9375,13228,68529,35.000,24.482,255.0,35.000,27.384,255.0,35.000,25.750,255.0
39.9375,13229,68534,35.000,24.521,255.0,35.000,27.250,255.0,35.000,25.617,255.0
39.9375,13230,68539,35.000,24.327,255.0,35.000,27.405,255.0,35.000,25.773,255.0
39.9375,13231,68544,35.000,24.112,255.0,35.000,27.366,255.0,35.000,25.736,255.0
39.9375,13232,68549,35.000,24.156,255.0,35.000,27.787,255.0,35.000,25.970,255.0
39.9375,13233,68554,35.000,23.911,255.0,35.000,27.722,255.0,35.000,25.910,255.0
39.9375,13234,68559,35.000,24.098,255.0,35.000,27.730,255.0,35.000,26.098,255.0
39.9996,13235,68564,35.000,24.514,255.0,35.000,27.781,255.0,35.000,25.967,255.0
39.9996,13236,68569,35.000,24.302,255.0,35.000,27.929,255.0,35.000,26.115,255.0
39.9996,13237,68574,35.000,24.526,255.0,35.000,27.802,255.0,35.000,26.164,255.0
39.9996,13238,68579,35.000,24.765,255.0,35.000,27.855,255.0,35.000,26.221,255.0
39.9996,13239,68584,35.000,24.693,255.0,35.000,28.139,255.0,35.000,26.326,255.0
39.9996,13240,68589,35.000,25.091,255.0,35.000,28.000,255.0,35.000,26.368,255.0
39.9996,13241,68594,35.000,25.065,255.0,35.000,28.143,255.0,35.000,26.515,255.0
39.9996,13242,68599,35.000,24.834,255.0,35.000,28.085,255.0,35.000,26.276,255.0
39.9996,13243,68604,35.000,24.896,255.0,35.000,28.138,255.0,35.000,26.507,255.0
39.9996,13244,68609,35.000,24.891,255.0,35.000,28.137,255.0,35.000,26.325,255.0
39.9996,13245,68614,35.000,24.678,255.0,35.000,28.118,255.0,35.000,26.489,255.0
39.9996,13246,68619,35.000,24.516,255.0,35.000,28.136,255.0,35.000,26.325,255.0
39.9996,13247,68624,35.000,24.158,255.0,35.000,28.144,255.0,35.000,26.516,255.0
39.9996,13248,68629,35.000,24.337,255.0,35.000,28.323,255.0,35.000,26.332,255.0
39.9996,13249,68634,35.000,24.360,255.0,35.000,28.169,255.0,35.000,26.538,255.0
39.9996,13250,68639,35.000,23.954,255.0,35.000,28.296,255.0,35.000,26.485,255.0
40.0588,13251,68644,35.000,24.014,255.0,35.000,28.181,255.0,35.000,26.366,255.0
40.0588,13252,68649,35.000,24.177,255.0,35.000,28.169,255.0,35.000,26.537,255.0
40.0588,13253,68654,35.000,23.999,255.0,35.000,28.361,255.0,35.000,26.365,255.0
40.0588,13254,68659,35.000,23.479,255.0,35.000,28.210,255.0,35.000,26.393,255.0
40.0588,13255,68664,35.000,23.397,255.0,35.000,28.287,255.0,35.000,26.294,255.0
40.0588,13256,68669,35.000,24.024,255.0,35.000,28.197,255.0,35.000,26.379,255.0
40.0588,13257,68674,35.000,23.956,255.0,35.000,28.294,255.0,35.000,25.940,255.0
40.0588,13258,68679,35.000,23.242,255.0,35.000,28.132,255.0,35.000,26.140,255.0
40.1215,13259,68684,35.000,23.565,255.0,35.000,28.260,255.0,35.000,25.915,255.0
40.1215,13260,68689,35.000,23.805,255.0,35.000,28.159,255.0,35.000,25.808,255.0
40.1215,13261,68694,35.000,23.975,255.0,35.000,28.342,255.0,35.000,25.991,255.0
40.1215,13262,68699,35.000,24.126,255.0,35.000,28.119,255.0,35.000,25.771,255.0
40.1215,13263,68704,35.000,24.149,255.0,35.000,27.961,255.0,35.000,25.793,255.0
40.1215,13264,68709,35.000,24.313,255.0,35.000,28.116,255.0,35.000,25.951,255.0
40.1215,13265,68714,35.000,24.584,255.0,35.000,28.041,255.0,35.000,25.869,255.0
40.1215,13266,68719,35.000,24.315,255.0,35.000,28.127,255.0,35.000,25.780,255.0
40.1215,13267,68724,35.000,24.526,255.0,35.000,27.977,255.0,35.000,26.166,255.0
40.1215,13268,68729,35.000,24.877,255.0,35.000,28.151,255.0,35.000,25.976,255.0
40.1215,13269,68734,35.000,24.368,255.0,35.000,28.017,255.0,35.000,26.014,255.0
40.1215,13270,68739,35.000,24.482,255.0,35.000,28.114,255.0,35.000,26.115,255.0
40.1215,13271,68744,35.000,24.486,255.0,35.000,28.114,255.0,35.000,25.934,255.0
40.1215,13272,68749,35.000,24.707,255.0,35.000,28.160,255.0,35.000,26.157,255.0
40.1215,13273,68754,35.000,24.720,255.0,35.000,28.174,255.0,35.000,26.167,255.0
40.1215,13274,68759,35.000,25.074,255.0,35.000,28.161,255.0,35.000,26.159,255.0
40.1956,13275,68764,35.000,24.994,255.0,35.000,28.237,255.0,35.000,26.242,255.0
40.1956,13276,68769,35.000,24.863,255.0,35.000,28.130,255.0,35.000,26.311,255.0
40.1956,13277,68774,35.000,25.070,255.0,35.000,28.351,255.0,35.000,26.350,255.0
40.1956,13278,68779,35.000,25.062,255.0,35.000,28.151,255.0,35.000,26.334,255.0
40.1956,13279,68784,35.000,25.237,255.0,35.000,28.326,255.0,35.000,26.508,255.0
40.1956,13280,68789,35.000,24.910,255.0,35.000,28.185,255.0,35.000,26.367,255.0
40.1956,13281,68794,35.000,25.090,255.0,35.000,28.187,255.0,35.000,26.550,255.0
40.1956,13282,68799,35.000,24.924,255.0,35.000,28.200,255.0,35.000,26.564,255.0
40.2548,13283,68804,35.000,24.819,255.0,35.000,28.256,255.0,35.000,26.630,255.0
40.2548,13284,68809,35.000,24.665,255.0,35.000,28.298,255.0,35.000,26.479,255.0
40.2548,13285,68814,35.000,24.758,255.0,35.000,28.052,255.0,35.000,26.597,255.0
40.2548,13286,68819,35.000,24.677,255.0,35.000,28.111,255.0,35.000,26.664,255.0
40.2548,13287,68824,35.000,24.524,255.0,35.000,27.960,255.0,35.000,26.511,255.0
40.2548,13288,68829,35.000,24.474,255.0,35.000,28.083,255.0,35.000,26.639,255.0
40.2548,13289,68834,35.000,24.517,255.0,35.000,27.954,255.0,35.000,26.505,255.0
40.2548,13290,68839,35.000,25.002,255.0,35.000,28.068,255.0,35.000,26.623,255.0
40.2548,13291,68844,35.000,24.694,255.0,35.000,27.947,255.0,35.000,26.684,255.0
40.2548,13292,68849,35.000,24.317,255.0,35.000,27.937,255.0,35.000,26.491,255.0
40.2558,13293,68854,35.000,24.531,255.0,35.000,27.985,255.0,35.000,26.536,255.0
40.2558,13294,68859,35.000,24.356,255.0,35.000,27.803,255.0,35.000,26.358,255.0
40.2558,13295,68864,35.000,24.465,255.0,35.000,28.092,255.0,35.000,25.920,255.0
40.2558,13296,68869,35.000,24.857,255.0,35.000,27.955,255.0,35.000,25.783,255.0
40.2558,13297,68874,35.000,24.674,255.0,35.000,28.137,255.0,35.000,25.596,255.0
40.2558,13298,68879,35.000,24.193,255.0,35.000,28.036,255.0,35.000,25.489,255.0
40.3062,13299,68884,35.000,24.129,255.0,35.000,28.130,255.0,35.000,25.410,255.0
40.3062,13300,68889,35.000,23.827,255.0,35.000,28.025,255.0,35.000,25.301,255.0
40.3062,13301,68894,35.000,23.767,255.0,35.000,27.961,255.0,35.000,25.055,255.0
40.3062,13302,68899,35.000,23.957,255.0,35.000,27.782,255.0,35.000,25.060,255.0
40.3062,13303,68904,35.000,23.642,255.0,35.000,27.472,255.0,35.000,24.928,255.0
40.3062,13304,68909,35.000,24.092,255.0,35.000,27.370,255.0,35.000,25.015,255.0
40.3062,13305,68914,35.000,23.814,255.0,35.000,27.098,255.0,35.000,25.284,255.0
40.3062,13306,68919,35.000,23.653,255.0,35.000,27.122,255.0,35.000,25.304,255.0
40.3554,13307,68924,35.000,23.612,255.0,35.000,26.878,255.0,35.000,25.433,255.0
40.3554,13308,68929,35.000,24.313,255.0,35.000,26.492,255.0,35.000,25.409,255.0
40.3554,13309,68934,35.000,24.538,255.0,35.000,26.187,255.0,35.000,25.465,255.0
40.3554,13310,68939,35.000,24.670,255.0,35.000,26.304,255.0,35.000,25.408,255.0
40.3554,13311,68944,35.000,24.470,255.0,35.000,26.457,255.0,35.000,25.563,255.0
40.3554,13312,68949,35.000,24.719,255.0,35.000,26.527,255.0,35.000,25.446,255.0
40.3554,13313,68954,35.000,24.657,255.0,35.000,26.809,255.0,35.000,25.550,255.0
40.3554,13314,68959,35.000,24.529,255.0,35.000,26.867,255.0,35.000,25.605,255.0
40.4197,13315,68964,35.000,24.717,255.0,35.000,27.047,255.0,35.000,25.598,255.0
40.4197,13316,68969,35.000,24.826,255.0,35.000,26.978,255.0,35.000,25.712,255.0
40.4197,13317,68974,35.000,24.678,255.0,35.000,27.030,255.0,35.000,25.760,255.0
40.4197,13318,68979,35.000,24.354,255.0,35.000,27.427,255.0,35.000,25.794,255.0
40.4197,13319,68984,35.000,24.110,255.0,35.000,27.718,255.0,35.000,25.903,255.0
40.4197,13320,68989,35.000,24.187,255.0,35.000,27.622,255.0,35.000,25.982,255.0
40.4197,13321,68994,35.000,24.558,255.0,35.000,27.456,255.0,35.000,25.814,255.0
40.4197,13322,68999,35.000,24.470,255.0,35.000,27.725,255.0,35.000,26.088,255.0
40.4197,13323,69004,35.000,24.370,255.0,35.000,27.646,255.0,35.000,26.004,255.0
40.4197,13324,69009,35.000,24.381,255.0,35.000,27.660,255.0,35.000,26.017,255.0
40.4197,13325,69014,35.000,24.098,255.0,35.000,27.733,255.0,35.000,26.098,255.0
40.4197,13326,69019,35.000,24.199,255.0,35.000,27.832,255.0,35.000,26.012,255.0
40.4197,13327,69024,35.000,24.357,255.0,35.000,27.981,255.0,35.000,25.982,255.0
40.4197,13328,69029,35.000,24.298,255.0,35.000,27.915,255.0,35.000,25.915,255.0
40.4197,13329,69034,35.000,24.185,255.0,35.000,27.819,255.0,35.000,25.637,255.0
40.4197,13330,69039,35.000,23.970,255.0,35.000,27.965,255.0,35.000,25.599,255.0
40.4797,13331,69044,35.000,23.760,255.0,35.000,28.086,255.0,35.000,25.549,255.0
40.4797,13332,69049,35.000,23.807,255.0,35.000,27.982,255.0,35.000,25.257,255.0
40.4797,13333,69054,35.000,24.160,255.0,35.000,27.972,255.0,35.000,25.245,255.0
40.4797,13334,69059,35.000,23.534,255.0,35.000,28.025,255.0,35.000,25.307,255.0
40.4797,13335,69064,35.000,23.470,255.0,35.000,27.993,255.0,35.000,25.265,255.0
40.4797,13336,69069,35.000,22.908,255.0,35.000,27.979,255.0,35.000,25.252,255.0
40.4797,13337,69074,35.000,22.677,255.0,35.000,27.204,255.0,35.000,25.370,255.0
40.4797,13338,69079,35.000,22.350,255.0,35.000,26.882,255.0,35.000,25.415,255.0
40.4797,13339,69084,35.000,21.990,255.0,35.000,25.965,255.0,35.000,25.598,255.0
40.4797,13340,69089,35.000,21.954,255.0,35.000,25.572,255.0,35.000,25.566,255.0
40.4797,13341,69094,35.000,21.993,255.0,35.000,25.280,255.0,35.000,25.809,255.0
40.4797,13342,69099,35.000,21.833,255.0,35.000,25.284,255.0,35.000,26.002,255.0
40.4797,13343,69104,35.000,21.426,255.0,35.000,25.232,255.0,35.000,25.953,255.0
40.4797,13344,69109,35.000,21.839,255.0,35.000,25.132,255.0,35.000,26.027,255.0
40.4797,13345,69114,35.000,21.951,255.0,35.000,25.046,255.0,35.000,25.945,255.0
40.4797,13346,69119,35.000,22.300,255.0,35.000,25.021,255.0,35.000,25.921,255.0
40.5480,13347,69124,35.000,22.686,255.0,35.000,25.578,255.0,35.000,25.950,255.0
40.5480,13348,69129,35.000,22.671,255.0,35.000,25.936,255.0,35.000,25.945,255.0
40.5480,13349,69134,35.000,22.864,255.0,35.000,26.873,255.0,35.000,25.958,255.0
40.5480,13350,69139,35.000,22.737,255.0,35.000,27.107,255.0,35.000,26.012,255.0
40.5480,13351,69144,35.000,22.864,255.0,35.000,27.231,255.0,35.000,25.956,255.0
40.5480,13352,69149,35.000,22.855,255.0,35.000,27.223,255.0,35.000,25.944,255.0
40.5480,13353,69154,35.000,23.226,255.0,35.000,27.235,255.0,35.000,25.955,255.0
40.5480,13354,69159,35.000,23.251,255.0,35.000,27.265,255.0,35.000,25.805,255.0
40.6096,13355,69164,35.000,23.240,255.0,35.000,26.879,255.0,35.000,25.964,255.0
40.6096,13356,69169,35.000,23.415,255.0,35.000,26.523,255.0,35.000,25.970,255.0
40.6096,13357,69174,35.000,23.082,255.0,35.000,26.568,255.0,35.000,25.833,255.0
40.6096,13358,69179,35.000,23.478,255.0,35.000,26.406,255.0,35.000,25.853,255.0
40.6096,13359,69184,35.000,23.610,255.0,35.000,26.343,255.0,35.000,25.971,255.0
40.6096,13360,69189,35.000,23.705,255.0,35.000,26.065,255.0,35.000,25.876,255.0
40.6096,13361,69194,35.000,23.844,255.0,35.000,26.210,255.0,35.000,25.838,255.0
40.6096,13362,69199,35.000,23.802,255.0,35.000,25.981,255.0,35.000,25.793,255.0
40.6096,13363,69204,35.000,23.611,255.0,35.000,25.961,255.0,35.000,25.953,255.0
40.6096,13364,69209,35.000,23.260,255.0,35.000,25.986,255.0,35.000,25.978,255.0
40.6106,13365,69214,35.000,23.459,255.0,35.000,26.376,255.0,35.000,25.824,255.0
40.6106,13366,69219,35.000,22.741,255.0,35.000,26.733,255.0,35.000,26.001,255.0
40.6106,13367,69224,35.000,23.108,255.0,35.000,26.557,255.0,35.000,26.003,255.0
40.6106,13368,69229,35.000,23.373,255.0,35.000,26.818,255.0,35.000,26.089,255.0
40.6106,13369,69234,35.000,23.768,255.0,35.000,26.855,255.0,35.000,25.944,255.0
40.6106,13370,69239,35.000,23.832,255.0,35.000,27.106,255.0,35.000,26.197,255.0
40.6674,13371,69244,35.000,23.761,255.0,35.000,27.024,255.0,35.000,26.117,255.0
40.6674,13372,69249,35.000,23.787,255.0,35.000,27.240,255.0,35.000,26.148,255.0
40.6674,13373,69254,35.000,23.820,255.0,35.000,27.287,255.0,35.000,26.194,255.0
40.6674,13374,69259,35.000,24.139,255.0,35.000,27.401,255.0,35.000,26.313,255.0
40.6674,13375,69264,35.000,23.961,255.0,35.000,27.228,255.0,35.000,26.323,255.0
40.6674,13376,69269,35.000,24.657,255.0,35.000,27.378,255.0,35.000,26.292,255.0
40.6674,13377,69274,35.000,24.653,255.0,35.000,27.553,255.0,35.000,26.289,255.0
40.6674,13378,69279,35.000,24.558,255.0,35.000,27.461,255.0,35.000,26.371,255.0
40.7165,13379,69284,35.000,24.348,255.0,35.000,27.783,255.0,35.000,26.337,255.0
40.7165,13380,69289,35.000,24.164,255.0,35.000,27.788,255.0,35.000,26.343,255.0
40.7165,13381,69294,35.000,23.809,255.0,35.000,27.984,255.0,35.000,26.536,255.0
40.7165,13382,69299,35.000,23.931,255.0,35.000,27.918,255.0,35.000,26.473,255.0
40.7165,13383,69304,35.000,23.919,255.0,35.000,28.085,255.0,35.000,26.461,255.0
40.7165,13384,69309,35.000,23.999,255.0,35.000,27.999,255.0,35.000,26.552,255.0
40.7165,13385,69314,35.000,23.957,255.0,35.000,28.133,255.0,35.000,26.503,255.0
40.7165,13386,69319,35.000,23.816,255.0,35.000,28.180,255.0,35.000,26.553,255.0
40.7780,13387,69324,35.000,23.620,255.0,35.000,28.157,255.0,35.000,26.525,255.0
40.7780,13388,69329,35.000,23.234,255.0,35.000,28.321,255.0,35.000,26.148,255.0
40.7780,13389,69334,35.000,23.066,255.0,35.000,27.984,255.0,35.000,26.170,255.0
40.7780,13390,69339,35.000,23.044,255.0,35.000,28.125,255.0,35.000,25.951,255.0
40.7780,13391,69344,35.000,23.409,255.0,35.000,27.950,255.0,35.000,25.593,255.0
40.7780,13392,69349,35.000,23.281,255.0,35.000,28.185,255.0,35.000,25.645,255.0
40.7780,13393,69354,35.000,22.902,255.0,35.000,27.978,255.0,35.000,25.439,255.0
40.7780,13394,69359,35.000,22.867,255.0,35.000,28.126,255.0,35.000,25.222,255.0
40.7780,13395,69364,35.000,23.061,255.0,35.000,28.130,255.0,35.000,25.228,255.0
40.7780,13396,69369,35.000,23.269,255.0,35.000,27.984,255.0,35.000,25.071,255.0
40.7780,13397,69374,35.000,23.224,255.0,35.000,28.116,255.0,35.000,25.214,255.0
40.7780,13398,69379,35.000,23.459,255.0,35.000,27.990,255.0,35.000,25.444,255.0
40.7780,13399,69384,35.000,23.788,255.0,35.000,28.132,255.0,35.000,25.230,255.0
40.7780,13400,69389,35.000,23.841,255.0,35.000,28.019,255.0,35.000,25.294,255.0
40.7780,13401,69394,35.000,23.601,255.0,35.000,28.133,255.0,35.000,25.413,255.0
40.7780,13402,69399,35.000,23.061,255.0,35.000,27.964,255.0,35.000,25.427,255.0
40.8406,13403,69404,35.000,23.415,255.0,35.000,28.129,255.0,35.000,25.414,255.0
40.8406,13404,69409,35.000,23.423,255.0,35.000,27.964,255.0,35.000,25.430,255.0
40.8406,13405,69414,35.000,22.706,255.0,35.000,28.162,255.0,35.000,25.445,255.0
40.8406,13406,69419,35.000,22.290,255.0,35.000,28.091,255.0,35.000,25.381,255.0
40.8406,13407,69424,35.000,22.148,255.0,35.000,28.141,255.0,35.000,25.246,255.0
40.8406,13408,69429,35.000,21.417,255.0,35.000,28.158,255.0,35.000,25.262,255.0
40.8406,13409,69434,35.000,21.035,255.0,35.000,27.947,255.0,35.000,25.590,255.0
40.8406,13410,69439,35.000,21.014,255.0,35.000,28.109,255.0,35.000,25.569,255.0
40.8406,13411,69444,35.000,21.249,255.0,35.000,27.979,255.0,35.000,25.619,255.0
40.8406,13412,69449,35.000,21.780,255.0,35.000,27.963,255.0,35.000,25.598,255.0
40.8406,13413,69454,35.000,22.168,255.0,35.000,28.004,255.0,35.000,25.815,255.0
40.8406,13414,69459,35.000,22.281,255.0,35.000,28.095,255.0,35.000,25.560,255.0
40.8406,13415,69464,35.000,22.515,255.0,35.000,27.988,255.0,35.000,25.443,255.0
40.8406,13416,69469,35.000,22.863,255.0,35.000,27.976,255.0,35.000,25.253,255.0
40.8406,13417,69474,35.000,23.265,255.0,35.000,28.023,255.0,35.000,25.110,255.0
40.8406,13418,69479,35.000,24.076,255.0,35.000,27.890,255.0,35.000,24.986,255.0
40.9059,13419,69484,35.000,23.776,255.0,35.000,28.142,255.0,35.000,24.871,255.0
40.9059,13420,69489,35.000,23.961,255.0,35.000,27.977,255.0,35.000,24.708,255.0
40.9059,13421,69494,35.000,23.791,255.0,35.000,27.999,255.0,35.000,24.727,255.0
40.9059,13422,69499,35.000,23.419,255.0,35.000,28.163,255.0,35.000,24.711,255.0
40.9059,13423,69504,35.000,22.871,255.0,35.000,27.977,255.0,35.000,24.528,255.0
40.9059,13424,69509,35.000,22.698,255.0,35.000,27.984,255.0,35.000,24.883,255.0
40.9059,13425,69514,35.000,22.844,255.0,35.000,27.930,255.0,35.000,25.022,255.0
40.9059,13426,69519,35.000,22.905,255.0,35.000,28.180,255.0,35.000,25.265,255.0
40.9667,13427,69524,35.000,22.686,255.0,35.000,27.949,255.0,35.000,25.403,255.0
40.9667,13428,69529,35.000,22.546,255.0,35.000,28.178,255.0,35.000,25.446,255.0
40.9667,13429,69534,35.000,23.109,255.0,35.000,28.031,255.0,35.000,25.482,255.0
40.9667,13430,69539,35.000,23.042,255.0,35.000,28.115,255.0,35.000,25.755,255.0
40.9667,13431,69544,35.000,23.269,255.0,35.000,28.161,255.0,35.000,25.797,255.0
40.9667,13432,69549,35.000,23.440,255.0,35.000,27.967,255.0,35.000,25.788,255.0
40.9667,13433,69554,35.000,23.565,255.0,35.000,28.079,255.0,35.000,25.902,255.0
40.9667,13434,69559,35.000,23.681,255.0,35.000,28.035,255.0,35.000,25.853,255.0
40.9667,13435,69564,35.000,23.965,255.0,35.000,28.119,255.0,35.000,25.763,255.0
40.9667,13436,69569,35.000,23.807,255.0,35.000,27.970,255.0,35.000,25.795,255.0
40.9667,13437,69574,35.000,23.781,255.0,35.000,28.126,255.0,35.000,25.951,255.0
40.9667,13438,69579,35.000,23.999,255.0,35.000,27.981,255.0,35.000,25.988,255.0
40.9667,13439,69584,35.000,24.337,255.0,35.000,27.948,255.0,35.000,26.138,255.0
40.9667,13440,69589,35.000,24.561,255.0,35.000,27.279,255.0,35.000,26.007,255.0
40.9667,13441,69594,35.000,24.129,255.0,35.000,27.025,255.0,35.000,26.122,255.0
40.9667,13442,69599,35.000,24.149,255.0,35.000,26.861,255.0,35.000,26.139,255.0
41.0279,13443,69604,35.000,24.013,255.0,35.000,26.554,255.0,35.000,26.189,255.0
41.0279,13444,69609,35.000,24.086,255.0,35.000,26.436,255.0,35.000,26.258,255.0
41.0279,13445,69614,35.000,23.832,255.0,35.000,26.209,255.0,35.000,26.383,255.0
41.0279,13446,69619,35.000,23.751,255.0,35.000,26.112,255.0,35.000,26.291,255.0
41.0279,13447,69624,35.000,24.001,255.0,35.000,26.007,255.0,35.000,26.366,255.0
41.0279,13448,69629,35.000,23.939,255.0,35.000,25.759,255.0,35.000,26.302,255.0
41.0279,13449,69634,35.000,23.420,255.0,35.000,25.795,255.0,35.000,26.154,255.0
41.0279,13450,69639,35.000,22.892,255.0,35.000,25.992,255.0,35.000,26.172,255.0
41.0926,13451,69644,35.000,22.708,255.0,35.000,26.161,255.0,35.000,26.156,255.0
41.0926,13452,69649,35.000,23.060,255.0,35.000,26.346,255.0,35.000,26.161,255.0
41.0926,13453,69654,35.000,23.207,255.0,35.000,26.667,255.0,35.000,26.122,255.0
41.0926,13454,69659,35.000,22.725,255.0,35.000,26.736,255.0,35.000,26.010,255.0
41.0926,13455,69664,35.000,22.855,255.0,35.000,26.856,255.0,35.000,25.946,255.0
41.0926,13456,69669,35.000,22.884,255.0,35.000,26.888,255.0,35.000,25.980,255.0
41.0926,13457,69674,35.000,22.643,255.0,35.000,26.821,255.0,35.000,25.914,255.0
41.0926,13458,69679,35.000,22.350,255.0,35.000,27.084,255.0,35.000,25.991,255.0
41.0926,13459,69684,35.000,22.675,255.0,35.000,27.025,255.0,35.000,26.114,255.0
41.0926,13460,69689,35.000,23.042,255.0,35.000,27.402,255.0,35.000,26.129,255.0
41.0926,13461,69694,35.000,23.565,255.0,35.000,27.388,255.0,35.000,25.934,255.0
41.0926,13462,69699,35.000,23.435,255.0,35.000,27.252,255.0,35.000,25.980,255.0
41.0926,13463,69704,35.000,23.613,255.0,35.000,26.542,255.0,35.000,25.982,255.0
41.0926,13464,69709,35.000,23.588,255.0,35.000,26.142,255.0,35.000,25.947,255.0
41.0926,13465,69714,35.000,23.651,255.0,35.000,26.031,255.0,35.000,26.018,255.0
41.0926,13466,69719,35.000,23.757,255.0,35.000,25.949,255.0,35.000,26.117,255.0
41.1527,13467,69724,35.000,24.018,255.0,35.000,25.845,255.0,35.000,26.013,255.0
41.1527,13468,69729,35.000,24.124,255.0,35.000,25.761,255.0,35.000,26.113,255.0
41.1527,13469,69734,35.000,24.139,255.0,35.000,25.597,255.0,35.000,26.130,255.0
41.1527,13470,69739,35.000,24.313,255.0,35.000,25.584,255.0,35.000,26.117,255.0
41.1527,13471,69744,35.000,24.152,255.0,35.000,25.607,255.0,35.000,26.323,255.0
41.1527,13472,69749,35.000,24.280,255.0,35.000,25.730,255.0,35.000,26.263,255.0
41.1527,13473,69754,35.000,24.373,255.0,35.000,26.181,255.0,35.000,26.364,255.0
41.1527,13474,69759,35.000,24.729,255.0,35.000,26.538,255.0,35.000,26.360,255.0
41.2127,13475,69764,35.000,24.676,255.0,35.000,26.653,255.0,35.000,26.475,255.0
41.2127,13476,69769,35.000,24.563,255.0,35.000,26.732,255.0,35.000,26.372,255.0
41.2127,13477,69774,35.000,24.505,255.0,35.000,26.865,255.0,35.000,26.502,255.0
41.2127,13478,69779,35.000,24.868,255.0,35.000,27.043,255.0,35.000,26.504,255.0
41.2127,13479,69784,35.000,24.727,255.0,35.000,27.280,255.0,35.000,26.377,255.0
41.2127,13480,69789,35.000,24.865,255.0,35.000,27.231,255.0,35.000,26.507,255.0
41.2127,13481,69794,35.000,25.037,255.0,35.000,27.399,255.0,35.000,26.494,255.0
41.2127,13482,69799,35.000,24.919,255.0,35.000,27.474,255.0,35.000,26.560,255.0
41.2127,13483,69804,35.000,25.048,255.0,35.000,27.593,255.0,35.000,26.503,255.0
41.2127,13484,69809,35.000,25.245,255.0,35.000,27.619,255.0,35.000,26.519,255.0
41.2127,13485,69814,35.000,25.067,255.0,35.000,27.813,255.0,35.000,26.535,255.0
41.2127,13486,69819,35.000,25.247,255.0,35.000,27.801,255.0,35.000,26.706,255.0
41.2127,13487,69824,35.000,25.202,255.0,35.000,27.933,255.0,35.000,26.658,255.0
41.2127,13488,69829,35.000,25.073,255.0,35.000,27.807,255.0,35.000,26.529,255.0
41.2127,13489,69834,35.000,25.222,255.0,35.000,27.952,255.0,35.000,26.677,255.0
41.2127,13490,69839,35.000,25.095,255.0,35.000,28.009,255.0,35.000,26.552,255.0
41.2611,13491,69844,35.000,25.101,255.0,35.000,28.005,255.0,35.000,26.548,255.0
41.2611,13492,69849,35.000,24.877,255.0,35.000,27.965,255.0,35.000,26.697,255.0
41.2611,13493,69854,35.000,24.492,255.0,35.000,28.123,255.0,35.000,26.492,255.0
41.2611,13494,69859,35.000,24.509,255.0,35.000,28.136,255.0,35.000,26.693,255.0
41.2611,13495,69864,35.000,24.498,255.0,35.000,27.941,255.0,35.000,26.496,255.0
41.2611,13496,69869,35.000,24.299,255.0,35.000,28.102,255.0,35.000,26.474,255.0
41.2611,13497,69874,35.000,23.838,255.0,35.000,28.024,255.0,35.000,26.395,255.0
41.2611,13498,69879,35.000,23.628,255.0,35.000,28.171,255.0,35.000,26.542,255.0
41.3203,13499,69884,35.000,23.430,255.0,35.000,27.962,255.0,35.000,26.330,255.0
41.3203,13500,69889,35.000,23.222,255.0,35.000,28.122,255.0,35.000,26.496,255.0
41.3203,13501,69894,35.000,22.880,255.0,35.000,27.977,255.0,35.000,26.346,255.0
41.3203,13502,69899,35.000,23.235,255.0,35.000,28.139,255.0,35.000,26.327,255.0
41.3213,13503,69904,35.000,22.913,255.0,35.000,28.003,255.0,35.000,26.370,255.0
41.3213,13504,69909,35.000,22.895,255.0,35.000,28.170,255.0,35.000,26.171,255.0
41.3213,13505,69914,35.000,23.026,255.0,35.000,28.287,255.0,35.000,26.291,255.0
41.3213,13506,69919,35.000,23.057,255.0,35.000,28.148,255.0,35.000,26.333,255.0
41.3213,13507,69924,35.000,23.409,255.0,35.000,28.300,255.0,35.000,26.303,255.0
41.3213,13508,69929,35.000,23.596,255.0,35.000,28.135,255.0,35.000,26.318,255.0
41.3213,13509,69934,35.000,23.426,255.0,35.000,28.340,255.0,35.000,26.343,255.0
41.3213,13510,69939,35.000,23.445,255.0,35.000,28.174,255.0,35.000,26.171,255.0
41.3213,13511,69944,35.000,23.809,255.0,35.000,28.355,255.0,35.000,25.807,255.0
41.3213,13512,69949,35.000,23.754,255.0,35.000,28.290,255.0,35.000,25.387,255.0
41.3213,13513,69954,35.000,24.314,255.0,35.000,28.314,255.0,35.000,25.043,255.0
41.3213,13514,69959,35.000,24.136,255.0,35.000,28.127,255.0,35.000,24.856,255.0
41.3834,13515,69964,35.000,24.327,255.0,35.000,28.128,255.0,35.000,24.503,255.0
41.3834,13516,69969,35.000,24.525,255.0,35.000,28.344,255.0,35.000,24.167,255.0
41.3834,13517,69974,35.000,23.982,255.0,35.000,28.179,255.0,35.000,23.997,255.0
41.3834,13518,69979,35.000,24.136,255.0,35.000,28.325,255.0,35.000,23.784,255.0
41.3834,13519,69984,35.000,24.341,255.0,35.000,28.169,255.0,35.000,23.807,255.0
41.3834,13520,69989,35.000,24.473,255.0,35.000,28.293,255.0,35.000,23.758,255.0
41.3834,13521,69994,35.000,24.318,255.0,35.000,28.139,255.0,35.000,24.153,255.0
41.3834,13522,69999,35.000,24.494,255.0,35.000,28.142,255.0,35.000,24.333,255.0
41.4427,13523,70004,35.000,23.919,255.0,35.000,28.095,255.0,35.000,24.657,255.0
41.4427,13524,70009,35.000,24.118,255.0,35.000,28.308,255.0,35.000,24.865,255.0
41.4427,13525,70014,35.000,23.781,255.0,35.000,28.170,255.0,35.000,25.079,255.0
41.4427,13526,70019,35.000,23.757,255.0,35.000,28.123,255.0,35.000,25.041,255.0
41.4427,13527,70024,35.000,24.323,255.0,35.000,28.143,255.0,35.000,25.244,255.0
41.4427,13528,70029,35.000,24.153,255.0,35.000,28.151,255.0,35.000,25.252,255.0
41.4427,13529,70034,35.000,24.332,255.0,35.000,28.145,255.0,35.000,25.248,255.0
41.4427,13530,70039,35.000,24.382,255.0,35.000,28.202,255.0,35.000,25.296,255.0
41.4427,13531,70044,35.000,24.491,255.0,35.000,28.117,255.0,35.000,25.395,255.0
41.4427,13532,70049,35.000,24.358,255.0,35.000,28.172,255.0,35.000,25.445,255.0
41.4427,13533,70054,35.000,24.875,255.0,35.000,28.334,255.0,35.000,25.606,255.0
41.4427,13534,70059,35.000,24.918,255.0,35.000,28.186,255.0,35.000,25.640,255.0
41.4427,13535,70064,35.000,25.297,255.0,35.000,28.209,255.0,35.000,25.661,255.0
41.4427,13536,70069,35.000,25.281,255.0,35.000,28.190,255.0,35.000,26.002,255.0
41.4427,13537,70074,35.000,25.553,255.0,35.000,28.261,255.0,35.000,25.906,255.0
41.4427,13538,70079,35.000,25.446,255.0,35.000,28.172,255.0,35.000,25.620,255.0
41.4894,13539,70084,35.000,25.411,255.0,35.000,28.304,255.0,35.000,25.575,255.0
41.4894,13540,70089,35.000,25.374,255.0,35.000,28.088,255.0,35.000,25.363,255.0
41.4894,13541,70094,35.000,25.202,255.0,35.000,28.291,255.0,35.000,25.205,255.0
41.4894,13542,70099,35.000,25.072,255.0,35.000,28.161,255.0,35.000,25.067,255.0
41.4894,13543,70104,35.000,25.073,255.0,35.000,28.162,255.0,35.000,24.888,255.0
41.4894,13544,70109,35.000,24.691,255.0,35.000,28.151,255.0,35.000,24.879,255.0
41.4894,13545,70114,35.000,24.671,255.0,35.000,28.309,255.0,35.000,24.859,255.0
41.4894,13546,70119,35.000,24.485,255.0,35.000,28.122,255.0,35.000,24.678,255.0
41.5388,13547,70124,35.000,23.613,255.0,35.000,28.153,255.0,35.000,24.700,255.0
41.5388,13548,70129,35.000,23.391,255.0,35.000,28.286,255.0,35.000,25.025,255.0
41.5388,13549,70134,35.000,23.034,255.0,35.000,28.128,255.0,35.000,25.047,255.0
41.5388,13550,70139,35.000,22.856,255.0,35.000,28.304,255.0,35.000,25.224,255.0
41.5388,13551,70144,35.000,22.519,255.0,35.000,28.147,255.0,35.000,25.244,255.0
41.5388,13552,70149,35.000,22.109,255.0,35.000,28.276,255.0,35.000,25.378,255.0
41.5388,13553,70154,35.000,22.206,255.0,35.000,28.203,255.0,35.000,25.479,255.0
41.5388,13554,70159,35.000,22.158,255.0,35.000,28.143,255.0,35.000,25.424,255.0
41.6007,13555,70164,35.000,21.959,255.0,35.000,28.113,255.0,35.000,25.395,255.0
41.6007,13556,70169,35.000,22.018,255.0,35.000,28.189,255.0,35.000,25.469,255.0
41.6014,13557,70174,35.000,22.560,255.0,35.000,28.199,255.0,35.000,25.477,255.0
41.6014,13558,70179,35.000,22.750,255.0,35.000,28.196,255.0,35.000,25.657,255.0
41.6014,13559,70184,35.000,22.912,255.0,35.000,28.177,255.0,35.000,25.639,255.0
41.6014,13560,70189,35.000,23.131,255.0,35.000,28.220,255.0,35.000,25.676,255.0
41.6014,13561,70194,35.000,23.429,255.0,35.000,28.321,255.0,35.000,25.783,255.0
41.6014,13562,70199,35.000,23.786,255.0,35.000,28.133,255.0,35.000,25.780,255.0
41.6014,13563,70204,35.000,23.600,255.0,35.000,28.122,255.0,35.000,25.951,255.0
41.6014,13564,70209,35.000,23.757,255.0,35.000,28.277,255.0,35.000,25.929,255.0
41.6014,13565,70214,35.000,23.970,255.0,35.000,28.327,255.0,35.000,25.973,255.0
41.6014,13566,70219,35.000,23.775,255.0,35.000,28.305,255.0,35.000,26.135,255.0
41.6014,13567,70224,35.000,23.785,255.0,35.000,28.140,255.0,35.000,26.150,255.0
41.6014,13568,70229,35.000,23.953,255.0,35.000,28.130,255.0,35.000,25.959,255.0
41.6014,13569,70234,35.000,24.277,255.0,35.000,28.264,255.0,35.000,26.097,255.0
41.6014,13570,70239,35.000,23.963,255.0,35.000,28.146,255.0,35.000,26.156,255.0
41.6628,13571,70244,35.000,24.129,255.0,35.000,28.118,255.0,35.000,26.129,255.0
41.6628,13572,70249,35.000,24.017,255.0,35.000,28.217,255.0,35.000,26.222,255.0
41.6628,13573,70254,35.000,24.279,255.0,35.000,28.296,255.0,35.000,26.125,255.0
41.6628,13574,70259,35.000,24.330,255.0,35.000,28.172,255.0,35.000,26.175,255.0
41.6628,13575,70264,35.000,24.173,255.0,35.000,28.199,255.0,35.000,26.200,255.0
41.6628,13576,70269,35.000,24.282,255.0,35.000,28.112,255.0,35.000,25.929,255.0
41.6628,13577,70274,35.000,24.505,255.0,35.000,28.339,255.0,35.000,25.789,255.0
41.6628,13578,70279,35.000,24.482,255.0,35.000,28.130,255.0,35.000,25.757,255.0
41.7249,13579,70284,35.000,24.337,255.0,35.000,28.162,255.0,35.000,25.613,255.0
41.7249,13580,70289,35.000,24.500,255.0,35.000,28.145,255.0,35.000,25.597,255.0
41.7249,13581,70294,35.000,24.557,255.0,35.000,28.226,255.0,35.000,25.493,255.0
41.7249,13582,70299,35.000,25.043,255.0,35.000,28.136,255.0,35.000,25.405,255.0
41.7249,13583,70304,35.000,25.049,255.0,35.000,28.137,255.0,35.000,25.408,255.0
41.7249,13584,70309,35.000,24.873,255.0,35.000,28.330,255.0,35.000,25.417,255.0
41.7249,13585,70314,35.000,25.011,255.0,35.000,28.103,255.0,35.000,25.374,255.0
41.7249,13586,70319,35.000,25.271,255.0,35.000,28.193,255.0,35.000,25.461,255.0
41.7249,13587,70324,35.000,25.217,255.0,35.000,28.116,255.0,35.000,25.758,255.0
41.7249,13588,70329,35.000,25.063,255.0,35.000,28.343,255.0,35.000,25.805,255.0
41.7249,13589,70334,35.000,24.913,255.0,35.000,28.205,255.0,35.000,25.839,255.0
41.7249,13590,70339,35.000,24.659,255.0,35.000,28.108,255.0,35.000,25.743,255.0
41.7249,13591,70344,35.000,24.662,255.0,35.000,27.929,255.0,35.000,25.930,255.0
41.7249,13592,70349,35.000,23.967,255.0,35.000,28.159,255.0,35.000,25.791,255.0
41.7249,13593,70354,35.000,23.771,255.0,35.000,28.141,255.0,35.000,25.596,255.0
41.7249,13594,70359,35.000,23.956,255.0,35.000,27.958,255.0,35.000,25.594,255.0
41.7873,13595,70364,35.000,23.955,255.0,35.000,28.124,255.0,35.000,25.584,255.0
41.7873,13596,70369,35.000,23.764,255.0,35.000,28.126,255.0,35.000,25.769,255.0
41.7873,13597,70374,35.000,23.739,255.0,35.000,28.112,255.0,35.000,25.575,255.0
41.7873,13598,70379,35.000,23.206,255.0,35.000,27.934,255.0,35.000,25.575,255.0
41.7873,13599,70384,35.000,23.226,255.0,35.000,27.959,255.0,35.000,25.603,255.0
41.7873,13600,70389,35.000,23.038,255.0,35.000,28.124,255.0,35.000,25.774,255.0
41.7873,13601,70394,35.000,22.934,255.0,35.000,28.211,255.0,35.000,25.669,255.0
41.7873,13602,70399,35.000,23.383,255.0,35.000,28.091,255.0,35.000,25.749,255.0
41.8489,13603,70404,35.000,23.080,255.0,35.000,28.152,255.0,35.000,25.801,255.0
41.8489,13604,70409,35.000,23.206,255.0,35.000,28.103,255.0,35.000,25.937,255.0
41.8489,13605,70414,35.000,23.412,255.0,35.000,28.139,255.0,35.000,25.969,255.0
41.8489,13606,70419,35.000,23.449,255.0,35.000,28.173,255.0,35.000,25.818,255.0
41.8489,13607,70424,35.000,23.294,255.0,35.000,28.019,255.0,35.000,25.840,255.0
41.8489,13608,70429,35.000,24.029,255.0,35.000,28.207,255.0,35.000,25.849,255.0
41.8489,13609,70434,35.000,23.983,255.0,35.000,28.152,255.0,35.000,25.974,255.0
41.8489,13610,70439,35.000,24.205,255.0,35.000,28.211,255.0,35.000,25.847,255.0
41.8489,13611,70444,35.000,24.307,255.0,35.000,28.116,255.0,35.000,25.940,255.0
41.8489,13612,70449,35.000,24.372,255.0,35.000,28.198,255.0,35.000,26.011,255.0
41.8489,13613,70454,35.000,24.375,255.0,35.000,28.030,255.0,35.000,26.024,255.0
41.8489,13614,70459,35.000,24.032,255.0,35.000,28.221,255.0,35.000,26.033,255.0
41.8489,13615,70464,35.000,23.446,255.0,35.000,28.156,255.0,35.000,26.153,255.0
41.8489,13616,70469,35.000,23.393,255.0,35.000,28.103,255.0,35.000,26.102,255.0
41.8489,13617,70474,35.000,23.054,255.0,35.000,28.133,255.0,35.000,26.314,255.0
41.8489,13618,70479,35.000,23.253,255.0,35.000,28.145,255.0,35.000,26.326,255.0
41.9125,13619,70484,35.000,23.229,255.0,35.000,28.108,255.0,35.000,26.285,255.0
41.9125,13620,70489,35.000,23.250,255.0,35.000,28.147,255.0,35.000,26.322,255.0
41.9125,13621,70494,35.000,23.085,255.0,35.000,28.175,255.0,35.000,26.349,255.0
41.9125,13622,70499,35.000,22.880,255.0,35.000,28.139,255.0,35.000,26.138,255.0
41.9125,13623,70504,35.000,22.883,255.0,35.000,28.144,255.0,35.000,26.326,255.0
41.9125,13624,70509,35.000,23.010,255.0,35.000,28.077,255.0,35.000,26.263,255.0
41.9125,13625,70514,35.000,23.434,255.0,35.000,27.980,255.0,35.000,26.161,255.0
41.9125,13626,70519,35.000,23.442,255.0,35.000,27.981,255.0,35.000,26.347,255.0
41.9744,13627,70524,35.000,23.954,255.0,35.000,28.111,255.0,35.000,26.295,255.0
41.9744,13628,70529,35.000,23.369,255.0,35.000,27.902,255.0,35.000,26.271,255.0
41.9744,13629,70534,35.000,23.250,255.0,35.000,28.174,255.0,35.000,26.362,255.0
41.9744,13630,70539,35.000,23.418,255.0,35.000,27.961,255.0,35.000,26.332,255.0
41.9744,13631,70544,35.000,23.570,255.0,35.000,28.107,255.0,35.000,25.940,255.0
41.9744,13632,70549,35.000,23.798,255.0,35.000,27.976,255.0,35.000,26.163,255.0
41.9744,13633,70554,35.000,24.115,255.0,35.000,28.101,255.0,35.000,25.750,255.0
41.9744,13634,70559,35.000,24.366,255.0,35.000,28.004,255.0,35.000,25.646,255.0
41.9744,13635,70564,35.000,24.385,255.0,35.000,28.018,255.0,35.000,25.479,255.0
41.9744,13636,70569,35.000,24.347,255.0,35.000,28.159,255.0,35.000,25.079,255.0
41.9744,13637,70574,35.000,24.381,255.0,35.000,28.027,255.0,35.000,24.762,255.0
41.9744,13638,70579,35.000,24.883,255.0,35.000,28.151,255.0,35.000,24.532,255.0
41.9744,13639,70584,35.000,24.840,255.0,35.000,27.913,255.0,35.000,24.117,255.0
41.9744,13640,70589,35.000,24.887,255.0,35.000,27.969,255.0,35.000,23.794,255.0
41.9744,13641,70594,35.000,24.550,255.0,35.000,28.000,255.0,35.000,24.005,255.0
41.9744,13642,70599,35.000,24.655,255.0,35.000,27.920,255.0,35.000,23.932,255.0
42.0368,13643,70604,35.000,24.368,255.0,35.000,28.007,255.0,35.000,24.003,255.0
42.0368,13644,70609,35.000,24.162,255.0,35.000,27.989,255.0,35.000,23.988,255.0
42.0368,13645,70614,35.000,23.906,255.0,35.000,28.087,255.0,35.000,24.093,255.0
42.0368,13646,70619,35.000,23.760,255.0,35.000,27.949,255.0,35.000,24.309,255.0
42.0368,13647,70624,35.000,23.372,255.0,35.000,27.919,255.0,35.000,24.287,255.0
42.0368,13648,70629,35.000,23.223,255.0,35.000,27.957,255.0,35.000,24.499,255.0
42.0368,13649,70634,35.000,23.479,255.0,35.000,28.042,255.0,35.000,24.759,255.0
42.0368,13650,70639,35.000,23.019,255.0,35.000,28.093,255.0,35.000,25.016,255.0
42.1011,13651,70644,35.000,23.062,255.0,35.000,27.960,255.0,35.000,25.057,255.0
42.1011,13652,70649,35.000,22.743,255.0,35.000,28.013,255.0,35.000,25.108,255.0
42.1011,13653,70654,35.000,22.661,255.0,35.000,27.913,255.0,35.000,25.204,255.0
42.1011,13654,70659,35.000,22.533,255.0,35.000,27.968,255.0,35.000,25.256,255.0
42.1011,13655,70664,35.000,22.718,255.0,35.000,27.801,255.0,35.000,25.439,255.0
42.1011,13656,70669,35.000,22.903,255.0,35.000,27.983,255.0,35.000,25.448,255.0
42.1011,13657,70674,35.000,23.256,255.0,35.000,27.976,255.0,35.000,25.616,255.0
42.1011,13658,70679,35.000,23.054,255.0,35.000,27.942,255.0,35.000,25.587,255.0
42.1011,13659,70684,35.000,23.068,255.0,35.000,27.956,255.0,35.000,25.599,255.0
42.1011,13660,70689,35.000,23.607,255.0,35.000,27.791,255.0,35.000,25.613,255.0
42.1011,13661,70694,35.000,23.942,255.0,35.000,27.946,255.0,35.000,25.220,255.0
42.1011,13662,70699,35.000,23.962,255.0,35.000,27.961,255.0,35.000,25.051,255.0
42.1011,13663,70704,35.000,24.155,255.0,35.000,27.802,255.0,35.000,25.065,255.0
42.1011,13664,70709,35.000,23.572,255.0,35.000,27.750,255.0,35.000,24.837,255.0
42.1011,13665,70714,35.000,23.279,255.0,35.000,27.835,255.0,35.000,24.746,255.0
42.1011,13666,70719,35.000,22.848,255.0,35.000,27.741,255.0,35.000,24.657,255.0
42.1650,13667,70724,35.000,22.730,255.0,35.000,27.804,255.0,35.000,24.718,255.0
42.1650,13668,70729,35.000,22.776,255.0,35.000,27.692,255.0,35.000,24.779,255.0
42.1650,13669,70734,35.000,22.826,255.0,35.000,27.724,255.0,35.000,24.645,255.0
42.1650,13670,70739,35.000,22.716,255.0,35.000,27.799,255.0,35.000,24.713,255.0
42.1650,13671,70744,35.000,22.528,255.0,35.000,27.604,255.0,35.000,25.065,255.0
42.1650,13672,70749,35.000,22.540,255.0,35.000,27.803,255.0,35.000,25.265,255.0
42.1650,13673,70754,35.000,22.566,255.0,35.000,27.829,255.0,35.000,25.293,255.0
42.1650,13674,70759,35.000,23.231,255.0,35.000,27.940,255.0,35.000,25.411,255.0
42.1650,13675,70764,35.000,22.882,255.0,35.000,27.955,255.0,35.000,25.423,255.0
42.1650,13676,70769,35.000,23.243,255.0,35.000,27.966,255.0,35.000,25.611,255.0
42.1650,13677,70774,35.000,23.013,255.0,35.000,27.926,255.0,35.000,25.573,255.0
42.1650,13678,70779,35.000,23.212,255.0,35.000,27.936,255.0,35.000,25.582,255.0
42.1650,13679,70784,35.000,23.058,255.0,35.000,27.964,255.0,35.000,25.607,255.0
42.1650,13680,70789,35.000,23.282,255.0,35.000,28.008,255.0,35.000,25.648,255.0
42.1650,13681,70794,35.000,23.275,255.0,35.000,28.001,255.0,35.000,25.827,255.0
42.1650,13682,70799,35.000,22.667,255.0,35.000,27.909,255.0,35.000,25.742,255.0
42.2272,13683,70804,35.000,22.657,255.0,35.000,27.893,255.0,35.000,25.908,255.0
42.2272,13684,70809,35.000,22.744,255.0,35.000,27.821,255.0,35.000,26.007,255.0
42.2272,13685,70814,35.000,23.425,255.0,35.000,27.945,255.0,35.000,26.135,255.0
42.2272,13686,70819,35.000,23.682,255.0,35.000,27.850,255.0,35.000,26.034,255.0
42.2272,13687,70824,35.000,23.868,255.0,35.000,28.026,255.0,35.000,26.211,255.0
42.2272,13688,70829,35.000,23.791,255.0,35.000,27.941,255.0,35.000,26.309,255.0
42.2272,13689,70834,35.000,23.642,255.0,35.000,27.988,255.0,35.000,26.348,255.0
42.2272,13690,70839,35.000,23.604,255.0,35.000,27.948,255.0,35.000,26.313,255.0
42.2951,13691,70844,35.000,22.850,255.0,35.000,28.071,255.0,35.000,26.258,255.0
42.2951,13692,70849,35.000,23.439,255.0,35.000,27.967,255.0,35.000,26.326,255.0
42.2951,13693,70854,35.000,23.252,255.0,35.000,28.144,255.0,35.000,26.324,255.0
42.2951,13694,70859,35.000,22.867,255.0,35.000,28.113,255.0,35.000,26.295,255.0
42.2951,13695,70864,35.000,22.895,255.0,35.000,27.963,255.0,35.000,26.143,255.0
42.2951,13696,70869,35.000,22.674,255.0,35.000,28.098,255.0,35.000,26.279,255.0
42.2951,13697,70874,35.000,22.533,255.0,35.000,27.969,255.0,35.000,26.148,255.0
42.2951,13698,70879,35.000,22.333,255.0,35.000,28.126,255.0,35.000,26.129,255.0
42.2951,13699,70884,35.000,22.374,255.0,35.000,27.981,255.0,35.000,26.166,255.0
42.2951,13700,70889,35.000,21.946,255.0,35.000,28.092,255.0,35.000,26.279,255.0
42.2951,13701,70894,35.000,22.712,255.0,35.000,27.981,255.0,35.000,26.162,255.0
42.2951,13702,70899,35.000,22.922,255.0,35.000,28.001,255.0,35.000,26.181,255.0
42.2951,13703,70904,35.000,23.122,255.0,35.000,28.029,255.0,35.000,26.208,255.0
42.2951,13704,70909,35.000,23.661,255.0,35.000,28.019,255.0,35.000,26.199,255.0
42.2951,13705,70914,35.000,23.584,255.0,35.000,28.111,255.0,35.000,26.297,255.0
42.2951,13706,70919,35.000,23.798,255.0,35.000,27.970,255.0,35.000,26.153,255.0
42.3545,13707,70924,35.000,23.975,255.0,35.000,28.136,255.0,35.000,26.320,255.0
42.3545,13708,70929,35.000,24.166,255.0,35.000,28.152,255.0,35.000,26.158,255.0
42.3545,13709,70934,35.000,24.357,255.0,35.000,28.171,255.0,35.000,26.361,255.0
42.3545,13710,70939,35.000,24.564,255.0,35.000,28.021,255.0,35.000,26.209,255.0
42.3545,13711,70944,35.000,24.688,255.0,35.000,28.134,255.0,35.000,26.329,255.0
42.3545,13712,70949,35.000,24.513,255.0,35.000,28.146,255.0,35.000,26.524,255.0
42.3545,13713,70954,35.000,24.501,255.0,35.000,28.132,255.0,35.000,26.329,255.0
42.3545,13714,70959,35.000,24.327,255.0,35.000,28.140,255.0,35.000,26.519,255.0
42.4124,13715,70964,35.000,24.358,255.0,35.000,28.169,255.0,35.000,26.543,255.0
42.4124,13716,70969,35.000,23.991,255.0,35.000,28.175,255.0,35.000,26.554,255.0
42.4124,13717,70974,35.000,23.952,255.0,35.000,28.135,255.0,35.000,26.514,255.0
42.4124,13718,70979,35.000,23.822,255.0,35.000,28.010,255.0,35.000,26.563,255.0
42.4124,13719,70984,35.000,23.945,255.0,35.000,28.121,255.0,35.000,26.312,255.0
42.4124,13720,70989,35.000,24.157,255.0,35.000,28.152,255.0,35.000,26.157,255.0
42.4124,13721,70994,35.000,24.173,255.0,35.000,28.173,255.0,35.000,25.816,255.0
42.4124,13722,70999,35.000,24.300,255.0,35.000,28.106,255.0,35.000,25.209,255.0
42.4124,13723,71004,35.000,24.514,255.0,35.000,28.135,255.0,35.000,25.052,255.0
42.4124,13724,71009,35.000,24.520,255.0,35.000,28.153,255.0,35.000,24.702,255.0
42.4124,13725,71014,35.000,24.513,255.0,35.000,28.147,255.0,35.000,24.520,255.0
42.4124,13726,71019,35.000,24.705,255.0,35.000,28.156,255.0,35.000,24.342,255.0
42.4124,13727,71024,35.000,24.884,255.0,35.000,27.975,255.0,35.000,24.161,255.0
42.4124,13728,71029,35.000,25.119,255.0,35.000,28.188,255.0,35.000,24.037,255.0
42.4124,13729,71034,35.000,25.048,255.0,35.000,27.945,255.0,35.000,24.157,255.0
42.4124,13730,71039,35.000,24.824,255.0,35.000,28.076,255.0,35.000,24.294,255.0
42.4763,13731,71044,35.000,24.491,255.0,35.000,27.923,255.0,35.000,24.501,255.0
42.4763,13732,71049,35.000,24.315,255.0,35.000,28.118,255.0,35.000,24.876,255.0
42.4763,13733,71054,35.000,24.159,255.0,35.000,27.978,255.0,35.000,25.096,255.0
42.4763,13734,71059,35.000,24.285,255.0,35.000,28.085,255.0,35.000,25.211,255.0
42.4763,13735,71064,35.000,24.312,255.0,35.000,27.939,255.0,35.000,25.246,255.0
42.4763,13736,71069,35.000,24.683,255.0,35.000,27.938,255.0,35.000,25.426,255.0
42.4763,13737,71074,35.000,24.814,255.0,35.000,28.065,255.0,35.000,25.380,255.0
42.4763,13738,71079,35.000,24.782,255.0,35.000,28.056,255.0,35.000,25.702,255.0
42.5434,13739,71084,35.000,24.908,255.0,35.000,28.167,255.0,35.000,25.630,255.0
42.5434,13740,71089,35.000,25.049,255.0,35.000,28.133,255.0,35.000,25.602,255.0
42.5434,13741,71094,35.000,25.102,255.0,35.000,28.206,255.0,35.000,25.670,255.0
42.5434,13742,71099,35.000,25.102,255.0,35.000,28.018,255.0,35.000,25.664,255.0
42.5434,13743,71104,35.000,25.420,255.0,35.000,28.144,255.0,35.000,25.612,255.0
42.5434,13744,71109,35.000,25.281,255.0,35.000,28.011,255.0,35.000,25.656,255.0
42.5434,13745,71114,35.000,25.092,255.0,35.000,28.184,255.0,35.000,25.827,255.0
42.5434,13746,71119,35.000,24.684,255.0,35.000,28.136,255.0,35.000,25.783,255.0
42.5434,13747,71124,35.000,24.342,255.0,35.000,28.145,255.0,35.000,25.791,255.0
42.5434,13748,71129,35.000,24.181,255.0,35.000,27.997,255.0,35.000,25.644,255.0
42.5434,13749,71134,35.000,23.935,255.0,35.000,28.116,255.0,35.000,25.766,255.0
42.5434,13750,71139,35.000,23.657,255.0,35.000,27.842,255.0,35.000,25.841,255.0
42.5434,13751,71144,35.000,23.599,255.0,35.000,27.589,255.0,35.000,25.778,255.0
42.5434,13752,71149,35.000,23.768,255.0,35.000,26.854,255.0,35.000,25.765,255.0
42.5434,13753,71154,35.000,23.607,255.0,35.000,26.324,255.0,35.000,25.965,255.0
42.5434,13754,71159,35.000,23.738,255.0,35.000,26.092,255.0,35.000,25.915,255.0
42.6033,13755,71164,35.000,23.982,255.0,35.000,25.790,255.0,35.000,25.794,255.0
42.6033,13756,71169,35.000,24.164,255.0,35.000,25.800,255.0,35.000,25.805,255.0
42.6033,13757,71174,35.000,24.190,255.0,35.000,25.659,255.0,35.000,26.019,255.0
42.6033,13758,71179,35.000,24.159,255.0,35.000,25.613,255.0,35.000,25.973,255.0
42.6033,13759,71184,35.000,24.164,255.0,35.000,25.439,255.0,35.000,25.619,255.0
42.6033,13760,71189,35.000,24.303,255.0,35.000,25.564,255.0,35.000,25.390,255.0
42.6033,13761,71194,35.000,24.669,255.0,35.000,25.754,255.0,35.000,25.391,255.0
42.6033,13762,71199,35.000,24.667,255.0,35.000,26.474,255.0,35.000,25.392,255.0
42.6033,13763,71204,35.000,24.707,255.0,35.000,26.879,255.0,35.000,25.061,255.0
42.6033,13764,71209,35.000,24.161,255.0,35.000,27.223,255.0,35.000,25.050,255.0
42.6033,13765,71214,35.000,23.934,255.0,35.000,27.179,255.0,35.000,25.006,255.0
42.6033,13766,71219,35.000,23.970,255.0,35.000,27.212,255.0,35.000,25.036,255.0
42.6033,13767,71224,35.000,23.622,255.0,35.000,27.236,255.0,35.000,24.875,255.0
42.6033,13768,71229,35.000,23.643,255.0,35.000,26.891,255.0,35.000,24.902,255.0
42.6033,13769,71234,35.000,23.593,255.0,35.000,26.478,255.0,35.000,25.026,255.0
42.6033,13770,71239,35.000,23.848,255.0,35.000,26.382,255.0,35.000,25.469,255.0
42.6617,13771,71244,35.000,23.460,255.0,35.000,26.338,255.0,35.000,25.436,255.0
42.6617,13772,71249,35.000,23.308,255.0,35.000,26.194,255.0,35.000,25.468,255.0
42.6617,13773,71254,35.000,22.869,255.0,35.000,26.119,255.0,35.000,25.765,255.0
42.6617,13774,71259,35.000,23.278,255.0,35.000,25.819,255.0,35.000,25.820,255.0
42.6617,13775,71264,35.000,23.485,255.0,35.000,26.032,255.0,35.000,25.848,255.0
42.6617,13776,71269,35.000,23.064,255.0,35.000,25.963,255.0,35.000,25.963,255.0
42.6617,13777,71274,35.000,23.647,255.0,35.000,25.995,255.0,35.000,25.995,255.0
42.6617,13778,71279,35.000,23.749,255.0,35.000,26.276,255.0,35.000,26.090,255.0
42.7304,13779,71284,35.000,23.793,255.0,35.000,26.676,255.0,35.000,26.133,255.0
42.7315,13780,71289,35.000,23.775,255.0,35.000,26.664,255.0,35.000,25.941,255.0
42.7315,13781,71294,35.000,24.183,255.0,35.000,26.724,255.0,35.000,26.175,255.0
42.7315,13782,71299,35.000,24.164,255.0,35.000,27.058,255.0,35.000,26.149,255.0
42.7315,13783,71304,35.000,24.162,255.0,35.000,27.053,255.0,35.000,26.140,255.0
42.7315,13784,71309,35.000,23.832,255.0,35.000,27.281,255.0,35.000,26.368,255.0
42.7315,13785,71314,35.000,23.586,255.0,35.000,27.389,255.0,35.000,26.304,255.0
42.7315,13786,71319,35.000,23.818,255.0,35.000,27.450,255.0,35.000,26.365,255.0
42.7315,13787,71324,35.000,23.759,255.0,35.000,27.383,255.0,35.000,26.301,255.0
42.7315,13788,71329,35.000,23.804,255.0,35.000,27.618,255.0,35.000,26.355,255.0
42.7315,13789,71334,35.000,23.463,255.0,35.000,27.466,255.0,35.000,26.384,255.0
42.7315,13790,71339,35.000,23.263,255.0,35.000,27.446,255.0,35.000,26.363,255.0
42.7315,13791,71344,35.000,22.892,255.0,35.000,27.622,255.0,35.000,26.357,255.0
42.7315,13792,71349,35.000,22.494,255.0,35.000,27.567,255.0,35.000,26.309,255.0
42.7315,13793,71354,35.000,22.700,255.0,35.000,27.418,255.0,35.000,26.345,255.0
42.7315,13794,71359,35.000,22.886,255.0,35.000,27.418,255.0,35.000,26.160,255.0
42.7866,13795,71364,35.000,22.710,255.0,35.000,27.412,255.0,35.000,26.332,255.0
42.7866,13796,71369,35.000,22.158,255.0,35.000,27.416,255.0,35.000,26.152,255.0
42.7866,13797,71374,35.000,21.620,255.0,35.000,27.611,255.0,35.000,26.166,255.0
42.7866,13798,71379,35.000,21.235,255.0,35.000,27.390,255.0,35.000,26.127,255.0
42.7866,13799,71384,35.000,21.606,255.0,35.000,27.769,255.0,35.000,26.139,255.0
42.7866,13800,71389,35.000,21.432,255.0,35.000,27.959,255.0,35.000,26.327,255.0
42.7866,13801,71394,35.000,21.423,255.0,35.000,27.943,255.0,35.000,26.132,255.0
42.7866,13802,71399,35.000,21.426,255.0,35.000,27.771,255.0,35.000,26.311,255.0
42.8501,13803,71404,35.000,21.442,255.0,35.000,28.150,255.0,35.000,26.142,255.0
42.8501,13804,71409,35.000,21.617,255.0,35.000,28.147,255.0,35.000,26.142,255.0
42.8501,13805,71414,35.000,21.413,255.0,35.000,28.121,255.0,35.000,26.118,255.0
42.8501,13806,71419,35.000,21.995,255.0,35.000,28.152,255.0,35.000,26.329,255.0
42.8501,13807,71424,35.000,22.331,255.0,35.000,28.119,255.0,35.000,26.302,255.0
42.8501,13808,71429,35.000,22.390,255.0,35.000,28.195,255.0,35.000,26.378,255.0
42.8501,13809,71434,35.000,22.346,255.0,35.000,28.139,255.0,35.000,26.328,255.0
42.8501,13810,71439,35.000,22.543,255.0,35.000,28.155,255.0,35.000,26.348,255.0
42.8501,13811,71444,35.000,22.872,255.0,35.000,28.111,255.0,35.000,26.482,255.0
42.8501,13812,71449,35.000,23.632,255.0,35.000,28.168,255.0,35.000,26.363,255.0
42.8501,13813,71454,35.000,23.775,255.0,35.000,28.124,255.0,35.000,26.506,255.0
42.8501,13814,71459,35.000,23.753,255.0,35.000,28.091,255.0,35.000,26.473,255.0
42.8501,13815,71464,35.000,23.998,255.0,35.000,28.183,255.0,35.000,26.559,255.0
42.8501,13816,71469,35.000,24.142,255.0,35.000,28.138,255.0,35.000,26.336,255.0
42.8501,13817,71474,35.000,24.002,255.0,35.000,28.009,255.0,35.000,26.557,255.0
42.8501,13818,71479,35.000,24.289,255.0,35.000,28.098,255.0,35.000,26.472,255.0
42.9138,13819,71484,35.000,24.188,255.0,35.000,28.010,255.0,35.000,26.556,255.0
42.9138,13820,71489,35.000,24.148,255.0,35.000,28.153,255.0,35.000,26.519,255.0
42.9138,13821,71494,35.000,23.806,255.0,35.000,28.178,255.0,35.000,26.545,255.0
42.9138,13822,71499,35.000,23.265,255.0,35.000,28.178,255.0,35.000,26.721,255.0
42.9138,13823,71504,35.000,23.249,255.0,35.000,28.162,255.0,35.000,26.527,255.0
42.9138,13824,71509,35.000,23.255,255.0,35.000,28.169,255.0,35.000,26.352,255.0
42.9138,13825,71514,35.000,23.410,255.0,35.000,27.953,255.0,35.000,25.957,255.0
42.9138,13826,71519,35.000,23.229,255.0,35.000,27.587,255.0,35.000,25.956,255.0
42.9779,13827,71524,35.000,23.423,255.0,35.000,27.412,255.0,35.000,25.785,255.0
42.9779,13828,71529,35.000,23.280,255.0,35.000,27.103,255.0,35.000,25.649,255.0
42.9779,13829,71534,35.000,23.593,255.0,35.000,27.042,255.0,35.000,25.596,255.0
42.9779,13830,71539,35.000,23.736,255.0,35.000,26.632,255.0,35.000,25.362,255.0
42.9779,13831,71544,35.000,24.131,255.0,35.000,26.497,255.0,35.000,25.043,255.0
42.9779,13832,71549,35.000,24.348,255.0,35.000,26.348,255.0,35.000,24.899,255.0
42.9779,13833,71554,35.000,24.350,255.0,35.000,26.166,255.0,35.000,24.894,255.0
42.9779,13834,71559,35.000,24.476,255.0,35.000,25.927,255.0,35.000,25.196,255.0
42.9779,13835,71564,35.000,24.347,255.0,35.000,25.433,255.0,35.000,25.436,255.0
42.9779,13836,71569,35.000,24.511,255.0,35.000,25.241,255.0,35.000,25.425,255.0
42.9779,13837,71574,35.000,24.648,255.0,35.000,25.020,255.0,35.000,25.383,255.0
42.9779,13838,71579,35.000,24.852,255.0,35.000,25.221,255.0,35.000,25.401,255.0
42.9779,13839,71584,35.000,24.865,255.0,35.000,25.055,255.0,35.000,25.417,255.0
42.9779,13840,71589,35.000,24.556,255.0,35.000,25.111,255.0,35.000,25.476,255.0
42.9779,13841,71594,35.000,24.338,255.0,35.000,24.885,255.0,35.000,25.796,255.0
42.9779,13842,71599,35.000,24.443,255.0,35.000,24.809,255.0,35.000,25.362,255.0
43.0387,13843,71604,35.000,23.974,255.0,35.000,24.889,255.0,35.000,25.251,255.0
43.0387,13844,71609,35.000,24.124,255.0,35.000,25.057,255.0,35.000,24.887,255.0
43.0387,13845,71614,35.000,24.458,255.0,35.000,25.392,255.0,35.000,24.668,255.0
43.0387,13846,71619,35.000,24.321,255.0,35.000,25.980,255.0,35.000,24.338,255.0
43.0387,13847,71624,35.000,24.168,255.0,35.000,26.375,255.0,35.000,24.373,255.0
43.0387,13848,71629,35.000,23.977,255.0,35.000,26.362,255.0,35.000,24.357,255.0
43.0387,13849,71634,35.000,23.781,255.0,35.000,26.530,255.0,35.000,24.165,255.0
43.0387,13850,71639,35.000,23.961,255.0,35.000,26.710,255.0,35.000,24.162,255.0
43.1028,13851,71644,35.000,23.776,255.0,35.000,26.880,255.0,35.000,23.971,255.0
43.1028,13852,71649,35.000,23.436,255.0,35.000,27.080,255.0,35.000,24.526,255.0
43.1028,13853,71654,35.000,23.764,255.0,35.000,27.236,255.0,35.000,24.506,255.0
43.1028,13854,71659,35.000,23.309,255.0,35.000,27.125,255.0,35.000,24.749,255.0
43.1028,13855,71664,35.000,23.239,255.0,35.000,27.237,255.0,35.000,25.045,255.0
43.1028,13856,71669,35.000,23.233,255.0,35.000,27.415,255.0,35.000,25.408,255.0
43.1028,13857,71674,35.000,23.205,255.0,35.000,27.375,255.0,35.000,25.370,255.0
43.1028,13858,71679,35.000,23.205,255.0,35.000,26.832,255.0,35.000,25.376,255.0
43.1028,13859,71684,35.000,23.398,255.0,35.000,26.288,255.0,35.000,25.557,255.0
43.1028,13860,71689,35.000,23.197,255.0,35.000,26.090,255.0,35.000,25.723,255.0
43.1028,13861,71694,35.000,23.564,255.0,35.000,26.110,255.0,35.000,25.741,255.0
43.1028,13862,71699,35.000,23.461,255.0,35.000,25.836,255.0,35.000,25.656,255.0
43.1028,13863,71704,35.000,23.590,255.0,35.000,25.414,255.0,35.000,25.781,255.0
43.1028,13864,71709,35.000,23.782,255.0,35.000,25.606,255.0,35.000,25.973,255.0
43.1028,13865,71714,35.000,23.810,255.0,35.000,25.638,255.0,35.000,25.824,255.0
43.1028,13866,71719,35.000,23.806,255.0,35.000,25.261,255.0,35.000,25.816,255.0
43.1616,13867,71724,35.000,24.183,255.0,35.000,25.281,255.0,35.000,26.015,255.0
43.1616,13868,71729,35.000,24.334,255.0,35.000,25.795,255.0,35.000,26.163,255.0
43.1616,13869,71734,35.000,24.181,255.0,35.000,26.385,255.0,35.000,26.206,255.0
43.1616,13870,71739,35.000,24.538,255.0,35.000,26.556,255.0,35.000,26.196,255.0
43.1616,13871,71744,35.000,24.479,255.0,35.000,26.664,255.0,35.000,26.305,255.0
43.1616,13872,71749,35.000,25.010,255.0,35.000,27.011,255.0,35.000,26.283,255.0
43.1616,13873,71754,35.000,25.067,255.0,35.000,27.249,255.0,35.000,26.339,255.0
43.1616,13874,71759,35.000,25.064,255.0,35.000,27.250,255.0,35.000,26.341,255.0
43.1616,13875,71764,35.000,24.903,255.0,35.000,27.259,255.0,35.000,26.349,255.0
43.1616,13876,71769,35.000,24.845,255.0,35.000,27.567,255.0,35.000,26.478,255.0
43.1616,13877,71774,35.000,24.504,255.0,35.000,27.595,255.0,35.000,26.323,255.0
43.1616,13878,71779,35.000,24.542,255.0,35.000,27.808,255.0,35.000,26.356,255.0
43.1616,13879,71784,35.000,24.818,255.0,35.000,27.713,255.0,35.000,26.266,255.0
43.1616,13880,71789,35.000,24.858,255.0,35.000,27.761,255.0,35.000,25.940,255.0
43.1616,13881,71794,35.000,24.951,255.0,35.000,27.864,255.0,35.000,25.861,255.0
43.1616,13882,71799,35.000,24.915,255.0,35.000,27.826,255.0,35.000,25.643,255.0
43.2237,13883,71804,35.000,25.009,255.0,35.000,27.906,255.0,35.000,25.552,255.0
43.2237,13884,71809,35.000,25.170,255.0,35.000,28.068,255.0,35.000,25.350,255.0
43.2237,13885,71814,35.000,25.037,255.0,35.000,28.138,255.0,35.000,25.414,255.0
43.2237,13886,71819,35.000,25.441,255.0,35.000,27.999,255.0,35.000,25.273,255.0
43.2237,13887,71824,35.000,25.628,255.0,35.000,28.186,255.0,35.000,25.277,255.0
43.2237,13888,71829,35.000,25.616,255.0,35.000,27.995,255.0,35.000,25.087,255.0
43.2237,13889,71834,35.000,25.588,255.0,35.000,28.145,255.0,35.000,25.062,255.0
43.2237,13890,71839,35.000,25.575,255.0,35.000,28.302,255.0,35.000,25.228,255.0
43.2890,13891,71844,35.000,25.389,255.0,35.000,28.117,255.0,35.000,25.222,255.0
43.2890,13892,71849,35.000,25.361,255.0,35.000,28.269,255.0,35.000,25.377,255.0
43.2890,13893,71854,35.000,25.064,255.0,35.000,28.167,255.0,35.000,25.445,255.0
43.2890,13894,71859,35.000,24.690,255.0,35.000,27.970,255.0,35.000,25.432,255.0
43.2890,13895,71864,35.000,25.076,255.0,35.000,27.984,255.0,35.000,25.446,255.0
43.2890,13896,71869,35.000,24.684,255.0,35.000,28.128,255.0,35.000,25.411,255.0
43.2890,13897,71874,35.000,24.668,255.0,35.000,27.746,255.0,35.000,25.576,255.0
43.2890,13898,71879,35.000,24.466,255.0,35.000,27.723,255.0,35.000,25.554,255.0
43.2890,13899,71884,35.000,24.157,255.0,35.000,27.413,255.0,35.000,25.598,255.0
43.2890,13900,71889,35.000,23.835,255.0,35.000,26.925,255.0,35.000,25.661,255.0
43.2890,13901,71894,35.000,23.613,255.0,35.000,26.520,255.0,35.000,25.794,255.0
43.2890,13902,71899,35.000,23.281,255.0,35.000,26.186,255.0,35.000,25.825,255.0
43.2890,13903,71904,35.000,23.074,255.0,35.000,25.794,255.0,35.000,25.966,255.0
43.2890,13904,71909,35.000,23.296,255.0,35.000,25.841,255.0,35.000,26.017,255.0
43.2890,13905,71914,35.000,23.194,255.0,35.000,25.726,255.0,35.000,25.910,255.0
43.2890,13906,71919,35.000,23.271,255.0,35.000,25.456,255.0,35.000,26.000,255.0
43.3606,13907,71924,35.000,23.076,255.0,35.000,25.616,255.0,35.000,25.978,255.0
43.3606,13908,71929,35.000,23.436,255.0,35.000,25.620,255.0,35.000,26.162,255.0
43.3606,13909,71934,35.000,23.289,255.0,35.000,25.113,255.0,35.000,26.204,255.0
43.3606,13910,71939,35.000,23.541,255.0,35.000,25.176,255.0,35.000,26.257,255.0
43.3606,13911,71944,35.000,23.617,255.0,35.000,25.258,255.0,35.000,26.168,255.0
43.3606,13912,71949,35.000,23.941,255.0,35.000,24.497,255.0,35.000,26.299,255.0
43.3606,13913,71954,35.000,23.998,255.0,35.000,24.380,255.0,35.000,26.201,255.0
43.3606,13914,71959,35.000,23.579,255.0,35.000,24.126,255.0,35.000,26.302,255.0
43.3606,13915,71964,35.000,23.783,255.0,35.000,23.969,255.0,35.000,26.326,255.0
43.3606,13916,71969,35.000,23.590,255.0,35.000,24.151,255.0,35.000,26.507,255.0
43.3606,13917,71974,35.000,23.899,255.0,35.000,23.931,255.0,35.000,26.464,255.0
43.3606,13918,71979,35.000,23.433,255.0,35.000,23.833,255.0,35.000,26.366,255.0
43.3606,13919,71984,35.000,23.747,255.0,35.000,24.510,255.0,35.000,26.494,255.0
43.3606,13920,71989,35.000,23.775,255.0,35.000,24.535,255.0,35.000,26.521,255.0
43.3606,13921,71994,35.000,23.912,255.0,35.000,24.848,255.0,35.000,26.469,255.0
43.3606,13922,71999,35.000,23.975,255.0,35.000,25.816,255.0,35.000,26.541,255.0
43.4166,13923,72004,35.000,24.300,255.0,35.000,26.300,255.0,35.000,26.651,255.0
43.4166,13924,72009,35.000,24.689,255.0,35.000,26.536,255.0,35.000,26.529,255.0
43.4166,13925,72014,35.000,24.335,255.0,35.000,26.733,255.0,35.000,26.724,255.0
43.4166,13926,72019,35.000,24.268,255.0,35.000,25.735,255.0,35.000,26.624,255.0
43.4166,13927,72024,35.000,24.370,255.0,35.000,25.283,255.0,35.000,26.547,255.0
43.4166,13928,72029,35.000,24.613,255.0,35.000,25.153,255.0,35.000,26.595,255.0
43.4166,13929,72034,35.000,24.561,255.0,35.000,24.541,255.0,35.000,26.739,255.0
43.4166,13930,72039,35.000,24.701,255.0,35.000,24.507,255.0,35.000,26.702,255.0
43.4733,13931,72044,35.000,24.741,255.0,35.000,24.176,255.0,35.000,26.738,255.0
43.4733,13932,72049,35.000,24.703,255.0,35.000,23.780,255.0,35.000,26.705,255.0
43.4733,13933,72054,35.000,24.684,255.0,35.000,23.419,255.0,35.000,26.525,255.0
43.4733,13934,72059,35.000,24.909,255.0,35.000,22.708,255.0,35.000,26.735,255.0
43.4733,13935,72064,35.000,24.855,255.0,35.000,22.289,255.0,35.000,26.671,255.0
43.4733,13936,72069,35.000,25.059,255.0,35.000,22.858,255.0,35.000,26.524,255.0
43.4733,13937,72074,35.000,24.719,255.0,35.000,23.435,255.0,35.000,26.548,255.0
43.4733,13938,72079,35.000,24.409,255.0,35.000,23.487,255.0,35.000,26.603,255.0
43.5343,13939,72084,35.000,24.478,255.0,35.000,24.110,255.0,35.000,26.285,255.0
43.5343,13940,72089,35.000,24.020,255.0,35.000,24.197,255.0,35.000,26.384,255.0
43.5343,13941,72094,35.000,23.793,255.0,35.000,24.527,255.0,35.000,26.347,255.0
43.5343,13942,72099,35.000,23.614,255.0,35.000,24.882,255.0,35.000,26.339,255.0
43.5343,13943,72104,35.000,23.614,255.0,35.000,25.242,255.0,35.000,26.515,255.0
43.5343,13944,72109,35.000,23.726,255.0,35.000,25.907,255.0,35.000,26.265,255.0
43.5343,13945,72114,35.000,23.950,255.0,35.000,26.311,255.0,35.000,26.314,255.0
43.5343,13946,72119,35.000,23.450,255.0,35.000,26.745,255.0,35.000,26.380,255.0
43.5343,13947,72124,35.000,23.366,255.0,35.000,26.820,255.0,35.000,26.455,255.0
43.5343,13948,72129,35.000,23.590,255.0,35.000,27.063,255.0,35.000,26.334,255.0
43.5343,13949,72134,35.000,23.432,255.0,35.000,27.280,255.0,35.000,26.371,255.0
43.5343,13950,72139,35.000,23.374,255.0,35.000,27.381,255.0,35.000,26.283,255.0
43.5343,13951,72144,35.000,23.553,255.0,35.000,27.557,255.0,35.000,26.277,255.0
43.5343,13952,72149,35.000,23.392,255.0,35.000,27.587,255.0,35.000,26.305,255.0
43.5343,13953,72154,35.000,23.242,255.0,35.000,27.621,255.0,35.000,26.165,255.0
43.5343,13954,72159,35.000,23.108,255.0,35.000,27.669,255.0,35.000,26.387,255.0
43.5969,13955,72164,35.000,23.075,255.0,35.000,27.451,255.0,35.000,26.347,255.0
43.5969,13956,72169,35.000,23.571,255.0,35.000,27.019,255.0,35.000,26.464,255.0
43.5969,13957,72174,35.000,23.795,255.0,35.000,26.899,255.0,35.000,26.343,255.0
43.5969,13958,72179,35.000,23.939,255.0,35.000,26.660,255.0,35.000,26.472,255.0
43.5969,13959,72184,35.000,23.919,255.0,35.000,26.273,255.0,35.000,26.631,255.0
43.5969,13960,72189,35.000,24.017,255.0,35.000,26.214,255.0,35.000,26.571,255.0
43.5969,13961,72194,35.000,24.310,255.0,35.000,25.963,255.0,35.000,26.684,255.0
43.5969,13962,72199,35.000,24.343,255.0,35.000,26.000,255.0,35.000,26.538,255.0
43.6590,13963,72204,35.000,24.153,255.0,35.000,25.983,255.0,35.000,26.701,255.0
43.6590,13964,72209,35.000,24.281,255.0,35.000,25.933,255.0,35.000,26.648,255.0
43.6590,13965,72214,35.000,24.365,255.0,35.000,25.659,255.0,35.000,26.567,255.0
43.6590,13966,72219,35.000,24.559,255.0,35.000,25.482,255.0,35.000,26.576,255.0
43.6590,13967,72224,35.000,24.648,255.0,35.000,25.390,255.0,35.000,26.660,255.0
43.6590,13968,72229,35.000,24.165,255.0,35.000,25.284,255.0,35.000,26.742,255.0
43.6590,13969,72234,35.000,24.344,255.0,35.000,25.463,255.0,35.000,26.561,255.0
43.6590,13970,72239,35.000,24.468,255.0,35.000,25.575,255.0,35.000,26.670,255.0
43.6590,13971,72244,35.000,24.326,255.0,35.000,25.423,255.0,35.000,26.701,255.0
43.6590,13972,72249,35.000,24.649,255.0,35.000,24.833,255.0,35.000,26.843,255.0
43.6590,13973,72254,35.000,25.215,255.0,35.000,24.129,255.0,35.000,26.873,255.0
43.6590,13974,72259,35.000,25.034,255.0,35.000,23.585,255.0,35.000,26.864,255.0
43.6590,13975,72264,35.000,25.015,255.0,35.000,23.568,255.0,35.000,26.840,255.0
43.6590,13976,72269,35.000,24.811,255.0,35.000,23.908,255.0,35.000,26.820,255.0
43.6590,13977,72274,35.000,24.755,255.0,35.000,23.662,255.0,35.000,26.949,255.0
43.6590,13978,72279,35.000,25.245,255.0,35.000,23.778,255.0,35.000,26.694,255.0
43.7250,13979,72284,35.000,25.264,255.0,35.000,23.790,255.0,35.000,26.889,255.0
43.7250,13980,72289,35.000,25.248,255.0,35.000,23.598,255.0,35.000,26.882,255.0
43.7250,13981,72294,35.000,25.097,255.0,35.000,23.822,255.0,35.000,26.741,255.0
43.7250,13982,72299,35.000,25.091,255.0,35.000,24.353,255.0,35.000,26.721,255.0
43.7250,13983,72304,35.000,24.837,255.0,35.000,25.011,255.0,35.000,26.649,255.0
43.7250,13984,72309,35.000,25.105,255.0,35.000,25.452,255.0,35.000,26.556,255.0
43.7250,13985,72314,35.000,25.053,255.0,35.000,26.115,255.0,35.000,26.677,255.0
43.7250,13986,72319,35.000,25.109,255.0,35.000,26.184,255.0,35.000,26.559,255.0
43.7250,13987,72324,35.000,25.060,255.0,35.000,26.677,255.0,35.000,26.320,255.0
43.7250,13988,72329,35.000,25.030,255.0,35.000,27.013,255.0,35.000,26.474,255.0
43.7250,13989,72334,35.000,25.072,255.0,35.000,27.067,255.0,35.000,26.341,255.0
43.7250,13990,72339,35.000,25.092,255.0,35.000,27.262,255.0,35.000,26.355,255.0
43.7250,13991,72344,35.000,25.068,255.0,35.000,27.235,255.0,35.000,26.510,255.0
43.7250,13992,72349,35.000,25.014,255.0,35.000,27.351,255.0,35.000,26.452,255.0
43.7250,13993,72354,35.000,24.934,255.0,35.000,27.468,255.0,35.000,26.375,255.0
43.7250,13994,72359,35.000,24.167,255.0,35.000,27.616,255.0,35.000,26.345,255.0
43.7873,13995,72364,35.000,24.014,255.0,35.000,27.642,255.0,35.000,26.008,255.0
43.7873,13996,72369,35.000,24.287,255.0,35.000,27.732,255.0,35.000,25.920,255.0
43.7873,13997,72374,35.000,24.150,255.0,35.000,27.794,255.0,35.000,25.793,255.0
43.7873,13998,72379,35.000,24.328,255.0,35.000,27.785,255.0,35.000,25.607,255.0
43.7873,13999,72384,35.000,24.140,255.0,35.000,27.781,255.0,35.000,25.602,255.0
43.7873,14000,72389,35.000,23.770,255.0,35.000,27.953,255.0,35.000,25.412,255.0
43.7873,14001,72394,35.000,23.757,255.0,35.000,28.113,255.0,35.000,25.211,255.0
43.7873,14002,72399,35.000,23.279,255.0,35.000,28.019,255.0,35.000,25.114,255.0
43.8450,14003,72404,35.000,23.376,255.0,35.000,28.089,255.0,35.000,25.197,255.0
43.8450,14004,72409,35.000,23.728,255.0,35.000,28.082,255.0,35.000,25.185,255.0
43.8450,14005,72414,35.000,23.954,255.0,35.000,27.963,255.0,35.000,25.421,255.0
43.8450,14006,72419,35.000,23.823,255.0,35.000,28.189,255.0,35.000,25.463,255.0
43.8450,14007,72424,35.000,23.562,255.0,35.000,28.265,255.0,35.000,25.732,255.0
43.8450,14008,72429,35.000,23.102,255.0,35.000,28.183,255.0,35.000,25.821,255.0
43.8450,14009,72434,35.000,23.203,255.0,35.000,28.271,255.0,35.000,25.914,255.0
43.8450,14010,72439,35.000,23.763,255.0,35.000,28.112,255.0,35.000,25.937,255.0
43.8450,14011,72444,35.000,23.783,255.0,35.000,28.131,255.0,35.000,25.955,255.0
43.8450,14012,72449,35.000,23.966,255.0,35.000,28.314,255.0,35.000,25.953,255.0
43.8450,14013,72454,35.000,23.476,255.0,35.000,28.215,255.0,35.000,25.849,255.0
43.8450,14014,72459,35.000,23.267,255.0,35.000,28.353,255.0,35.000,25.810,255.0
43.8450,14015,72464,35.000,23.022,255.0,35.000,28.455,255.0,35.000,25.922,255.0
43.8450,14016,72469,35.000,22.516,255.0,35.000,28.333,255.0,35.000,25.974,255.0
43.8450,14017,72474,35.000,22.543,255.0,35.000,28.191,255.0,35.000,26.007,255.0
43.8450,14018,72479,35.000,22.470,255.0,35.000,28.275,255.0,35.000,26.098,255.0
43.9084,14019,72484,35.000,22.176,255.0,35.000,28.358,255.0,35.000,25.996,255.0
43.9084,14020,72489,35.000,21.926,255.0,35.000,28.457,255.0,35.000,26.098,255.0
43.9084,14021,72494,35.000,21.604,255.0,35.000,28.344,255.0,35.000,26.161,255.0
43.9084,14022,72499,35.000,21.431,255.0,35.000,28.171,255.0,35.000,26.354,255.0
43.9084,14023,72504,35.000,21.600,255.0,35.000,28.328,255.0,35.000,26.149,255.0
43.9084,14024,72509,35.000,21.927,255.0,35.000,28.293,255.0,35.000,26.294,255.0
43.9084,14025,72514,35.000,21.783,255.0,35.000,28.160,255.0,35.000,26.342,255.0
43.9084,14026,72519,35.000,21.945,255.0,35.000,28.311,255.0,35.000,26.310,255.0
43.9712,14027,72524,35.000,22.494,255.0,35.000,28.310,255.0,35.000,26.310,255.0
43.9712,14028,72529,35.000,22.666,255.0,35.000,28.314,255.0,35.000,26.313,255.0
43.9712,14029,72534,35.000,22.684,255.0,35.000,28.338,255.0,35.000,26.335,255.0
43.9712,14030,72539,35.000,22.885,255.0,35.000,28.184,255.0,35.000,26.357,255.0
43.9712,14031,72544,35.000,22.874,255.0,35.000,28.351,255.0,35.000,26.522,255.0
43.9712,14032,72549,35.000,22.689,255.0,35.000,28.349,255.0,35.000,26.340,255.0
43.9712,14033,72554,35.000,22.625,255.0,35.000,28.263,255.0,35.000,26.623,255.0
43.9712,14034,72559,35.000,22.567,255.0,35.000,28.224,255.0,35.000,26.572,255.0
43.9720,14035,72564,35.000,22.728,255.0,35.000,28.370,255.0,35.000,26.541,255.0
43.9720,14036,72569,35.000,22.877,255.0,35.000,28.337,255.0,35.000,26.512,255.0
43.9720,14037,72574,35.000,22.478,255.0,35.000,28.480,255.0,35.000,26.480,255.0
43.9720,14038,72579,35.000,22.563,255.0,35.000,28.392,255.0,35.000,26.385,255.0
43.9720,14039,72584,35.000,22.707,255.0,35.000,28.161,255.0,35.000,26.337,255.0
43.9720,14040,72589,35.000,22.529,255.0,35.000,28.340,255.0,35.000,26.341,255.0
43.9720,14041,72594,35.000,22.533,255.0,35.000,28.340,255.0,35.000,26.342,255.0
43.9720,14042,72599,35.000,23.014,255.0,35.000,28.438,255.0,35.000,26.266,255.0
44.0328,14043,72604,35.000,23.122,255.0,35.000,28.390,255.0,35.000,26.210,255.0
44.0328,14044,72609,35.000,23.175,255.0,35.000,28.432,255.0,35.000,26.260,255.0
44.0328,14045,72614,35.000,23.378,255.0,35.000,28.282,255.0,35.000,25.925,255.0
44.0328,14046,72619,35.000,23.383,255.0,35.000,28.097,255.0,35.000,25.741,255.0
44.0328,14047,72624,35.000,23.235,255.0,35.000,28.139,255.0,35.000,25.418,255.0
44.0328,14048,72629,35.000,23.193,255.0,35.000,28.089,255.0,35.000,25.372,255.0
44.0328,14049,72634,35.000,23.177,255.0,35.000,28.252,255.0,35.000,25.357,255.0
44.0328,14050,72639,35.000,23.207,255.0,35.000,28.291,255.0,35.000,25.210,255.0
44.0948,14051,72644,35.000,23.613,255.0,35.000,28.148,255.0,35.000,25.063,255.0
44.0948,14052,72649,35.000,23.644,255.0,35.000,28.012,255.0,35.000,25.102,255.0
44.0948,14053,72654,35.000,23.792,255.0,35.000,28.157,255.0,35.000,25.068,255.0
44.0948,14054,72659,35.000,23.472,255.0,35.000,28.192,255.0,35.000,24.746,255.0
44.0948,14055,72664,35.000,23.426,255.0,35.000,28.321,255.0,35.000,25.058,255.0
44.0948,14056,72669,35.000,23.430,255.0,35.000,28.329,255.0,35.000,25.247,255.0
44.0948,14057,72674,35.000,24.034,255.0,35.000,28.209,255.0,35.000,25.484,255.0
44.0948,14058,72679,35.000,24.001,255.0,35.000,28.352,255.0,35.000,25.451,255.0
44.0948,14059,72684,35.000,23.988,255.0,35.000,28.326,255.0,35.000,25.605,255.0
44.0948,14060,72689,35.000,23.806,255.0,35.000,28.329,255.0,35.000,25.610,255.0
44.0948,14061,72694,35.000,23.617,255.0,35.000,28.337,255.0,35.000,25.620,255.0
44.0948,14062,72699,35.000,23.389,255.0,35.000,28.271,255.0,35.000,25.733,255.0
44.0948,14063,72704,35.000,23.412,255.0,35.000,28.115,255.0,35.000,25.757,255.0
44.0948,14064,72709,35.000,23.646,255.0,35.000,27.997,255.0,35.000,26.173,255.0
44.0948,14065,72714,35.000,23.494,255.0,35.000,28.038,255.0,35.000,26.034,255.0
44.0948,14066,72719,35.000,23.447,255.0,35.000,28.150,255.0,35.000,26.151,255.0
44.1563,14067,72724,35.000,23.083,255.0,35.000,28.155,255.0,35.000,26.155,255.0
44.1563,14068,72729,35.000,23.062,255.0,35.000,28.138,255.0,35.000,26.138,255.0
44.1563,14069,72734,35.000,23.122,255.0,35.000,28.037,255.0,35.000,26.222,255.0
44.1563,14070,72739,35.000,22.734,255.0,35.000,27.979,255.0,35.000,26.168,255.0
44.1563,14071,72744,35.000,23.033,255.0,35.000,28.085,255.0,35.000,26.279,255.0
44.1563,14072,72749,35.000,23.493,255.0,35.000,28.016,255.0,35.000,26.210,255.0
44.1563,14073,72754,35.000,23.598,255.0,35.000,28.107,255.0,35.000,26.307,255.0
44.1563,14074,72759,35.000,23.243,255.0,35.000,28.126,255.0,35.000,26.332,255.0
44.2190,14075,72764,35.000,23.066,255.0,35.000,28.124,255.0,35.000,26.325,255.0
44.2190,14076,72769,35.000,23.284,255.0,35.000,28.184,255.0,35.000,26.381,255.0
44.2190,14077,72774,35.000,23.172,255.0,35.000,28.233,255.0,35.000,26.439,255.0
44.2190,14078,72779,35.000,23.431,255.0,35.000,27.949,255.0,35.000,26.513,255.0
44.2190,14079,72784,35.000,23.231,255.0,35.000,27.927,255.0,35.000,26.306,255.0
44.2190,14080,72789,35.000,23.956,255.0,35.000,27.771,255.0,35.000,26.507,255.0
44.2190,14081,72794,35.000,23.438,255.0,35.000,27.800,255.0,35.000,26.351,255.0
44.2190,14082,72799,35.000,23.435,255.0,35.000,27.981,255.0,35.000,26.347,255.0
44.2190,14083,72804,35.000,23.264,255.0,35.000,27.984,255.0,35.000,26.350,255.0
44.2190,14084,72809,35.000,23.782,255.0,35.000,27.953,255.0,35.000,26.314,255.0
44.2190,14085,72814,35.000,23.964,255.0,35.000,27.958,255.0,35.000,26.323,255.0
44.2190,14086,72819,35.000,24.152,255.0,35.000,27.778,255.0,35.000,26.142,255.0
44.2190,14087,72824,35.000,24.180,255.0,35.000,27.812,255.0,35.000,26.174,255.0
44.2190,14088,72829,35.000,23.593,255.0,35.000,28.131,255.0,35.000,26.314,255.0
44.2190,14089,72834,35.000,23.812,255.0,35.000,28.175,255.0,35.000,26.354,255.0
44.2190,14090,72839,35.000,23.594,255.0,35.000,28.303,255.0,35.000,26.305,255.0
44.2789,14091,72844,35.000,24.189,255.0,35.000,27.976,255.0,35.000,26.345,255.0
44.2789,14092,72849,35.000,23.744,255.0,35.000,28.065,255.0,35.000,26.440,255.0
44.2789,14093,72854,35.000,23.968,255.0,35.000,28.124,255.0,35.000,26.311,255.0
44.2789,14094,72859,35.000,23.815,255.0,35.000,28.148,255.0,35.000,26.158,255.0
44.2789,14095,72864,35.000,23.786,255.0,35.000,27.935,255.0,35.000,26.303,255.0
44.2789,14096,72869,35.000,23.402,255.0,35.000,28.084,255.0,35.000,26.456,255.0
44.2789,14097,72874,35.000,23.089,255.0,35.000,27.974,255.0,35.000,26.339,255.0
44.2789,14098,72879,35.000,23.498,255.0,35.000,27.844,255.0,35.000,26.391,255.0
44.2789,14099,72884,35.000,23.618,255.0,35.000,27.944,255.0,35.000,26.497,255.0
44.2789,14100,72889,35.000,23.823,255.0,35.000,27.987,255.0,35.000,26.534,255.0
44.2789,14101,72894,35.000,23.791,255.0,35.000,28.147,255.0,35.000,26.512,255.0
44.2789,14102,72899,35.000,23.840,255.0,35.000,28.205,255.0,35.000,26.566,255.0
44.2789,14103,72904,35.000,23.588,255.0,35.000,28.119,255.0,35.000,26.670,255.0
44.2789,14104,72909,35.000,23.589,255.0,35.000,28.121,255.0,35.000,26.670,255.0
44.2789,14105,72914,35.000,23.644,255.0,35.000,28.187,255.0,35.000,26.736,255.0
44.2789,14106,72919,35.000,23.613,255.0,35.000,28.149,255.0,35.000,26.701,255.0
44.3398,14107,72924,35.000,23.979,255.0,35.000,28.320,255.0,35.000,26.688,255.0
44.3398,14108,72929,35.000,23.956,255.0,35.000,28.302,255.0,35.000,26.672,255.0
44.3398,14109,72934,35.000,23.757,255.0,35.000,28.292,255.0,35.000,26.660,255.0
44.3398,14110,72939,35.000,23.793,255.0,35.000,28.142,255.0,35.000,26.692,255.0
44.3398,14111,72944,35.000,23.253,255.0,35.000,28.344,255.0,35.000,26.707,255.0
44.3398,14112,72949,35.000,23.207,255.0,35.000,28.282,255.0,35.000,26.648,255.0
44.3398,14113,72954,35.000,23.447,255.0,35.000,28.174,255.0,35.000,26.716,255.0
44.3398,14114,72959,35.000,23.581,255.0,35.000,28.298,255.0,35.000,26.845,255.0
44.3896,14115,72964,35.000,23.602,255.0,35.000,28.317,255.0,35.000,26.860,255.0
44.3896,14116,72969,35.000,23.644,255.0,35.000,28.378,255.0,35.000,26.740,255.0
44.3896,14117,72974,35.000,23.827,255.0,35.000,28.203,255.0,35.000,26.932,255.0
44.3896,14118,72979,35.000,23.814,255.0,35.000,28.359,255.0,35.000,26.905,255.0
44.3896,14119,72984,35.000,23.580,255.0,35.000,28.286,255.0,35.000,26.837,255.0
44.3896,14120,72989,35.000,23.479,255.0,35.000,28.382,255.0,35.000,26.932,255.0
44.3896,14121,72994,35.000,23.752,255.0,35.000,28.255,255.0,35.000,26.998,255.0
44.3896,14122,72999,35.000,23.815,255.0,35.000,28.162,255.0,35.000,26.900,255.0
44.4517,14123,73004,35.000,23.611,255.0,35.000,28.305,255.0,35.000,26.866,255.0
44.4517,14124,73009,35.000,23.447,255.0,35.000,28.338,255.0,35.000,26.890,255.0
44.4517,14125,73014,35.000,23.234,255.0,35.000,28.310,255.0,35.000,26.687,255.0
44.4517,14126,73019,35.000,23.217,255.0,35.000,28.279,255.0,35.000,26.835,255.0
44.4517,14127,73024,35.000,22.876,255.0,35.000,28.311,255.0,35.000,26.682,255.0
44.4517,14128,73029,35.000,22.623,255.0,35.000,28.215,255.0,35.000,26.592,255.0
44.4517,14129,73034,35.000,22.735,255.0,35.000,28.367,255.0,35.000,26.732,255.0
44.4517,14130,73039,35.000,21.948,255.0,35.000,28.301,255.0,35.000,26.489,255.0
44.4517,14131,73044,35.000,21.971,255.0,35.000,28.323,255.0,35.000,26.506,255.0
44.4517,14132,73049,35.000,22.133,255.0,35.000,28.302,255.0,35.000,26.666,255.0
44.4517,14133,73054,35.000,21.979,255.0,35.000,28.350,255.0,35.000,26.529,255.0
44.4517,14134,73059,35.000,22.143,255.0,35.000,28.134,255.0,35.000,26.502,255.0
44.4517,14135,73064,35.000,22.356,255.0,35.000,27.986,255.0,35.000,26.534,255.0
44.4517,14136,73069,35.000,22.511,255.0,35.000,27.958,255.0,35.000,26.508,255.0
44.4517,14137,73074,35.000,22.668,255.0,35.000,27.926,255.0,35.000,26.477,255.0
44.4517,14138,73079,35.000,22.943,255.0,35.000,28.050,255.0,35.000,26.412,255.0
44.5133,14139,73084,35.000,23.234,255.0,35.000,27.950,255.0,35.000,26.319,255.0
44.5133,14140,73089,35.000,23.595,255.0,35.000,27.948,255.0,35.000,26.493,255.0
44.5143,14141,73094,35.000,23.625,255.0,35.000,28.000,255.0,35.000,26.364,255.0
44.5143,14142,73099,35.000,23.845,255.0,35.000,28.031,255.0,35.000,26.214,255.0
44.5143,14143,73104,35.000,23.974,255.0,35.000,27.965,255.0,35.000,26.333,255.0
44.5143,14144,73109,35.000,23.986,255.0,35.000,27.980,255.0,35.000,26.348,255.0
44.5143,14145,73114,35.000,23.562,255.0,35.000,28.089,255.0,35.000,26.275,255.0
44.5143,14146,73119,35.000,23.488,255.0,35.000,28.032,255.0,35.000,26.395,255.0
44.5753,14147,73124,35.000,23.630,255.0,35.000,27.799,255.0,35.000,26.525,255.0
44.5762,14148,73129,35.000,23.612,255.0,35.000,27.788,255.0,35.000,26.515,255.0
44.5762,14149,73134,35.000,23.606,255.0,35.000,27.790,255.0,35.000,26.518,255.0
44.5762,14150,73139,35.000,23.813,255.0,35.000,27.629,255.0,35.000,26.545,255.0
44.5762,14151,73144,35.000,23.448,255.0,35.000,27.627,255.0,35.000,26.539,255.0
44.5762,14152,73149,35.000,23.043,255.0,35.000,27.582,255.0,35.000,26.679,255.0
44.5762,14153,73154,35.000,22.693,255.0,35.000,27.589,255.0,35.000,26.685,255.0
44.5762,14154,73159,35.000,22.732,255.0,35.000,27.631,255.0,35.000,26.543,255.0
44.5762,14155,73164,35.000,22.925,255.0,35.000,27.824,255.0,35.000,26.730,255.0
44.5762,14156,73169,35.000,23.062,255.0,35.000,27.961,255.0,35.000,26.324,255.0
44.5762,14157,73174,35.000,22.880,255.0,35.000,28.148,255.0,35.000,25.971,255.0
44.5762,14158,73179,35.000,22.715,255.0,35.000,27.975,255.0,35.000,25.981,255.0
44.5762,14159,73184,35.000,22.507,255.0,35.000,27.942,255.0,35.000,25.769,255.0
44.5762,14160,73189,35.000,22.857,255.0,35.000,28.105,255.0,35.000,25.569,255.0
44.5762,14161,73194,35.000,22.861,255.0,35.000,28.110,255.0,35.000,25.572,255.0
44.5762,14162,73199,35.000,23.080,255.0,35.000,28.154,255.0,35.000,25.433,255.0
44.6434,14163,73204,35.000,23.462,255.0,35.000,28.177,255.0,35.000,25.274,255.0
44.6434,14164,73209,35.000,23.239,255.0,35.000,27.959,255.0,35.000,25.241,255.0
44.6434,14165,73214,35.000,23.602,255.0,35.000,27.963,255.0,35.000,25.068,255.0
44.6434,14166,73219,35.000,23.560,255.0,35.000,27.905,255.0,35.000,25.373,255.0
44.6434,14167,73224,35.000,23.607,255.0,35.000,27.962,255.0,35.000,25.607,255.0
44.6434,14168,73229,35.000,23.581,255.0,35.000,28.110,255.0,35.000,25.576,255.0
44.6434,14169,73234,35.000,23.843,255.0,35.000,28.025,255.0,35.000,25.847,255.0
44.6434,14170,73239,35.000,23.795,255.0,35.000,28.155,255.0,35.000,25.797,255.0
44.6434,14171,73244,35.000,24.356,255.0,35.000,28.160,255.0,35.000,25.804,255.0
44.6434,14172,73249,35.000,24.487,255.0,35.000,28.112,255.0,35.000,25.757,255.0
44.6434,14173,73254,35.000,24.483,255.0,35.000,28.109,255.0,35.000,25.935,255.0
44.6434,14174,73259,35.000,24.470,255.0,35.000,28.454,255.0,35.000,25.919,255.0
44.6434,14175,73264,35.000,24.536,255.0,35.000,28.344,255.0,35.000,25.986,255.0
44.6434,14176,73269,35.000,24.507,255.0,35.000,28.314,255.0,35.000,25.781,255.0
44.6434,14177,73274,35.000,24.707,255.0,35.000,28.328,255.0,35.000,25.793,255.0
44.6434,14178,73279,35.000,25.063,255.0,35.000,28.136,255.0,35.000,25.964,255.0
44.7026,14179,73284,35.000,25.059,255.0,35.000,27.572,255.0,35.000,25.762,255.0
44.7026,14180,73289,35.000,25.209,255.0,35.000,27.560,255.0,35.000,25.753,255.0
44.7026,14181,73294,35.000,25.220,255.0,35.000,27.214,255.0,35.000,25.769,255.0
44.7026,14182,73299,35.000,25.269,255.0,35.000,27.074,255.0,35.000,25.813,255.0
44.7026,14183,73304,35.000,25.468,255.0,35.000,26.737,255.0,35.000,25.837,255.0
44.7026,14184,73309,35.000,25.653,255.0,35.000,26.556,255.0,35.000,25.837,255.0
44.7026,14185,73314,35.000,25.209,255.0,35.000,26.648,255.0,35.000,25.755,255.0
44.7026,14186,73319,35.000,25.258,255.0,35.000,26.521,255.0,35.000,25.981,255.0
44.7632,14187,73324,35.000,24.707,255.0,35.000,26.334,255.0,35.000,25.977,255.0
44.7632,14188,73329,35.000,24.167,255.0,35.000,26.526,255.0,35.000,25.809,255.0
44.7632,14189,73334,35.000,23.746,255.0,35.000,27.021,255.0,35.000,25.937,255.0
44.7632,14190,73339,35.000,23.453,255.0,35.000,26.892,255.0,35.000,25.987,255.0
44.7632,14191,73344,35.000,23.075,255.0,35.000,27.065,255.0,35.000,25.978,255.0
44.7632,14192,73349,35.000,22.158,255.0,35.000,27.071,255.0,35.000,25.982,255.0
44.7632,14193,73354,35.000,22.124,255.0,35.000,27.037,255.0,35.000,25.944,255.0
44.7632,14194,73359,35.000,21.758,255.0,35.000,27.213,255.0,35.000,25.940,255.0
44.7632,14195,73364,35.000,21.981,255.0,35.000,27.071,255.0,35.000,26.162,255.0
44.7632,14196,73369,35.000,21.824,255.0,35.000,27.110,255.0,35.000,26.018,255.0
44.7632,14197,73374,35.000,22.277,255.0,35.000,27.368,255.0,35.000,26.099,255.0
44.7642,14198,73379,35.000,22.483,255.0,35.000,27.215,255.0,35.000,26.124,255.0
44.7642,14199,73384,35.000,22.892,255.0,35.000,27.450,255.0,35.000,26.182,255.0
44.7642,14200,73389,35.000,22.702,255.0,35.000,27.443,255.0,35.000,26.171,255.0
44.7642,14201,73394,35.000,23.224,255.0,35.000,27.596,255.0,35.000,26.326,255.0
44.7642,14202,73399,35.000,23.742,255.0,35.000,27.735,255.0,35.000,26.277,255.0
44.8270,14203,73404,35.000,23.415,255.0,35.000,28.117,255.0,35.000,26.308,255.0
44.8270,14204,73409,35.000,23.648,255.0,35.000,28.012,255.0,35.000,26.378,255.0
44.8270,14205,73414,35.000,23.775,255.0,35.000,28.140,255.0,35.000,26.325,255.0
44.8270,14206,73419,35.000,23.553,255.0,35.000,28.082,255.0,35.000,26.449,255.0
44.8270,14207,73424,35.000,23.659,255.0,35.000,28.203,255.0,35.000,26.378,255.0
44.8270,14208,73429,35.000,23.976,255.0,35.000,28.153,255.0,35.000,26.511,255.0
44.8270,14209,73434,35.000,23.626,255.0,35.000,28.171,255.0,35.000,26.528,255.0
44.8270,14210,73439,35.000,23.458,255.0,35.000,28.185,255.0,35.000,26.540,255.0
44.8859,14211,73444,35.000,23.236,255.0,35.000,28.132,255.0,35.000,26.491,255.0
44.8859,14212,73449,35.000,23.457,255.0,35.000,28.189,255.0,35.000,26.735,255.0
44.8859,14213,73454,35.000,23.616,255.0,35.000,28.179,255.0,35.000,26.715,255.0
44.8859,14214,73459,35.000,23.401,255.0,35.000,28.126,255.0,35.000,26.665,255.0
44.8859,14215,73464,35.000,23.424,255.0,35.000,28.153,255.0,35.000,26.695,255.0
44.8859,14216,73469,35.000,23.777,255.0,35.000,28.322,255.0,35.000,26.686,255.0
44.8859,14217,73474,35.000,23.922,255.0,35.000,28.093,255.0,35.000,26.826,255.0
44.8859,14218,73479,35.000,24.006,255.0,35.000,28.373,255.0,35.000,26.736,255.0
44.8859,14219,73484,35.000,24.163,255.0,35.000,28.153,255.0,35.000,26.699,255.0
44.8859,14220,73489,35.000,24.824,255.0,35.000,28.265,255.0,35.000,26.815,255.0
44.8859,14221,73494,35.000,24.890,255.0,35.000,28.355,255.0,35.000,26.716,255.0
44.8859,14222,73499,35.000,25.066,255.0,35.000,28.336,255.0,35.000,26.513,255.0
44.8859,14223,73504,35.000,24.518,255.0,35.000,28.323,255.0,35.000,26.505,255.0
44.8859,14224,73509,35.000,24.670,255.0,35.000,28.465,255.0,35.000,26.649,255.0
44.8859,14225,73514,35.000,24.317,255.0,35.000,28.297,255.0,35.000,26.476,255.0
44.8859,14226,73519,35.000,24.029,255.0,35.000,28.393,255.0,35.000,26.382,255.0
44.9488,14227,73524,35.000,23.639,255.0,35.000,28.362,255.0,35.000,26.352,255.0
44.9488,14228,73529,35.000,22.839,255.0,35.000,28.258,255.0,35.000,26.439,255.0
44.9488,14229,73534,35.000,22.715,255.0,35.000,28.349,255.0,35.000,26.340,255.0
44.9488,14230,73539,35.000,22.227,255.0,35.000,28.409,255.0,35.000,26.218,255.0
44.9488,14231,73544,35.000,21.958,255.0,35.000,28.297,255.0,35.000,26.296,255.0
44.9488,14232,73549,35.000,21.060,255.0,35.000,28.332,255.0,35.000,26.329,255.0
44.9488,14233,73554,35.000,21.791,255.0,35.000,28.348,255.0,35.000,26.344,255.0
44.9488,14234,73559,35.000,22.011,255.0,35.000,28.214,255.0,35.000,26.207,255.0
45.0116,14235,73564,35.000,21.800,255.0,35.000,28.346,255.0,35.000,26.342,255.0
45.0116,14236,73569,35.000,21.960,255.0,35.000,28.323,255.0,35.000,26.322,255.0
45.0116,14237,73574,35.000,21.969,255.0,35.000,28.338,255.0,35.000,26.337,255.0
45.0116,14238,73579,35.000,22.179,255.0,35.000,28.203,255.0,35.000,26.199,255.0
45.0116,14239,73584,35.000,22.495,255.0,35.000,28.134,255.0,35.000,26.314,255.0
45.0116,14240,73589,35.000,22.299,255.0,35.000,28.113,255.0,35.000,26.298,255.0
45.0116,14241,73594,35.000,22.542,255.0,35.000,28.187,255.0,35.000,26.367,255.0
45.0116,14242,73599,35.000,22.849,255.0,35.000,28.099,255.0,35.000,26.280,255.0
45.0116,14243,73604,35.000,22.668,255.0,35.000,28.089,255.0,35.000,26.276,255.0
45.0116,14244,73609,35.000,22.669,255.0,35.000,28.282,255.0,35.000,26.464,255.0
45.0116,14245,73614,35.000,22.903,255.0,35.000,28.179,255.0,35.000,26.360,255.0
45.0116,14246,73619,35.000,22.839,255.0,35.000,28.092,255.0,35.000,26.462,255.0
45.0116,14247,73624,35.000,22.884,255.0,35.000,27.961,255.0,35.000,26.331,255.0
45.0116,14248,73629,35.000,23.208,255.0,35.000,28.091,255.0,35.000,26.464,255.0
45.0116,14249,73634,35.000,22.508,255.0,35.000,28.314,255.0,35.000,26.324,255.0
45.0116,14250,73639,35.000,22.680,255.0,35.000,28.120,255.0,35.000,26.125,255.0
45.0743,14251,73644,35.000,22.352,255.0,35.000,28.166,255.0,35.000,25.982,255.0
45.0743,14252,73649,35.000,22.681,255.0,35.000,28.310,255.0,35.000,25.780,255.0
45.0743,14253,73654,35.000,22.853,255.0,35.000,28.132,255.0,35.000,25.596,255.0
45.0743,14254,73659,35.000,22.520,255.0,35.000,28.168,255.0,35.000,25.263,255.0
45.0743,14255,73664,35.000,22.871,255.0,35.000,28.148,255.0,35.000,25.241,255.0
45.0743,14256,73669,35.000,23.099,255.0,35.000,28.206,255.0,35.000,25.113,255.0
45.0743,14257,73674,35.000,23.062,255.0,35.000,28.348,255.0,35.000,25.073,255.0
45.0743,14258,73679,35.000,23.284,255.0,35.000,28.399,255.0,35.000,24.940,255.0
45.1354,14259,73684,35.000,23.959,255.0,35.000,28.318,255.0,35.000,25.048,255.0
45.1354,14260,73689,35.000,24.366,255.0,35.000,28.380,255.0,35.000,25.287,255.0
45.1354,14261,73694,35.000,24.662,255.0,35.000,28.299,255.0,35.000,25.218,255.0
45.1354,14262,73699,35.000,24.738,255.0,35.000,28.205,255.0,35.000,25.471,255.0
45.1354,14263,73704,35.000,24.406,255.0,35.000,28.421,255.0,35.000,25.686,255.0
45.1354,14264,73709,35.000,24.311,255.0,35.000,28.289,255.0,35.000,25.756,255.0
45.1354,14265,73714,35.000,24.135,255.0,35.000,28.300,255.0,35.000,25.765,255.0
45.1354,14266,73719,35.000,23.223,255.0,35.000,28.285,255.0,35.000,25.932,255.0
45.1354,14267,73724,35.000,23.034,255.0,35.000,28.450,255.0,35.000,25.917,255.0
45.1354,14268,73729,35.000,23.065,255.0,35.000,28.311,255.0,35.000,25.957,255.0
45.1354,14269,73734,35.000,22.699,255.0,35.000,28.310,255.0,35.000,25.776,255.0
45.1354,14270,73739,35.000,22.154,255.0,35.000,28.306,255.0,35.000,25.774,255.0
45.1354,14271,73744,35.000,22.159,255.0,35.000,28.315,255.0,35.000,25.780,255.0
45.1354,14272,73749,35.000,22.159,255.0,35.000,28.315,255.0,35.000,25.781,255.0
45.1354,14273,73754,35.000,22.295,255.0,35.000,28.257,255.0,35.000,25.549,255.0
45.1354,14274,73759,35.000,22.389,255.0,35.000,28.201,255.0,35.000,25.662,255.0
45.1952,14275,73764,35.000,22.546,255.0,35.000,28.343,255.0,35.000,25.626,255.0
45.1952,14276,73769,35.000,23.276,255.0,35.000,28.365,255.0,35.000,25.465,255.0
45.1952,14277,73774,35.000,23.438,255.0,35.000,28.169,255.0,35.000,25.632,255.0
45.1952,14278,73779,35.000,23.046,255.0,35.000,28.311,255.0,35.000,25.593,255.0
45.1952,14279,73784,35.000,23.451,255.0,35.000,28.184,255.0,35.000,25.644,255.0
45.1952,14280,73789,35.000,23.945,255.0,35.000,28.305,255.0,35.000,25.587,255.0
45.1952,14281,73794,35.000,24.015,255.0,35.000,28.197,255.0,35.000,25.656,255.0
45.1952,14282,73799,35.000,23.764,255.0,35.000,28.290,255.0,35.000,25.751,255.0
45.2420,14283,73804,35.000,23.976,255.0,35.000,28.321,255.0,35.000,25.780,255.0
45.2420,14284,73809,35.000,23.757,255.0,35.000,28.277,255.0,35.000,25.921,255.0
45.2420,14285,73814,35.000,23.758,255.0,35.000,28.292,255.0,35.000,25.931,255.0
45.2420,14286,73819,35.000,23.949,255.0,35.000,28.286,255.0,35.000,25.929,255.0
45.2420,14287,73824,35.000,24.332,255.0,35.000,28.319,255.0,35.000,25.775,255.0
45.2420,14288,73829,35.000,24.548,255.0,35.000,28.171,255.0,35.000,25.809,255.0
45.2420,14289,73834,35.000,24.649,255.0,35.000,28.267,255.0,35.000,25.736,255.0
45.2420,14290,73839,35.000,24.515,255.0,35.000,28.321,255.0,35.000,25.963,255.0
45.2420,14291,73844,35.000,24.479,255.0,35.000,28.279,255.0,35.000,25.927,255.0
45.2420,14292,73849,35.000,24.891,255.0,35.000,28.350,255.0,35.000,25.813,255.0
45.2420,14293,73854,35.000,24.898,255.0,35.000,28.365,255.0,35.000,26.006,255.0
45.2420,14294,73859,35.000,25.263,255.0,35.000,28.366,255.0,35.000,25.821,255.0
45.2420,14295,73864,35.000,25.024,255.0,35.000,27.933,255.0,35.000,25.935,255.0
45.2420,14296,73869,35.000,24.909,255.0,35.000,27.652,255.0,35.000,26.014,255.0
45.2420,14297,73874,35.000,24.357,255.0,35.000,27.634,255.0,35.000,26.182,255.0
45.2420,14298,73879,35.000,23.945,255.0,35.000,27.401,255.0,35.000,26.132,255.0
45.2930,14299,73884,35.000,23.804,255.0,35.000,27.072,255.0,35.000,25.976,255.0
45.2930,14300,73889,35.000,23.647,255.0,35.000,26.930,255.0,35.000,25.648,255.0
45.2930,14301,73894,35.000,23.270,255.0,35.000,26.920,255.0,35.000,25.633,255.0
45.2930,14302,73899,35.000,23.029,255.0,35.000,26.662,255.0,35.000,25.566,255.0
45.2930,14303,73904,35.000,22.888,255.0,35.000,26.531,255.0,35.000,25.246,255.0
45.2930,14304,73909,35.000,22.892,255.0,35.000,26.531,255.0,35.000,25.251,255.0
45.2930,14305,73914,35.000,22.772,255.0,35.000,26.783,255.0,35.000,25.140,255.0
45.2930,14306,73919,35.000,22.692,255.0,35.000,26.875,255.0,35.000,25.231,255.0
45.3549,14307,73924,35.000,23.050,255.0,35.000,27.043,255.0,35.000,25.040,255.0
45.3549,14308,73929,35.000,23.057,255.0,35.000,27.243,255.0,35.000,25.057,255.0
45.3549,14309,73934,35.000,22.706,255.0,35.000,27.442,255.0,35.000,25.250,255.0
45.3549,14310,73939,35.000,22.850,255.0,35.000,27.566,255.0,35.000,25.569,255.0
45.3549,14311,73944,35.000,23.058,255.0,35.000,27.598,255.0,35.000,25.602,255.0
45.3549,14312,73949,35.000,22.911,255.0,35.000,27.813,255.0,35.000,25.631,255.0
45.3549,14313,73954,35.000,22.851,255.0,35.000,27.744,255.0,35.000,25.929,255.0
45.3549,14314,73959,35.000,23.069,255.0,35.000,27.785,255.0,35.000,25.784,255.0
45.4136,14315,73964,35.000,23.423,255.0,35.000,27.943,255.0,35.000,25.944,255.0
45.4136,14316,73969,35.000,23.433,255.0,35.000,27.965,255.0,35.000,25.785,255.0
45.4136,14317,73974,35.000,23.626,255.0,35.000,27.987,255.0,35.000,25.804,255.0
45.4136,14318,73979,35.000,24.148,255.0,35.000,28.130,255.0,35.000,25.769,255.0
45.4136,14319,73984,35.000,24.535,255.0,35.000,28.161,255.0,35.000,25.803,255.0
45.4136,14320,73989,35.000,24.534,255.0,35.000,28.161,255.0,35.000,25.798,255.0
45.4136,14321,73994,35.000,24.691,255.0,35.000,28.132,255.0,35.000,25.770,255.0
45.4136,14322,73999,35.000,25.059,255.0,35.000,28.142,255.0,35.000,25.773,255.0
45.4136,14323,74004,35.000,25.300,255.0,35.000,28.201,255.0,35.000,25.658,255.0
45.4136,14324,74009,35.000,25.245,255.0,35.000,28.329,255.0,35.000,25.786,255.0
45.4136,14325,74014,35.000,25.191,255.0,35.000,28.279,255.0,35.000,25.743,255.0
45.4136,14326,74019,35.000,25.239,255.0,35.000,28.324,255.0,35.000,25.785,255.0
45.4136,14327,74024,35.000,25.212,255.0,35.000,28.295,255.0,35.000,25.757,255.0
45.4136,14328,74029,35.000,25.253,255.0,35.000,28.340,255.0,35.000,25.800,255.0
45.4136,14329,74034,35.000,25.573,255.0,35.000,28.297,255.0,35.000,25.935,255.0
45.4136,14330,74039,35.000,25.736,255.0,35.000,28.280,255.0,35.000,25.741,255.0
45.4661,14331,74044,35.000,25.427,255.0,35.000,28.337,255.0,35.000,25.793,255.0
45.4661,14332,74049,35.000,25.252,255.0,35.000,28.354,255.0,35.000,25.816,255.0
45.4661,14333,74054,35.000,25.234,255.0,35.000,28.523,255.0,35.000,25.613,255.0
45.4661,14334,74059,35.000,25.059,255.0,35.000,28.336,255.0,35.000,25.609,255.0
45.4661,14335,74064,35.000,25.239,255.0,35.000,28.342,255.0,35.000,25.257,255.0
45.4661,14336,74069,35.000,25.381,255.0,35.000,28.477,255.0,35.000,25.208,255.0
45.4661,14337,74074,35.000,25.050,255.0,35.000,28.513,255.0,35.000,25.063,255.0
45.4661,14338,74079,35.000,25.056,255.0,35.000,28.342,255.0,35.000,25.074,255.0
45.5239,14339,74084,35.000,24.703,255.0,35.000,28.515,255.0,35.000,24.711,255.0
45.5239,14340,74089,35.000,24.899,255.0,35.000,28.541,255.0,35.000,24.550,255.0
45.5239,14341,74094,35.000,25.229,255.0,35.000,28.505,255.0,35.000,24.152,255.0
45.5239,14342,74099,35.000,25.380,255.0,35.000,28.458,255.0,35.000,24.109,255.0
45.5239,14343,74104,35.000,25.381,255.0,35.000,28.464,255.0,35.000,24.114,255.0
45.5239,14344,74109,35.000,25.216,255.0,35.000,28.485,255.0,35.000,23.954,255.0
45.5239,14345,74114,35.000,25.045,255.0,35.000,28.495,255.0,35.000,24.136,255.0
45.5239,14346,74119,35.000,25.061,255.0,35.000,28.510,255.0,35.000,24.155,255.0
45.5239,14347,74124,35.000,24.870,255.0,35.000,28.481,255.0,35.000,24.310,255.0
45.5239,14348,74129,35.000,24.852,255.0,35.000,28.478,255.0,35.000,24.300,255.0
45.5239,14349,74134,35.000,24.710,255.0,35.000,28.538,255.0,35.000,24.356,255.0
45.5239,14350,74139,35.000,24.530,255.0,35.000,28.345,255.0,35.000,24.526,255.0
45.5239,14351,74144,35.000,24.510,255.0,35.000,28.323,255.0,35.000,24.871,255.0
45.5239,14352,74149,35.000,24.549,255.0,35.000,28.374,255.0,35.000,24.915,255.0
45.5239,14353,74154,35.000,23.982,255.0,35.000,28.160,255.0,35.000,25.071,255.0
45.5239,14354,74159,35.000,24.329,255.0,35.000,28.145,255.0,35.000,25.237,255.0
45.5725,14355,74164,35.000,24.147,255.0,35.000,28.120,255.0,35.000,25.219,255.0
45.5725,14356,74169,35.000,24.162,255.0,35.000,27.971,255.0,35.000,25.249,255.0
45.5725,14357,74174,35.000,24.530,255.0,35.000,27.993,255.0,35.000,25.266,255.0
45.5725,14358,74179,35.000,24.545,255.0,35.000,28.177,255.0,35.000,25.274,255.0
45.5725,14359,74184,35.000,24.721,255.0,35.000,27.985,255.0,35.000,25.444,255.0
45.5725,14360,74189,35.000,24.336,255.0,35.000,28.138,255.0,35.000,25.599,255.0
45.5725,14361,74194,35.000,24.168,255.0,35.000,28.337,255.0,35.000,25.615,255.0
45.5725,14362,74199,35.000,24.184,255.0,35.000,28.172,255.0,35.000,25.629,255.0
45.6351,14363,74204,35.000,24.709,255.0,35.000,28.323,255.0,35.000,25.782,255.0
45.6351,14364,74209,35.000,24.710,255.0,35.000,28.514,255.0,35.000,25.794,255.0
45.6351,14365,74214,35.000,24.935,255.0,35.000,28.400,255.0,35.000,26.027,255.0
45.6351,14366,74219,35.000,24.898,255.0,35.000,28.530,255.0,35.000,25.984,255.0
45.6351,14367,74224,35.000,24.901,255.0,35.000,28.350,255.0,35.000,26.167,255.0
45.6351,14368,74229,35.000,24.880,255.0,35.000,27.962,255.0,35.000,26.144,255.0
45.6351,14369,74234,35.000,24.878,255.0,35.000,27.960,255.0,35.000,26.142,255.0
45.6351,14370,74239,35.000,25.224,255.0,35.000,27.765,255.0,35.000,26.125,255.0
45.6966,14371,74244,35.000,25.421,255.0,35.000,27.408,255.0,35.000,26.134,255.0
45.6966,14372,74249,35.000,25.394,255.0,35.000,27.386,255.0,35.000,26.112,255.0
45.6966,14373,74254,35.000,25.571,255.0,35.000,27.209,255.0,35.000,25.938,255.0
45.6966,14374,74259,35.000,25.602,255.0,35.000,27.054,255.0,35.000,25.963,255.0
45.6966,14375,74264,35.000,25.253,255.0,35.000,27.073,255.0,35.000,25.986,255.0
45.6966,14376,74269,35.000,25.062,255.0,35.000,26.518,255.0,35.000,25.971,255.0
45.6966,14377,74274,35.000,24.874,255.0,35.000,26.509,255.0,35.000,25.782,255.0
45.6966,14378,74279,35.000,24.685,255.0,35.000,26.674,255.0,35.000,25.583,255.0
45.6966,14379,74284,35.000,24.652,255.0,35.000,26.639,255.0,35.000,25.371,255.0
45.6966,14380,74289,35.000,24.709,255.0,35.000,26.709,255.0,35.000,25.076,255.0
45.6966,14381,74294,35.000,24.701,255.0,35.000,26.892,255.0,35.000,24.891,255.0
45.6966,14382,74299,35.000,24.837,255.0,35.000,27.017,255.0,35.000,24.845,255.0
45.6966,14383,74304,35.000,24.691,255.0,35.000,27.053,255.0,35.000,24.876,255.0
45.6966,14384,74309,35.000,24.703,255.0,35.000,27.067,255.0,35.000,24.887,255.0
45.6966,14385,74314,35.000,24.661,255.0,35.000,27.191,255.0,35.000,24.655,255.0
45.6966,14386,74319,35.000,24.670,255.0,35.000,27.744,255.0,35.000,24.664,255.0
45.7456,14387,74324,35.000,25.266,255.0,35.000,27.788,255.0,35.000,24.706,255.0
45.7456,14388,74329,35.000,25.439,255.0,35.000,27.797,255.0,35.000,24.895,255.0
45.7456,14389,74334,35.000,25.449,255.0,35.000,27.806,255.0,35.000,25.081,255.0
45.7456,14390,74339,35.000,25.268,255.0,35.000,27.246,255.0,35.000,25.255,255.0
45.7456,14391,74344,35.000,25.066,255.0,35.000,27.045,255.0,35.000,25.420,255.0
45.7456,14392,74349,35.000,25.120,255.0,35.000,26.378,255.0,35.000,25.473,255.0
45.7456,14393,74354,35.000,25.112,255.0,35.000,25.826,255.0,35.000,25.467,255.0
45.7456,14394,74359,35.000,25.053,255.0,35.000,25.400,255.0,35.000,25.408,255.0
45.8143,14395,74364,35.000,25.257,255.0,35.000,24.879,255.0,35.000,25.423,255.0
45.8143,14396,74369,35.000,25.294,255.0,35.000,24.197,255.0,35.000,25.473,255.0
45.8143,14397,74374,35.000,24.863,255.0,35.000,23.598,255.0,35.000,25.419,255.0
45.8143,14398,74379,35.000,24.522,255.0,35.000,23.434,255.0,35.000,25.620,255.0
45.8143,14399,74384,35.000,23.967,255.0,35.000,23.057,255.0,35.000,25.604,255.0
45.8143,14400,74389,35.000,23.933,255.0,35.000,23.024,255.0,35.000,25.745,255.0
45.8143,14401,74394,35.000,24.172,255.0,35.000,23.087,255.0,35.000,25.808,255.0
45.8143,14402,74399,35.000,23.625,255.0,35.000,23.625,255.0,35.000,25.801,255.0
45.8143,14403,74404,35.000,23.225,255.0,35.000,24.117,255.0,35.000,25.929,255.0
45.8143,14404,74409,35.000,23.288,255.0,35.000,24.369,255.0,35.000,26.001,255.0
45.8143,14405,74414,35.000,23.080,255.0,35.000,24.880,255.0,35.000,26.154,255.0
45.8143,14406,74419,35.000,23.077,255.0,35.000,25.243,255.0,35.000,26.146,255.0
45.8143,14407,74424,35.000,23.077,255.0,35.000,25.780,255.0,35.000,26.320,255.0
45.8143,14408,74429,35.000,23.219,255.0,35.000,26.096,255.0,35.000,26.277,255.0
45.8143,14409,74434,35.000,23.787,255.0,35.000,26.486,255.0,35.000,26.308,255.0
45.8143,14410,74439,35.000,23.845,255.0,35.000,27.102,255.0,35.000,26.379,255.0
45.8723,14411,74444,35.000,23.587,255.0,35.000,27.188,255.0,35.000,26.285,255.0
45.8723,14412,74449,35.000,23.931,255.0,35.000,27.357,255.0,35.000,26.457,255.0
45.8723,14413,74454,35.000,23.809,255.0,35.000,27.442,255.0,35.000,26.358,255.0
45.8723,14414,74459,35.000,23.741,255.0,35.000,27.544,255.0,35.000,26.461,255.0
45.8723,14415,74464,35.000,24.156,255.0,35.000,27.618,255.0,35.000,26.530,255.0
45.8723,14416,74469,35.000,24.305,255.0,35.000,27.758,255.0,35.000,26.489,255.0
45.8723,14417,74474,35.000,24.136,255.0,35.000,27.952,255.0,35.000,26.503,255.0
45.8723,14418,74479,35.000,24.379,255.0,35.000,27.840,255.0,35.000,26.386,255.0
45.9365,14419,74484,35.000,24.016,255.0,35.000,28.009,255.0,35.000,26.375,255.0
45.9365,14420,74489,35.000,24.276,255.0,35.000,27.911,255.0,35.000,26.279,255.0
45.9365,14421,74494,35.000,24.485,255.0,35.000,28.131,255.0,35.000,26.314,255.0
45.9365,14422,74499,35.000,24.323,255.0,35.000,27.964,255.0,35.000,26.325,255.0
45.9365,14423,74504,35.000,24.850,255.0,35.000,28.117,255.0,35.000,26.298,255.0
45.9365,14424,74509,35.000,24.927,255.0,35.000,28.204,255.0,35.000,26.199,255.0
45.9365,14425,74514,35.000,24.817,255.0,35.000,28.074,255.0,35.000,26.074,255.0
45.9365,14426,74519,35.000,24.925,255.0,35.000,28.192,255.0,35.000,26.188,255.0
45.9365,14427,74524,35.000,24.927,255.0,35.000,28.187,255.0,35.000,26.005,255.0
45.9365,14428,74529,35.000,24.812,255.0,35.000,28.247,255.0,35.000,26.071,255.0
45.9365,14429,74534,35.000,25.085,255.0,35.000,28.184,255.0,35.000,26.180,255.0
45.9365,14430,74539,35.000,24.913,255.0,35.000,28.353,255.0,35.000,26.170,255.0
45.9365,14431,74544,35.000,24.572,255.0,35.000,28.203,255.0,35.000,26.202,255.0
45.9365,14432,74549,35.000,24.745,255.0,35.000,28.375,255.0,35.000,26.012,255.0
45.9365,14433,74554,35.000,24.162,255.0,35.000,28.324,255.0,35.000,26.146,255.0
45.9365,14434,74559,35.000,24.128,255.0,35.000,28.285,255.0,35.000,26.105,255.0
45.9920,14435,74564,35.000,23.701,255.0,35.000,28.237,255.0,35.000,26.057,255.0
45.9920,14436,74569,35.000,23.792,255.0,35.000,28.144,255.0,35.000,25.963,255.0
45.9920,14437,74574,35.000,23.778,255.0,35.000,28.132,255.0,35.000,26.136,255.0
45.9920,14438,74579,35.000,23.678,255.0,35.000,28.221,255.0,35.000,26.216,255.0
45.9920,14439,74584,35.000,23.731,255.0,35.000,28.252,255.0,35.000,26.081,255.0
45.9920,14440,74589,35.000,23.824,255.0,35.000,28.180,255.0,35.000,26.184,255.0
45.9920,14441,74594,35.000,24.116,255.0,35.000,28.271,255.0,35.000,26.105,255.0
45.9920,14442,74599,35.000,24.163,255.0,35.000,28.327,255.0,35.000,26.338,255.0
46.0582,14443,74604,35.000,24.729,255.0,35.000,28.172,255.0,35.000,26.177,255.0
46.0582,14444,74609,35.000,24.691,255.0,35.000,28.321,255.0,35.000,26.335,255.0
46.0582,14445,74614,35.000,24.869,255.0,35.000,28.505,255.0,35.000,26.333,255.0
46.0582,14446,74619,35.000,24.674,255.0,35.000,28.483,255.0,35.000,26.499,255.0
46.0582,14447,74624,35.000,24.894,255.0,35.000,28.532,255.0,35.000,26.358,255.0
46.0582,14448,74629,35.000,25.078,255.0,35.000,28.532,255.0,35.000,26.361,255.0
46.0582,14449,74634,35.000,24.932,255.0,35.000,28.210,255.0,35.000,26.574,255.0
46.0582,14450,74639,35.000,24.343,255.0,35.000,28.343,255.0,35.000,26.349,255.0
46.0582,14451,74644,35.000,24.371,255.0,35.000,28.370,255.0,35.000,26.549,255.0
46.0582,14452,74649,35.000,24.324,255.0,35.000,28.323,255.0,35.000,26.505,255.0
46.0582,14453,74654,35.000,24.348,255.0,35.000,28.356,255.0,35.000,26.721,255.0
46.0582,14454,74659,35.000,24.150,255.0,35.000,27.787,255.0,35.000,26.511,255.0
46.0582,14455,74664,35.000,24.546,255.0,35.000,27.452,255.0,35.000,26.725,255.0
46.0582,14456,74669,35.000,24.170,255.0,35.000,27.437,255.0,35.000,26.710,255.0
46.0582,14457,74674,35.000,23.951,255.0,35.000,27.213,255.0,35.000,26.672,255.0
46.0582,14458,74679,35.000,23.801,255.0,35.000,26.883,255.0,35.000,26.709,255.0
46.1179,14459,74684,35.000,23.787,255.0,35.000,27.034,255.0,35.000,26.679,255.0
46.1179,14460,74689,35.000,24.327,255.0,35.000,26.680,255.0,35.000,26.866,255.0
46.1179,14461,74694,35.000,24.357,255.0,35.000,26.537,255.0,35.000,26.541,255.0
46.1179,14462,74699,35.000,24.130,255.0,35.000,26.295,255.0,35.000,26.126,255.0
46.1179,14463,74704,35.000,24.171,255.0,35.000,26.340,255.0,35.000,25.988,255.0
46.1179,14464,74709,35.000,24.527,255.0,35.000,26.698,255.0,35.000,25.984,255.0
46.1179,14465,74714,35.000,24.485,255.0,35.000,26.837,255.0,35.000,25.757,255.0
46.1179,14466,74719,35.000,24.678,255.0,35.000,27.033,255.0,35.000,25.590,255.0
46.1823,14467,74724,35.000,24.860,255.0,35.000,27.026,255.0,35.000,25.583,255.0
46.1823,14468,74729,35.000,25.067,255.0,35.000,27.244,255.0,35.000,25.242,255.0
46.1823,14469,74734,35.000,25.373,255.0,35.000,27.382,255.0,35.000,25.206,255.0
46.1823,14470,74739,35.000,25.385,255.0,35.000,27.559,255.0,35.000,25.020,255.0
46.1823,14471,74744,35.000,25.373,255.0,35.000,27.729,255.0,35.000,25.186,255.0
46.1823,14472,74749,35.000,25.430,255.0,35.000,27.795,255.0,35.000,25.428,255.0
46.1823,14473,74754,35.000,25.015,255.0,35.000,27.920,255.0,35.000,25.375,255.0
46.1823,14474,74759,35.000,24.639,255.0,35.000,27.720,255.0,35.000,25.353,255.0
46.1823,14475,74764,35.000,24.671,255.0,35.000,27.935,255.0,35.000,25.383,255.0
46.1823,14476,74769,35.000,24.676,255.0,35.000,27.765,255.0,35.000,25.394,255.0
46.1823,14477,74774,35.000,24.904,255.0,35.000,28.004,255.0,35.000,25.629,255.0
46.1823,14478,74779,35.000,24.468,255.0,35.000,27.917,255.0,35.000,25.733,255.0
46.1823,14479,74784,35.000,24.226,255.0,35.000,28.046,255.0,35.000,25.670,255.0
46.1823,14480,74789,35.000,23.665,255.0,35.000,28.036,255.0,35.000,25.662,255.0
46.1823,14481,74794,35.000,23.261,255.0,35.000,27.980,255.0,35.000,25.792,255.0
46.1823,14482,74799,35.000,23.115,255.0,35.000,28.026,255.0,35.000,25.834,255.0
46.2384,14483,74804,35.000,23.273,255.0,35.000,27.809,255.0,35.000,25.799,255.0
46.2384,14484,74809,35.000,23.332,255.0,35.000,28.247,255.0,35.000,26.058,255.0
46.2384,14485,74814,35.000,23.302,255.0,35.000,28.034,255.0,35.000,26.029,255.0
46.2384,14486,74819,35.000,23.493,255.0,35.000,28.222,255.0,35.000,26.034,255.0
46.2384,14487,74824,35.000,23.102,255.0,35.000,28.008,255.0,35.000,25.822,255.0
46.2384,14488,74829,35.000,23.067,255.0,35.000,28.140,255.0,35.000,25.959,255.0
46.2384,14489,74834,35.000,23.233,255.0,35.000,28.129,255.0,35.000,25.947,255.0
46.2384,14490,74839,35.000,23.439,255.0,35.000,28.152,255.0,35.000,26.152,255.0
46.2384,14491,74844,35.000,23.452,255.0,35.000,28.163,255.0,35.000,25.983,255.0
46.2384,14492,74849,35.000,23.579,255.0,35.000,28.282,255.0,35.000,26.106,255.0
46.2384,14493,74854,35.000,23.423,255.0,35.000,28.316,255.0,35.000,26.140,255.0
46.2384,14494,74859,35.000,22.680,255.0,35.000,28.288,255.0,35.000,26.114,255.0
46.2384,14495,74864,35.000,22.510,255.0,35.000,28.303,255.0,35.000,26.126,255.0
46.2384,14496,74869,35.000,22.149,255.0,35.000,28.309,255.0,35.000,26.314,255.0
46.2384,14497,74874,35.000,21.747,255.0,35.000,28.436,255.0,35.000,26.444,255.0
46.2384,14498,74879,35.000,21.814,255.0,35.000,28.341,255.0,35.000,26.342,255.0
46.3058,14499,74884,35.000,21.763,255.0,35.000,28.272,255.0,35.000,26.463,255.0
46.3058,14500,74889,35.000,21.754,255.0,35.000,28.445,255.0,35.000,26.455,255.0
46.3058,14501,74894,35.000,21.990,255.0,35.000,28.346,255.0,35.000,26.531,255.0
46.3058,14502,74899,35.000,22.209,255.0,35.000,28.380,255.0,35.000,26.560,255.0
46.3058,14503,74904,35.000,22.508,255.0,35.000,28.494,255.0,35.000,26.679,255.0
46.3058,14504,74909,35.000,23.247,255.0,35.000,28.327,255.0,35.000,26.510,255.0
46.3058,14505,74914,35.000,23.053,255.0,35.000,28.494,255.0,35.000,26.679,255.0
46.3058,14506,74919,35.000,23.078,255.0,35.000,28.344,255.0,35.000,26.526,255.0
46.3644,14507,74924,35.000,23.472,255.0,35.000,28.383,255.0,35.000,26.563,255.0
46.3644,14508,74929,35.000,23.404,255.0,35.000,28.484,255.0,35.000,26.671,255.0
46.3644,14509,74934,35.000,23.311,255.0,35.000,28.413,255.0,35.000,26.591,255.0
46.3644,14510,74939,35.000,23.452,255.0,35.000,28.359,255.0,35.000,26.540,255.0
46.3644,14511,74944,35.000,23.607,255.0,35.000,28.505,255.0,35.000,26.688,255.0
46.3644,14512,74949,35.000,23.071,255.0,35.000,28.342,255.0,35.000,26.525,255.0
46.3644,14513,74954,35.000,22.945,255.0,35.000,28.402,255.0,35.000,26.581,255.0
46.3644,14514,74959,35.000,22.577,255.0,35.000,28.396,255.0,35.000,26.575,255.0
46.3644,14515,74964,35.000,22.727,255.0,35.000,28.351,255.0,35.000,26.532,255.0
46.3644,14516,74969,35.000,23.239,255.0,35.000,28.496,255.0,35.000,26.498,255.0
46.3644,14517,74974,35.000,23.206,255.0,35.000,28.461,255.0,35.000,26.461,255.0
46.3644,14518,74979,35.000,23.482,255.0,35.000,28.391,255.0,35.000,26.388,255.0
46.3644,14519,74984,35.000,23.399,255.0,35.000,28.475,255.0,35.000,26.478,255.0
46.3644,14520,74989,35.000,23.449,255.0,35.000,28.352,255.0,35.000,26.351,255.0
46.3644,14521,74994,35.000,23.417,255.0,35.000,28.317,255.0,35.000,26.318,255.0
46.3644,14522,74999,35.000,23.770,255.0,35.000,28.483,255.0,35.000,26.303,255.0
46.4265,14523,75004,35.000,23.931,255.0,35.000,28.448,255.0,35.000,25.912,255.0
46.4265,14524,75009,35.000,24.130,255.0,35.000,28.473,255.0,35.000,25.751,255.0
46.4265,14525,75014,35.000,24.483,255.0,35.000,28.480,255.0,35.000,25.398,255.0
46.4265,14526,75019,35.000,24.316,255.0,35.000,28.303,255.0,35.000,25.404,255.0
46.4265,14527,75024,35.000,24.550,255.0,35.000,28.191,255.0,35.000,25.109,255.0
46.4265,14528,75029,35.000,24.691,255.0,35.000,28.323,255.0,35.000,25.057,255.0
46.4265,14529,75034,35.000,24.873,255.0,35.000,28.145,255.0,35.000,24.880,255.0
46.4265,14530,75039,35.000,24.863,255.0,35.000,28.316,255.0,35.000,24.871,255.0
46.4887,14531,75044,35.000,24.862,255.0,35.000,28.304,255.0,35.000,24.681,255.0
46.4887,14532,75049,35.000,25.079,255.0,35.000,28.168,255.0,35.000,24.723,255.0
46.4887,14533,75054,35.000,24.916,255.0,35.000,28.201,255.0,35.000,24.931,255.0
46.4887,14534,75059,35.000,25.080,255.0,35.000,28.357,255.0,35.000,25.091,255.0
46.4887,14535,75064,35.000,24.938,255.0,35.000,28.211,255.0,35.000,25.120,255.0
46.4887,14536,75069,35.000,25.249,255.0,35.000,28.341,255.0,35.000,25.251,255.0
46.4887,14537,75074,35.000,25.072,255.0,35.000,28.525,255.0,35.000,25.437,255.0
46.4887,14538,75079,35.000,24.880,255.0,35.000,28.152,255.0,35.000,25.429,255.0
46.4887,14539,75084,35.000,24.882,255.0,35.000,28.325,255.0,35.000,25.422,255.0
46.4887,14540,75089,35.000,24.872,255.0,35.000,28.321,255.0,35.000,25.417,255.0
46.4887,14541,75094,35.000,24.738,255.0,35.000,28.204,255.0,35.000,25.476,255.0
46.4887,14542,75099,35.000,24.642,255.0,35.000,28.267,255.0,35.000,25.546,255.0
46.4887,14543,75104,35.000,25.032,255.0,35.000,28.299,255.0,35.000,25.574,255.0
46.4887,14544,75109,35.000,24.655,255.0,35.000,28.280,255.0,35.000,25.735,255.0
46.4887,14545,75114,35.000,24.669,255.0,35.000,28.295,255.0,35.000,25.934,255.0
46.4887,14546,75119,35.000,24.120,255.0,35.000,28.277,255.0,35.000,25.918,255.0
46.5559,14547,75124,35.000,24.333,255.0,35.000,28.308,255.0,35.000,25.945,255.0
46.5559,14548,75129,35.000,23.782,255.0,35.000,28.488,255.0,35.000,25.943,255.0
46.5559,14549,75134,35.000,23.752,255.0,35.000,28.462,255.0,35.000,26.099,255.0
46.5559,14550,75139,35.000,23.982,255.0,35.000,28.510,255.0,35.000,26.142,255.0
46.5559,14551,75144,35.000,23.972,255.0,35.000,28.499,255.0,35.000,26.313,255.0
46.5559,14552,75149,35.000,23.665,255.0,35.000,28.567,255.0,35.000,26.195,255.0
46.5559,14553,75154,35.000,23.466,255.0,35.000,28.543,255.0,35.000,26.356,255.0
46.5559,14554,75159,35.000,23.962,255.0,35.000,28.495,255.0,35.000,26.313,255.0
46.6154,14555,75164,35.000,23.767,255.0,35.000,28.472,255.0,35.000,26.289,255.0
46.6154,14556,75169,35.000,23.971,255.0,35.000,28.513,255.0,35.000,26.330,255.0
46.6154,14557,75174,35.000,23.971,255.0,35.000,28.335,255.0,35.000,26.149,255.0
46.6154,14558,75179,35.000,24.668,255.0,35.000,28.475,255.0,35.000,26.291,255.0
46.6154,14559,75184,35.000,24.365,255.0,35.000,28.548,255.0,35.000,26.176,255.0
46.6154,14560,75189,35.000,24.306,255.0,35.000,28.480,255.0,35.000,26.297,255.0
46.6154,14561,75194,35.000,24.512,255.0,35.000,28.508,255.0,35.000,26.141,255.0
46.6154,14562,75199,35.000,24.694,255.0,35.000,28.505,255.0,35.000,26.138,255.0
46.6154,14563,75204,35.000,24.812,255.0,35.000,28.434,255.0,35.000,26.071,255.0
46.6154,14564,75209,35.000,24.717,255.0,35.000,28.356,255.0,35.000,25.988,255.0
46.6154,14565,75214,35.000,24.912,255.0,35.000,28.562,255.0,35.000,26.192,255.0
46.6154,14566,75219,35.000,24.905,255.0,35.000,28.547,255.0,35.000,25.997,255.0
46.6154,14567,75224,35.000,24.841,255.0,35.000,28.646,255.0,35.000,26.286,255.0
46.6154,14568,75229,35.000,24.905,255.0,35.000,28.548,255.0,35.000,26.183,255.0
46.6154,14569,75234,35.000,25.218,255.0,35.000,28.482,255.0,35.000,26.126,255.0
46.6154,14570,75239,35.000,25.096,255.0,35.000,28.374,255.0,35.000,26.012,255.0
46.6743,14571,75244,35.000,25.021,255.0,35.000,28.461,255.0,35.000,26.105,255.0
46.6743,14572,75249,35.000,24.845,255.0,35.000,28.479,255.0,35.000,26.122,255.0
46.6743,14573,75254,35.000,24.696,255.0,35.000,28.514,255.0,35.000,26.152,255.0
46.6743,14574,75259,35.000,24.701,255.0,35.000,28.509,255.0,35.000,26.147,255.0
46.6743,14575,75264,35.000,24.680,255.0,35.000,28.492,255.0,35.000,25.951,255.0
46.6743,14576,75269,35.000,24.343,255.0,35.000,28.524,255.0,35.000,25.979,255.0
46.6743,14577,75274,35.000,24.477,255.0,35.000,28.486,255.0,35.000,25.944,255.0
46.6743,14578,75279,35.000,24.310,255.0,35.000,28.496,255.0,35.000,25.952,255.0
46.7233,14579,75284,35.000,24.132,255.0,35.000,28.490,255.0,35.000,25.948,255.0
46.7233,14580,75289,35.000,23.941,255.0,35.000,28.486,255.0,35.000,26.127,255.0
46.7233,14581,75294,35.000,23.829,255.0,35.000,28.581,255.0,35.000,26.034,255.0
46.7233,14582,75299,35.000,23.801,255.0,35.000,28.534,255.0,35.000,25.993,255.0
46.7233,14583,75304,35.000,23.961,255.0,35.000,28.517,255.0,35.000,25.979,255.0
46.7233,14584,75309,35.000,24.105,255.0,35.000,28.478,255.0,35.000,25.940,255.0
46.7233,14585,75314,35.000,24.106,255.0,35.000,28.471,255.0,35.000,26.116,255.0
46.7233,14586,75319,35.000,24.498,255.0,35.000,28.501,255.0,35.000,26.142,255.0
46.7233,14587,75324,35.000,24.403,255.0,35.000,28.405,255.0,35.000,26.041,255.0
46.7233,14588,75329,35.000,24.549,255.0,35.000,28.553,255.0,35.000,26.191,255.0
46.7233,14589,75334,35.000,24.555,255.0,35.000,28.569,255.0,35.000,26.206,255.0
46.7233,14590,75339,35.000,24.541,255.0,35.000,28.547,255.0,35.000,26.185,255.0
46.7233,14591,75344,35.000,24.821,255.0,35.000,28.447,255.0,35.000,26.272,255.0
46.7233,14592,75349,35.000,25.055,255.0,35.000,28.516,255.0,35.000,26.331,255.0
46.7233,14593,75354,35.000,25.047,255.0,35.000,28.508,255.0,35.000,26.326,255.0
46.7233,14594,75359,35.000,25.097,255.0,35.000,28.561,255.0,35.000,26.380,255.0
46.7899,14595,75364,35.000,24.567,255.0,35.000,28.567,255.0,35.000,26.381,255.0
46.7899,14596,75369,35.000,24.453,255.0,35.000,28.449,255.0,35.000,26.454,255.0
46.7899,14597,75374,35.000,24.135,255.0,35.000,28.520,255.0,35.000,26.522,255.0
46.7899,14598,75379,35.000,24.061,255.0,35.000,28.427,255.0,35.000,26.435,255.0
46.7899,14599,75384,35.000,23.774,255.0,35.000,28.533,255.0,35.000,26.527,255.0
46.7899,14600,75389,35.000,24.052,255.0,35.000,28.615,255.0,35.000,26.432,255.0
46.7899,14601,75394,35.000,23.791,255.0,35.000,28.549,255.0,35.000,26.361,255.0
46.7899,14602,75399,35.000,23.734,255.0,35.000,28.476,255.0,35.000,26.478,255.0
46.8451,14603,75404,35.000,23.597,255.0,35.000,28.514,255.0,35.000,26.511,255.0
46.8451,14604,75409,35.000,23.569,255.0,35.000,28.492,255.0,35.000,26.490,255.0
46.8451,14605,75414,35.000,24.095,255.0,35.000,28.484,255.0,35.000,26.483,255.0
46.8451,14606,75419,35.000,24.017,255.0,35.000,28.588,255.0,35.000,26.397,255.0
46.8451,14607,75424,35.000,23.952,255.0,35.000,28.505,255.0,35.000,26.501,255.0
46.8451,14608,75429,35.000,23.607,255.0,35.000,28.337,255.0,35.000,26.510,255.0
46.8451,14609,75434,35.000,23.749,255.0,35.000,28.278,255.0,35.000,26.458,255.0
46.8451,14610,75439,35.000,23.625,255.0,35.000,28.343,255.0,35.000,26.515,255.0
46.8451,14611,75444,35.000,23.248,255.0,35.000,28.329,255.0,35.000,26.503,255.0
46.8451,14612,75449,35.000,23.249,255.0,35.000,28.338,255.0,35.000,26.334,255.0
46.8451,14613,75454,35.000,22.722,255.0,35.000,28.189,255.0,35.000,26.361,255.0
46.8451,14614,75459,35.000,22.344,255.0,35.000,28.344,255.0,35.000,26.340,255.0
46.8451,14615,75464,35.000,21.999,255.0,35.000,28.369,255.0,35.000,26.360,255.0
46.8451,14616,75469,35.000,21.978,255.0,35.000,28.165,255.0,35.000,26.344,255.0
46.8451,14617,75474,35.000,21.919,255.0,35.000,28.264,255.0,35.000,26.266,255.0
46.8451,14618,75479,35.000,22.172,255.0,35.000,28.535,255.0,35.000,26.169,255.0
46.8978,14619,75484,35.000,22.339,255.0,35.000,28.507,255.0,35.000,26.146,255.0
46.8978,14620,75489,35.000,22.179,255.0,35.000,28.359,255.0,35.000,26.179,255.0
46.8978,14621,75494,35.000,21.790,255.0,35.000,28.517,255.0,35.000,26.157,255.0
46.8978,14622,75499,35.000,21.806,255.0,35.000,28.346,255.0,35.000,26.165,255.0
46.8978,14623,75504,35.000,22.177,255.0,35.000,28.538,255.0,35.000,25.995,255.0
46.8978,14624,75509,35.000,22.501,255.0,35.000,28.493,255.0,35.000,26.130,255.0
46.8978,14625,75514,35.000,22.872,255.0,35.000,28.315,255.0,35.000,25.956,255.0
46.8978,14626,75519,35.000,23.014,255.0,35.000,28.452,255.0,35.000,25.911,255.0
46.9642,14627,75524,35.000,23.418,255.0,35.000,28.502,255.0,35.000,25.961,255.0
46.9642,14628,75529,35.000,23.640,255.0,35.000,28.368,255.0,35.000,26.008,255.0
46.9642,14629,75534,35.000,23.793,255.0,35.000,28.346,255.0,35.000,25.987,255.0
46.9642,14630,75539,35.000,24.131,255.0,35.000,28.485,255.0,35.000,25.949,255.0
46.9642,14631,75544,35.000,25.057,255.0,35.000,28.319,255.0,35.000,25.964,255.0
46.9642,14632,75549,35.000,25.085,255.0,35.000,28.535,255.0,35.000,25.991,255.0
46.9642,14633,75554,35.000,25.056,255.0,35.000,28.499,255.0,35.000,26.141,255.0
46.9642,14634,75559,35.000,25.109,255.0,35.000,28.377,255.0,35.000,26.014,255.0
46.9642,14635,75564,35.000,25.060,255.0,35.000,28.497,255.0,35.000,26.139,255.0
46.9642,14636,75569,35.000,24.687,255.0,35.000,28.485,255.0,35.000,26.310,255.0
46.9642,14637,75574,35.000,24.709,255.0,35.000,28.519,255.0,35.000,26.157,255.0
46.9642,14638,75579,35.000,24.491,255.0,35.000,28.473,255.0,35.000,26.298,255.0
46.9642,14639,75584,35.000,24.697,255.0,35.000,28.501,255.0,35.000,26.320,255.0
46.9642,14640,75589,35.000,24.690,255.0,35.000,28.496,255.0,35.000,26.315,255.0
46.9642,14641,75594,35.000,24.900,255.0,35.000,28.520,255.0,35.000,26.340,255.0
46.9642,14642,75599,35.000,24.685,255.0,35.000,28.478,255.0,35.000,26.484,255.0
47.0184,14643,75604,35.000,25.006,255.0,35.000,28.418,255.0,35.000,26.427,255.0
47.0184,14644,75609,35.000,24.884,255.0,35.000,28.506,255.0,35.000,26.513,255.0
47.0184,14645,75614,35.000,24.704,255.0,35.000,28.510,255.0,35.000,26.514,255.0
47.0184,14646,75619,35.000,24.942,255.0,35.000,28.576,255.0,35.000,26.393,255.0
47.0184,14647,75624,35.000,24.900,255.0,35.000,28.353,255.0,35.000,26.528,255.0
47.0184,14648,75629,35.000,24.908,255.0,35.000,28.546,255.0,35.000,26.359,255.0
47.0184,14649,75634,35.000,24.563,255.0,35.000,28.563,255.0,35.000,26.558,255.0
47.0184,14650,75639,35.000,24.518,255.0,35.000,28.516,255.0,35.000,26.515,255.0
47.0810,14651,75644,35.000,24.108,255.0,35.000,28.460,255.0,35.000,26.459,255.0
47.0810,14652,75649,35.000,24.157,255.0,35.000,28.536,255.0,35.000,26.531,255.0
47.0810,14653,75654,35.000,23.800,255.0,35.000,28.550,255.0,35.000,26.545,255.0
47.0810,14654,75659,35.000,23.954,255.0,35.000,28.499,255.0,35.000,26.496,255.0
47.0810,14655,75664,35.000,23.978,255.0,35.000,28.532,255.0,35.000,26.527,255.0
47.0810,14656,75669,35.000,24.135,255.0,35.000,28.321,255.0,35.000,26.497,255.0
47.0810,14657,75674,35.000,24.191,255.0,35.000,28.562,255.0,35.000,26.564,255.0
47.0810,14658,75679,35.000,24.320,255.0,35.000,28.498,255.0,35.000,26.503,255.0
47.0810,14659,75684,35.000,24.103,255.0,35.000,28.446,255.0,35.000,26.454,255.0
47.0810,14660,75689,35.000,24.212,255.0,35.000,28.395,255.0,35.000,26.395,255.0
47.0810,14661,75694,35.000,24.165,255.0,35.000,28.526,255.0,35.000,26.349,255.0
47.0810,14662,75699,35.000,24.691,255.0,35.000,28.478,255.0,35.000,26.305,255.0
47.0810,14663,75704,35.000,24.384,255.0,35.000,28.375,255.0,35.000,26.198,255.0
47.0810,14664,75709,35.000,24.346,255.0,35.000,28.514,255.0,35.000,26.158,255.0
47.0810,14665,75714,35.000,24.476,255.0,35.000,28.453,255.0,35.000,26.101,255.0
47.0810,14666,75719,35.000,24.534,255.0,35.000,28.517,255.0,35.000,26.163,255.0
47.1444,14667,75724,35.000,24.706,255.0,35.000,28.493,255.0,35.000,25.955,255.0
47.1444,14668,75729,35.000,24.659,255.0,35.000,28.451,255.0,35.000,26.097,255.0
47.1444,14669,75734,35.000,24.918,255.0,35.000,28.184,255.0,35.000,26.008,255.0
47.1444,14670,75739,35.000,24.847,255.0,35.000,28.281,255.0,35.000,25.750,255.0
47.1444,14671,75744,35.000,25.075,255.0,35.000,28.155,255.0,35.000,25.983,255.0
47.1444,14672,75749,35.000,24.716,255.0,35.000,27.987,255.0,35.000,25.813,255.0
47.1444,14673,75754,35.000,25.209,255.0,35.000,28.102,255.0,35.000,25.751,255.0
47.1444,14674,75759,35.000,25.401,255.0,35.000,28.109,255.0,35.000,25.941,255.0
47.2071,14675,75764,35.000,25.441,255.0,35.000,28.146,255.0,35.000,25.796,255.0
47.2071,14676,75769,35.000,25.206,255.0,35.000,28.099,255.0,35.000,25.750,255.0
47.2071,14677,75774,35.000,25.060,255.0,35.000,28.152,255.0,35.000,25.800,255.0
47.2071,14678,75779,35.000,25.110,255.0,35.000,28.019,255.0,35.000,25.837,255.0
47.2071,14679,75784,35.000,25.407,255.0,35.000,28.314,255.0,35.000,25.955,255.0
47.2071,14680,75789,35.000,25.412,255.0,35.000,28.314,255.0,35.000,26.138,255.0
47.2071,14681,75794,35.000,25.641,255.0,35.000,28.363,255.0,35.000,26.002,255.0
47.2071,14682,75799,35.000,25.618,255.0,35.000,28.518,255.0,35.000,26.158,255.0
47.2071,14683,75804,35.000,25.603,255.0,35.000,28.490,255.0,35.000,26.313,255.0
47.2071,14684,75809,35.000,25.449,255.0,35.000,28.531,255.0,35.000,26.164,255.0
47.2071,14685,75814,35.000,25.276,255.0,35.000,28.377,255.0,35.000,25.823,255.0
47.2071,14686,75819,35.000,25.609,255.0,35.000,28.514,255.0,35.000,25.606,255.0
47.2071,14687,75824,35.000,25.419,255.0,35.000,28.503,255.0,35.000,25.596,255.0
47.2071,14688,75829,35.000,25.031,255.0,35.000,28.645,255.0,35.000,25.388,255.0
47.2071,14689,75834,35.000,24.884,255.0,35.000,28.506,255.0,35.000,25.059,255.0
47.2071,14690,75839,35.000,24.926,255.0,35.000,28.556,255.0,35.000,25.100,255.0
47.2706,14691,75844,35.000,24.661,255.0,35.000,28.633,255.0,35.000,25.185,255.0
47.2706,14692,75849,35.000,24.441,255.0,35.000,28.415,255.0,35.000,24.964,255.0
47.2706,14693,75854,35.000,24.586,255.0,35.000,28.591,255.0,35.000,24.947,255.0
47.2706,14694,75859,35.000,24.535,255.0,35.000,28.350,255.0,35.000,24.894,255.0
47.2706,14695,75864,35.000,24.177,255.0,35.000,28.533,255.0,35.000,25.259,255.0
47.2706,14696,75869,35.000,23.814,255.0,35.000,28.524,255.0,35.000,25.609,255.0
47.2706,14697,75874,35.000,23.586,255.0,35.000,28.470,255.0,35.000,25.562,255.0
47.2706,14698,75879,35.000,23.858,255.0,35.000,28.404,255.0,35.000,25.666,255.0
47.3321,14699,75884,35.000,23.827,255.0,35.000,28.539,255.0,35.000,25.807,255.0
47.3321,14700,75889,35.000,23.085,255.0,35.000,28.347,255.0,35.000,25.982,255.0
47.3321,14701,75894,35.000,23.239,255.0,35.000,27.625,255.0,35.000,25.795,255.0
47.3321,14702,75899,35.000,23.643,255.0,35.000,27.665,255.0,35.000,25.834,255.0
47.3321,14703,75904,35.000,23.726,255.0,35.000,27.189,255.0,35.000,25.911,255.0
47.3321,14704,75909,35.000,23.410,255.0,35.000,27.242,255.0,35.000,25.961,255.0
47.3321,14705,75914,35.000,24.090,255.0,35.000,27.013,255.0,35.000,25.916,255.0
47.3321,14706,75919,35.000,24.341,255.0,35.000,26.916,255.0,35.000,25.817,255.0
47.3321,14707,75924,35.000,24.489,255.0,35.000,26.688,255.0,35.000,25.948,255.0
47.3321,14708,75929,35.000,24.313,255.0,35.000,26.519,255.0,35.000,25.778,255.0
47.3321,14709,75934,35.000,24.094,255.0,35.000,26.482,255.0,35.000,25.924,255.0
47.3321,14710,75939,35.000,24.830,255.0,35.000,26.486,255.0,35.000,25.745,255.0
47.3321,14711,75944,35.000,24.352,255.0,35.000,27.082,255.0,35.000,25.803,255.0
47.3321,14712,75949,35.000,24.186,255.0,35.000,26.920,255.0,35.000,25.826,255.0
47.3321,14713,75954,35.000,24.004,255.0,35.000,26.740,255.0,35.000,25.638,255.0
47.3329,14714,75959,35.000,24.469,255.0,35.000,26.652,255.0,35.000,25.740,255.0
47.3948,14715,75964,35.000,24.349,255.0,35.000,26.525,255.0,35.000,25.793,255.0
47.3948,14716,75969,35.000,24.321,255.0,35.000,26.135,255.0,35.000,25.769,255.0
47.3948,14717,75974,35.000,24.556,255.0,35.000,26.204,255.0,35.000,25.656,255.0
47.3948,14718,75979,35.000,24.696,255.0,35.000,26.149,255.0,35.000,25.787,255.0
47.3948,14719,75984,35.000,24.710,255.0,35.000,25.985,255.0,35.000,25.443,255.0
47.3948,14720,75989,35.000,24.730,255.0,35.000,26.005,255.0,35.000,25.276,255.0
47.3948,14721,75994,35.000,25.047,255.0,35.000,25.957,255.0,35.000,25.232,255.0
47.3948,14722,75999,35.000,25.030,255.0,35.000,26.117,255.0,35.000,25.210,255.0
47.4563,14723,76004,35.000,24.835,255.0,35.000,26.454,255.0,35.000,25.193,255.0
47.4563,14724,76009,35.000,24.739,255.0,35.000,26.552,255.0,35.000,24.915,255.0
47.4563,14725,76014,35.000,24.548,255.0,35.000,26.733,255.0,35.000,24.913,255.0
47.4563,14726,76019,35.000,24.148,255.0,35.000,27.219,255.0,35.000,25.036,255.0
47.4563,14727,76024,35.000,24.298,255.0,35.000,27.191,255.0,35.000,25.011,255.0
47.4563,14728,76029,35.000,23.975,255.0,35.000,27.432,255.0,35.000,25.061,255.0
47.4563,14729,76034,35.000,24.486,255.0,35.000,27.582,255.0,35.000,25.219,255.0
47.4563,14730,76039,35.000,24.291,255.0,35.000,27.570,255.0,35.000,25.393,255.0
47.4563,14731,76044,35.000,24.315,255.0,35.000,27.588,255.0,35.000,25.405,255.0
47.4563,14732,76049,35.000,24.521,255.0,35.000,27.808,255.0,35.000,25.443,255.0
47.4563,14733,76054,35.000,24.522,255.0,35.000,27.816,255.0,35.000,25.622,255.0
47.4563,14734,76059,35.000,24.514,255.0,35.000,27.982,255.0,35.000,25.798,255.0
47.4563,14735,76064,35.000,24.691,255.0,35.000,27.979,255.0,35.000,25.792,255.0
47.4563,14736,76069,35.000,25.262,255.0,35.000,28.020,255.0,35.000,25.654,255.0
47.4563,14737,76074,35.000,24.912,255.0,35.000,28.027,255.0,35.000,25.659,255.0
47.4563,14738,76079,35.000,25.402,255.0,35.000,28.134,255.0,35.000,25.776,255.0
47.5209,14739,76084,35.000,25.104,255.0,35.000,28.012,255.0,35.000,25.820,255.0
47.5209,14740,76089,35.000,25.256,255.0,35.000,28.163,255.0,35.000,25.976,255.0
47.5209,14741,76094,35.000,25.271,255.0,35.000,28.373,255.0,35.000,26.007,255.0
47.5209,14742,76099,35.000,25.045,255.0,35.000,28.129,255.0,35.000,25.946,255.0
47.5209,14743,76104,35.000,25.246,255.0,35.000,28.153,255.0,35.000,25.979,255.0
47.5209,14744,76109,35.000,24.855,255.0,35.000,28.124,255.0,35.000,25.945,255.0
47.5209,14745,76114,35.000,24.653,255.0,35.000,28.100,255.0,35.000,26.104,255.0
47.5209,14746,76119,35.000,23.937,255.0,35.000,28.113,255.0,35.000,26.115,255.0
47.5209,14747,76124,35.000,23.957,255.0,35.000,28.305,255.0,35.000,26.304,255.0
47.5209,14748,76129,35.000,23.424,255.0,35.000,28.152,255.0,35.000,26.151,255.0
47.5209,14749,76134,35.000,23.030,255.0,35.000,28.300,255.0,35.000,26.301,255.0
47.5209,14750,76139,35.000,22.896,255.0,35.000,28.170,255.0,35.000,26.168,255.0
47.5209,14751,76144,35.000,22.679,255.0,35.000,28.122,255.0,35.000,26.299,255.0
47.5209,14752,76149,35.000,22.547,255.0,35.000,28.364,255.0,35.000,26.359,255.0
47.5209,14753,76154,35.000,21.970,255.0,35.000,28.497,255.0,35.000,26.311,255.0
47.5209,14754,76159,35.000,21.994,255.0,35.000,28.347,255.0,35.000,26.343,255.0
47.5827,14755,76164,35.000,21.628,255.0,35.000,28.500,255.0,35.000,26.139,255.0
47.5827,14756,76169,35.000,22.132,255.0,35.000,28.473,255.0,35.000,26.295,255.0
47.5827,14757,76174,35.000,21.962,255.0,35.000,28.319,255.0,35.000,26.140,255.0
47.5827,14758,76179,35.000,22.147,255.0,35.000,28.491,255.0,35.000,26.130,255.0
47.5827,14759,76184,35.000,22.016,255.0,35.000,28.378,255.0,35.000,26.017,255.0
47.5827,14760,76189,35.000,22.159,255.0,35.000,28.511,255.0,35.000,26.149,255.0
47.5827,14761,76194,35.000,22.160,255.0,35.000,28.511,255.0,35.000,25.975,255.0
47.5827,14762,76199,35.000,22.323,255.0,35.000,28.672,255.0,35.000,25.949,255.0
47.6437,14763,76204,35.000,22.727,255.0,35.000,28.543,255.0,35.000,25.639,255.0
47.6437,14764,76209,35.000,22.846,255.0,35.000,28.654,255.0,35.000,25.391,255.0
47.6437,14765,76214,35.000,22.869,255.0,35.000,28.708,255.0,35.000,25.260,255.0
47.6437,14766,76219,35.000,22.551,255.0,35.000,28.559,255.0,35.000,24.924,255.0
47.6437,14767,76224,35.000,22.142,255.0,35.000,28.669,255.0,35.000,24.861,255.0
47.6437,14768,76229,35.000,22.305,255.0,35.000,28.650,255.0,35.000,24.479,255.0
47.6437,14769,76234,35.000,22.319,255.0,35.000,28.670,255.0,35.000,24.498,255.0
47.6437,14770,76239,35.000,21.736,255.0,35.000,28.618,255.0,35.000,24.272,255.0
47.6444,14771,76244,35.000,21.628,255.0,35.000,28.705,255.0,35.000,24.348,255.0
47.6444,14772,76249,35.000,21.069,255.0,35.000,28.325,255.0,35.000,24.336,255.0
47.6444,14773,76254,35.000,21.259,255.0,35.000,28.523,255.0,35.000,24.532,255.0
47.6444,14774,76259,35.000,21.428,255.0,35.000,28.507,255.0,35.000,24.697,255.0
47.6444,14775,76264,35.000,21.625,255.0,35.000,28.343,255.0,35.000,24.896,255.0
47.6444,14776,76269,35.000,21.806,255.0,35.000,28.524,255.0,35.000,25.077,255.0
47.6444,14777,76274,35.000,22.375,255.0,35.000,28.568,255.0,35.000,25.116,255.0
47.6444,14778,76279,35.000,22.508,255.0,35.000,28.509,255.0,35.000,25.427,255.0
47.7054,14779,76284,35.000,22.853,255.0,35.000,28.469,255.0,35.000,25.390,255.0
47.7054,14780,76289,35.000,22.911,255.0,35.000,28.561,255.0,35.000,25.470,255.0
47.7054,14781,76294,35.000,23.068,255.0,35.000,28.358,255.0,35.000,25.453,255.0
47.7054,14782,76299,35.000,23.559,255.0,35.000,28.466,255.0,35.000,25.565,255.0
47.7054,14783,76304,35.000,23.562,255.0,35.000,28.469,255.0,35.000,25.566,255.0
47.7054,14784,76309,35.000,23.273,255.0,35.000,28.373,255.0,35.000,25.647,255.0
47.7054,14785,76314,35.000,23.615,255.0,35.000,28.524,255.0,35.000,25.798,255.0
47.7054,14786,76319,35.000,23.568,255.0,35.000,28.469,255.0,35.000,25.749,255.0
47.7657,14787,76324,35.000,23.742,255.0,35.000,28.450,255.0,35.000,25.915,255.0
47.7657,14788,76329,35.000,23.466,255.0,35.000,28.382,255.0,35.000,26.017,255.0
47.7657,14789,76334,35.000,23.458,255.0,35.000,28.565,255.0,35.000,26.017,255.0
47.7657,14790,76339,35.000,23.942,255.0,35.000,28.481,255.0,35.000,26.121,255.0
47.7657,14791,76344,35.000,23.971,255.0,35.000,28.511,255.0,35.000,26.151,255.0
47.7657,14792,76349,35.000,23.996,255.0,35.000,28.537,255.0,35.000,26.175,255.0
47.7657,14793,76354,35.000,23.795,255.0,35.000,28.518,255.0,35.000,26.161,255.0
47.7657,14794,76359,35.000,23.609,255.0,35.000,28.518,255.0,35.000,26.158,255.0
47.7657,14795,76364,35.000,23.583,255.0,35.000,28.483,255.0,35.000,26.125,255.0
47.7657,14796,76369,35.000,23.814,255.0,35.000,28.365,255.0,35.000,26.181,255.0
47.7657,14797,76374,35.000,23.457,255.0,35.000,28.382,255.0,35.000,26.199,255.0
47.7657,14798,76379,35.000,23.805,255.0,35.000,28.532,255.0,35.000,26.168,255.0
47.7657,14799,76384,35.000,23.748,255.0,35.000,28.462,255.0,35.000,26.282,255.0
47.7657,14800,76389,35.000,23.601,255.0,35.000,28.318,255.0,35.000,26.316,255.0
47.7657,14801,76394,35.000,23.205,255.0,35.000,28.465,255.0,35.000,26.286,255.0
47.7657,14802,76399,35.000,23.234,255.0,35.000,28.511,255.0,35.000,26.147,255.0
47.8300,14803,76404,35.000,23.247,255.0,35.000,28.326,255.0,35.000,26.326,255.0
47.8310,14804,76409,35.000,23.776,255.0,35.000,28.495,255.0,35.000,26.312,255.0
47.8310,14805,76414,35.000,23.591,255.0,35.000,28.497,255.0,35.000,26.133,255.0
47.8310,14806,76419,35.000,23.570,255.0,35.000,28.646,255.0,35.000,26.290,255.0
47.8310,14807,76424,35.000,23.982,255.0,35.000,28.519,255.0,35.000,26.154,255.0
47.8310,14808,76429,35.000,23.946,255.0,35.000,28.478,255.0,35.000,26.119,255.0
47.8310,14809,76434,35.000,23.788,255.0,35.000,28.501,255.0,35.000,26.143,255.0
47.8310,14810,76439,35.000,24.002,255.0,35.000,28.541,255.0,35.000,26.001,255.0
47.8896,14811,76444,35.000,24.377,255.0,35.000,28.362,255.0,35.000,26.000,255.0
47.8896,14812,76449,35.000,24.561,255.0,35.000,28.005,255.0,35.000,26.006,255.0
47.8896,14813,76454,35.000,24.715,255.0,35.000,27.987,255.0,35.000,25.988,255.0
47.8896,14814,76459,35.000,24.680,255.0,35.000,27.754,255.0,35.000,25.942,255.0
47.8896,14815,76464,35.000,24.515,255.0,35.000,27.586,255.0,35.000,25.955,255.0
47.8896,14816,76469,35.000,24.559,255.0,35.000,27.276,255.0,35.000,25.824,255.0
47.8896,14817,76474,35.000,24.509,255.0,35.000,27.218,255.0,35.000,25.769,255.0
47.8896,14818,76479,35.000,24.495,255.0,35.000,27.023,255.0,35.000,25.572,255.0
47.8896,14819,76484,35.000,24.923,255.0,35.000,26.914,255.0,35.000,25.279,255.0
47.8896,14820,76489,35.000,25.093,255.0,35.000,26.907,255.0,35.000,25.089,255.0
47.8896,14821,76494,35.000,25.374,255.0,35.000,27.000,255.0,35.000,25.010,255.0
47.8896,14822,76499,35.000,25.382,255.0,35.000,27.189,255.0,35.000,24.835,255.0
47.8896,14823,76504,35.000,24.676,255.0,35.000,27.029,255.0,35.000,24.674,255.0
47.8896,14824,76509,35.000,24.351,255.0,35.000,27.256,255.0,35.000,24.715,255.0
47.8896,14825,76514,35.000,24.376,255.0,35.000,27.106,255.0,35.000,24.745,255.0
47.8896,14826,76519,35.000,24.097,255.0,35.000,27.357,255.0,35.000,24.641,255.0
47.9372,14827,76524,35.000,23.612,255.0,35.000,27.431,255.0,35.000,24.712,255.0
47.9372,14828,76529,35.000,23.204,255.0,35.000,27.552,255.0,35.000,24.843,255.0
47.9372,14829,76534,35.000,22.515,255.0,35.000,27.623,255.0,35.000,25.090,255.0
47.9372,14830,76539,35.000,22.269,255.0,35.000,27.551,255.0,35.000,25.382,255.0
47.9372,14831,76544,35.000,21.621,255.0,35.000,27.651,255.0,35.000,25.472,255.0
47.9372,14832,76549,35.000,21.577,255.0,35.000,27.599,255.0,35.000,25.604,255.0
47.9372,14833,76554,35.000,21.784,255.0,35.000,27.998,255.0,35.000,25.453,255.0
47.9372,14834,76559,35.000,21.933,255.0,35.000,27.777,255.0,35.000,25.418,255.0
48.0007,14835,76564,35.000,21.710,255.0,35.000,28.079,255.0,35.000,25.542,255.0
48.0007,14836,76569,35.000,21.839,255.0,35.000,28.054,255.0,35.000,25.684,255.0
48.0007,14837,76574,35.000,21.962,255.0,35.000,28.166,255.0,35.000,25.615,255.0
48.0007,14838,76579,35.000,22.035,255.0,35.000,28.074,255.0,35.000,25.698,255.0
48.0007,14839,76584,35.000,22.471,255.0,35.000,28.108,255.0,35.000,25.740,255.0
48.0007,14840,76589,35.000,22.133,255.0,35.000,28.308,255.0,35.000,25.583,255.0
48.0007,14841,76594,35.000,22.336,255.0,35.000,28.146,255.0,35.000,25.601,255.0
48.0007,14842,76599,35.000,22.359,255.0,35.000,28.351,255.0,35.000,25.626,255.0
48.0611,14843,76604,35.000,22.669,255.0,35.000,28.271,255.0,35.000,25.558,255.0
48.0611,14844,76609,35.000,22.503,255.0,35.000,28.296,255.0,35.000,25.399,255.0
48.0611,14845,76614,35.000,22.539,255.0,35.000,28.359,255.0,35.000,25.273,255.0
48.0611,14846,76619,35.000,22.502,255.0,35.000,28.308,255.0,35.000,25.044,255.0
48.0611,14847,76624,35.000,22.652,255.0,35.000,28.267,255.0,35.000,25.012,255.0
48.0611,14848,76629,35.000,22.649,255.0,35.000,28.445,255.0,35.000,25.005,255.0
48.0611,14849,76634,35.000,22.715,255.0,35.000,28.343,255.0,35.000,24.899,255.0
48.0611,14850,76639,35.000,22.895,255.0,35.000,28.343,255.0,35.000,24.896,255.0
48.0611,14851,76644,35.000,22.855,255.0,35.000,28.455,255.0,35.000,24.835,255.0
48.0611,14852,76649,35.000,22.694,255.0,35.000,28.317,255.0,35.000,24.874,255.0
48.0611,14853,76654,35.000,23.056,255.0,35.000,28.147,255.0,35.000,25.062,255.0
48.0611,14854,76659,35.000,22.901,255.0,35.000,27.995,255.0,35.000,25.274,255.0
48.0611,14855,76664,35.000,23.443,255.0,35.000,27.260,255.0,35.000,25.088,255.0
48.0611,14856,76669,35.000,23.061,255.0,35.000,27.058,255.0,35.000,25.069,255.0
48.0611,14857,76674,35.000,23.234,255.0,35.000,26.875,255.0,35.000,24.884,255.0
48.0611,14858,76679,35.000,23.645,255.0,35.000,26.374,255.0,35.000,24.748,255.0
48.1295,14859,76684,35.000,23.582,255.0,35.000,26.295,255.0,35.000,24.493,255.0
48.1295,14860,76689,35.000,23.796,255.0,35.000,26.156,255.0,35.000,24.536,255.0
48.1295,14861,76694,35.000,23.776,255.0,35.000,25.971,255.0,35.000,24.350,255.0
48.1295,14862,76699,35.000,23.601,255.0,35.000,25.963,255.0,35.000,24.342,255.0
48.1295,14863,76704,35.000,23.430,255.0,35.000,25.969,255.0,35.000,24.347,255.0
48.1295,14864,76709,35.000,23.629,255.0,35.000,26.173,255.0,35.000,24.365,255.0
48.1295,14865,76714,35.000,23.572,255.0,35.000,26.658,255.0,35.000,24.491,255.0
48.1295,14866,76719,35.000,23.948,255.0,35.000,26.855,255.0,35.000,24.685,255.0
48.1295,14867,76724,35.000,23.977,255.0,35.000,27.042,255.0,35.000,24.875,255.0
48.1295,14868,76729,35.000,23.946,255.0,35.000,27.404,255.0,35.000,25.051,255.0
48.1295,14869,76734,35.000,23.820,255.0,35.000,27.472,255.0,35.000,25.293,255.0
48.1295,14870,76739,35.000,23.779,255.0,35.000,27.248,255.0,35.000,25.248,255.0
48.1295,14871,76744,35.000,24.174,255.0,35.000,26.551,255.0,35.000,25.463,255.0
48.1295,14872,76749,35.000,24.664,255.0,35.000,25.951,255.0,35.000,25.405,255.0
48.1295,14873,76754,35.000,24.318,255.0,35.000,25.976,255.0,35.000,25.428,255.0
48.1295,14874,76759,35.000,24.280,255.0,35.000,25.744,255.0,35.000,25.379,255.0
48.1932,14875,76764,35.000,24.325,255.0,35.000,25.783,255.0,35.000,25.598,255.0
48.1932,14876,76769,35.000,24.338,255.0,35.000,25.806,255.0,35.000,25.621,255.0
48.1932,14877,76774,35.000,24.340,255.0,35.000,25.649,255.0,35.000,25.641,255.0
48.1932,14878,76779,35.000,24.106,255.0,35.000,25.568,255.0,35.000,25.744,255.0
48.1932,14879,76784,35.000,24.461,255.0,35.000,25.554,255.0,35.000,25.732,255.0
48.1932,14880,76789,35.000,24.167,255.0,35.000,25.816,255.0,35.000,25.810,255.0
48.1932,14881,76794,35.000,24.126,255.0,35.000,26.502,255.0,35.000,25.946,255.0
48.1932,14882,76799,35.000,23.829,255.0,35.000,27.113,255.0,35.000,26.013,255.0
48.2619,14883,76804,35.000,24.132,255.0,35.000,27.216,255.0,35.000,26.122,255.0
48.2619,14884,76809,35.000,24.359,255.0,35.000,27.454,255.0,35.000,26.177,255.0
48.2619,14885,76814,35.000,24.732,255.0,35.000,27.473,255.0,35.000,26.194,255.0
48.2619,14886,76819,35.000,24.831,255.0,35.000,27.553,255.0,35.000,26.101,255.0
48.2619,14887,76824,35.000,24.680,255.0,35.000,27.590,255.0,35.000,26.319,255.0
48.2619,14888,76829,35.000,24.388,255.0,35.000,27.674,255.0,35.000,26.216,255.0
48.2619,14889,76834,35.000,23.632,255.0,35.000,27.824,255.0,35.000,26.368,255.0
48.2619,14890,76839,35.000,23.744,255.0,35.000,27.913,255.0,35.000,26.286,255.0
48.2619,14891,76844,35.000,23.264,255.0,35.000,27.985,255.0,35.000,25.989,255.0
48.2619,14892,76849,35.000,23.031,255.0,35.000,28.114,255.0,35.000,25.761,255.0
48.2619,14893,76854,35.000,22.178,255.0,35.000,28.000,255.0,35.000,25.641,255.0
48.2619,14894,76859,35.000,21.949,255.0,35.000,28.123,255.0,35.000,25.405,255.0
48.2619,14895,76864,35.000,21.255,255.0,35.000,28.164,255.0,35.000,25.262,255.0
48.2619,14896,76869,35.000,20.931,255.0,35.000,28.206,255.0,35.000,25.299,255.0
48.2619,14897,76874,35.000,20.879,255.0,35.000,28.319,255.0,35.000,25.052,255.0
48.2619,14898,76879,35.000,20.307,255.0,35.000,28.473,255.0,35.000,25.030,255.0
48.3151,14899,76884,35.000,20.492,255.0,35.000,28.466,255.0,35.000,24.845,255.0
48.3151,14900,76889,35.000,20.553,255.0,35.000,28.370,255.0,35.000,24.919,255.0
48.3151,14901,76894,35.000,21.018,255.0,35.000,28.457,255.0,35.000,25.198,255.0
48.3151,14902,76899,35.000,21.084,255.0,35.000,28.351,255.0,35.000,25.447,255.0
48.3151,14903,76904,35.000,21.788,255.0,35.000,28.510,255.0,35.000,25.429,255.0
48.3151,14904,76909,35.000,21.574,255.0,35.000,28.463,255.0,35.000,25.569,255.0
48.3151,14905,76914,35.000,21.768,255.0,35.000,28.474,255.0,35.000,25.579,255.0
48.3151,14906,76919,35.000,21.611,255.0,35.000,28.509,255.0,35.000,25.427,255.0
48.3797,14907,76924,35.000,21.641,255.0,35.000,28.361,255.0,35.000,25.457,255.0
48.3797,14908,76929,35.000,22.175,255.0,35.000,28.341,255.0,35.000,25.436,255.0
48.3797,14909,76934,35.000,22.713,255.0,35.000,28.349,255.0,35.000,25.445,255.0
48.3797,14910,76939,35.000,22.886,255.0,35.000,28.331,255.0,35.000,25.427,255.0
48.3797,14911,76944,35.000,22.729,255.0,35.000,28.361,255.0,35.000,25.275,255.0
48.3797,14912,76949,35.000,23.253,255.0,35.000,28.326,255.0,35.000,25.060,255.0
48.3797,14913,76954,35.000,23.061,255.0,35.000,27.950,255.0,35.000,25.220,255.0
48.3797,14914,76959,35.000,23.673,255.0,35.000,27.663,255.0,35.000,25.291,255.0
48.3797,14915,76964,35.000,23.425,255.0,35.000,27.403,255.0,35.000,25.215,255.0
48.3797,14916,76969,35.000,23.781,255.0,35.000,27.213,255.0,35.000,25.576,255.0
48.3797,14917,76974,35.000,23.977,255.0,35.000,27.056,255.0,35.000,25.599,255.0
48.3797,14918,76979,35.000,24.362,255.0,35.000,26.897,255.0,35.000,25.622,255.0
48.3797,14919,76984,35.000,24.375,255.0,35.000,26.727,255.0,35.000,25.631,255.0
48.3797,14920,76989,35.000,24.526,255.0,35.000,26.695,255.0,35.000,25.601,255.0
48.3797,14921,76994,35.000,24.673,255.0,35.000,26.657,255.0,35.000,25.747,255.0
48.3797,14922,76999,35.000,24.685,255.0,35.000,26.670,255.0,35.000,25.941,255.0
48.4409,14923,77004,35.000,24.719,255.0,35.000,26.703,255.0,35.000,25.795,255.0
48.4409,14924,77009,35.000,24.342,255.0,35.000,26.518,255.0,35.000,25.980,255.0
48.4409,14925,77014,35.000,24.698,255.0,35.000,25.978,255.0,35.000,25.982,255.0
48.4409,14926,77019,35.000,24.905,255.0,35.000,25.447,255.0,35.000,25.812,255.0
48.4409,14927,77025,15.000,24.902,214.3,15.000,25.286,213.1,15.000,25.955,209.6
48.4409,14928,77030,15.000,24.875,213.3,15.000,25.085,212.8,15.000,25.936,208.8
48.4409,14929,77035,15.000,24.686,213.3,15.000,24.893,212.4,15.000,25.924,207.6
48.4409,14930,77040,15.000,24.543,212.7,15.000,24.749,211.7,15.000,25.962,206.0
48.4409,14931,77045,15.000,24.435,211.9,15.000,24.461,212.2,15.000,25.852,205.6
48.4409,14932,77050,15.000,24.204,212.1,15.000,23.875,214.2,15.000,25.813,204.3
48.4409,14933,77055,15.000,24.358,209.5,15.000,23.849,211.9,15.000,25.789,203.1
48.4409,14934,77060,15.000,24.336,208.9,15.000,23.640,212.2,15.000,25.569,203.3
48.4409,14935,77065,15.000,23.799,211.3,15.000,24.360,206.0,15.000,25.574,201.5
48.4409,14936,77070,15.000,23.649,210.0,15.000,24.582,205.2,15.000,25.432,201.2
48.4409,14937,77075,15.000,23.460,209.9,15.000,24.731,203.7,15.000,25.097,201.9
48.4409,14938,77080,15.000,23.252,209.8,15.000,24.690,203.2,15.000,25.053,200.2
48.5017,14939,77085,15.000,23.094,209.4,15.000,24.517,203.1,15.000,25.063,198.8
48.5017,14940,77090,15.000,22.915,209.2,15.000,24.356,202.7,15.000,24.902,198.8
48.5017,14941,77095,15.000,22.830,208.4,15.000,24.272,201.7,15.000,24.641,198.9
48.5017,14942,77100,15.000,22.543,209.2,15.000,24.526,198.8,15.000,24.533,197.9
48.5017,14943,77105,15.000,22.023,211.0,15.000,24.555,198.1,15.000,24.560,196.4
48.5017,14944,77110,15.000,22.210,207.8,15.000,24.557,197.1,15.000,24.386,196.5
48.5017,14945,77115,15.000,22.378,206.3,15.000,24.365,197.3,15.000,24.191,196.3
48.5017,14946,77120,15.000,22.288,206.4,15.000,24.089,197.5,15.000,24.095,195.4
48.5599,14947,77125,15.000,22.156,206.2,15.000,23.771,197.9,15.000,24.144,193.8
48.5599,14948,77130,15.000,21.789,207.5,15.000,23.761,196.2,15.000,23.957,194.0
48.5599,14949,77135,15.000,21.951,204.8,15.000,23.763,195.1,15.000,23.777,193.7
48.5599,14950,77140,15.000,21.607,206.6,15.000,23.578,195.3,15.000,23.592,193.5
48.5599,14951,77145,15.000,20.915,209.5,15.000,23.247,196.1,15.000,23.616,191.9
48.5599,14952,77150,15.000,20.851,207.6,15.000,23.181,194.7,15.000,23.551,191.4
48.5599,14953,77155,15.000,21.259,204.1,15.000,22.683,196.9,15.000,23.239,192.3
48.5599,14954,77160,15.000,21.045,205.8,15.000,22.651,195.0,15.000,23.202,190.8
48.5599,14955,77165,15.000,20.929,205.3,15.000,22.538,194.8,15.000,23.084,190.6
48.5599,14956,77170,15.000,20.746,205.5,15.000,22.541,193.6,15.000,22.907,190.5
48.5599,14957,77175,15.000,20.322,207.2,15.000,22.486,193.1,15.000,22.668,190.7
48.5599,14958,77180,15.000,20.571,204.0,15.000,22.205,194.0,15.000,22.566,189.9
48.5599,14959,77185,15.000,20.197,206.3,15.000,22.189,192.6,15.000,22.548,189.0
48.5599,14960,77190,15.000,20.132,205.3,15.000,21.942,193.3,15.000,22.482,188.5
48.5599,14961,77195,15.000,20.367,203.0,15.000,22.010,191.5,15.000,22.368,188.2
48.5599,14962,77200,15.000,20.170,204.2,15.000,21.808,192.2,15.000,21.988,189.6
48.6183,14963,77205,15.000,20.149,203.3,15.000,22.143,188.7,15.000,21.775,189.2
48.6183,14964,77210,15.000,19.975,203.8,15.000,22.340,187.4,15.000,21.426,190.2
48.6183,14965,77215,15.000,19.967,202.9,15.000,21.971,189.4,15.000,21.246,189.8
48.6183,14966,77220,15.000,19.415,205.9,15.000,22.126,186.8,15.000,21.044,190.0
48.6183,14967,77225,15.000,19.466,203.7,15.000,22.000,187.1,15.000,20.918,189.6
48.6183,14968,77230,15.000,19.584,202.5,15.000,22.113,185.3,15.000,20.672,190.2
48.6183,14969,77235,15.000,19.645,201.9,15.000,21.995,185.5,15.000,20.556,189.7
48.6183,14970,77240,15.000,19.631,201.6,15.000,22.166,183.3,15.000,20.368,190.0
48.6715,14971,77245,15.000,19.979,198.8,15.000,22.137,183.1,15.000,20.159,190.3
48.6715,14972,77250,15.000,19.962,199.1,15.000,22.302,181.1,15.000,20.325,188.2
48.6715,14973,77255,15.000,19.980,198.4,15.000,21.964,182.9,15.000,20.349,187.8
48.6715,14974,77260,15.000,19.995,197.8,15.000,21.609,183.6,15.000,20.542,186.0
48.6715,14975,77265,15.000,20.174,196.1,15.000,21.788,180.8,15.000,20.533,185.9
48.6715,14976,77270,15.000,20.364,194.7,15.000,21.804,180.3,15.000,20.727,183.9
48.6715,14977,77275,15.000,20.694,192.4,15.000,21.765,179.8,15.000,20.687,184.0
48.6715,14978,77280,15.000,20.542,193.5,15.000,21.435,181.1,15.000,20.716,183.1
48.7396,14979,77285,15.000,20.671,191.6,15.000,21.374,180.0,15.000,20.293,185.2
48.7396,14980,77290,15.000,20.685,191.2,15.000,21.032,181.3,15.000,20.308,183.5
48.7396,14981,77295,15.000,20.723,190.3,15.000,20.891,180.7,15.000,20.166,183.9
48.7396,14982,77300,15.000,20.901,188.6,15.000,20.882,179.8,15.000,19.979,184.2
48.7396,14983,77305,15.000,20.693,189.7,15.000,21.042,178.0,15.000,19.773,184.5
48.7396,14984,77310,15.000,20.922,187.1,15.000,21.085,177.5,15.000,19.635,184.3
48.7396,14985,77315,15.000,20.697,188.4,15.000,21.038,177.2,15.000,19.593,183.7
48.7396,14986,77320,15.000,21.104,184.6,15.000,20.542,179.6,15.000,19.460,184.0
48.7396,14987,77325,15.000,21.035,185.3,15.000,20.650,177.1,15.000,19.392,183.6
48.7396,14988,77330,15.000,21.082,184.1,15.000,20.888,175.1,15.000,19.444,182.6
48.7396,14989,77335,15.000,20.713,185.9,15.000,20.706,176.2,15.000,19.801,179.9
48.7396,14990,77340,15.000,20.721,184.3,15.000,21.068,172.7,15.000,19.805,180.1
48.7396,14991,77345,15.000,20.530,184.9,15.000,21.064,172.9,15.000,19.984,178.4
48.7396,14992,77350,15.000,20.361,185.0,15.000,20.898,173.3,15.000,19.996,178.2
48.7396,14993,77355,15.000,20.329,184.1,15.000,20.862,172.5,15.000,20.324,175.5
48.7396,14994,77360,15.000,20.110,184.9,15.000,20.827,171.9,15.000,20.289,175.9
48.7959,14995,77365,15.000,20.158,183.5,15.000,20.876,170.9,15.000,20.334,174.9
48.7959,14996,77370,15.000,19.788,185.4,15.000,20.876,170.3,15.000,20.334,174.4
48.7959,14997,77375,15.000,19.657,184.8,15.000,20.932,169.3,15.000,20.383,173.5
48.7959,14998,77380,15.000,19.604,184.3,15.000,20.865,169.2,15.000,20.324,173.4
48.7959,14999,77385,15.000,19.797,182.4,15.000,20.877,168.2,15.000,20.156,173.7
48.7959,15000,77390,15.000,19.784,182.4,15.000,20.868,167.7,15.000,20.148,172.8
48.7959,15001,77395,15.000,19.609,182.9,15.000,20.877,166.9,15.000,20.157,172.1
48.7967,15002,77400,15.000,19.598,182.1,15.000,20.683,167.5,15.000,20.319,170.5
48.8585,15003,77405,15.000,19.629,181.3,15.000,20.712,166.2,15.000,20.169,171.2
48.8585,15004,77410,15.000,19.638,180.8,15.000,20.731,165.5,15.000,20.187,170.2
48.8585,15005,77415,15.000,19.624,180.4,15.000,20.538,166.1,15.000,20.177,169.7
48.8585,15006,77420,15.000,19.780,178.8,15.000,20.689,164.0,15.000,20.145,169.3
48.8585,15007,77425,15.000,19.594,179.8,15.000,20.683,163.8,15.000,20.141,168.6
48.8585,15008,77430,15.000,19.422,180.0,15.000,20.509,164.3,15.000,20.145,168.0
48.8585,15009,77435,15.000,19.467,178.8,15.000,20.374,164.1,15.000,20.197,167.1
48.8585,15010,77440,15.000,19.436,178.5,15.000,20.156,164.6,15.000,20.158,166.9
48.8585,15011,77445,15.000,19.394,178.2,15.000,19.925,165.0,15.000,20.106,166.5
48.8585,15012,77450,15.000,19.442,177.3,15.000,19.984,163.5,15.000,19.989,166.6
48.8585,15013,77455,15.000,19.254,178.1,15.000,19.797,164.2,15.000,19.802,166.9
48.8585,15014,77460,15.000,19.269,177.1,15.000,19.807,163.2,15.000,19.813,165.9
48.8585,15015,77465,15.000,19.205,177.1,15.000,19.743,163.1,15.000,19.749,165.7
48.8585,15016,77470,15.000,19.057,177.4,15.000,19.779,162.1,15.000,19.601,166.0
48.8585,15017,77475,15.000,19.268,175.2,15.000,19.813,161.4,15.000,19.632,164.9
48.8585,15018,77480,15.000,19.276,175.2,15.000,19.826,160.9,15.000,19.463,165.6
48.9202,15019,77485,15.000,19.231,175.0,15.000,19.956,159.5,15.000,19.408,165.0
48.9202,15020,77490,15.000,19.087,175.3,15.000,20.001,159.0,15.000,19.272,165.3
48.9202,15021,77495,15.000,18.904,175.7,15.000,20.185,157.3,15.000,19.277,164.4
48.9202,15022,77500,15.000,18.679,176.3,15.000,20.131,157.5,15.000,19.219,164.3
48.9202,15023,77505,15.000,18.525,176.3,15.000,20.166,156.6,15.000,19.252,163.5
48.9202,15024,77510,15.000,18.330,176.8,15.000,19.970,157.3,15.000,19.056,164.3
48.9202,15025,77515,15.000,18.182,176.9,15.000,19.822,157.2,15.000,18.908,164.4
48.9202,15026,77520,15.000,18.167,176.3,15.000,19.805,156.4,15.000,19.075,162.5
48.9202,15027,77525,15.000,17.947,177.3,15.000,19.573,157.4,15.000,18.848,163.9
48.9202,15028,77530,15.000,17.781,177.6,15.000,19.414,157.3,15.000,19.052,161.6
48.9202,15029,77535,15.000,17.603,178.0,15.000,19.426,156.3,15.000,18.884,162.7
48.9202,15030,77540,15.000,17.262,179.5,15.000,19.082,158.1,15.000,18.904,161.7
48.9202,15031,77545,15.000,17.235,178.6,15.000,19.049,157.0,15.000,18.689,162.7
48.9202,15032,77550,15.000,17.303,177.8,15.000,18.938,157.2,15.000,18.396,163.7
48.9202,15033,77555,15.000,17.422,176.9,15.000,18.866,157.0,15.000,18.332,163.0
48.9202,15034,77560,15.000,17.222,178.3,15.000,19.030,155.3,15.000,18.130,163.8
48.9815,15035,77565,15.000,17.259,177.3,15.000,19.063,155.0,15.000,17.980,163.9
48.9815,15036,77570,15.000,17.227,177.3,15.000,19.032,154.8,15.000,17.769,164.6
48.9815,15037,77575,15.000,17.252,176.8,15.000,19.067,154.0,15.000,17.802,163.5
48.9815,15038,77580,15.000,17.458,175.3,15.000,19.087,153.5,15.000,17.454,165.6
48.9815,15039,77585,15.000,17.424,175.7,15.000,18.511,156.9,15.000,17.413,164.7
48.9815,15040,77590,15.000,17.605,174.2,15.000,18.693,153.9,15.000,17.412,164.3
48.9815,15041,77595,15.000,17.824,172.9,15.000,18.372,156.0,15.000,17.456,163.8
48.9815,15042,77600,15.000,17.581,174.7,15.000,18.485,154.1,15.000,17.575,162.8
49.0299,15043,77605,15.000,17.465,174.5,15.000,18.375,154.7,15.000,17.640,162.4
49.0299,15044,77610,15.000,17.657,172.7,15.000,17.839,157.5,15.000,17.835,161.0
49.0299,15045,77615,15.000,17.419,174.4,15.000,17.959,155.1,15.000,17.961,160.3
49.0299,15046,77620,15.000,17.477,173.2,15.000,17.835,155.9,15.000,18.017,159.9
49.0299,15047,77625,15.000,17.466,173.1,15.000,17.822,155.3,15.000,18.004,159.8
49.0299,15048,77630,15.000,17.259,174.2,15.000,17.431,157.5,15.000,18.164,158.3
49.0299,15049,77635,15.000,17.433,172.3,15.000,17.961,152.9,15.000,18.164,158.4
49.0299,15050,77640,15.000,17.608,171.3,15.000,17.953,153.8,15.000,18.154,158.1
49.0899,15051,77645,15.000,17.246,173.8,15.000,18.132,152.3,15.000,18.152,157.7
49.0899,15052,77650,15.000,17.460,171.2,15.000,18.180,152.1,15.000,18.195,157.0
49.0899,15053,77655,15.000,17.764,169.5,15.000,18.124,152.2,15.000,18.139,157.1
49.0899,15054,77660,15.000,17.791,169.7,15.000,18.329,150.4,15.000,18.163,156.5
49.0899,15055,77665,15.000,18.009,168.0,15.000,18.371,150.2,15.000,18.201,155.9
49.0899,15056,77670,15.000,17.941,168.7,15.000,18.305,150.3,15.000,18.312,154.9
49.0899,15057,77675,15.000,17.944,168.1,15.000,18.126,151.0,15.000,18.315,154.8
49.0899,15058,77680,15.000,18.296,165.5,15.000,18.663,146.7,15.000,18.303,154.5
49.0899,15059,77685,15.000,18.160,166.9,15.000,18.521,148.5,15.000,18.339,153.9
49.0899,15060,77690,15.000,18.194,166.0,15.000,18.561,147.5,15.000,18.380,153.3
49.0899,15061,77695,15.000,18.507,163.6,15.000,18.516,147.4,15.000,18.332,153.3
49.0899,15062,77700,15.000,18.497,164.1,15.000,18.314,148.2,15.000,18.315,152.9
49.0899,15063,77705,15.000,18.377,164.4,15.000,18.375,147.0,15.000,18.375,152.1
49.0899,15064,77710,15.000,18.149,165.2,15.000,18.692,144.7,15.000,18.326,152.2
49.0899,15065,77715,15.000,18.297,163.3,15.000,18.483,146.4,15.000,18.120,153.0
49.0899,15066,77720,15.000,18.143,164.3,15.000,18.508,145.3,15.000,17.787,154.4
49.1365,15067,77725,15.000,18.170,163.4,15.000,18.533,144.8,15.000,17.626,154.3
49.1365,15068,77730,15.000,17.787,165.6,15.000,18.330,145.8,15.000,17.428,154.9
49.1365,15069,77735,15.000,17.635,165.4,15.000,18.370,144.6,15.000,17.281,155.1
49.1365,15070,77740,15.000,17.591,165.0,15.000,18.319,144.7,15.000,17.231,154.8
49.1365,15071,77745,15.000,17.626,164.3,15.000,18.354,144.0,15.000,17.085,155.4
49.1365,15072,77750,15.000,17.640,164.0,15.000,18.370,143.5,15.000,16.917,155.9
49.1365,15073,77755,15.000,17.624,163.9,15.000,18.352,143.3,15.000,16.899,155.4
49.1365,15074,77760,15.000,17.776,162.5,15.000,18.142,144.3,15.000,16.868,155.3
49.1856,15075,77765,15.000,17.438,164.8,15.000,18.159,143.3,15.000,16.884,154.9
49.1856,15076,77770,15.000,17.658,162.3,15.000,18.018,143.9,15.000,17.110,153.3
49.1856,15077,77775,15.000,17.634,162.6,15.000,17.999,143.3,15.000,17.095,153.7
49.1856,15078,77780,15.000,17.627,162.3,15.000,17.984,143.0,15.000,17.258,152.3
49.1856,15079,77785,15.000,17.758,161.2,15.000,17.932,143.0,15.000,17.392,151.6
49.1856,15080,77790,15.000,17.816,160.8,15.000,17.991,142.1,15.000,17.264,152.5
49.1856,15081,77795,15.000,17.636,161.8,15.000,17.811,143.1,15.000,17.265,151.9
49.1856,15082,77800,15.000,17.621,161.1,15.000,17.796,142.4,15.000,17.433,150.5
49.2525,15083,77805,15.000,17.437,162.0,15.000,17.790,142.1,15.000,17.244,151.9
49.2525,15084,77810,15.000,17.457,161.1,15.000,17.817,141.6,15.000,17.273,151.0
49.2525,15085,77815,15.000,17.477,160.8,15.000,17.657,142.4,15.000,17.293,150.7
49.2525,15086,77820,15.000,17.438,160.8,15.000,17.797,140.8,15.000,17.246,150.8
49.2525,15087,77825,15.000,17.445,160.4,15.000,17.806,140.8,15.000,17.255,150.3
49.2525,15088,77830,15.000,17.455,160.0,15.000,17.640,141.5,15.000,17.264,150.0
49.2525,15089,77835,15.000,17.454,159.8,15.000,17.637,140.9,15.000,17.085,151.0
49.2525,15090,77840,15.000,17.414,159.8,15.000,17.597,140.8,15.000,17.049,150.5
49.2525,15091,77845,15.000,17.428,159.3,15.000,17.607,140.3,15.000,17.242,148.9
49.2525,15092,77850,15.000,17.075,161.4,15.000,17.623,140.0,15.000,17.075,150.2
49.2525,15093,77855,15.000,17.065,160.3,15.000,17.435,140.9,15.000,17.070,149.6
49.2525,15094,77860,15.000,16.888,161.2,15.000,17.434,140.2,15.000,17.069,149.4
49.2525,15095,77865,15.000,16.883,160.6,15.000,17.614,138.7,15.000,17.067,149.2
49.2525,15096,77870,15.000,16.670,161.8,15.000,17.401,140.3,15.000,17.031,149.2
49.2525,15097,77875,15.000,16.489,162.2,15.000,17.398,139.5,15.000,17.028,148.9
49.2525,15098,77880,15.000,16.539,161.3,15.000,17.450,138.9,15.000,16.905,149.4
49.3135,15099,77885,15.000,16.370,162.4,15.000,17.456,138.7,15.000,17.085,147.7
49.3135,15100,77890,15.000,16.365,161.8,15.000,17.272,139.6,15.000,17.085,147.9
49.3135,15101,77895,15.000,16.324,161.9,15.000,17.415,138.0,15.000,16.865,149.1
49.3135,15102,77900,15.000,16.495,160.6,15.000,17.215,139.3,15.000,17.030,147.3
49.3135,15103,77905,15.000,16.506,160.7,15.000,17.412,137.3,15.000,17.043,147.4
49.3135,15104,77910,15.000,16.539,160.4,15.000,17.263,138.5,15.000,16.895,148.1
49.3135,15105,77915,15.000,16.682,159.3,15.000,17.224,138.1,15.000,17.037,146.6
49.3135,15106,77920,15.000,16.742,159.1,15.000,17.285,137.4,15.000,16.921,147.5
49.3792,15107,77925,15.000,16.895,158.0,15.000,17.248,137.5,15.000,16.888,147.2
49.3792,15108,77930,15.000,16.852,158.5,15.000,17.209,137.4,15.000,17.030,146.0
49.3792,15109,77935,15.000,16.869,158.0,15.000,17.054,138.1,15.000,16.876,147.1
49.3792,15110,77940,15.000,16.712,158.9,15.000,17.073,137.3,15.000,16.892,146.4
49.3792,15111,77945,15.000,16.908,157.0,15.000,17.091,137.0,15.000,17.093,144.9
49.3792,15112,77950,15.000,17.079,156.2,15.000,17.083,136.9,15.000,16.903,146.4
49.3792,15113,77955,15.000,17.068,156.4,15.000,17.068,136.7,15.000,17.071,144.6
49.3792,15114,77960,15.000,17.038,156.4,15.000,17.040,136.6,15.000,17.043,145.0
49.3792,15115,77965,15.000,16.878,157.1,15.000,17.051,136.3,15.000,17.054,144.6
49.3792,15116,77970,15.000,17.046,155.4,15.000,17.045,136.1,15.000,17.048,144.4
49.3792,15117,77975,15.000,16.891,156.6,15.000,16.898,136.8,15.000,17.080,144.0
49.3792,15118,77980,15.000,17.098,154.6,15.000,16.917,136.1,15.000,16.917,144.9
49.3792,15119,77985,15.000,17.094,154.9,15.000,17.092,134.8,15.000,17.094,143.1
49.3792,15120,77990,15.000,17.218,153.9,15.000,17.037,135.3,15.000,17.039,143.7
49.3792,15121,77995,15.000,17.079,154.8,15.000,16.899,135.9,15.000,16.899,144.2
49.3792,15122,78000,15.000,17.051,154.4,15.000,17.049,134.3,15.000,17.049,142.7
49.4403,15123,78005,15.000,17.048,154.1,15.000,16.861,135.7,15.000,16.861,144.0
49.4403,15124,78010,15.000,17.245,152.6,15.000,16.880,134.9,15.000,16.879,143.2
49.4403,15125,78015,15.000,17.258,152.7,15.000,16.722,135.8,15.000,16.906,142.9
49.4403,15126,78020,15.000,17.095,153.6,15.000,16.915,133.9,15.000,16.914,142.7
49.4403,15127,78025,15.000,17.246,152.0,15.000,16.889,134.3,15.000,16.886,142.7
49.4403,15128,78030,15.000,17.074,153.2,15.000,16.901,134.0,15.000,16.900,142.3
49.4403,15129,78035,15.000,17.186,151.8,15.000,16.828,134.3,15.000,16.826,142.6
49.4403,15130,78040,15.000,16.710,154.9,15.000,16.721,134.6,15.000,16.908,141.7
49.5068,15131,78045,15.000,16.659,153.9,15.000,16.844,133.3,15.000,17.026,140.9
49.5068,15132,78050,15.000,16.512,154.6,15.000,16.702,134.3,15.000,16.887,141.8
49.5068,15133,78055,15.000,16.697,152.8,15.000,16.709,133.7,15.000,16.895,141.2
49.5068,15134,78060,15.000,16.352,155.3,15.000,16.726,133.4,15.000,16.913,140.9
49.5068,15135,78065,15.000,16.342,154.4,15.000,16.717,133.4,15.000,16.720,142.0
49.5068,15136,78070,15.000,16.462,153.4,15.000,16.654,133.5,15.000,16.842,140.5
49.5068,15137,78075,15.000,16.493,153.4,15.000,16.680,133.0,15.000,16.869,140.4
49.5068,15138,78080,15.000,16.492,153.3,15.000,16.679,132.9,15.000,16.866,140.3
49.5068,15139,78085,15.000,16.382,153.8,15.000,16.566,133.4,15.000,16.753,140.8
49.5068,15140,78090,15.000,16.894,150.1,15.000,16.711,132.0,15.000,16.711,140.6
49.5068,15141,78095,15.000,16.871,151.2,15.000,16.514,133.5,15.000,16.694,140.4
49.5068,15142,78100,15.000,16.891,150.8,15.000,16.531,132.7,15.000,16.707,140.1
49.5068,15143,78105,15.000,16.719,151.8,15.000,16.542,132.5,15.000,16.715,139.9
49.5068,15144,78110,15.000,17.079,148.8,15.000,16.530,132.4,15.000,16.708,139.8
49.5068,15145,78115,15.000,17.048,149.6,15.000,16.676,131.3,15.000,16.851,138.6
49.5068,15146,78120,15.000,16.903,150.3,15.000,16.532,132.4,15.000,16.709,139.7
49.5639,15147,78125,15.000,16.745,150.7,15.000,16.551,131.7,15.000,16.728,139.0
49.5639,15148,78130,15.000,16.719,150.3,15.000,16.348,132.9,15.000,16.708,139.0
49.5639,15149,78135,15.000,16.686,150.3,15.000,16.320,132.5,15.000,16.679,138.9
49.5639,15150,78140,15.000,16.528,151.0,15.000,16.154,133.3,15.000,16.698,138.6
49.5639,15151,78145,15.000,16.538,150.4,15.000,16.163,132.7,15.000,16.531,139.5
49.5639,15152,78150,15.000,16.567,150.1,15.000,16.006,133.7,15.000,16.375,139.9
49.5639,15153,78155,15.000,16.523,150.3,15.000,15.963,133.4,15.000,16.334,139.7
49.5639,15154,78160,15.000,16.319,151.3,15.000,15.762,134.5,15.000,16.310,139.6
49.5639,15155,78165,15.000,16.360,150.4,15.000,15.621,134.9,15.000,16.172,140.3
49.5639,15156,78170,15.000,16.363,150.3,15.000,15.629,134.4,15.000,16.178,139.8
49.5639,15157,78175,15.000,16.330,150.4,15.000,15.419,135.7,15.000,16.149,139.8
49.5639,15158,78180,15.000,16.336,150.1,15.000,15.603,134.0,15.000,16.150,139.6
49.5639,15159,78185,15.000,16.189,150.9,15.000,15.640,134.1,15.000,16.187,139.2
49.5639,15160,78190,15.000,16.169,150.6,15.000,15.803,133.1,15.000,16.165,139.3
49.5639,15161,78195,15.000,16.172,150.4,15.000,15.808,133.3,15.000,16.170,139.1
49.5639,15162,78200,15.000,16.151,150.4,15.000,15.970,132.2,15.000,16.149,139.1
49.6250,15163,78205,15.000,16.170,150.1,15.000,15.984,132.4,15.000,16.163,138.9
49.6250,15164,78210,15.000,16.172,150.0,15.000,15.990,132.3,15.000,16.170,138.7
49.6250,15165,78215,15.000,16.172,149.8,15.000,15.996,132.1,15.000,16.176,138.6
49.6250,15166,78220,15.000,15.971,151.0,15.000,15.970,132.2,15.000,15.969,139.8
49.6250,15167,78225,15.000,15.826,151.4,15.000,16.192,130.6,15.000,16.011,138.9
49.6250,15168,78230,15.000,15.610,152.3,15.000,16.153,131.2,15.000,15.971,139.1
49.6250,15169,78235,15.000,15.790,150.6,15.000,16.151,131.0,15.000,15.788,140.1
49.6250,15170,78240,15.000,15.615,152.0,15.000,16.160,130.8,15.000,15.796,139.6
49.6900,15171,78245,15.000,15.643,151.4,15.000,16.183,130.6,15.000,15.820,139.3
49.6900,15172,78250,15.000,15.431,152.7,15.000,16.159,130.6,15.000,15.798,139.4
49.6900,15173,78255,15.000,15.453,152.0,15.000,16.185,130.3,15.000,15.824,139.1
49.6900,15174,78260,15.000,15.420,152.3,15.000,16.328,129.3,15.000,15.785,139.3
49.6900,15175,78265,15.000,15.260,153.2,15.000,16.352,129.3,15.000,15.807,139.0
49.6900,15176,78270,15.000,15.424,151.7,15.000,16.334,129.3,15.000,15.794,139.1
49.6900,15177,78275,15.000,15.598,150.9,15.000,16.323,129.2,15.000,15.781,139.0
49.6900,15178,78280,15.000,15.809,149.9,15.000,16.176,130.0,15.000,15.818,138.7
49.6900,15179,78285,15.000,15.814,150.3,15.000,16.170,129.5,15.000,15.811,138.7
49.6900,15180,78290,15.000,15.984,149.1,15.000,16.167,129.4,15.000,15.808,138.6
49.6900,15181,78295,15.000,15.954,149.6,15.000,16.141,129.4,15.000,15.782,138.7
49.6900,15182,78300,15.000,16.172,148.0,15.000,16.175,129.0,15.000,15.997,137.1
49.6900,15183,78305,15.000,16.134,148.6,15.000,16.137,129.2,15.000,15.958,137.8
49.6900,15184,78310,15.000,16.192,148.0,15.000,16.196,128.6,15.000,15.834,138.4
49.6900,15185,78315,15.000,16.311,147.2,15.000,16.129,129.0,15.000,15.769,138.4
49.6900,15186,78320,15.000,16.390,146.8,15.000,16.023,129.4,15.000,16.025,136.5
49.7497,15187,78325,15.000,16.349,147.1,15.000,15.978,129.4,15.000,15.980,137.3
49.7497,15188,78330,15.000,16.350,146.9,15.000,16.162,127.9,15.000,15.982,137.1
49.7497,15189,78335,15.000,16.338,146.8,15.000,16.160,128.3,15.000,16.163,135.8
49.7497,15190,78340,15.000,16.344,146.6,15.000,16.157,128.1,15.000,15.976,137.3
49.7497,15191,78345,15.000,16.355,146.4,15.000,16.168,127.9,15.000,15.988,136.6
49.7497,15192,78350,15.000,16.335,146.4,15.000,15.967,129.1,15.000,15.968,136.7
49.7497,15193,78355,15.000,16.364,146.0,15.000,15.995,128.4,15.000,15.997,136.3
49.7497,15194,78360,15.000,16.316,146.2,15.000,15.947,128.6,15.000,16.133,135.4
49.8123,15195,78365,15.000,16.358,145.7,15.000,15.984,128.2,15.000,15.989,136.6
49.8123,15196,78370,15.000,16.309,145.9,15.000,16.126,127.2,15.000,15.944,136.4
49.8123,15197,78375,15.000,16.331,145.5,15.000,15.971,128.4,15.000,15.970,136.0
49.8123,15198,78380,15.000,16.331,145.4,15.000,15.968,128.0,15.000,15.967,136.0
49.8123,15199,78385,15.000,16.169,146.3,15.000,15.991,127.7,15.000,15.807,136.9
49.8123,15200,78390,15.000,16.152,145.9,15.000,15.972,127.8,15.000,15.971,135.3
49.8123,15201,78395,15.000,16.174,145.6,15.000,15.811,128.7,15.000,15.992,135.5
49.8123,15202,78400,15.000,16.158,145.6,15.000,15.978,127.1,15.000,15.976,135.5
49.8123,15203,78405,15.000,16.138,145.6,15.000,15.952,127.5,15.000,15.771,136.7
49.8123,15204,78410,15.000,16.164,145.2,15.000,15.986,127.2,15.000,15.803,135.9
49.8123,15205,78415,15.000,16.154,145.2,15.000,15.979,127.2,15.000,15.979,134.8
49.8123,15206,78420,15.000,16.157,145.0,15.000,15.796,128.2,15.000,15.979,135.1
49.8123,15207,78425,15.000,16.165,144.9,15.000,15.986,126.5,15.000,15.805,136.1
49.8123,15208,78430,15.000,16.187,144.6,15.000,16.008,126.7,15.000,15.826,135.4
49.8123,15209,78435,15.000,16.323,143.6,15.000,15.960,126.9,15.000,15.961,134.5
49.8123,15210,78440,15.000,16.349,143.6,15.000,15.802,127.7,15.000,15.988,134.6
49.8763,15211,78445,15.000,16.315,143.8,15.000,15.943,126.3,15.000,15.947,134.8
49.8763,15212,78450,15.000,16.358,143.3,15.000,15.994,126.2,15.000,15.811,135.5
49.8763,15213,78455,15.000,16.360,143.2,15.000,16.000,126.2,15.000,15.996,133.8
49.8763,15214,78460,15.000,16.192,144.1,15.000,15.827,127.2,15.000,16.008,134.1
49.8763,15215,78465,15.000,16.167,143.7,15.000,15.798,126.9,15.000,15.978,134.2
49.8763,15216,78470,15.000,16.172,143.5,15.000,15.990,125.5,15.000,15.807,135.1
49.8763,15217,78475,15.000,16.162,143.5,15.000,15.979,125.9,15.000,15.978,133.5
49.8763,15218,78480,15.000,16.130,143.5,15.000,15.766,127.1,15.000,15.943,134.0
49.9364,15219,78485,15.000,15.996,144.2,15.000,15.813,126.2,15.000,15.808,134.7
49.9364,15220,78490,15.000,15.801,145.0,15.000,15.805,126.3,15.000,15.799,134.4
49.9364,15221,78495,15.000,15.803,144.4,15.000,15.637,127.3,15.000,15.808,134.2
49.9364,15222,78500,15.000,15.800,144.4,15.000,15.439,128.1,15.000,15.983,133.0
49.9364,15223,78505,15.000,15.798,144.3,15.000,15.439,127.6,15.000,15.803,134.5
49.9364,15224,78510,15.000,15.769,144.4,15.000,15.410,127.7,15.000,15.769,134.2
49.9364,15225,78515,15.000,15.821,143.9,15.000,15.284,128.4,15.000,15.828,133.6
49.9364,15226,78520,15.000,15.796,144.1,15.000,15.072,129.5,15.000,15.977,132.7
49.9364,15227,78525,15.000,15.638,145.0,15.000,15.093,128.8,15.000,15.815,134.0
49.9364,15228,78530,15.000,15.616,144.6,15.000,15.079,129.0,15.000,15.802,133.6
49.9364,15229,78535,15.000,15.395,146.0,15.000,15.036,129.2,15.000,15.941,132.5
49.9364,15230,78540,15.000,15.608,144.0,15.000,15.060,128.9,15.000,15.782,133.8
49.9364,15231,78545,15.000,15.465,145.4,15.000,15.095,128.7,15.000,15.823,133.1
49.9364,15232,78550,15.000,15.417,145.3,15.000,15.233,127.9,15.000,15.775,133.4
49.9364,15233,78555,15.000,15.274,146.1,15.000,15.088,129.2,15.000,15.810,133.0
49.9364,15234,78560,15.000,15.433,144.6,15.000,15.247,127.8,15.000,15.790,133.1
49.9975,15235,78565,15.000,15.264,146.1,15.000,15.444,126.8,15.000,15.615,134.1
49.9975,15236,78570,15.000,15.275,145.6,15.000,15.458,127.2,15.000,15.632,133.5
49.9975,15237,78575,15.000,15.252,145.7,15.000,15.439,127.3,15.000,15.614,133.6
49.9975,15238,78580,15.000,15.257,145.6,15.000,15.616,126.0,15.000,15.610,133.5
49.9975,15239,78585,15.000,15.458,144.3,15.000,15.459,127.4,15.000,15.455,134.4
49.9975,15240,78590,15.000,15.410,145.0,15.000,15.595,126.1,15.000,15.591,133.1
49.9975,15241,78595,15.000,15.423,144.8,15.000,15.609,126.3,15.000,15.423,134.4
49.9975,15242,78600,15.000,15.448,144.6,15.000,15.634,126.1,15.000,15.266,135.0
50.0490,15243,78605,15.000,15.432,144.7,15.000,15.795,125.0,15.000,15.426,133.6
50.0490,15244,78610,15.000,15.442,144.5,15.000,15.631,126.4,15.000,15.263,135.0
50.0490,15245,78615,15.000,15.418,144.7,15.000,15.606,126.1,15.000,15.422,133.5
50.0490,15246,78620,15.000,15.226,145.8,15.000,15.770,124.9,15.000,15.227,135.1
50.0490,15247,78625,15.000,15.216,145.4,15.000,15.761,125.2,15.000,15.218,134.7
50.0490,15248,78630,15.000,14.889,147.5,15.000,15.618,126.1,15.000,15.259,134.4
50.0490,15249,78635,15.000,14.899,146.6,15.000,15.809,124.4,15.000,15.267,134.4
50.0490,15250,78640,15.000,14.721,147.8,15.000,15.810,124.7,15.000,15.267,134.4
50.0490,15251,78645,15.000,14.694,147.6,15.000,15.780,124.9,15.000,15.236,134.5
50.0490,15252,78650,15.000,14.329,150.0,15.000,15.786,124.7,15.000,15.242,134.4
50.0490,15253,78655,15.000,14.338,149.1,15.000,15.619,125.7,15.000,15.259,134.3
50.0490,15254,78660,15.000,13.982,151.5,15.000,15.616,125.2,15.000,15.254,134.3
50.0490,15255,78665,15.000,13.993,150.7,15.000,15.444,126.3,15.000,15.269,134.2
50.0490,15256,78670,15.000,13.986,150.9,15.000,15.257,127.0,15.000,15.261,134.2
50.0490,15257,78675,15.000,14.012,150.8,15.000,15.104,127.5,15.000,15.288,134.0
50.0490,15258,78680,15.000,14.367,148.7,15.000,15.094,127.2,15.000,15.278,134.1
50.1064,15259,78685,15.000,14.344,149.8,15.000,14.883,128.6,15.000,15.250,134.2
50.1064,15260,78690,15.000,14.341,149.8,15.000,14.887,128.0,15.000,15.252,134.1
50.1064,15261,78695,15.000,14.538,148.6,15.000,14.905,127.9,15.000,15.273,134.0
50.1064,15262,78700,15.000,14.716,148.0,15.000,14.712,129.3,15.000,15.443,132.9
50.1064,15263,78705,15.000,14.906,147.2,15.000,14.902,127.6,15.000,15.265,134.4
50.1064,15264,78710,15.000,15.090,146.5,15.000,14.906,128.0,15.000,15.452,132.7
50.1064,15265,78715,15.000,15.266,145.7,15.000,15.084,126.9,15.000,15.260,134.4
50.1064,15266,78720,15.000,15.438,145.0,15.000,15.078,127.3,15.000,15.431,132.8
50.1767,15267,78725,15.000,15.266,146.5,15.000,15.271,126.1,15.000,15.439,133.1
50.1767,15268,78730,15.000,15.232,146.3,15.000,15.245,126.7,15.000,15.409,133.2
50.1767,15269,78735,15.000,15.260,146.0,15.000,15.461,125.2,15.000,15.443,132.9
50.1767,15270,78740,15.000,15.425,144.9,15.000,15.262,126.9,15.000,15.423,133.0
50.1767,15271,78745,15.000,15.443,145.2,15.000,15.464,125.1,15.000,15.439,132.9
50.1767,15272,78750,15.000,15.595,144.2,15.000,15.613,124.6,15.000,15.406,133.1
50.1767,15273,78755,15.000,15.426,145.6,15.000,15.446,125.9,15.000,15.606,131.6
50.1767,15274,78760,15.000,15.599,144.0,15.000,15.620,124.4,15.000,15.423,133.2
50.1767,15275,78765,15.000,15.565,144.6,15.000,15.400,126.1,15.000,15.563,131.8
50.1767,15276,78770,15.000,15.629,144.0,15.000,15.650,123.9,15.000,15.452,132.8
50.1767,15277,78775,15.000,15.598,144.3,15.000,15.431,125.9,15.000,15.598,131.6
50.1767,15278,78780,15.000,15.621,144.0,15.000,15.629,124.0,15.000,15.439,132.9
50.1767,15279,78785,15.000,15.758,143.1,15.000,15.403,125.9,15.000,15.574,131.6
50.1777,15280,78790,15.000,15.824,142.9,15.000,15.277,126.1,15.000,15.456,132.6
50.1777,15281,78795,15.000,15.623,144.3,15.000,15.074,127.1,15.000,15.622,131.2
50.1777,15282,78800,15.000,15.622,143.7,15.000,14.897,127.8,15.000,15.621,131.5
50.2391,15283,78805,15.000,15.800,142.5,15.000,14.884,127.4,15.000,15.427,132.7
50.2391,15284,78810,15.000,15.793,142.9,15.000,14.703,128.6,15.000,15.600,131.1
50.2391,15285,78815,15.000,15.660,143.6,15.000,14.755,127.9,15.000,15.477,132.2
50.2391,15286,78820,15.000,15.445,144.6,15.000,14.711,128.3,15.000,15.616,130.9
50.2391,15287,78825,15.000,15.788,141.8,15.000,14.696,128.3,15.000,15.421,132.5
50.2391,15288,78830,15.000,15.792,142.5,15.000,14.520,129.5,15.000,15.604,130.8
50.2391,15289,78835,15.000,15.658,143.3,15.000,14.566,128.8,15.000,15.654,130.8
50.2391,15290,78840,15.000,15.620,143.2,15.000,14.899,126.8,15.000,15.623,131.1
50.2942,15291,78845,15.000,15.771,142.0,15.000,15.042,126.7,15.000,15.582,131.2
50.2942,15292,78850,15.000,15.798,142.1,15.000,15.073,126.8,15.000,15.435,132.0
50.2942,15293,78855,15.000,15.783,142.2,15.000,15.064,126.9,15.000,15.610,130.4
50.2942,15294,78860,15.000,15.792,142.0,15.000,15.245,125.7,15.000,15.614,130.8
50.2942,15295,78865,15.000,15.771,142.1,15.000,15.226,126.3,15.000,15.593,130.8
50.2942,15296,78870,15.000,15.951,140.8,15.000,15.228,126.2,15.000,15.594,130.7
50.2942,15297,78875,15.000,15.773,142.3,15.000,15.405,125.0,15.000,15.594,130.6
50.2942,15298,78880,15.000,15.449,143.8,15.000,15.448,125.1,15.000,15.642,130.3
50.2942,15299,78885,15.000,15.410,143.3,15.000,15.584,124.3,15.000,15.417,131.8
50.2942,15300,78890,15.000,15.227,144.3,15.000,15.406,125.7,15.000,15.601,130.0
50.2942,15301,78895,15.000,15.079,144.8,15.000,15.449,124.9,15.000,15.461,131.3
50.2942,15302,78900,15.000,14.915,145.5,15.000,15.459,124.9,15.000,15.655,129.6
50.2942,15303,78905,15.000,14.870,145.4,15.000,15.595,124.0,15.000,15.605,130.3
50.2942,15304,78910,15.000,14.722,146.3,15.000,15.635,124.0,15.000,15.462,131.1
50.2942,15305,78915,15.000,14.689,146.2,15.000,15.599,124.3,15.000,15.605,129.7
50.2942,15306,78920,15.000,14.517,147.3,15.000,15.610,124.0,15.000,15.433,131.1
50.3571,15307,78925,15.000,14.743,145.4,15.000,15.470,124.9,15.000,15.657,129.2
50.3571,15308,78930,15.000,14.868,145.2,15.000,15.590,123.7,15.000,15.411,131.3
50.3571,15309,78935,15.000,14.888,145.4,15.000,15.618,123.8,15.000,15.618,129.3
50.3571,15310,78940,15.000,14.917,145.3,15.000,15.643,123.6,15.000,15.460,130.7
50.3571,15311,78945,15.000,15.076,144.3,15.000,15.619,123.7,15.000,15.620,129.3
50.3571,15312,78950,15.000,15.059,144.8,15.000,15.601,123.7,15.000,15.419,130.9
50.3571,15313,78955,15.000,14.921,145.6,15.000,15.650,123.3,15.000,15.469,130.0
50.3571,15314,78960,15.000,15.076,144.3,15.000,15.439,124.7,15.000,15.440,130.3
50.4162,15315,78965,15.000,15.089,144.6,15.000,15.629,122.9,15.000,15.451,130.1
50.4162,15316,78970,15.000,15.091,144.6,15.000,15.452,124.5,15.000,15.458,130.0
50.4162,15317,78975,15.000,15.086,144.6,15.000,15.634,122.8,15.000,15.271,131.2
50.4162,15318,78980,15.000,15.093,144.6,15.000,15.459,124.3,15.000,15.455,129.5
50.4162,15319,78985,15.000,15.083,144.6,15.000,15.448,123.9,15.000,15.263,131.2
50.4162,15320,78990,15.000,15.043,144.9,15.000,15.586,122.9,15.000,15.221,131.0
50.4162,15321,78995,15.000,14.882,145.8,15.000,15.426,124.2,15.000,15.244,130.7
50.4162,15322,79000,15.000,14.723,146.5,15.000,15.451,123.6,15.000,15.269,130.5
50.4162,15323,79005,15.000,14.702,146.3,15.000,15.423,123.8,15.000,15.061,131.9
50.4162,15324,79010,15.000,14.330,148.7,15.000,15.593,122.6,15.000,15.050,131.5
50.4162,15325,79015,15.000,14.185,148.8,15.000,15.456,123.8,15.000,15.100,131.1
50.4162,15326,79020,15.000,14.169,148.6,15.000,15.617,122.4,15.000,15.081,131.4
50.4162,15327,79025,15.000,14.146,148.8,15.000,15.414,124.0,15.000,15.061,131.4
50.4162,15328,79030,15.000,14.167,148.8,15.000,15.616,122.2,15.000,14.901,132.4
50.4162,15329,79035,15.000,14.169,148.9,15.000,15.438,123.8,15.000,14.904,132.0
50.4162,15330,79040,15.000,14.180,148.9,15.000,15.452,123.2,15.000,15.098,130.8
50.4822,15331,79045,15.000,14.332,148.0,15.000,15.418,123.4,15.000,14.881,132.7
50.4822,15332,79050,15.000,14.511,147.3,15.000,15.604,122.1,15.000,14.882,132.1
50.4822,15333,79055,15.000,14.671,146.8,15.000,15.407,123.7,15.000,14.866,132.3
50.4822,15334,79060,15.000,14.902,145.7,15.000,15.460,122.8,15.000,14.729,133.1
50.4822,15335,79065,15.000,15.041,145.3,15.000,15.417,123.2,15.000,14.497,134.3
50.4822,15336,79070,15.000,15.255,144.3,15.000,15.450,122.8,15.000,14.345,134.8
50.4822,15337,79075,15.000,15.237,144.9,15.000,15.433,123.0,15.000,14.328,134.7
50.4822,15338,79080,15.000,15.223,144.9,15.000,15.418,123.0,15.000,14.315,134.8
50.4822,15339,79085,15.000,15.437,143.4,15.000,15.439,122.8,15.000,14.336,134.7
50.4822,15340,79090,15.000,15.414,144.1,15.000,15.420,122.9,15.000,14.138,136.1
50.4822,15341,79095,15.000,15.459,143.7,15.000,15.464,122.5,15.000,14.181,135.5
50.4822,15342,79100,15.000,15.612,142.7,15.000,15.430,122.8,15.000,14.151,135.8
50.4822,15343,79105,15.000,15.451,144.1,15.000,15.446,122.5,15.000,14.168,135.8
50.4822,15344,79110,15.000,15.080,146.0,15.000,15.263,123.7,15.000,14.353,134.7
50.4822,15345,79115,15.000,15.086,145.1,15.000,15.447,122.1,15.000,14.361,135.2
50.4822,15346,79120,15.000,14.893,146.4,15.000,15.254,123.7,15.000,14.534,134.1
50.5397,15347,79125,15.000,14.872,146.1,15.000,15.403,122.2,15.000,14.508,134.8
50.5397,15348,79130,15.000,14.921,145.7,15.000,15.281,123.3,15.000,14.565,134.4
50.5397,15349,79135,15.000,14.689,147.3,15.000,15.421,122.1,15.000,14.704,133.7
50.5397,15350,79140,15.000,14.546,147.7,15.000,15.276,123.3,15.000,14.740,133.8
50.5397,15351,79145,15.000,14.501,147.7,15.000,15.417,122.0,15.000,14.699,134.2
50.5397,15352,79150,15.000,14.343,148.7,15.000,15.256,123.4,15.000,14.904,132.8
50.5397,15353,79155,15.000,14.512,147.3,15.000,15.425,121.9,15.000,14.894,133.4
50.5397,15354,79160,15.000,14.856,145.5,15.000,15.397,122.4,15.000,14.686,134.7
50.6000,15355,79165,15.000,15.045,145.1,15.000,15.403,122.3,15.000,14.689,134.2
50.6000,15356,79170,15.000,15.212,144.5,15.000,15.393,122.3,15.000,14.680,134.3
50.6000,15357,79175,15.000,15.095,145.7,15.000,15.470,121.7,15.000,14.564,135.1
50.6000,15358,79180,15.000,15.216,144.6,15.000,15.401,122.3,15.000,14.495,135.3
50.6000,15359,79185,15.000,15.248,144.6,15.000,15.071,124.2,15.000,14.348,136.2
50.6000,15360,79190,15.000,15.579,142.5,15.000,15.039,123.6,15.000,14.496,134.9
50.6000,15361,79195,15.000,15.608,143.1,15.000,14.886,124.6,15.000,14.522,135.2
50.6000,15362,79200,15.000,15.619,143.0,15.000,14.897,124.1,15.000,14.350,136.4
50.6000,15363,79205,15.000,15.614,143.0,15.000,14.710,125.4,15.000,14.342,136.1
50.6000,15364,79210,15.000,15.813,141.6,15.000,14.727,124.9,15.000,14.725,133.7
50.6000,15365,79215,15.000,15.648,143.1,15.000,14.385,127.2,15.000,14.745,134.5
50.6000,15366,79220,15.000,15.632,142.7,15.000,14.545,125.4,15.000,14.728,134.7
50.6000,15367,79225,15.000,15.769,141.7,15.000,14.319,127.3,15.000,15.049,132.6
50.6000,15368,79230,15.000,15.632,142.8,15.000,14.363,126.5,15.000,15.093,133.1
50.6000,15369,79235,15.000,15.814,141.2,15.000,14.546,125.5,15.000,15.093,133.2
50.6000,15370,79240,15.000,15.647,142.7,15.000,14.735,124.8,15.000,15.102,133.1
50.6487,15371,79245,15.000,15.642,142.2,15.000,14.724,125.3,15.000,15.092,133.2
50.6487,15372,79250,15.000,15.777,141.3,15.000,14.689,125.6,15.000,15.236,132.2
50.6487,15373,79255,15.000,15.812,141.3,15.000,14.907,124.1,15.000,15.271,132.3
50.6487,15374,79260,15.000,15.618,142.5,15.000,14.895,124.7,15.000,15.257,132.4
50.6487,15375,79265,15.000,15.769,141.0,15.000,15.047,123.7,15.000,15.228,132.5
50.6487,15376,79270,15.000,15.821,140.9,15.000,15.099,123.7,15.000,15.458,131.0
50.6487,15377,79275,15.000,15.825,140.9,15.000,15.103,123.8,15.000,15.283,132.6
50.6487,15378,79280,15.000,15.790,141.1,15.000,15.247,122.9,15.000,15.424,131.2
50.7109,15379,79285,15.000,15.761,141.1,15.000,15.215,123.4,15.000,15.573,130.5
50.7109,15380,79290,15.000,15.972,139.6,15.000,15.256,123.0,15.000,15.429,131.8
50.7109,15381,79295,15.000,15.964,140.0,15.000,15.254,123.1,15.000,15.427,131.4
50.7109,15382,79300,15.000,15.803,140.9,15.000,15.445,121.8,15.000,15.438,131.3
50.7109,15383,79305,15.000,15.809,140.4,15.000,15.269,123.4,15.000,15.444,131.2
50.7109,15384,79310,15.000,15.783,140.5,15.000,15.243,123.1,15.000,15.412,131.4
50.7109,15385,79315,15.000,15.831,140.0,15.000,15.470,121.5,15.000,15.644,129.7
50.7109,15386,79320,15.000,15.588,141.6,15.000,15.226,123.6,15.000,15.398,131.8
50.7744,15387,79325,15.000,15.621,140.8,15.000,15.435,121.6,15.000,15.606,129.8
50.7744,15388,79330,15.000,15.639,140.7,15.000,15.277,123.1,15.000,15.453,131.3
50.7744,15389,79335,15.000,15.670,140.4,15.000,15.495,121.3,15.000,15.489,130.6
50.7744,15390,79340,15.000,15.464,141.8,15.000,15.280,123.2,15.000,15.459,130.8
50.7744,15391,79345,15.000,15.448,141.3,15.000,15.447,121.5,15.000,15.626,129.6
50.7744,15392,79350,15.000,15.281,142.3,15.000,15.282,122.9,15.000,15.461,131.0
50.7744,15393,79355,15.000,15.080,143.2,15.000,15.262,122.6,15.000,15.621,129.5
50.7744,15394,79360,15.000,15.105,142.5,15.000,15.469,121.2,15.000,15.471,130.8
50.7744,15395,79365,15.000,15.069,142.8,15.000,15.250,123.1,15.000,15.428,130.7
50.7744,15396,79370,15.000,15.098,142.5,15.000,15.466,121.1,15.000,15.463,130.3
50.7744,15397,79375,15.000,15.082,142.7,15.000,15.272,122.9,15.000,15.451,130.4
50.7744,15398,79380,15.000,15.076,142.7,15.000,15.443,121.2,15.000,15.440,130.4
50.7744,15399,79385,15.000,14.854,144.1,15.000,15.220,123.1,15.000,15.395,130.6
50.7744,15400,79390,15.000,14.855,143.6,15.000,15.403,121.3,15.000,15.396,130.5
50.7744,15401,79395,15.000,14.691,144.7,15.000,15.239,122.8,15.000,15.414,130.3
50.7744,15402,79400,15.000,14.866,143.2,15.000,15.414,121.2,15.000,15.405,130.4
50.8372,15403,79405,15.000,14.886,143.5,15.000,15.429,121.5,15.000,15.241,131.4
50.8372,15404,79410,15.000,15.055,142.4,15.000,15.242,122.7,15.000,15.417,129.8
50.8372,15405,79415,15.000,14.888,143.9,15.000,15.440,120.9,15.000,15.252,131.2
50.8372,15406,79420,15.000,15.074,142.3,15.000,15.258,122.5,15.000,15.252,130.8
50.8372,15407,79425,15.000,14.870,144.1,15.000,15.412,121.0,15.000,15.225,131.0
50.8372,15408,79430,15.000,15.052,142.4,15.000,15.232,122.5,15.000,15.226,130.9
50.8372,15409,79435,15.000,15.105,142.5,15.000,15.287,121.7,15.000,15.103,131.6
50.8372,15410,79440,15.000,15.107,142.6,15.000,15.288,121.8,15.000,15.105,131.3
50.8991,15411,79445,15.000,15.249,141.7,15.000,15.248,122.1,15.000,14.883,132.8
50.8991,15412,79450,15.000,15.260,141.9,15.000,15.264,121.8,15.000,15.083,130.9
50.8991,15413,79455,15.000,15.409,141.0,15.000,15.240,122.0,15.000,15.057,131.6
50.8991,15414,79460,15.000,15.243,142.4,15.000,15.432,120.6,15.000,14.885,132.6
50.8991,15415,79465,15.000,15.429,140.7,15.000,15.254,122.2,15.000,14.889,132.2
50.8991,15416,79470,15.000,15.237,142.4,15.000,15.243,121.8,15.000,14.878,132.3
50.8991,15417,79475,15.000,15.429,140.6,15.000,15.257,121.7,15.000,14.532,134.5
50.8991,15418,79480,15.000,15.251,142.2,15.000,15.261,121.7,15.000,14.536,133.7
50.8991,15419,79485,15.000,15.413,140.7,15.000,15.418,120.6,15.000,14.329,135.1
50.8991,15420,79490,15.000,15.406,141.1,15.000,15.233,122.2,15.000,14.326,134.7
50.8991,15421,79495,15.000,15.455,140.7,15.000,15.281,121.4,15.000,14.375,134.5
50.8991,15422,79500,15.000,15.443,140.8,15.000,15.263,121.6,15.000,14.174,136.0
50.8991,15423,79505,15.000,15.473,140.6,15.000,15.290,121.3,15.000,14.018,136.6
50.8991,15424,79510,15.000,15.451,140.7,15.000,15.261,121.5,15.000,13.813,137.7
50.8991,15425,79515,15.000,15.428,140.8,15.000,15.243,121.6,15.000,13.795,137.5
50.8991,15426,79520,15.000,15.425,140.7,15.000,15.238,121.5,15.000,13.610,138.8
50.9615,15427,79525,15.000,15.281,141.6,15.000,15.278,121.2,15.000,13.825,137.1
50.9615,15428,79530,15.000,15.402,140.4,15.000,15.225,121.6,15.000,13.773,138.1
50.9615,15429,79535,15.000,15.241,141.7,15.000,14.883,123.7,15.000,13.980,136.7
50.9615,15430,79540,15.000,15.443,140.0,15.000,14.898,122.8,15.000,13.811,138.4
50.9615,15431,79545,15.000,15.263,141.6,15.000,14.718,124.0,15.000,13.814,138.2
50.9615,15432,79550,15.000,15.428,140.0,15.000,14.341,126.1,15.000,13.799,138.4
50.9615,15433,79555,15.000,15.251,141.5,15.000,14.163,126.4,15.000,13.988,137.3
50.9615,15434,79560,15.000,15.424,140.0,15.000,13.979,127.3,15.000,14.342,135.5
50.9615,15435,79565,15.000,15.437,140.2,15.000,13.803,128.1,15.000,14.347,136.4
50.9615,15436,79570,15.000,15.464,140.0,15.000,13.836,127.6,15.000,14.561,135.1
50.9615,15437,79575,15.000,15.589,139.2,15.000,13.600,129.4,15.000,14.509,136.0
50.9615,15438,79580,15.000,15.478,140.2,15.000,13.662,128.5,15.000,14.754,134.4
50.9615,15439,79585,15.000,15.607,139.0,15.000,13.797,128.0,15.000,14.705,135.3
50.9615,15440,79590,15.000,15.444,140.3,15.000,13.632,129.5,15.000,14.909,133.9
50.9615,15441,79595,15.000,15.575,139.0,15.000,13.945,127.2,15.000,15.040,133.5
50.9615,15442,79600,15.000,15.437,140.2,15.000,14.168,126.7,15.000,15.082,133.6
51.0208,15443,79605,15.000,15.583,138.8,15.000,14.310,126.4,15.000,15.218,132.8
51.0208,15444,79610,15.000,15.598,139.0,15.000,14.332,126.6,15.000,15.061,134.1
51.0208,15445,79615,15.000,15.439,140.0,15.000,14.721,124.2,15.000,15.270,132.3
51.0208,15446,79620,15.000,15.572,138.7,15.000,14.673,125.5,15.000,15.222,133.1
51.0208,15447,79625,15.000,15.431,139.9,15.000,14.713,125.2,15.000,15.445,131.5
51.0208,15448,79630,15.000,15.609,138.4,15.000,14.889,124.1,15.000,15.254,133.3
51.0208,15449,79635,15.000,15.441,139.8,15.000,14.902,124.5,15.000,15.447,131.5
51.0208,15450,79640,15.000,15.610,138.3,15.000,15.072,123.4,15.000,15.431,132.0
51.0725,15451,79645,15.000,15.452,139.6,15.000,15.088,123.7,15.000,15.446,131.9
51.0725,15452,79650,15.000,15.592,138.3,15.000,15.052,124.0,15.000,15.411,132.1
51.0725,15453,79655,15.000,15.439,139.5,15.000,15.271,122.5,15.000,15.452,131.7
51.0725,15454,79660,15.000,15.428,139.2,15.000,15.251,123.1,15.000,15.433,131.8
51.0725,15455,79665,15.000,15.430,139.1,15.000,15.258,123.0,15.000,15.438,131.7
51.0725,15456,79670,15.000,15.458,138.9,15.000,15.281,122.8,15.000,15.461,131.5
51.0725,15457,79675,15.000,15.451,138.9,15.000,15.455,121.7,15.000,15.452,131.6
51.0725,15458,79680,15.000,15.416,139.1,15.000,15.239,123.5,15.000,15.598,130.6
51.1312,15459,79685,15.000,15.602,137.8,15.000,15.422,121.7,15.000,15.420,132.0
51.1312,15460,79690,15.000,15.435,139.2,15.000,15.441,122.0,15.000,15.625,130.2
51.1312,15461,79695,15.000,15.612,137.6,15.000,15.267,123.1,15.000,15.452,131.7
51.1312,15462,79700,15.000,15.444,139.1,15.000,15.456,121.4,15.000,15.641,130.0
51.1312,15463,79705,15.000,15.599,137.6,15.000,15.249,123.2,15.000,15.432,131.8
51.1312,15464,79710,15.000,15.457,138.8,15.000,15.472,121.2,15.000,15.657,129.8
51.1312,15465,79715,15.000,15.435,138.6,15.000,15.264,123.1,15.000,15.449,131.6
51.1312,15466,79720,15.000,15.432,138.5,15.000,15.442,121.4,15.000,15.626,129.9
51.1312,15467,79725,15.000,15.436,138.4,15.000,15.260,122.9,15.000,15.445,131.4
51.1312,15468,79730,15.000,15.430,138.4,15.000,15.438,121.3,15.000,15.444,130.9
51.1312,15469,79735,15.000,15.284,139.3,15.000,15.295,122.6,15.000,15.482,130.6
51.1312,15470,79740,15.000,15.229,139.3,15.000,15.239,122.6,15.000,15.419,131.1
51.1312,15471,79745,15.000,15.235,139.1,15.000,15.421,121.3,15.000,15.600,129.7
51.1312,15472,79750,15.000,15.261,138.9,15.000,15.267,122.6,15.000,15.447,131.1
51.1312,15473,79755,15.000,15.084,140.1,15.000,15.449,121.1,15.000,15.630,129.4
51.1312,15474,79760,15.000,15.060,139.8,15.000,15.240,122.8,15.000,15.420,131.2
51.1792,15475,79765,15.000,15.050,139.8,15.000,15.406,121.2,15.000,15.585,129.6
51.1792,15476,79770,15.000,14.888,140.8,15.000,15.247,122.6,15.000,15.610,129.7
51.1792,15477,79775,15.000,15.048,139.4,15.000,15.232,122.3,15.000,15.594,129.8
51.1792,15478,79780,15.000,14.895,140.8,15.000,15.256,122.1,15.000,15.618,129.6
51.1792,15479,79785,15.000,14.864,140.6,15.000,15.225,122.3,15.000,15.586,129.7
51.1792,15480,79790,15.000,14.893,140.4,15.000,15.438,120.8,15.000,15.438,130.6
51.1792,15481,79795,15.000,14.735,141.5,15.000,15.282,122.3,15.000,15.465,130.0
51.1792,15482,79800,15.000,14.711,141.3,15.000,15.257,122.0,15.000,15.440,130.2
51.2399,15483,79805,15.000,14.892,140.1,15.000,15.249,122.0,15.000,15.432,130.1
51.2399,15484,79810,15.000,14.710,141.7,15.000,15.255,121.9,15.000,15.438,130.0
51.2399,15485,79815,15.000,14.718,141.3,15.000,15.270,121.8,15.000,15.272,131.0
51.2399,15486,79820,15.000,14.717,141.3,15.000,15.264,121.8,15.000,15.265,130.7
51.2399,15487,79825,15.000,14.525,142.6,15.000,15.432,120.7,15.000,15.252,130.7
51.2399,15488,79830,15.000,14.716,141.0,15.000,15.260,122.2,15.000,15.083,131.7
51.2399,15489,79835,15.000,14.724,141.4,15.000,15.265,121.7,15.000,15.270,130.1
51.2399,15490,79840,15.000,14.716,141.5,15.000,15.256,121.7,15.000,15.261,130.6
51.2399,15491,79845,15.000,14.881,140.4,15.000,15.237,121.8,15.000,15.059,131.8
51.2399,15492,79850,15.000,14.881,140.9,15.000,15.241,121.7,15.000,15.063,131.3
51.2399,15493,79855,15.000,14.719,141.9,15.000,15.269,121.5,15.000,14.909,132.3
51.2399,15494,79860,15.000,15.052,139.4,15.000,15.235,121.8,15.000,15.052,131.0
51.2399,15495,79865,15.000,15.072,140.1,15.000,15.256,121.5,15.000,15.071,131.2
51.2399,15496,79870,15.000,15.059,140.2,15.000,15.248,121.6,15.000,14.881,132.5
51.2399,15497,79875,15.000,15.096,139.9,15.000,15.104,122.5,15.000,14.917,131.8
51.2399,15498,79880,15.000,15.088,140.0,15.000,15.278,121.0,15.000,14.907,132.0
51.3053,15499,79885,15.000,15.069,140.1,15.000,15.256,121.5,15.000,14.881,132.2
51.3053,15500,79890,15.000,15.074,140.1,15.000,15.082,122.6,15.000,14.891,132.0
51.3053,15501,79895,15.000,15.056,140.2,15.000,15.249,121.1,15.000,14.877,132.2
51.3053,15502,79900,15.000,15.067,140.1,15.000,15.255,121.4,15.000,14.885,132.1
51.3053,15503,79905,15.000,15.239,138.9,15.000,15.244,121.4,15.000,15.056,131.0
51.3053,15504,79910,15.000,15.075,140.4,15.000,15.260,121.3,15.000,14.894,132.5
51.3053,15505,79915,15.000,15.244,138.9,15.000,15.064,122.6,15.000,14.883,132.2
51.3053,15506,79920,15.000,15.250,139.2,15.000,15.250,120.9,15.000,14.887,132.1
51.3659,15507,79925,15.000,15.403,138.2,15.000,15.218,121.5,15.000,15.033,131.2
51.3659,15508,79930,15.000,15.226,139.7,15.000,15.229,121.3,15.000,15.042,131.5
51.3659,15509,79935,15.000,15.262,139.0,15.000,15.272,121.1,15.000,14.908,132.4
51.3659,15510,79940,15.000,15.439,137.9,15.000,15.260,121.2,15.000,14.895,132.2
51.3659,15511,79945,15.000,15.249,139.5,15.000,15.247,121.2,15.000,15.062,131.1
51.3659,15512,79950,15.000,15.447,137.8,15.000,15.260,121.1,15.000,15.074,131.4
51.3659,15513,79955,15.000,15.261,139.4,15.000,15.076,122.3,15.000,15.071,131.4
51.3659,15514,79960,15.000,15.285,138.8,15.000,15.279,120.5,15.000,15.093,131.3
51.3659,15515,79965,15.000,15.270,138.9,15.000,15.264,121.1,15.000,15.076,131.4
51.3659,15516,79970,15.000,15.419,137.8,15.000,15.233,121.2,15.000,15.228,130.4
51.3659,15517,79975,15.000,15.259,139.2,15.000,15.259,120.9,15.000,15.073,131.7
51.3659,15518,79980,15.000,15.281,138.6,15.000,15.091,122.1,15.000,15.276,130.0
51.3659,15519,79985,15.000,15.419,137.8,15.000,15.231,120.7,15.000,15.234,130.7
51.3659,15520,79990,15.000,15.221,139.3,15.000,15.211,121.2,15.000,15.394,129.6
51.3659,15521,79995,15.000,15.468,137.2,15.000,15.101,121.8,15.000,15.285,130.6
51.3659,15522,80000,15.000,15.239,139.3,15.000,15.237,120.7,15.000,15.240,130.6
51.4261,15523,80005,15.000,15.449,137.3,15.000,15.256,120.8,15.000,15.262,130.3
51.4261,15524,80010,15.000,15.440,137.8,15.000,14.887,123.3,15.000,15.258,130.4
51.4261,15525,80015,15.000,15.440,137.7,15.000,14.892,122.4,15.000,15.262,130.3
51.4261,15526,80020,15.000,15.259,138.9,15.000,14.707,123.6,15.000,15.256,130.3
51.4261,15527,80025,15.000,15.275,138.3,15.000,14.723,123.1,15.000,15.270,130.2
51.4261,15528,80030,15.000,15.436,137.3,15.000,14.703,123.3,15.000,15.249,130.3
51.4261,15529,80035,15.000,15.259,138.8,15.000,14.524,124.4,15.000,15.250,130.3
51.4261,15530,80040,15.000,15.450,137.1,15.000,14.536,124.0,15.000,15.262,130.2
51.4879,15531,80045,15.000,15.237,138.9,15.000,14.501,124.3,15.000,15.227,130.4
51.4879,15532,80050,15.000,15.440,137.0,15.000,14.346,125.3,15.000,15.254,130.1
51.4879,15533,80055,15.000,15.233,138.8,15.000,14.330,125.1,15.000,15.235,130.3
51.4879,15534,80060,15.000,15.242,138.2,15.000,14.518,123.9,15.000,15.241,130.1
51.4879,15535,80065,15.000,15.241,138.2,15.000,14.695,123.2,15.000,15.418,129.0
51.4879,15536,80070,15.000,15.283,137.9,15.000,14.736,123.4,15.000,15.281,130.2
51.4879,15537,80075,15.000,15.447,136.9,15.000,14.717,123.7,15.000,15.446,128.8
51.4879,15538,80080,15.000,15.225,138.7,15.000,14.858,122.7,15.000,15.225,130.6
51.4889,15539,80085,15.000,15.450,136.7,15.000,14.892,122.9,15.000,15.442,128.6
51.4889,15540,80090,15.000,15.276,138.3,15.000,14.907,122.9,15.000,15.277,130.2
51.4889,15541,80095,15.000,15.252,138.0,15.000,15.063,121.9,15.000,15.433,128.7
51.4889,15542,80100,15.000,14.897,140.2,15.000,15.071,122.2,15.000,15.440,129.0
51.4889,15543,80105,15.000,14.880,139.5,15.000,15.232,121.2,15.000,15.419,129.1
51.4889,15544,80110,15.000,14.877,139.5,15.000,15.230,121.6,15.000,15.416,129.0
51.4889,15545,80115,15.000,14.700,140.6,15.000,15.052,122.7,15.000,15.239,130.1
51.4889,15546,80120,15.000,14.718,140.1,15.000,15.256,120.9,15.000,15.444,128.3
51.5499,15547,80125,15.000,14.526,141.4,15.000,15.243,121.5,15.000,15.250,130.0
51.5499,15548,80130,15.000,14.537,141.0,15.000,15.077,122.5,15.000,15.440,128.3
51.5499,15549,80135,15.000,14.345,142.3,15.000,15.262,120.9,15.000,15.255,129.9
51.5499,15550,80140,15.000,14.162,143.1,15.000,15.256,121.3,15.000,15.251,129.5
51.5499,15551,80145,15.000,14.158,142.8,15.000,15.252,121.3,15.000,15.247,129.5
51.5499,15552,80150,15.000,14.345,141.7,15.000,15.255,121.3,15.000,15.249,129.4
51.5499,15553,80155,15.000,14.350,142.2,15.000,15.081,122.4,15.000,15.256,129.3
51.5499,15554,80160,15.000,14.362,142.2,15.000,15.277,120.7,15.000,15.269,129.2
51.6164,15555,80165,15.000,14.185,143.4,15.000,15.278,121.1,15.000,15.269,129.2
51.6164,15556,80170,15.000,14.159,143.3,15.000,15.070,122.4,15.000,15.058,130.6
51.6164,15557,80175,15.000,14.341,142.1,15.000,15.255,120.7,15.000,15.065,130.0
51.6164,15558,80180,15.000,14.349,142.6,15.000,15.259,121.1,15.000,14.890,131.2
51.6164,15559,80185,15.000,14.351,142.6,15.000,15.258,121.1,15.000,14.707,132.0
51.6164,15560,80190,15.000,14.512,141.7,15.000,15.240,121.2,15.000,14.686,131.7
51.6164,15561,80195,15.000,14.551,141.9,15.000,15.100,122.0,15.000,14.545,132.6
51.6164,15562,80200,15.000,14.732,140.8,15.000,15.282,120.5,15.000,14.545,132.3
51.6164,15563,80205,15.000,14.732,141.3,15.000,15.279,120.9,15.000,14.362,133.6
51.6164,15564,80210,15.000,14.691,141.6,15.000,15.233,121.2,15.000,14.500,132.3
51.6164,15565,80215,15.000,14.875,140.3,15.000,15.241,121.0,15.000,14.508,132.6
51.6164,15566,80220,15.000,14.703,141.9,15.000,15.250,120.9,15.000,14.520,132.6
51.6164,15567,80225,15.000,14.721,141.4,15.000,15.085,122.0,15.000,14.533,132.6
51.6164,15568,80230,15.000,14.717,141.5,15.000,15.264,120.4,15.000,14.533,132.7
51.6164,15569,80235,15.000,14.509,142.9,15.000,15.051,122.2,15.000,14.687,131.8
51.6164,15570,80240,15.000,14.546,142.2,15.000,15.269,120.2,15.000,14.722,131.9
51.6741,15571,80245,15.000,14.686,141.4,15.000,15.229,121.0,15.000,14.684,132.3
51.6741,15572,80250,15.000,14.498,143.0,15.000,15.045,122.1,15.000,14.680,132.3
51.6741,15573,80255,15.000,14.521,142.5,15.000,15.255,120.3,15.000,14.708,132.1
51.6741,15574,80260,15.000,14.697,141.5,15.000,15.070,121.9,15.000,14.702,132.3
51.6741,15575,80265,15.000,14.727,141.7,15.000,14.914,122.5,15.000,14.732,132.1
51.6741,15576,80270,15.000,14.870,140.9,15.000,14.869,122.4,15.000,14.687,132.5
51.6741,15577,80275,15.000,14.886,141.1,15.000,14.702,123.4,15.000,14.704,132.3
51.6741,15578,80280,15.000,14.887,141.2,15.000,14.524,124.2,15.000,14.705,132.4
51.7387,15579,80285,15.000,15.094,139.9,15.000,14.547,123.7,15.000,14.729,132.2
51.7387,15580,80290,15.000,15.221,139.5,15.000,14.317,125.3,15.000,14.862,131.5
51.7387,15581,80295,15.000,15.096,140.6,15.000,14.372,124.5,15.000,14.916,131.4
51.7387,15582,80300,15.000,15.098,140.3,15.000,14.369,124.7,15.000,14.915,131.6
51.7387,15583,80305,15.000,15.260,139.2,15.000,14.169,126.1,15.000,14.896,131.7
51.7387,15584,80310,15.000,15.090,140.7,15.000,14.178,125.6,15.000,14.726,132.8
51.7387,15585,80315,15.000,15.081,140.3,15.000,14.352,124.6,15.000,14.715,132.5
51.7387,15586,80320,15.000,15.254,139.2,15.000,14.530,123.9,15.000,14.892,131.4
51.7387,15587,80325,15.000,15.219,139.8,15.000,14.675,123.5,15.000,14.854,132.0
51.7387,15588,80330,15.000,15.257,139.4,15.000,14.719,123.6,15.000,14.898,131.7
51.7387,15589,80335,15.000,15.252,139.5,15.000,14.718,123.7,15.000,14.896,131.8
51.7387,15590,80340,15.000,15.260,139.4,15.000,14.898,122.6,15.000,14.897,131.8
51.7387,15591,80345,15.000,15.243,139.5,15.000,14.882,123.1,15.000,14.882,131.9
51.7387,15592,80350,15.000,15.418,138.3,15.000,14.875,123.1,15.000,14.875,131.9
51.7387,15593,80355,15.000,15.226,139.9,15.000,15.041,122.1,15.000,14.861,132.0
51.7387,15594,80360,15.000,15.439,138.1,15.000,15.073,122.3,15.000,15.076,130.6
51.8022,15595,80365,15.000,15.409,138.7,15.000,15.039,122.5,15.000,15.043,131.3
51.8022,15596,80370,15.000,15.459,138.3,15.000,15.093,122.1,15.000,14.914,132.1
51.8022,15597,80375,15.000,15.269,139.6,15.000,15.087,122.3,15.000,14.906,131.8
51.8022,15598,80380,15.000,15.460,137.9,15.000,15.088,122.2,15.000,15.093,130.6
51.8022,15599,80385,15.000,15.447,138.3,15.000,15.257,121.1,15.000,15.080,131.1
51.8022,15600,80390,15.000,15.445,138.3,15.000,15.078,122.7,15.000,14.902,132.3
51.8022,15601,80395,15.000,15.449,138.2,15.000,15.264,121.0,15.000,15.088,130.6
51.8022,15602,80400,15.000,15.272,139.3,15.000,15.269,121.4,15.000,15.093,131.0
51.8022,15603,80405,15.000,15.457,137.6,15.000,15.093,122.5,15.000,15.275,129.8
51.8022,15604,80410,15.000,15.257,139.3,15.000,15.260,121.0,15.000,15.079,131.5
51.8022,15605,80415,15.000,15.464,137.5,15.000,15.289,121.2,15.000,15.106,130.9
51.8022,15606,80420,15.000,15.254,139.3,15.000,15.253,121.5,15.000,15.255,130.0
51.8022,15607,80425,15.000,15.465,137.4,15.000,15.282,121.1,15.000,15.285,130.1
51.8022,15608,80430,15.000,15.222,139.4,15.000,15.399,120.4,15.000,15.215,130.6
51.8022,15609,80435,15.000,15.409,137.6,15.000,15.225,121.8,15.000,15.222,130.3
51.8022,15610,80440,15.000,15.261,139.0,15.000,15.256,121.1,15.000,15.255,130.1
51.8619,15611,80445,15.000,15.269,138.5,15.000,15.257,121.2,15.000,15.255,130.2
51.8619,15612,80450,15.000,15.234,138.7,15.000,15.229,121.3,15.000,15.226,130.3
51.8619,15613,80455,15.000,14.910,140.7,15.000,15.273,121.0,15.000,15.278,129.9
51.8619,15614,80460,15.000,14.891,140.1,15.000,15.247,121.2,15.000,15.254,130.1
51.8619,15615,80465,15.000,14.683,141.4,15.000,15.221,121.3,15.000,15.408,129.1
51.8619,15616,80470,15.000,14.714,140.7,15.000,15.073,122.2,15.000,15.260,130.3
51.8619,15617,80475,15.000,14.503,142.2,15.000,15.225,120.8,15.000,15.231,130.1
51.8619,15618,80480,15.000,14.549,141.5,15.000,15.096,122.0,15.000,15.287,129.7
51.9139,15619,80485,15.000,14.544,141.7,15.000,15.265,120.6,15.000,15.276,129.9
51.9139,15620,80490,15.000,14.536,141.8,15.000,15.261,121.0,15.000,15.454,128.6
51.9139,15621,80495,15.000,14.530,141.8,15.000,15.078,122.1,15.000,15.270,130.2
51.9139,15622,80500,15.000,14.711,140.7,15.000,15.253,120.5,15.000,15.445,128.6
51.9139,15623,80505,15.000,14.851,140.3,15.000,15.207,121.2,15.000,15.214,130.5
51.9139,15624,80510,15.000,14.900,140.3,15.000,15.079,121.9,15.000,15.263,129.6
51.9139,15625,80515,15.000,14.915,140.3,15.000,15.278,120.3,15.000,15.284,129.5
51.9139,15626,80520,15.000,14.864,140.7,15.000,15.223,121.1,15.000,15.402,128.8
51.9707,15627,80525,15.000,15.058,139.3,15.000,15.236,120.9,15.000,15.418,128.9
51.9717,15628,80530,15.000,14.885,140.9,15.000,15.252,120.8,15.000,15.251,130.0
51.9717,15629,80535,15.000,14.718,141.6,15.000,15.090,121.8,15.000,15.453,128.2
51.9717,15630,80540,15.000,14.864,140.3,15.000,15.231,120.5,15.000,15.234,130.1
51.9717,15631,80545,15.000,14.874,140.6,15.000,15.242,120.8,15.000,15.430,128.3
51.9717,15632,80550,15.000,14.701,141.8,15.000,15.068,121.9,15.000,15.256,129.8
51.9717,15633,80555,15.000,14.925,139.9,15.000,15.294,120.0,15.000,15.296,129.1
51.9717,15634,80560,15.000,14.886,140.7,15.000,15.254,120.8,15.000,15.439,128.2
51.9717,15635,80565,15.000,14.885,140.6,15.000,15.066,121.9,15.000,15.249,129.8
51.9717,15636,80570,15.000,15.083,139.4,15.000,15.272,120.1,15.000,15.281,129.1
51.9717,15637,80575,15.000,14.916,140.9,15.000,15.106,121.6,15.000,15.292,129.1
51.9717,15638,80580,15.000,15.063,139.6,15.000,14.883,122.6,15.000,15.428,128.2
51.9717,15639,80585,15.000,15.245,138.7,15.000,14.882,122.1,15.000,15.245,129.6
51.9717,15640,80590,15.000,14.925,141.2,15.000,14.746,123.0,15.000,15.287,128.9
51.9717,15641,80595,15.000,14.891,140.7,15.000,14.710,123.0,15.000,15.247,129.2
51.9717,15642,80600,15.000,14.889,140.6,15.000,14.707,122.9,15.000,15.422,128.0
52.0175,15643,80605,15.000,14.853,140.9,15.000,14.489,124.4,15.000,15.389,128.5
52.0175,15644,80610,15.000,14.868,140.7,15.000,14.505,123.8,15.000,15.407,128.3
52.0175,15645,80615,15.000,14.854,140.8,15.000,14.496,124.0,15.000,15.398,128.4
52.0175,15646,80620,15.000,14.723,141.7,15.000,14.362,124.9,15.000,15.264,129.2
52.0175,15647,80625,15.000,14.695,141.6,15.000,14.334,124.8,15.000,15.414,127.8
52.0175,15648,80630,15.000,14.731,141.3,15.000,14.551,123.4,15.000,15.273,129.1
52.0175,15649,80635,15.000,14.526,142.8,15.000,14.707,123.0,15.000,15.247,128.9
52.0175,15650,80640,15.000,14.852,140.2,15.000,14.673,123.6,15.000,15.392,127.8
52.0686,15651,80645,15.000,14.873,140.9,15.000,14.690,123.4,15.000,15.229,129.2
52.0686,15652,80650,15.000,14.911,140.7,15.000,14.735,123.2,15.000,15.095,129.6
52.0686,15653,80655,15.000,14.731,142.0,15.000,14.917,122.2,15.000,15.097,129.3
52.0686,15654,80660,15.000,14.719,141.6,15.000,14.901,122.7,15.000,15.076,129.4
52.0686,15655,80665,15.000,14.911,140.4,15.000,14.913,122.6,15.000,15.090,129.3
52.0686,15656,80670,15.000,14.706,142.2,15.000,15.074,121.6,15.000,15.068,129.5
52.0686,15657,80675,15.000,14.716,141.7,15.000,15.084,121.9,15.000,14.899,130.5
52.0686,15658,80680,15.000,14.883,140.6,15.000,15.068,122.0,15.000,14.882,130.2
52.1263,15659,80685,15.000,14.875,141.1,15.000,15.057,122.1,15.000,14.871,130.3
52.1263,15660,80690,15.000,14.733,142.0,15.000,15.097,121.8,15.000,14.734,131.1
52.1263,15661,80695,15.000,14.899,140.6,15.000,15.265,120.8,15.000,14.902,129.7
52.1263,15662,80700,15.000,14.892,141.1,15.000,15.254,121.2,15.000,14.891,130.2
52.1263,15663,80705,15.000,14.884,141.1,15.000,15.065,122.4,15.000,14.883,130.3
52.1263,15664,80710,15.000,15.057,140.0,15.000,15.239,120.8,15.000,14.700,131.5
52.1263,15665,80715,15.000,14.906,141.4,15.000,15.270,121.0,15.000,14.727,130.9
52.1263,15666,80720,15.000,14.873,141.3,15.000,15.048,122.5,15.000,14.689,131.2
52.1263,15667,80725,15.000,15.077,139.9,15.000,15.247,120.6,15.000,14.707,131.0
52.1263,15668,80730,15.000,14.860,141.8,15.000,15.217,121.3,15.000,14.856,130.1
52.1263,15669,80735,15.000,14.913,140.9,15.000,15.096,122.0,15.000,14.914,130.1
52.1263,15670,80740,15.000,14.898,141.1,15.000,15.257,120.6,15.000,14.893,130.4
52.1263,15671,80745,15.000,14.542,143.4,15.000,15.084,122.1,15.000,14.721,131.5
52.1263,15672,80750,15.000,14.712,141.5,15.000,15.071,121.8,15.000,14.707,131.2
52.1263,15673,80755,15.000,14.709,142.0,15.000,15.247,120.6,15.000,14.879,130.1
52.1263,15674,80760,15.000,14.734,141.9,15.000,15.091,122.0,15.000,14.907,130.4
52.1881,15675,80765,15.000,14.721,142.0,15.000,15.254,120.5,15.000,14.886,130.6
52.1890,15676,80770,15.000,15.084,139.7,15.000,15.262,120.8,15.000,14.895,130.5
52.1890,15677,80775,15.000,14.906,141.7,15.000,15.089,122.0,15.000,14.904,130.4
52.1890,15678,80780,15.000,14.896,141.3,15.000,15.253,120.5,15.000,14.888,130.6
52.1890,15679,80785,15.000,15.052,140.3,15.000,15.228,121.0,15.000,14.862,130.7
52.1890,15680,80790,15.000,15.061,140.6,15.000,15.056,122.0,15.000,14.872,130.6
52.1890,15681,80795,15.000,15.251,139.4,15.000,15.247,120.4,15.000,14.880,130.6
52.1890,15682,80800,15.000,15.058,141.1,15.000,15.235,120.9,15.000,14.868,130.7
52.2356,15683,80805,15.000,14.915,141.5,15.000,15.091,121.8,15.000,14.729,131.6
52.2356,15684,80810,15.000,14.700,142.6,15.000,15.242,120.4,15.000,14.519,132.7
52.2356,15685,80815,15.000,14.522,143.3,15.000,15.073,121.8,15.000,14.533,132.1
52.2356,15686,80820,15.000,14.179,145.1,15.000,15.087,121.3,15.000,14.365,133.3
52.2356,15687,80825,15.000,14.152,144.6,15.000,15.241,120.4,15.000,14.339,133.2
52.2356,15688,80830,15.000,14.162,144.6,15.000,15.072,121.8,15.000,14.170,134.3
52.2356,15689,80835,15.000,13.811,147.0,15.000,15.271,120.1,15.000,14.184,133.9
52.2356,15690,80840,15.000,13.785,146.4,15.000,15.244,120.7,15.000,14.334,133.0
52.2918,15691,80845,15.000,13.807,146.4,15.000,15.081,121.7,15.000,14.355,133.3
52.2918,15692,80850,15.000,13.961,145.6,15.000,15.239,120.3,15.000,14.336,133.6
52.2918,15693,80855,15.000,14.143,144.9,15.000,15.245,120.6,15.000,14.341,133.6
52.2918,15694,80860,15.000,14.160,145.3,15.000,15.079,121.6,15.000,14.532,132.4
52.2918,15695,80865,15.000,14.327,144.3,15.000,15.240,120.2,15.000,14.694,131.9
52.2918,15696,80870,15.000,14.702,142.4,15.000,15.252,120.5,15.000,14.888,131.0
52.2918,15697,80875,15.000,14.702,143.3,15.000,15.072,121.6,15.000,14.888,131.5
52.2918,15698,80880,15.000,14.735,143.1,15.000,15.287,119.8,15.000,14.920,131.3
52.2918,15699,80885,15.000,15.056,141.1,15.000,15.057,121.8,15.000,15.052,130.5
52.2918,15700,80890,15.000,15.089,141.7,15.000,15.094,121.0,15.000,14.914,131.7
52.2918,15701,80895,15.000,15.225,140.9,15.000,15.234,120.1,15.000,14.873,131.7
52.2918,15702,80900,15.000,15.107,141.9,15.000,15.111,121.3,15.000,14.928,131.2
52.2918,15703,80905,15.000,15.227,140.9,15.000,15.230,120.2,15.000,15.047,130.6
52.2918,15704,80910,15.000,15.419,139.9,15.000,15.240,120.4,15.000,15.058,130.8
52.2918,15705,80915,15.000,15.410,140.3,15.000,15.050,121.6,15.000,15.048,130.9
52.2918,15706,80920,15.000,15.420,140.2,15.000,15.242,119.9,15.000,15.055,130.8
52.3495,15707,80925,15.000,15.437,140.1,15.000,15.255,120.2,15.000,15.069,130.7
52.3495,15708,80930,15.000,15.546,139.4,15.000,15.185,120.7,15.000,15.182,130.0
52.3495,15709,80935,15.000,15.436,140.3,15.000,15.257,120.0,15.000,15.077,131.0
52.3495,15710,80940,15.000,15.608,138.8,15.000,15.244,120.3,15.000,15.244,129.6
52.3495,15711,80945,15.000,15.451,140.2,15.000,15.088,121.2,15.000,15.267,129.8
52.3495,15712,80950,15.000,15.600,138.8,15.000,15.237,119.9,15.000,15.416,128.9
52.3495,15713,80955,15.000,15.441,140.1,15.000,15.077,121.2,15.000,15.254,130.3
52.3495,15714,80960,15.000,15.439,139.7,15.000,15.075,120.9,15.000,15.436,128.7
52.4083,15715,80965,15.000,15.472,139.4,15.000,15.289,119.4,15.000,15.282,130.0
52.4083,15716,80970,15.000,15.267,140.8,15.000,15.087,121.2,15.000,15.265,129.8
52.4083,15717,80975,15.000,15.428,139.2,15.000,15.074,120.8,15.000,15.253,129.8
52.4083,15718,80980,15.000,15.296,140.4,15.000,15.119,120.5,15.000,15.115,130.6
52.4083,15719,80985,15.000,15.424,139.2,15.000,15.062,121.0,15.000,15.061,130.6
52.4083,15720,80990,15.000,15.237,140.7,15.000,15.055,120.9,15.000,14.872,131.7
52.4083,15721,80995,15.000,15.253,140.1,15.000,15.073,120.7,15.000,14.705,132.4
52.4083,15722,81000,15.000,15.249,140.2,15.000,15.069,120.8,15.000,14.701,132.0
52.4083,15723,81005,15.000,15.264,140.0,15.000,15.083,120.7,15.000,14.716,131.9
52.4083,15724,81010,15.000,15.108,141.1,15.000,15.113,120.5,15.000,14.562,133.0
52.4083,15725,81015,15.000,15.244,139.8,15.000,15.069,120.9,15.000,14.524,132.9
52.4083,15726,81020,15.000,15.047,141.4,15.000,15.047,120.9,15.000,14.501,133.1
52.4083,15727,81025,15.000,14.893,141.9,15.000,15.070,120.7,15.000,14.708,131.7
52.4083,15728,81030,15.000,14.900,141.5,15.000,15.079,120.7,15.000,14.719,132.2
52.4083,15729,81035,15.000,14.885,141.6,15.000,15.068,120.7,15.000,14.885,131.1
52.4083,15730,81040,15.000,14.707,142.7,15.000,15.253,119.5,15.000,14.888,131.5
52.4680,15731,81045,15.000,14.703,142.4,15.000,15.245,120.0,15.000,15.066,130.4
52.4680,15732,81050,15.000,14.533,143.5,15.000,15.078,121.0,15.000,14.898,131.9
52.4680,15733,81055,15.000,14.537,143.1,15.000,15.085,120.6,15.000,15.087,130.3
52.4680,15734,81060,15.000,14.528,143.3,15.000,15.070,120.7,15.000,15.072,130.8
52.4680,15735,81065,15.000,14.513,143.4,15.000,14.699,123.0,15.000,15.060,130.9
52.4680,15736,81070,15.000,14.721,142.0,15.000,14.728,122.0,15.000,15.272,129.4
52.4680,15737,81075,15.000,14.536,143.8,15.000,14.726,122.1,15.000,15.087,131.1
52.4680,15738,81080,15.000,14.544,143.3,15.000,14.553,123.3,15.000,15.094,130.6
52.5308,15739,81085,15.000,14.194,145.7,15.000,14.560,122.9,15.000,14.922,131.8
52.5308,15740,81090,15.000,14.345,144.0,15.000,14.351,124.3,15.000,15.070,130.4
52.5308,15741,81095,15.000,14.325,144.5,15.000,14.334,124.0,15.000,15.055,130.8
52.5308,15742,81100,15.000,14.330,144.5,15.000,14.336,124.0,15.000,15.058,130.8
52.5308,15743,81105,15.000,14.345,144.5,15.000,14.351,124.0,15.000,14.891,131.9
52.5308,15744,81110,15.000,14.483,143.7,15.000,14.313,124.3,15.000,14.852,131.7
52.5308,15745,81115,15.000,14.345,145.0,15.000,14.713,121.7,15.000,14.890,131.4
52.5308,15746,81120,15.000,14.323,144.9,15.000,14.689,122.9,15.000,14.865,131.7
52.5308,15747,81125,15.000,14.492,143.8,15.000,14.673,122.9,15.000,14.848,131.7
52.5308,15748,81130,15.000,14.519,144.1,15.000,14.706,122.7,15.000,14.880,131.5
52.5308,15749,81135,15.000,14.850,142.1,15.000,14.860,121.8,15.000,14.856,131.7
52.5308,15750,81140,15.000,14.906,142.5,15.000,14.913,121.9,15.000,14.734,132.5
52.5308,15751,81145,15.000,14.902,142.7,15.000,14.908,122.0,15.000,14.727,132.3
52.5308,15752,81150,15.000,14.909,142.7,15.000,14.914,122.0,15.000,14.733,132.3
52.5308,15753,81155,15.000,15.070,141.6,15.000,15.075,121.0,15.000,14.894,131.3
52.5308,15754,81160,15.000,14.925,143.0,15.000,15.109,121.1,15.000,14.927,131.4
52.5982,15755,81165,15.000,15.061,141.7,15.000,15.055,121.6,15.000,14.880,131.8
52.5982,15756,81170,15.000,15.091,141.9,15.000,15.094,121.2,15.000,14.738,132.7
52.5982,15757,81175,15.000,15.231,141.0,15.000,15.058,121.5,15.000,14.879,131.4
52.5982,15758,81180,15.000,15.240,141.3,15.000,15.063,121.4,15.000,14.884,131.7
52.5982,15759,81185,15.000,15.256,141.2,15.000,15.077,121.3,15.000,14.897,131.7
52.5982,15760,81190,15.000,15.230,141.3,15.000,15.050,121.5,15.000,14.870,131.9
52.5982,15761,81195,15.000,15.254,141.1,15.000,15.259,120.0,15.000,15.078,130.5
52.5982,15762,81200,15.000,15.401,140.2,15.000,15.229,120.7,15.000,15.047,131.2
52.6563,15763,81205,15.000,15.230,141.6,15.000,15.054,121.8,15.000,14.872,132.3
52.6563,15764,81210,15.000,15.393,140.1,15.000,15.219,120.2,15.000,15.039,130.8
52.6563,15765,81215,15.000,15.267,141.2,15.000,15.103,121.4,15.000,15.100,130.8
52.6563,15766,81220,15.000,15.400,140.0,15.000,15.049,121.4,15.000,15.047,131.2
52.6563,15767,81225,15.000,15.276,141.1,15.000,15.288,119.7,15.000,14.926,131.9
52.6563,15768,81230,15.000,15.402,140.0,15.000,15.232,120.7,15.000,15.049,130.8
52.6563,15769,81235,15.000,15.270,141.1,15.000,15.102,121.3,15.000,15.096,130.8
52.6563,15770,81240,15.000,15.463,139.5,15.000,15.295,119.8,15.000,15.108,130.8
52.6563,15771,81245,15.000,15.582,139.1,15.000,15.050,121.8,15.000,15.040,131.3
52.6563,15772,81250,15.000,15.439,140.3,15.000,15.088,120.9,15.000,15.080,130.9
52.6563,15773,81255,15.000,15.612,138.7,15.000,15.265,119.9,15.000,15.256,129.8
52.6563,15774,81260,15.000,15.445,140.2,15.000,15.096,121.4,15.000,15.086,131.3
52.6563,15775,81265,15.000,15.396,140.0,15.000,15.045,121.3,15.000,15.214,130.0
52.6563,15776,81270,15.000,15.093,141.9,15.000,15.106,120.8,15.000,15.275,129.9
52.6563,15777,81275,15.000,15.064,141.3,15.000,14.713,123.4,15.000,15.246,130.2
52.6563,15778,81280,15.000,14.919,142.2,15.000,14.750,122.3,15.000,15.287,129.9
52.7163,15779,81285,15.000,14.880,142.1,15.000,14.705,122.7,15.000,15.244,130.2
52.7163,15780,81290,15.000,14.690,143.2,15.000,14.339,125.0,15.000,15.238,130.1
52.7163,15781,81295,15.000,14.543,143.8,15.000,14.370,124.0,15.000,15.275,129.8
52.7163,15782,81300,15.000,14.690,142.5,15.000,14.332,124.4,15.000,15.059,131.3
52.7163,15783,81305,15.000,14.521,144.0,15.000,13.982,126.7,15.000,14.892,131.9
52.7163,15784,81310,15.000,14.540,143.5,15.000,13.817,127.0,15.000,14.727,132.6
52.7163,15785,81315,15.000,14.717,142.5,15.000,13.815,126.8,15.000,14.545,133.4
52.7163,15786,81320,15.000,14.890,141.8,15.000,13.618,128.2,15.000,14.532,133.1
52.7813,15787,81325,15.000,15.086,141.0,15.000,13.808,126.6,15.000,14.542,133.0
52.7813,15788,81330,15.000,15.040,141.7,15.000,13.765,127.5,15.000,14.316,134.6
52.7813,15789,81335,15.000,15.229,140.4,15.000,13.777,127.5,15.000,14.509,132.9
52.7813,15790,81340,15.000,15.254,140.7,15.000,13.981,126.3,15.000,14.533,133.2
52.7813,15791,81345,15.000,15.446,139.4,15.000,13.993,126.8,15.000,14.362,134.4
52.7813,15792,81350,15.000,15.428,140.0,15.000,13.977,127.1,15.000,14.525,133.1
52.7813,15793,81355,15.000,15.437,139.8,15.000,14.167,125.9,15.000,14.716,132.2
52.7813,15794,81360,15.000,15.600,138.7,15.000,14.331,125.4,15.000,14.879,131.7
52.7813,15795,81365,15.000,15.434,140.1,15.000,14.161,127.0,15.000,14.889,132.0
52.7813,15796,81370,15.000,15.437,139.7,15.000,14.353,125.4,15.000,14.896,132.0
52.7813,15797,81375,15.000,15.417,139.7,15.000,14.160,127.2,15.000,15.064,130.9
52.7813,15798,81380,15.000,15.463,139.3,15.000,14.203,126.6,15.000,15.107,131.1
52.7813,15799,81385,15.000,15.425,139.7,15.000,14.169,127.0,15.000,15.068,131.4
52.7813,15800,81390,15.000,15.422,139.5,15.000,14.165,127.0,15.000,15.064,131.3
52.7813,15801,81395,15.000,15.241,140.7,15.000,14.166,127.1,15.000,15.065,131.3
52.7813,15802,81400,15.000,15.265,140.0,15.000,14.188,127.1,15.000,15.268,130.0
52.8396,15803,81405,15.000,15.240,140.2,15.000,14.157,127.4,15.000,15.053,131.8
52.8396,15804,81410,15.000,15.256,140.0,15.000,14.178,127.3,15.000,15.259,130.0
52.8396,15805,81415,15.000,15.063,141.3,15.000,14.346,126.4,15.000,15.248,130.5
52.8396,15806,81420,15.000,15.059,140.9,15.000,14.522,125.7,15.000,15.424,129.3
52.8396,15807,81425,15.000,15.069,140.8,15.000,14.711,124.9,15.000,15.252,130.8
52.8396,15808,81430,15.000,14.865,142.1,15.000,14.687,125.6,15.000,15.047,131.7
52.8396,15809,81435,15.000,14.720,142.6,15.000,14.899,124.2,15.000,14.902,132.1
52.8396,15810,81440,15.000,14.530,143.5,15.000,14.893,124.7,15.000,14.896,131.8
52.8396,15811,81445,15.000,14.526,143.1,15.000,14.887,124.8,15.000,14.888,131.9
52.8396,15812,81450,15.000,14.186,145.4,15.000,15.097,123.4,15.000,14.736,132.9
52.8396,15813,81455,15.000,14.175,144.7,15.000,15.091,123.9,15.000,14.731,132.6
52.8396,15814,81460,15.000,13.957,146.2,15.000,15.231,123.0,15.000,14.506,134.1
52.8396,15815,81465,15.000,14.179,144.4,15.000,15.276,123.0,15.000,14.551,133.3
52.8396,15816,81470,15.000,13.988,146.3,15.000,15.266,123.2,15.000,14.358,134.7
52.8396,15817,81475,15.000,13.795,147.2,15.000,15.254,123.2,15.000,14.343,134.4
52.8396,15818,81480,15.000,13.803,146.8,15.000,15.444,121.9,15.000,14.719,132.0
52.9042,15819,81485,15.000,13.628,148.1,15.000,15.261,123.5,15.000,14.715,133.0
52.9042,15820,81490,15.000,13.792,146.8,15.000,15.434,121.9,15.000,14.706,133.0
52.9042,15821,81495,15.000,13.788,147.3,15.000,15.433,122.3,15.000,14.707,133.0
52.9042,15822,81500,15.000,13.791,147.4,15.000,15.249,123.4,15.000,14.704,133.1
52.9042,15823,81505,15.000,13.789,147.6,15.000,15.426,121.8,15.000,14.701,133.1
52.9042,15824,81510,15.000,13.638,148.7,15.000,15.280,123.1,15.000,14.735,133.0
52.9042,15825,81515,15.000,13.602,148.7,15.000,15.423,121.8,15.000,14.878,132.1
52.9042,15826,81520,15.000,13.790,147.6,15.000,15.245,123.2,15.000,14.884,132.5
52.9721,15827,81525,15.000,13.813,148.0,15.000,15.445,121.5,15.000,14.905,132.3
52.9731,15828,81530,15.000,13.997,147.0,15.000,15.269,123.1,15.000,14.726,133.6
52.9731,15829,81535,15.000,14.149,146.6,15.000,15.427,121.6,15.000,14.706,133.3
52.9731,15830,81540,15.000,14.160,147.0,15.000,15.243,123.1,15.000,14.886,132.1
52.9731,15831,81545,15.000,14.165,147.1,15.000,15.250,122.6,15.000,14.894,132.5
52.9731,15832,81550,15.000,14.344,146.0,15.000,15.429,121.4,15.000,14.890,132.6
52.9731,15833,81555,15.000,14.522,145.4,15.000,15.248,123.0,15.000,14.890,132.6
52.9731,15834,81560,15.000,14.693,144.7,15.000,15.418,121.4,15.000,14.875,132.7
52.9731,15835,81565,15.000,14.882,143.9,15.000,15.242,122.9,15.000,14.881,132.6
52.9731,15836,81570,15.000,14.873,144.5,15.000,15.421,121.3,15.000,14.875,132.7
52.9731,15837,81575,15.000,14.897,144.3,15.000,15.268,122.7,15.000,14.904,132.5
52.9731,15838,81580,15.000,15.077,143.2,15.000,15.262,122.3,15.000,14.899,132.6
52.9731,15839,81585,15.000,14.723,145.9,15.000,15.264,122.3,15.000,14.899,132.6
52.9731,15840,81590,15.000,14.891,144.0,15.000,15.253,122.3,15.000,14.889,132.7
52.9731,15841,81595,15.000,15.074,143.2,15.000,15.434,121.1,15.000,14.887,132.7
52.9731,15842,81600,15.000,14.878,144.9,15.000,15.236,122.7,15.000,14.871,132.8
53.0241,15843,81605,15.000,14.922,144.2,15.000,15.272,122.0,15.000,14.907,132.5
53.0241,15844,81610,15.000,14.922,144.3,15.000,15.275,122.0,15.000,15.096,131.4
53.0241,15845,81615,15.000,14.907,144.4,15.000,15.267,122.1,15.000,14.905,133.1
53.0241,15846,81620,15.000,15.077,143.3,15.000,15.248,122.1,15.000,14.890,132.8
53.0241,15847,81625,15.000,15.081,143.7,15.000,15.253,122.0,15.000,15.079,131.5
53.0241,15848,81630,15.000,15.041,143.9,15.000,15.393,121.1,15.000,15.042,132.2
53.0241,15849,81635,15.000,15.629,140.0,15.000,15.266,122.2,15.000,15.093,131.8
53.0241,15850,81640,15.000,15.434,142.6,15.000,15.427,120.8,15.000,15.073,132.0
53.0876,15851,81645,15.000,15.432,142.1,15.000,15.241,122.4,15.000,15.068,132.0
53.0876,15852,81650,15.000,15.831,139.4,15.000,15.279,121.7,15.000,15.107,131.7
53.0876,15853,81655,15.000,15.602,141.8,15.000,15.417,120.8,15.000,15.243,130.9
53.0876,15854,81660,15.000,15.806,139.8,15.000,15.249,122.2,15.000,15.075,132.3
53.0876,15855,81665,15.000,15.802,140.3,15.000,15.423,120.6,15.000,15.250,130.7
53.0876,15856,81670,15.000,15.656,141.1,15.000,15.277,122.0,15.000,15.284,130.9
53.0876,15857,81675,15.000,15.793,139.8,15.000,15.235,121.9,15.000,15.238,131.3
53.0876,15858,81680,15.000,15.661,140.9,15.000,15.287,121.4,15.000,15.283,130.8
53.0876,15859,81685,15.000,15.636,140.7,15.000,15.260,121.7,15.000,15.256,131.1
53.0876,15860,81690,15.000,15.832,139.3,15.000,15.103,122.6,15.000,15.281,130.8
53.0876,15861,81695,15.000,15.632,140.9,15.000,15.266,121.1,15.000,15.265,130.9
53.0876,15862,81700,15.000,15.583,140.7,15.000,15.215,121.8,15.000,15.394,130.0
53.0876,15863,81705,15.000,15.623,140.3,15.000,14.895,123.8,15.000,15.257,131.2
53.0876,15864,81710,15.000,15.436,141.5,15.000,14.890,123.0,15.000,15.436,129.7
53.0876,15865,81715,15.000,15.255,142.2,15.000,14.713,124.2,15.000,15.258,131.2
53.0876,15866,81720,15.000,15.060,143.0,15.000,14.702,123.9,15.000,15.249,130.8
53.1387,15867,81725,15.000,14.876,143.7,15.000,14.690,124.0,15.000,15.234,130.9
53.1387,15868,81730,15.000,14.881,143.3,15.000,14.334,126.3,15.000,15.247,130.7
53.1387,15869,81735,15.000,14.696,144.5,15.000,14.335,125.5,15.000,15.429,129.5
53.1387,15870,81740,15.000,14.678,144.2,15.000,14.493,124.6,15.000,15.224,131.2
53.1387,15871,81745,15.000,14.697,144.1,15.000,14.333,126.0,15.000,15.244,130.6
53.1387,15872,81750,15.000,14.531,145.2,15.000,14.348,125.6,15.000,14.898,132.9
53.1387,15873,81755,15.000,14.714,143.7,15.000,14.530,124.5,15.000,14.900,132.0
53.1387,15874,81760,15.000,14.695,144.3,15.000,14.514,125.1,15.000,14.698,133.4
53.1987,15875,81765,15.000,14.898,142.9,15.000,14.529,125.1,15.000,14.712,132.8
53.1987,15876,81770,15.000,15.064,142.4,15.000,14.698,124.1,15.000,14.699,133.0
53.1987,15877,81775,15.000,15.250,141.5,15.000,14.711,124.4,15.000,14.533,134.1
53.1987,15878,81780,15.000,15.254,141.9,15.000,14.892,123.3,15.000,14.530,133.7
53.1987,15879,81785,15.000,15.441,140.7,15.000,15.079,122.5,15.000,14.354,134.9
53.1987,15880,81790,15.000,15.436,141.1,15.000,14.896,124.2,15.000,14.530,133.4
53.1987,15881,81795,15.000,15.447,141.0,15.000,15.089,122.5,15.000,14.540,133.9
53.1987,15882,81800,15.000,15.458,140.9,15.000,15.100,122.9,15.000,14.733,132.7
53.1987,15883,81805,15.000,15.426,141.1,15.000,15.245,121.9,15.000,14.877,132.2
53.1987,15884,81810,15.000,15.433,140.9,15.000,15.258,122.2,15.000,14.890,132.5
53.1987,15885,81815,15.000,15.411,141.0,15.000,15.242,122.3,15.000,15.052,131.5
53.1987,15886,81820,15.000,15.434,140.8,15.000,15.264,122.0,15.000,15.072,131.8
53.1987,15887,81825,15.000,15.438,140.8,15.000,15.267,122.1,15.000,15.076,131.8
53.1987,15888,81830,15.000,15.393,141.0,15.000,15.401,121.2,15.000,15.209,130.9
53.1987,15889,81835,15.000,15.222,142.0,15.000,15.229,122.6,15.000,15.218,131.1
53.1987,15890,81840,15.000,15.249,141.4,15.000,15.254,122.0,15.000,15.064,132.1
53.2598,15891,81845,15.000,15.219,141.6,15.000,15.211,122.3,15.000,15.204,130.8
53.2598,15892,81850,15.000,15.217,141.5,15.000,15.215,122.1,15.000,15.208,131.1
53.2598,15893,81855,15.000,15.066,142.5,15.000,15.254,121.8,15.000,15.246,130.9
53.2598,15894,81860,15.000,15.082,142.0,15.000,15.267,121.8,15.000,15.261,130.8
53.2598,15895,81865,15.000,14.921,143.1,15.000,15.285,121.7,15.000,15.102,131.9
53.2598,15896,81870,15.000,14.869,143.0,15.000,15.224,122.1,15.000,15.224,130.7
53.2598,15897,81875,15.000,14.711,143.9,15.000,15.246,121.8,15.000,15.246,130.8
53.2598,15898,81880,15.000,14.892,142.4,15.000,15.250,121.8,15.000,15.250,130.8
53.3246,15899,81885,15.000,14.921,142.7,15.000,15.276,121.6,15.000,15.276,130.6
53.3246,15900,81890,15.000,14.714,144.1,15.000,15.255,121.8,15.000,15.435,129.6
53.3246,15901,81895,15.000,14.934,142.2,15.000,15.304,121.4,15.000,15.300,130.8
53.3246,15902,81900,15.000,14.905,142.9,15.000,15.269,121.7,15.000,15.442,129.5
53.3246,15903,81905,15.000,14.877,143.0,15.000,15.235,121.8,15.000,15.231,131.2
53.3246,15904,81910,15.000,14.884,142.9,15.000,15.239,121.7,15.000,15.234,130.7
53.3246,15905,81915,15.000,15.085,141.7,15.000,15.258,121.5,15.000,15.436,129.3
53.3246,15906,81920,15.000,15.086,142.1,15.000,15.263,121.5,15.000,15.262,130.9
53.3246,15907,81925,15.000,15.093,142.1,15.000,15.266,121.5,15.000,15.265,130.4
53.3246,15908,81930,15.000,14.908,143.3,15.000,15.260,121.5,15.000,15.259,130.4
53.3246,15909,81935,15.000,14.886,143.0,15.000,15.242,121.6,15.000,15.241,130.5
53.3246,15910,81940,15.000,15.066,141.8,15.000,15.239,121.5,15.000,15.059,131.6
53.3246,15911,81945,15.000,14.874,143.5,15.000,15.231,121.5,15.000,15.052,131.2
53.3246,15912,81950,15.000,15.104,141.5,15.000,15.277,121.2,15.000,14.920,132.1
53.3246,15913,81955,15.000,15.108,142.0,15.000,15.100,122.4,15.000,15.102,130.6
53.3246,15914,81960,15.000,15.235,141.2,15.000,15.230,121.1,15.000,15.053,131.3
53.3871,15915,81965,15.000,15.040,142.8,15.000,15.207,121.6,15.000,14.846,132.5
53.3871,15916,81970,15.000,15.091,142.0,15.000,15.089,122.2,15.000,14.907,131.7
53.3871,15917,81975,15.000,15.254,141.0,15.000,15.256,120.9,15.000,14.891,131.9
53.3871,15918,81980,15.000,15.263,141.3,15.000,15.084,122.4,15.000,14.899,131.8
53.3871,15919,81985,15.000,15.427,140.2,15.000,15.248,120.9,15.000,14.882,132.0
53.3871,15920,81990,15.000,15.292,141.4,15.000,15.293,120.9,15.000,14.926,131.7
53.3871,15921,81995,15.000,15.427,140.2,15.000,15.239,121.4,15.000,14.879,132.1
53.3871,15922,82000,15.000,15.232,141.8,15.000,15.232,121.2,15.000,14.872,132.0
53.4525,15923,82005,15.000,15.417,140.1,15.000,15.235,121.2,15.000,14.873,132.0
53.4525,15924,82010,15.000,15.087,142.6,15.000,14.907,123.3,15.000,14.910,131.8
53.4525,15925,82015,15.000,15.251,140.7,15.000,14.901,122.6,15.000,14.903,132.0
53.4525,15926,82020,15.000,15.422,140.0,15.000,14.878,122.7,15.000,14.880,132.1
53.4525,15927,82025,15.000,15.215,141.7,15.000,14.671,124.0,15.000,15.035,131.0
53.4525,15928,82030,15.000,15.426,139.8,15.000,14.515,124.6,15.000,14.881,132.4
53.4525,15929,82035,15.000,15.272,141.3,15.000,14.363,125.3,15.000,14.911,131.9
53.4525,15930,82040,15.000,15.396,140.0,15.000,14.308,125.3,15.000,15.032,131.2
53.4525,15931,82045,15.000,15.276,141.1,15.000,14.188,126.0,15.000,15.091,131.1
53.4525,15932,82050,15.000,15.417,139.8,15.000,14.150,126.1,15.000,15.051,131.5
53.4525,15933,82055,15.000,15.055,142.5,15.000,14.331,124.9,15.000,15.054,131.3
53.4525,15934,82060,15.000,15.452,139.0,15.000,14.542,124.1,15.000,15.081,131.2
53.4525,15935,82065,15.000,15.277,141.1,15.000,14.544,124.6,15.000,15.084,131.2
53.4525,15936,82070,15.000,15.277,140.6,15.000,14.546,124.7,15.000,15.086,131.2
53.4525,15937,82075,15.000,15.450,139.5,15.000,14.719,123.6,15.000,15.079,131.2
53.4525,15938,82080,15.000,15.282,140.9,15.000,14.917,122.7,15.000,15.096,131.1
53.5152,15939,82085,15.000,15.425,139.6,15.000,14.875,123.5,15.000,15.232,130.2
53.5152,15940,82090,15.000,15.274,140.8,15.000,15.089,122.0,15.000,15.089,131.5
53.5152,15941,82095,15.000,15.419,139.5,15.000,15.054,122.7,15.000,15.231,130.2
53.5152,15942,82100,15.000,15.263,140.8,15.000,15.075,122.5,15.000,15.254,130.3
53.5152,15943,82105,15.000,15.628,138.0,15.000,15.081,122.5,15.000,15.079,131.5
53.5152,15944,82110,15.000,15.591,139.1,15.000,15.046,122.8,15.000,15.226,130.1
53.5152,15945,82115,15.000,15.617,138.7,15.000,15.075,122.5,15.000,15.254,130.3
53.5152,15946,82120,15.000,15.219,141.3,15.000,15.214,121.6,15.000,15.393,129.4
53.5730,15947,82125,15.000,15.069,141.3,15.000,15.060,122.9,15.000,15.241,130.7
53.5730,15948,82130,15.000,15.044,141.1,15.000,15.222,121.5,15.000,15.219,130.4
53.5730,15949,82135,15.000,14.892,142.0,15.000,15.255,121.7,15.000,15.257,130.1
53.5730,15950,82140,15.000,14.909,141.6,15.000,15.269,121.6,15.000,15.269,130.1
53.5730,15951,82145,15.000,14.717,142.9,15.000,15.440,120.5,15.000,15.080,131.3
53.5730,15952,82150,15.000,14.887,141.4,15.000,15.427,121.0,15.000,14.889,132.1
53.5730,15953,82155,15.000,14.727,142.8,15.000,15.450,120.7,15.000,14.908,131.5
53.5730,15954,82160,15.000,14.540,143.7,15.000,15.445,120.8,15.000,14.721,132.8
53.5730,15955,82165,15.000,14.679,142.4,15.000,15.579,119.8,15.000,14.677,132.7
53.5730,15956,82170,15.000,14.918,141.2,15.000,15.467,120.8,15.000,14.565,133.3
53.5730,15957,82175,15.000,14.717,143.1,15.000,15.446,120.6,15.000,14.543,133.3
53.5730,15958,82180,15.000,14.927,141.3,15.000,15.288,121.6,15.000,14.566,133.1
53.5730,15959,82185,15.000,14.880,142.1,15.000,15.418,120.3,15.000,14.510,133.6
53.5730,15960,82190,15.000,15.053,140.9,15.000,15.226,121.8,15.000,14.505,133.5
53.5730,15961,82195,15.000,15.098,141.0,15.000,15.274,121.0,15.000,14.550,133.3
53.5730,15962,82200,15.000,15.099,141.1,15.000,15.278,121.1,15.000,14.913,131.1
53.6352,15963,82205,15.000,15.089,141.1,15.000,15.080,122.3,15.000,14.898,132.1
53.6352,15964,82210,15.000,15.259,140.0,15.000,15.253,120.7,15.000,15.072,130.9
53.6352,15965,82215,15.000,15.064,141.6,15.000,15.062,122.4,15.000,15.058,131.4
53.6352,15966,82220,15.000,15.249,139.9,15.000,15.057,121.9,15.000,15.237,130.2
53.6352,15967,82225,15.000,15.445,139.1,15.000,15.259,120.6,15.000,15.261,130.4
53.6352,15968,82230,15.000,15.075,141.9,15.000,15.256,121.1,15.000,15.259,130.5
53.6352,15969,82235,15.000,15.275,139.7,15.000,15.277,120.9,15.000,15.280,130.3
53.6352,15970,82240,15.000,15.078,141.4,15.000,15.263,121.0,15.000,15.263,130.4
53.6966,15971,82245,15.000,15.067,141.0,15.000,15.066,122.2,15.000,15.251,130.4
53.6966,15972,82250,15.000,15.070,141.0,15.000,15.250,120.5,15.000,15.255,130.4
53.6966,15973,82255,15.000,15.065,141.0,15.000,15.249,121.0,15.000,15.254,130.3
53.6966,15974,82260,15.000,14.897,142.1,15.000,15.078,122.0,15.000,15.261,130.3
53.6966,15975,82265,15.000,15.106,140.3,15.000,15.288,120.2,15.000,15.295,130.0
53.6966,15976,82270,15.000,14.901,142.2,15.000,15.267,120.9,15.000,15.090,131.4
53.6966,15977,82275,15.000,14.877,141.8,15.000,15.239,121.0,15.000,15.241,129.9
53.6966,15978,82280,15.000,15.063,140.6,15.000,15.241,120.9,15.000,15.242,130.3
53.6966,15979,82285,15.000,15.049,141.1,15.000,15.043,122.1,15.000,15.224,130.4
53.6966,15980,82290,15.000,15.071,140.9,15.000,15.255,120.3,15.000,15.434,128.9
53.6966,15981,82295,15.000,15.063,141.0,15.000,15.252,120.8,15.000,15.431,129.4
53.6966,15982,82300,15.000,14.892,142.1,15.000,15.074,121.9,15.000,15.435,129.3
53.6966,15983,82305,15.000,15.043,140.7,15.000,15.227,120.4,15.000,15.410,129.4
53.6966,15984,82310,15.000,15.051,141.0,15.000,15.233,120.8,15.000,15.418,129.3
53.6966,15985,82315,15.000,14.907,142.0,15.000,15.091,121.7,15.000,15.455,129.0
53.6966,15986,82320,15.000,14.883,141.8,15.000,15.247,120.3,15.000,15.430,129.2
53.7581,15987,82325,15.000,14.913,141.6,15.000,15.097,121.6,15.000,15.280,130.1
53.7581,15988,82330,15.000,15.052,140.7,15.000,15.060,121.5,15.000,15.423,128.7
53.7581,15989,82335,15.000,14.897,142.1,15.000,15.088,121.2,15.000,15.273,130.0
53.7581,15990,82340,15.000,14.872,141.9,15.000,14.691,123.9,15.000,15.057,131.0
53.7581,15991,82345,15.000,15.054,140.7,15.000,14.510,124.1,15.000,15.057,130.5
53.7581,15992,82350,15.000,15.080,140.9,15.000,14.353,124.8,15.000,15.089,130.3
53.7581,15993,82355,15.000,14.911,142.1,15.000,14.003,126.7,15.000,15.097,130.3
53.7581,15994,82360,15.000,15.082,140.6,15.000,13.812,127.3,15.000,14.906,131.6
53.7581,15995,82365,15.000,15.052,141.2,15.000,13.776,127.2,15.000,14.868,131.4
53.7581,15996,82370,15.000,14.869,142.3,15.000,13.415,129.6,15.000,14.869,131.3
53.7581,15997,82375,15.000,14.892,141.7,15.000,13.441,128.7,15.000,15.079,129.9
53.7581,15998,82380,15.000,14.878,141.9,15.000,13.425,129.1,15.000,14.884,131.7
53.7581,15999,82385,15.000,14.895,141.7,15.000,13.444,129.1,15.000,14.903,131.1
53.7581,16000,82390,15.000,15.064,140.7,15.000,13.616,128.2,15.000,14.896,131.2
53.7581,16001,82395,15.000,14.900,142.1,15.000,13.815,127.5,15.000,14.912,131.1
53.7581,16002,82400,15.000,15.034,140.9,15.000,13.955,127.2,15.000,14.860,131.5
53.8221,16003,82405,15.000,15.051,141.1,15.000,14.144,126.4,15.000,14.871,131.3
53.8221,16004,82410,15.000,14.884,142.2,15.000,14.347,125.6,15.000,14.892,131.2
53.8221,16005,82415,15.000,15.086,140.5,15.000,14.551,124.9,15.000,14.913,131.1
53.8221,16006,82420,15.000,15.251,139.9,15.000,14.713,124.3,15.000,14.894,131.3
53.8221,16007,82425,15.000,15.421,139.2,15.000,14.703,124.8,15.000,14.700,132.6
53.8221,16008,82430,15.000,15.438,139.4,15.000,14.897,123.6,15.000,14.893,130.9
53.8221,16009,82435,15.000,15.417,139.6,15.000,14.875,124.2,15.000,14.871,131.5
53.8221,16010,82440,15.000,15.290,140.3,15.000,14.927,123.8,15.000,14.923,131.1
53.8842,16011,82445,15.000,15.433,139.0,15.000,15.065,123.1,15.000,14.882,131.5
53.8842,16012,82450,15.000,15.436,139.3,15.000,15.071,123.3,15.000,14.890,131.4
53.8842,16013,82455,15.000,15.460,139.1,15.000,15.287,121.9,15.000,14.919,131.2
53.8842,16014,82460,15.000,15.451,139.2,15.000,15.272,122.5,15.000,14.905,131.4
53.8842,16015,82465,15.000,15.395,139.4,15.000,15.217,122.8,15.000,14.856,131.7
53.8842,16016,82470,15.000,15.451,138.9,15.000,15.275,122.3,15.000,15.098,130.0
53.8842,16017,82475,15.000,15.416,139.2,15.000,15.240,122.6,15.000,15.064,130.8
53.8842,16018,82480,15.000,15.264,140.1,15.000,15.274,122.3,15.000,14.912,131.7
53.8842,16019,82485,15.000,15.420,138.7,15.000,15.248,122.5,15.000,15.066,130.3
53.8842,16020,82490,15.000,15.430,138.9,15.000,15.448,121.1,15.000,15.079,130.6
53.8842,16021,82495,15.000,15.420,139.0,15.000,15.263,122.7,15.000,15.075,130.7
53.8842,16022,82500,15.000,15.280,139.8,15.000,15.301,122.0,15.000,15.117,130.4
53.8842,16023,82505,15.000,15.434,138.4,15.000,15.268,122.3,15.000,15.088,130.7
53.8842,16024,82510,15.000,15.429,138.8,15.000,15.263,122.2,15.000,15.083,130.6
53.8842,16025,82515,15.000,15.466,138.5,15.000,15.301,121.9,15.000,15.298,129.2
53.8842,16026,82520,15.000,15.438,138.7,15.000,15.272,122.2,15.000,15.084,131.1
53.9465,16027,82525,15.000,15.456,138.5,15.000,15.465,120.8,15.000,15.276,129.3
53.9465,16028,82530,15.000,15.421,138.7,15.000,15.247,122.6,15.000,15.243,129.9
53.9465,16029,82535,15.000,15.431,138.5,15.000,15.444,120.8,15.000,15.080,130.9
53.9465,16030,82540,15.000,15.399,138.7,15.000,15.219,122.7,15.000,15.225,129.5
53.9465,16031,82545,15.000,15.443,138.3,15.000,15.259,121.9,15.000,15.265,129.6
53.9465,16032,82550,15.000,15.435,138.4,15.000,15.435,120.8,15.000,15.072,130.9
53.9465,16033,82555,15.000,15.408,138.5,15.000,15.230,122.5,15.000,15.225,129.5
53.9465,16034,82560,15.000,15.420,138.3,15.000,15.241,121.9,15.000,15.236,129.7
54.0106,16035,82565,15.000,15.240,139.4,15.000,15.238,121.9,15.000,15.235,129.7
54.0106,16036,82570,15.000,15.407,137.9,15.000,15.228,122.0,15.000,15.224,129.8
54.0106,16037,82575,15.000,15.248,139.3,15.000,15.260,121.7,15.000,15.072,130.7
54.0106,16038,82580,15.000,15.434,137.6,15.000,15.264,121.7,15.000,15.258,129.1
54.0106,16039,82585,15.000,15.259,139.2,15.000,15.265,121.7,15.000,15.256,129.6
54.0106,16040,82590,15.000,15.419,137.7,15.000,15.246,121.8,15.000,15.236,129.7
54.0106,16041,82595,15.000,15.245,139.2,15.000,15.255,121.6,15.000,15.244,129.5
54.0106,16042,82600,15.000,15.428,137.5,15.000,15.255,121.6,15.000,15.427,128.3
54.0106,16043,82605,15.000,15.272,138.9,15.000,15.271,121.5,15.000,15.268,129.8
54.0106,16044,82610,15.000,15.414,137.6,15.000,15.417,120.6,15.000,15.414,128.4
54.0106,16045,82615,15.000,15.446,137.7,15.000,15.274,121.8,15.000,15.269,129.6
54.0106,16046,82620,15.000,15.440,137.7,15.000,15.267,121.5,15.000,15.262,129.3
54.0106,16047,82625,15.000,15.428,137.8,15.000,15.252,121.5,15.000,15.432,128.1
54.0106,16048,82630,15.000,15.416,137.8,15.000,15.241,121.5,15.000,15.240,129.8
54.0106,16049,82635,15.000,15.441,137.5,15.000,15.089,122.5,15.000,15.085,130.3
54.0106,16050,82640,15.000,15.296,138.5,15.000,15.307,120.7,15.000,14.939,130.8
54.0742,16051,82645,15.000,15.436,137.2,15.000,15.263,121.4,15.000,14.895,130.8
54.0742,16052,82650,15.000,15.241,138.7,15.000,15.071,122.6,15.000,14.703,131.9
54.0742,16053,82655,15.000,15.254,138.2,15.000,15.270,120.8,15.000,14.720,131.4
54.0742,16054,82660,15.000,15.268,138.1,15.000,15.103,122.3,15.000,14.553,132.6
54.0742,16055,82665,15.000,15.249,138.2,15.000,15.263,120.9,15.000,14.531,132.4
54.0742,16056,82670,15.000,15.073,139.3,15.000,15.264,121.2,15.000,14.531,132.4
54.0742,16057,82675,15.000,15.067,138.9,15.000,15.077,122.4,15.000,14.344,133.6
54.0742,16058,82680,15.000,14.713,141.2,15.000,15.260,120.8,15.000,14.348,133.2
54.1344,16059,82685,15.000,14.520,141.6,15.000,15.244,121.3,15.000,14.515,132.2
54.1344,16060,82690,15.000,14.309,142.6,15.000,15.215,121.4,15.000,14.671,131.7
54.1344,16061,82695,15.000,14.180,143.0,15.000,15.270,120.9,15.000,14.726,131.7
54.1344,16062,82700,15.000,13.982,144.1,15.000,15.248,121.2,15.000,14.703,132.0
54.1344,16063,82705,15.000,13.982,143.7,15.000,15.068,122.3,15.000,14.707,132.0
54.1344,16064,82710,15.000,13.801,145.0,15.000,15.066,121.9,15.000,14.884,130.9
54.1344,16065,82715,15.000,13.806,144.7,15.000,14.887,123.0,15.000,14.889,131.3
54.1344,16066,82720,15.000,13.793,144.9,15.000,14.875,122.7,15.000,15.054,130.2
54.1344,16067,82725,15.000,13.808,144.9,15.000,14.883,122.6,15.000,15.062,130.6
54.1344,16068,82730,15.000,13.835,144.9,15.000,14.559,124.7,15.000,15.101,130.3
54.1344,16069,82735,15.000,13.985,144.1,15.000,14.707,123.1,15.000,15.249,129.5
54.1344,16070,82740,15.000,14.022,144.4,15.000,14.379,125.6,15.000,15.107,130.7
54.1344,16071,82745,15.000,13.793,146.1,15.000,14.510,124.0,15.000,15.058,130.7
54.1344,16072,82750,15.000,13.628,146.7,15.000,14.530,124.2,15.000,15.081,130.4
54.1344,16073,82755,15.000,13.602,146.7,15.000,14.504,124.5,15.000,15.229,129.5
54.1344,16074,82760,15.000,13.618,146.6,15.000,14.520,124.4,15.000,15.067,130.9
54.1950,16075,82765,15.000,13.601,147.0,15.000,14.679,123.5,15.000,15.044,130.6
54.1950,16076,82770,15.000,13.623,146.9,15.000,14.706,123.7,15.000,14.895,131.5
54.1950,16077,82775,15.000,13.591,147.4,15.000,14.679,124.0,15.000,14.867,131.4
54.1950,16078,82780,15.000,13.781,146.2,15.000,14.864,122.8,15.000,14.868,131.3
54.1950,16079,82785,15.000,13.830,146.5,15.000,14.922,122.8,15.000,14.741,132.1
54.1950,16080,82790,15.000,13.952,145.9,15.000,15.041,122.2,15.000,14.853,131.1
54.1950,16081,82795,15.000,14.174,144.9,15.000,14.904,123.4,15.000,14.896,131.2
54.1950,16082,82800,15.000,14.504,143.4,15.000,15.047,122.1,15.000,14.860,131.5
54.2561,16083,82805,15.000,14.338,145.3,15.000,15.057,122.4,15.000,14.694,132.5
54.2561,16084,82810,15.000,14.350,144.9,15.000,15.259,121.1,15.000,14.709,132.1
54.2561,16085,82815,15.000,14.513,144.0,15.000,15.067,122.8,15.000,14.878,131.0
54.2561,16086,82820,15.000,14.542,144.2,15.000,15.091,122.2,15.000,14.901,131.3
54.2561,16087,82825,15.000,14.569,144.2,15.000,15.303,120.9,15.000,14.929,131.2
54.2561,16088,82830,15.000,14.700,143.4,15.000,15.255,121.6,15.000,14.880,131.6
54.2561,16089,82835,15.000,14.686,143.9,15.000,15.236,121.6,15.000,15.047,130.4
54.2561,16090,82840,15.000,14.885,142.6,15.000,15.258,121.4,15.000,14.890,131.8
54.2561,16091,82845,15.000,15.053,142.0,15.000,15.238,121.6,15.000,14.871,131.6
54.2561,16092,82850,15.000,15.081,142.2,15.000,15.273,121.3,15.000,14.904,131.3
54.2561,16093,82855,15.000,15.451,139.8,15.000,15.286,121.2,15.000,14.915,131.3
54.2561,16094,82860,15.000,15.608,139.6,15.000,15.072,122.6,15.000,15.066,130.4
54.2561,16095,82865,15.000,15.437,141.1,15.000,15.261,120.9,15.000,14.896,131.8
54.2561,16096,82870,15.000,15.621,139.4,15.000,15.260,121.3,15.000,14.895,131.5
54.2561,16097,82875,15.000,15.582,140.0,15.000,15.213,121.6,15.000,14.853,131.7
54.2561,16098,82880,15.000,15.646,139.4,15.000,15.273,121.0,15.000,15.098,130.1
54.3220,16099,82885,15.000,15.630,139.6,15.000,15.073,122.5,15.000,14.899,131.9
54.3220,16100,82890,15.000,15.650,139.4,15.000,15.276,120.6,15.000,14.919,131.3
54.3220,16101,82895,15.000,15.617,139.6,15.000,15.250,121.3,15.000,14.893,131.6
54.3220,16102,82900,15.000,15.619,139.4,15.000,15.245,121.2,15.000,15.068,130.4
54.3220,16103,82905,15.000,15.613,139.4,15.000,15.243,121.2,15.000,15.067,130.8
54.3220,16104,82910,15.000,15.425,140.5,15.000,15.235,121.2,15.000,15.059,130.8
54.3220,16105,82915,15.000,15.659,138.5,15.000,15.290,120.8,15.000,15.108,130.5
54.3220,16106,82920,15.000,15.448,140.4,15.000,15.262,121.1,15.000,15.080,130.8
54.3220,16107,82925,15.000,15.641,138.5,15.000,15.273,120.9,15.000,15.270,129.5
54.3220,16108,82930,15.000,15.431,140.3,15.000,15.251,121.0,15.000,15.064,131.2
54.3220,16109,82935,15.000,15.634,138.4,15.000,15.275,120.8,15.000,15.086,130.6
54.3220,16110,82940,15.000,15.421,140.2,15.000,15.237,121.1,15.000,15.227,129.7
54.3220,16111,82945,15.000,15.270,140.7,15.000,15.265,120.8,15.000,15.258,129.8
54.3220,16112,82950,15.000,15.249,140.4,15.000,15.064,122.1,15.000,15.236,130.0
54.3220,16113,82955,15.000,15.291,140.0,15.000,15.287,120.2,15.000,15.273,129.7
54.3220,16114,82960,15.000,15.298,140.1,15.000,15.294,120.6,15.000,15.100,130.9
54.3808,16115,82965,15.000,15.246,140.4,15.000,15.057,122.2,15.000,15.230,129.6
54.3808,16116,82970,15.000,15.259,140.1,15.000,15.257,120.3,15.000,15.246,129.8
54.3818,16117,82975,15.000,15.259,140.1,15.000,15.083,121.9,15.000,15.073,130.9
54.3818,16118,82980,15.000,15.258,140.1,15.000,15.259,120.3,15.000,15.248,129.3
54.3818,16119,82985,15.000,15.234,140.2,15.000,15.237,120.8,15.000,15.226,129.9
54.3818,16120,82990,15.000,15.456,138.7,15.000,15.097,121.7,15.000,15.273,129.5
54.3818,16121,82995,15.000,15.430,139.4,15.000,15.251,120.3,15.000,15.245,129.8
54.3818,16122,83000,15.000,15.650,137.8,15.000,15.288,120.4,15.000,15.104,130.6
54.4421,16123,83005,15.000,15.429,139.7,15.000,15.062,121.9,15.000,15.243,129.3
54.4421,16124,83010,15.000,15.623,137.9,15.000,15.261,120.1,15.000,15.259,129.5
54.4421,16125,83015,15.000,15.599,138.4,15.000,15.242,120.7,15.000,15.238,129.7
54.4421,16126,83020,15.000,15.615,138.2,15.000,15.072,121.7,15.000,15.252,129.5
54.4421,16127,83025,15.000,15.621,138.1,15.000,15.255,120.1,15.000,15.434,128.3
54.4421,16128,83030,15.000,15.731,137.3,15.000,15.012,122.1,15.000,15.191,130.3
54.4421,16129,83035,15.000,15.445,139.4,15.000,15.098,120.9,15.000,15.278,129.1
54.4421,16130,83040,15.000,15.256,139.9,15.000,15.274,120.0,15.000,15.270,129.3
54.4421,16131,83045,15.000,15.430,138.3,15.000,15.085,121.6,15.000,15.261,129.4
54.4421,16132,83050,15.000,15.233,139.9,15.000,15.076,121.2,15.000,15.432,128.2
54.4421,16133,83055,15.000,15.218,139.5,15.000,15.244,120.1,15.000,15.241,129.8
54.4421,16134,83060,15.000,15.242,139.3,15.000,15.079,121.5,15.000,15.444,128.0
54.4421,16135,83065,15.000,15.088,140.3,15.000,15.282,119.8,15.000,15.290,129.4
54.4421,16136,83070,15.000,15.221,139.1,15.000,15.236,120.6,15.000,15.423,128.2
54.4421,16137,83075,15.000,15.075,140.3,15.000,15.095,121.3,15.000,15.281,129.4
54.4421,16138,83080,15.000,14.966,140.7,15.000,15.333,119.4,15.000,15.339,128.6
54.4906,16139,83085,15.000,15.069,139.8,15.000,15.239,120.6,15.000,15.423,128.2
54.4906,16140,83090,15.000,15.252,138.8,15.000,15.067,121.5,15.000,15.252,129.4
54.4906,16141,83095,15.000,15.073,140.4,15.000,15.252,119.8,15.000,15.436,127.8
54.4906,16142,83100,15.000,15.055,140.1,15.000,15.229,120.4,15.000,15.233,129.5
54.4906,16143,83105,15.000,15.070,139.9,15.000,15.064,121.4,15.000,15.428,127.7
54.4906,16144,83110,15.000,14.889,141.1,15.000,15.255,119.7,15.000,15.246,129.3
54.4906,16145,83115,15.000,15.047,139.7,15.000,15.055,121.5,15.000,15.228,129.0
54.4906,16146,83120,15.000,14.892,141.0,15.000,15.079,120.8,15.000,15.254,128.7
54.5536,16147,83125,15.000,14.862,140.9,15.000,15.224,119.9,15.000,15.218,129.0
54.5536,16148,83130,15.000,14.859,140.8,15.000,15.048,121.4,15.000,15.406,127.7
54.5536,16149,83135,15.000,15.020,139.8,15.000,15.215,119.9,15.000,15.216,129.3
54.5536,16150,83140,15.000,14.873,141.1,15.000,15.242,120.1,15.000,15.243,128.7
54.5536,16151,83145,15.000,14.896,140.7,15.000,15.084,121.2,15.000,15.267,128.5
54.5536,16152,83150,15.000,14.921,140.6,15.000,15.110,120.6,15.000,15.294,128.4
54.5536,16153,83155,15.000,14.914,140.7,15.000,15.104,120.7,15.000,15.103,129.7
54.5536,16154,83160,15.000,15.031,139.9,15.000,15.034,121.1,15.000,15.222,128.4
54.6167,16155,83165,15.000,14.896,141.1,15.000,15.073,120.7,15.000,15.260,128.4
54.6167,16156,83170,15.000,14.900,140.7,15.000,15.262,119.5,15.000,15.086,129.6
54.6167,16157,83175,15.000,14.881,140.9,15.000,15.068,121.2,15.000,15.070,129.3
54.6167,16158,83180,15.000,15.085,139.5,15.000,15.084,120.7,15.000,14.906,130.3
54.6167,16159,83185,15.000,14.742,142.2,15.000,15.103,120.6,15.000,15.102,128.7
54.6167,16160,83190,15.000,14.723,141.6,15.000,15.082,120.7,15.000,15.082,129.2
54.6167,16161,83195,15.000,14.878,140.5,15.000,15.056,120.8,15.000,14.873,130.6
54.6167,16162,83200,15.000,14.893,140.8,15.000,15.073,120.7,15.000,14.891,129.9
54.6167,16163,83205,15.000,14.893,140.9,15.000,15.249,119.5,15.000,14.889,130.0
54.6167,16164,83210,15.000,14.752,141.8,15.000,15.112,120.8,15.000,14.749,130.9
54.6167,16165,83215,15.000,14.905,140.5,15.000,15.089,120.6,15.000,14.726,130.8
54.6167,16166,83220,15.000,14.876,141.1,15.000,15.052,120.8,15.000,14.693,131.0
54.6167,16167,83225,15.000,15.106,139.5,15.000,15.098,120.4,15.000,14.557,131.8
54.6167,16168,83230,15.000,14.886,141.5,15.000,15.241,119.6,15.000,14.516,131.8
54.6167,16169,83235,15.000,15.106,139.5,15.000,15.100,120.8,15.000,14.193,133.9
54.6167,16170,83240,15.000,15.249,139.1,15.000,15.064,120.7,15.000,14.156,133.4
54.6808,16171,83245,15.000,15.089,140.5,15.000,15.077,120.5,15.000,14.169,133.3
54.6808,16172,83250,15.000,15.229,139.2,15.000,15.223,119.6,15.000,13.953,134.9
54.6808,16173,83255,15.000,15.231,139.5,15.000,14.868,122.2,15.000,13.958,134.5
54.6808,16174,83260,15.000,15.438,138.1,15.000,14.884,121.3,15.000,13.976,134.5
54.6808,16175,83265,15.000,15.268,139.6,15.000,15.078,120.1,15.000,13.808,135.7
54.6808,16176,83270,15.000,15.450,138.0,15.000,14.903,121.7,15.000,13.809,135.4
54.6808,16177,83275,15.000,15.263,139.6,15.000,14.900,121.3,15.000,13.989,134.4
54.6808,16178,83280,15.000,15.431,138.1,15.000,14.888,121.4,15.000,13.980,135.0
54.6808,16179,83285,15.000,15.416,138.5,15.000,14.864,121.5,15.000,14.142,134.1
54.6808,16180,83290,15.000,15.264,139.4,15.000,14.899,121.2,15.000,14.174,134.3
54.6808,16181,83295,15.000,15.407,138.1,15.000,15.050,120.4,15.000,14.151,134.7
54.6808,16182,83300,15.000,15.265,139.3,15.000,14.902,121.7,15.000,14.364,133.3
54.6808,16183,83305,15.000,15.423,137.9,15.000,15.239,119.1,15.000,14.343,134.0
54.6808,16184,83310,15.000,15.237,139.4,15.000,15.241,119.9,15.000,14.344,134.1
54.6808,16185,83315,15.000,15.430,137.7,15.000,15.067,121.0,15.000,14.716,131.7
54.6808,16186,83320,15.000,15.244,139.3,15.000,15.239,119.5,15.000,14.707,132.7
54.7407,16187,83325,15.000,15.385,137.9,15.000,15.192,120.2,15.000,14.665,133.0
54.7407,16188,83330,15.000,15.277,138.9,15.000,15.091,120.7,15.000,14.929,131.2
54.7407,16189,83335,15.000,15.427,137.7,15.000,15.253,119.4,15.000,14.910,132.0
54.7407,16190,83340,15.000,15.394,138.2,15.000,15.212,120.0,15.000,14.871,132.2
54.7407,16191,83345,15.000,15.449,137.7,15.000,15.083,120.7,15.000,15.101,130.6
54.7407,16192,83350,15.000,15.259,139.0,15.000,15.260,119.2,15.000,15.094,131.2
54.7407,16193,83355,15.000,14.914,140.8,15.000,15.097,120.7,15.000,15.109,131.1
54.7407,16194,83360,15.000,15.055,139.1,15.000,15.056,120.6,15.000,15.247,130.2
54.8003,16195,83365,15.000,14.867,140.6,15.000,15.230,119.3,15.000,15.057,131.7
54.8003,16196,83370,15.000,15.102,138.7,15.000,15.103,120.5,15.000,15.297,129.7
54.8003,16197,83375,15.000,14.902,140.5,15.000,15.092,120.3,15.000,15.283,130.3
54.8003,16198,83380,15.000,15.052,139.1,15.000,15.236,119.3,15.000,15.239,130.6
54.8003,16199,83385,15.000,14.899,140.4,15.000,15.080,120.7,15.000,15.263,130.3
54.8003,16200,83390,15.000,14.908,140.0,15.000,15.089,120.2,15.000,15.272,130.2
54.8003,16201,83395,15.000,14.909,140.0,15.000,15.090,120.2,15.000,15.273,130.2
54.8003,16202,83400,15.000,15.225,138.0,15.000,15.037,120.6,15.000,15.226,130.5
54.8003,16203,83405,15.000,15.443,137.3,15.000,15.072,120.2,15.000,15.445,128.9
54.8003,16204,83410,15.000,15.428,137.9,15.000,15.239,119.2,15.000,15.255,130.6
54.8003,16205,83415,15.000,15.439,137.7,15.000,15.073,120.6,15.000,15.453,128.9
54.8003,16206,83420,15.000,15.243,139.0,15.000,15.058,120.3,15.000,15.253,130.6
54.8003,16207,83425,15.000,15.442,137.2,15.000,15.080,120.2,15.000,15.275,129.9
54.8003,16208,83430,15.000,15.431,137.7,15.000,15.068,120.3,15.000,15.263,130.0
54.8003,16209,83435,15.000,15.420,137.7,15.000,15.057,120.3,15.000,15.251,130.1
54.8003,16210,83440,15.000,15.600,136.4,15.000,15.057,120.3,15.000,15.433,128.8
54.8469,16211,83445,15.000,15.419,138.0,15.000,15.231,119.1,15.000,15.239,130.5
54.8469,16212,83450,15.000,15.464,137.2,15.000,15.103,120.4,15.000,15.475,128.4
54.8469,16213,83455,15.000,15.427,137.5,15.000,15.071,120.3,15.000,15.258,130.4
54.8469,16214,83460,15.000,15.289,138.2,15.000,15.112,119.9,15.000,15.295,129.6
54.8469,16215,83465,15.000,15.431,136.9,15.000,15.076,120.2,15.000,15.255,129.9
54.8469,16216,83470,15.000,15.407,137.4,15.000,15.052,120.3,15.000,15.230,129.9
54.8469,16217,83475,15.000,15.248,138.3,15.000,15.253,118.9,15.000,15.431,128.5
54.8469,16218,83480,15.000,15.247,137.9,15.000,15.070,120.6,15.000,15.248,130.2
54.9114,16219,83485,15.000,15.262,137.8,15.000,15.082,120.0,15.000,15.444,128.4
54.9114,16220,83490,15.000,15.088,138.9,15.000,15.093,120.0,15.000,15.272,130.0
54.9114,16221,83495,15.000,15.054,138.7,15.000,15.065,120.2,15.000,15.430,128.5
54.9114,16222,83500,15.000,14.889,139.7,15.000,15.075,120.0,15.000,15.254,130.0
54.9114,16223,83505,15.000,15.066,138.2,15.000,15.071,120.1,15.000,15.430,128.4
54.9114,16224,83510,15.000,15.043,138.7,15.000,15.047,120.2,15.000,15.407,128.9
54.9114,16225,83515,15.000,14.913,139.5,15.000,15.094,119.8,15.000,15.277,129.6
54.9114,16226,83520,15.000,14.899,139.3,15.000,15.081,120.0,15.000,15.440,128.2
54.9732,16227,83525,15.000,14.887,139.4,15.000,15.059,120.1,15.000,15.421,128.7
54.9732,16228,83530,15.000,14.726,140.4,15.000,15.087,119.9,15.000,15.447,128.4
54.9732,16229,83535,15.000,14.729,140.0,15.000,15.094,119.9,15.000,15.272,129.6
54.9732,16230,83540,15.000,14.539,141.3,15.000,15.258,118.8,15.000,15.438,128.0
54.9732,16231,83545,15.000,14.715,139.8,15.000,15.078,120.4,15.000,15.254,129.6
54.9732,16232,83550,15.000,14.687,140.4,15.000,15.049,120.1,15.000,15.408,128.1
54.9732,16233,83555,15.000,14.510,141.5,15.000,15.230,118.9,15.000,15.230,129.6
54.9732,16234,83560,15.000,14.527,141.0,15.000,15.069,120.3,15.000,15.249,129.0
54.9732,16235,83565,15.000,14.526,141.1,15.000,15.063,120.0,15.000,15.428,127.9
54.9732,16236,83570,15.000,14.532,141.2,15.000,15.073,119.9,15.000,15.260,129.3
54.9732,16237,83575,15.000,14.744,139.8,15.000,15.112,119.6,15.000,15.114,129.9
54.9732,16238,83580,15.000,14.702,140.7,15.000,15.064,120.0,15.000,15.244,128.7
54.9732,16239,83585,15.000,14.704,140.6,15.000,15.065,119.9,15.000,15.246,128.9
54.9732,16240,83590,15.000,14.886,139.4,15.000,15.069,119.9,15.000,15.070,130.0
54.9732,16241,83595,15.000,14.890,139.9,15.000,15.069,119.9,15.000,15.071,129.6
54.9732,16242,83600,15.000,14.901,139.8,15.000,15.082,119.8,15.000,15.085,129.5
55.0351,16243,83605,15.000,14.894,139.9,15.000,15.071,119.9,15.000,15.074,129.6
55.0351,16244,83610,15.000,15.064,138.8,15.000,15.062,119.9,15.000,15.067,129.6
55.0351,16245,83615,15.000,15.075,139.1,15.000,15.076,119.8,15.000,14.895,130.7
55.0351,16246,83620,15.000,15.065,139.2,15.000,15.062,119.9,15.000,14.881,130.4
55.0351,16247,83625,15.000,14.865,140.5,15.000,15.047,120.0,15.000,14.866,130.5
55.0351,16248,83630,15.000,14.905,139.7,15.000,15.086,119.7,15.000,14.729,131.4
55.0351,16249,83635,15.000,15.050,138.9,15.000,15.052,120.0,15.000,14.872,130.1
55.0351,16250,83640,15.000,15.069,139.1,15.000,14.890,120.9,15.000,14.889,130.4
55.0966,16251,83645,15.000,14.888,140.3,15.000,15.064,119.4,15.000,14.886,130.4
55.0966,16252,83650,15.000,14.888,139.9,15.000,15.067,119.8,15.000,14.707,131.6
55.0966,16253,83655,15.000,14.905,139.8,15.000,14.909,120.8,15.000,14.728,131.1
55.0966,16254,83660,15.000,14.889,140.0,15.000,15.071,119.4,15.000,14.709,131.3
55.0966,16255,83665,15.000,14.883,140.0,15.000,15.066,119.8,15.000,14.705,131.3
55.0966,16256,83670,15.000,14.888,139.9,15.000,15.068,119.8,15.000,14.885,130.2
55.0966,16257,83675,15.000,15.097,138.6,15.000,14.911,120.8,15.000,14.912,130.4
55.0966,16258,83680,15.000,15.068,139.3,15.000,15.060,119.5,15.000,14.879,130.7
55.0976,16259,83685,15.000,15.081,139.1,15.000,15.069,119.8,15.000,14.709,131.8
55.0976,16260,83690,15.000,15.073,139.2,15.000,15.066,119.8,15.000,14.708,131.4
55.0976,16261,83695,15.000,15.096,139.0,15.000,15.095,119.6,15.000,14.914,130.1
55.0976,16262,83700,15.000,15.066,139.3,15.000,15.060,119.9,15.000,14.879,130.8
55.0976,16263,83705,15.000,14.896,140.3,15.000,15.072,119.7,15.000,14.891,130.7
55.0976,16264,83710,15.000,14.752,140.8,15.000,14.930,120.7,15.000,14.929,130.5
55.0976,16265,83715,15.000,14.521,142.0,15.000,15.056,119.5,15.000,15.054,129.7
55.0976,16266,83720,15.000,14.378,142.5,15.000,15.100,119.5,15.000,14.920,130.9
55.1628,16267,83725,15.000,14.157,143.6,15.000,15.058,119.9,15.000,14.878,130.9
55.1628,16268,83730,15.000,13.993,144.3,15.000,15.085,119.6,15.000,14.902,130.6
55.1628,16269,83735,15.000,13.617,146.4,15.000,15.071,119.8,15.000,15.067,129.6
55.1628,16270,83740,15.000,13.452,146.8,15.000,15.085,119.6,15.000,15.081,129.9
55.1628,16271,83745,15.000,13.263,147.8,15.000,15.080,119.7,15.000,14.894,131.2
55.1628,16272,83750,15.000,13.259,147.5,15.000,15.076,119.7,15.000,15.068,129.6
55.1628,16273,83755,15.000,13.265,147.7,15.000,15.081,119.6,15.000,15.075,130.0
55.1628,16274,83760,15.000,13.233,148.1,15.000,15.228,118.7,15.000,15.040,130.2
55.1628,16275,83765,15.000,13.421,147.0,15.000,15.056,120.1,15.000,15.050,130.0
55.1628,16276,83770,15.000,13.628,146.3,15.000,15.083,119.5,15.000,15.077,129.9
55.1628,16277,83775,15.000,13.618,147.0,15.000,15.078,119.6,15.000,15.071,130.0
55.1638,16278,83780,15.000,13.971,144.9,15.000,15.061,119.7,15.000,15.237,128.9
55.1638,16279,83785,15.000,14.177,144.5,15.000,15.088,119.5,15.000,15.086,130.2
55.1638,16280,83790,15.000,14.332,144.1,15.000,15.059,119.7,15.000,15.056,130.0
55.1638,16281,83795,15.000,14.687,142.2,15.000,15.049,119.7,15.000,15.229,128.8
55.1638,16282,83800,15.000,14.737,142.8,15.000,15.101,119.3,15.000,15.102,130.1
55.2284,16283,83805,15.000,14.891,141.9,15.000,15.065,119.7,15.000,15.065,130.0
55.2284,16284,83810,15.000,15.064,141.2,15.000,14.886,120.8,15.000,15.247,128.7
55.2284,16285,83815,15.000,15.079,141.5,15.000,15.087,119.0,15.000,15.084,130.2
55.2284,16286,83820,15.000,15.215,140.6,15.000,15.036,119.8,15.000,15.212,128.9
55.2284,16287,83825,15.000,15.244,140.7,15.000,15.066,119.5,15.000,15.244,129.0
55.2284,16288,83830,15.000,15.230,140.9,15.000,15.052,119.7,15.000,15.052,130.3
55.2284,16289,83835,15.000,15.230,140.8,15.000,15.050,119.6,15.000,15.232,128.7
55.2284,16290,83840,15.000,15.438,139.4,15.000,15.077,119.5,15.000,15.259,128.9
55.2871,16291,83845,15.000,15.277,140.9,15.000,14.913,120.6,15.000,15.095,130.0
55.2871,16292,83850,15.000,15.400,139.7,15.000,15.038,119.4,15.000,15.219,128.8
55.2871,16293,83855,15.000,15.229,141.1,15.000,15.056,119.6,15.000,15.237,128.9
55.2871,16294,83860,15.000,15.276,140.3,15.000,15.091,119.4,15.000,15.278,128.7
55.2871,16295,83865,15.000,15.260,140.5,15.000,14.892,120.7,15.000,15.258,128.9
55.2871,16296,83870,15.000,15.265,140.4,15.000,15.079,119.1,15.000,15.086,129.9
55.2871,16297,83875,15.000,15.242,140.5,15.000,15.054,119.7,15.000,15.241,128.5
55.2871,16298,83880,15.000,15.277,140.2,15.000,14.906,120.6,15.000,15.273,128.6
55.2871,16299,83885,15.000,15.258,140.4,15.000,15.064,119.2,15.000,15.248,128.8
55.2871,16300,83890,15.000,15.069,141.6,15.000,15.062,119.6,15.000,15.246,128.8
55.2871,16301,83895,15.000,15.240,140.0,15.000,15.056,119.6,15.000,15.240,128.8
55.2871,16302,83900,15.000,15.074,141.4,15.000,15.065,119.5,15.000,15.249,128.7
55.2871,16303,83905,15.000,15.439,138.7,15.000,15.068,119.5,15.000,15.252,128.7
55.2871,16304,83910,15.000,15.244,140.8,15.000,15.057,119.6,15.000,15.239,128.7
55.2871,16305,83915,15.000,15.275,140.1,15.000,15.088,119.4,15.000,15.274,128.4
55.2871,16306,83920,15.000,15.254,140.2,15.000,15.067,119.6,15.000,15.430,127.5
55.3225,16307,83925,15.000,15.270,140.1,15.000,15.080,119.4,15.000,15.263,128.9
55.3225,16308,83930,15.000,15.063,141.4,15.000,15.057,119.6,15.000,15.240,128.6
55.3225,16309,83935,15.000,15.245,139.7,15.000,15.068,119.5,15.000,15.251,128.4
55.3225,16310,83940,15.000,15.266,140.0,15.000,15.083,119.4,15.000,15.267,128.3
55.3225,16311,83945,15.000,15.065,141.3,15.000,15.064,119.5,15.000,15.425,127.3
55.3225,16312,83950,15.000,15.087,140.7,15.000,14.906,120.5,15.000,15.269,128.7
55.3225,16313,83955,15.000,14.915,141.8,15.000,15.100,118.9,15.000,15.280,128.2
55.3225,16314,83960,15.000,15.066,140.5,15.000,15.070,119.5,15.000,15.246,128.4
55.3816,16315,83965,15.000,15.044,141.0,15.000,15.041,119.6,15.000,15.216,128.5
55.3816,16316,83970,10.000,14.874,121.4,10.000,15.055,98.9,10.000,15.233,107.7
55.3816,16317,83975,10.000,14.711,121.5,10.000,15.086,98.1,10.000,15.262,106.9
55.3816,16318,83980,10.000,14.714,120.6,10.000,15.087,97.6,10.000,15.263,106.4
55.3816,16319,83985,10.000,14.565,121.0,10.000,14.751,99.2,10.000,15.110,106.8
55.3816,16320,83990,10.000,14.529,120.4,10.000,14.715,98.1,10.000,15.074,106.1
55.3816,16321,83995,10.000,14.522,119.8,10.000,14.529,98.7,10.000,14.888,106.6
55.3816,16322,84000,10.000,14.513,119.3,10.000,14.518,97.8,10.000,14.877,105.7
55.4428,16323,84005,10.000,14.319,120.0,10.000,14.136,99.7,10.000,14.678,106.4
55.4428,16324,84010,10.000,14.169,120.1,10.000,13.989,99.3,10.000,14.536,106.3
55.4428,16325,84015,10.000,13.987,120.4,10.000,13.815,99.6,10.000,14.362,106.6
55.4428,16326,84020,10.000,13.831,120.5,10.000,13.474,101.0,10.000,14.205,106.7
55.4428,16327,84025,10.000,13.996,118.6,10.000,13.450,99.9,10.000,13.997,107.2
55.4428,16328,84030,10.000,13.928,119.0,10.000,13.210,101.0,10.000,13.929,106.7
55.4428,16329,84035,10.000,13.794,119.3,10.000,13.260,99.8,10.000,13.796,106.9
55.4428,16330,84040,10.000,13.609,119.7,10.000,13.075,100.7,10.000,13.610,107.4
55.4428,16331,84045,10.000,13.623,118.8,10.000,13.083,99.9,10.000,13.439,107.6
55.4428,16332,84050,10.000,13.427,119.7,10.000,13.074,99.6,10.000,13.252,108.0
55.4428,16333,84055,10.000,13.646,117.4,10.000,13.111,99.0,10.000,13.102,108.2
55.4428,16334,84060,10.000,13.422,118.9,10.000,13.064,99.0,10.000,12.871,109.0
55.4428,16335,84065,10.000,13.270,119.0,10.000,13.095,98.3,10.000,12.717,109.1
55.4428,16336,84070,10.000,13.439,117.2,10.000,13.085,98.1,10.000,12.522,109.7
55.4428,16337,84075,10.000,13.064,119.6,10.000,12.891,99.0,10.000,12.331,110.2
55.4428,16338,84080,10.000,13.140,117.9,10.000,12.958,97.8,10.000,12.225,110.1
55.5013,16339,84085,10.000,13.047,118.3,10.000,13.035,97.1,10.000,12.125,110.3
55.5013,16340,84090,10.000,13.080,117.5,10.000,13.073,96.7,10.000,11.976,110.8
55.5013,16341,84095,10.000,13.083,117.2,10.000,13.081,96.4,10.000,11.988,110.1
55.5013,16342,84100,10.000,13.082,116.9,10.000,12.895,97.2,10.000,11.800,111.1
55.5013,16343,84105,10.000,13.066,116.6,10.000,12.883,96.5,10.000,11.790,110.5
55.5013,16344,84110,10.000,13.098,116.0,10.000,12.915,96.0,10.000,11.639,111.3
55.5013,16345,84115,10.000,13.249,114.8,10.000,12.882,95.9,10.000,11.611,110.9
55.5013,16346,84120,10.000,13.238,114.8,10.000,12.870,95.6,10.000,11.419,111.9
55.5497,16347,84125,10.000,13.436,113.1,10.000,12.884,95.2,10.000,11.431,111.2
55.5497,16348,84130,10.000,13.263,114.3,10.000,12.896,94.8,10.000,11.260,112.2
55.5497,16349,84135,10.000,13.285,113.4,10.000,12.747,95.4,10.000,11.107,112.6
55.5497,16350,84140,10.000,13.260,113.2,10.000,12.535,96.2,10.000,11.080,112.3
55.5497,16351,84145,10.000,13.222,113.0,10.000,12.676,94.4,10.000,11.046,112.3
55.5497,16352,84150,10.000,13.262,112.3,10.000,12.532,95.4,10.000,11.081,111.9
55.5497,16353,84155,10.000,13.084,113.2,10.000,12.537,94.7,10.000,11.271,110.6
55.5497,16354,84160,10.000,13.076,112.5,10.000,12.529,94.5,10.000,11.264,111.0
55.6120,16355,84165,10.000,13.081,112.1,10.000,12.530,94.2,10.000,11.446,109.6
55.6120,16356,84170,10.000,12.895,112.9,10.000,12.529,93.9,10.000,11.445,109.9
55.6120,16357,84175,10.000,12.902,112.1,10.000,12.539,93.5,10.000,11.638,108.5
55.6120,16358,84180,10.000,13.039,110.9,10.000,12.495,93.6,10.000,11.777,107.9
55.6120,16359,84185,10.000,13.044,110.9,10.000,12.499,93.1,10.000,11.781,108.0
55.6120,16360,84190,10.000,13.063,110.4,10.000,12.516,92.8,10.000,11.984,106.4
55.6120,16361,84195,10.000,12.933,110.9,10.000,12.386,93.4,10.000,12.028,106.4
55.6120,16362,84200,10.000,12.882,110.6,10.000,12.520,91.9,10.000,12.163,105.4
55.6120,16363,84205,10.000,12.895,110.1,10.000,12.525,91.9,10.000,11.981,106.7
55.6120,16364,84210,10.000,12.890,109.8,10.000,12.346,92.8,10.000,12.165,104.8
55.6120,16365,84215,10.000,12.887,109.5,10.000,12.347,92.1,10.000,12.166,105.0
55.6120,16366,84220,10.000,12.718,110.2,10.000,12.355,91.8,10.000,12.354,103.5
55.6120,16367,84225,10.000,12.503,110.9,10.000,12.317,91.8,10.000,12.316,104.0
55.6120,16368,84230,10.000,12.386,110.9,10.000,12.195,92.2,10.000,12.381,103.2
55.6120,16369,84235,10.000,12.202,111.5,10.000,12.191,91.7,10.000,12.558,101.9
55.6120,16370,84240,10.000,12.168,111.1,10.000,12.343,90.4,10.000,12.345,103.4
55.6766,16371,84245,10.000,12.157,110.8,10.000,12.149,91.8,10.000,12.330,102.7
55.6766,16372,84250,10.000,12.175,110.4,10.000,12.168,90.9,10.000,12.351,102.3
55.6766,16373,84255,10.000,12.148,110.4,10.000,12.150,90.9,10.000,12.516,101.0
55.6766,16374,84260,10.000,12.148,110.1,10.000,12.143,90.6,10.000,12.509,101.1
55.6766,16375,84265,10.000,12.179,109.6,10.000,12.175,90.1,10.000,12.540,100.6
55.6766,16376,84270,10.000,12.355,108.3,10.000,12.170,90.0,10.000,12.356,101.6
55.6766,16377,84275,10.000,12.539,107.2,10.000,11.996,90.9,10.000,12.362,100.9
55.6766,16378,84280,10.000,12.327,108.8,10.000,12.149,89.2,10.000,12.326,100.8
55.7372,16379,84285,10.000,12.518,106.8,10.000,11.974,90.5,10.000,12.336,100.4
55.7372,16380,84290,10.000,12.349,108.0,10.000,11.990,89.7,10.000,12.349,100.1
55.7372,16381,84295,10.000,12.352,107.3,10.000,11.995,89.5,10.000,12.357,99.8
55.7372,16382,84300,10.000,12.359,107.0,10.000,11.818,90.5,10.000,12.360,99.5
55.7382,16383,84305,10.000,12.181,107.9,10.000,11.640,91.0,10.000,12.368,99.2
55.7382,16384,84310,10.000,12.167,107.3,10.000,11.626,90.4,10.000,12.349,99.1
55.7382,16385,84315,10.000,11.969,108.3,10.000,11.429,91.5,10.000,12.154,100.1
55.7382,16386,84320,10.000,11.789,108.8,10.000,11.250,92.0,10.000,12.333,98.2
55.7382,16387,84325,10.000,11.634,109.2,10.000,11.270,91.3,10.000,12.357,98.2
55.7382,16388,84330,10.000,11.799,107.6,10.000,11.258,91.3,10.000,12.350,98.0
55.7382,16389,84335,10.000,11.611,109.0,10.000,11.256,91.2,10.000,12.163,98.9
55.7382,16390,84340,10.000,11.792,107.2,10.000,11.070,92.2,10.000,12.339,97.1
55.7382,16391,84345,10.000,11.613,108.5,10.000,11.254,90.5,10.000,12.341,97.2
55.7382,16392,84350,10.000,11.637,107.8,10.000,11.275,90.6,10.000,12.182,98.0
55.7382,16393,84355,10.000,11.601,107.9,10.000,11.237,90.8,10.000,12.138,97.7
55.7382,16394,84360,10.000,11.630,107.4,10.000,11.448,89.2,10.000,12.170,97.1
55.8033,16395,84365,10.000,11.635,107.3,10.000,11.448,89.5,10.000,12.171,96.9
55.8033,16396,84370,10.000,11.634,107.1,10.000,11.450,89.3,10.000,12.172,96.7
55.8033,16397,84375,10.000,11.795,105.9,10.000,11.615,88.1,10.000,12.156,96.5
55.8033,16398,84380,10.000,11.631,107.1,10.000,11.445,89.4,10.000,12.162,96.2
55.8033,16399,84385,10.000,11.820,105.3,10.000,11.634,87.6,10.000,12.171,95.9
55.8033,16400,84390,10.000,11.626,106.8,10.000,11.623,87.9,10.000,12.159,95.8
55.8033,16401,84395,10.000,11.805,105.0,10.000,11.438,88.9,10.000,11.975,96.7
55.8043,16402,84400,10.000,11.612,106.5,10.000,11.615,87.2,10.000,12.151,94.9
55.8043,16403,84405,10.000,11.632,105.7,10.000,11.633,87.3,10.000,12.169,94.9
55.8043,16404,84410,10.000,11.438,106.8,10.000,11.617,87.2,10.000,11.976,96.0
55.8043,16405,84415,10.000,11.634,104.9,10.000,11.634,86.9,10.000,12.177,94.0
55.8043,16406,84420,10.000,11.614,105.3,10.000,11.610,86.9,10.000,11.976,95.5
55.8043,16407,84425,10.000,11.443,106.2,10.000,11.624,86.6,10.000,11.987,94.7
55.8043,16408,84430,10.000,11.436,105.7,10.000,11.617,86.5,10.000,11.801,95.7
55.8043,16409,84435,10.000,11.434,105.5,10.000,11.433,87.5,10.000,11.980,93.9
55.8043,16410,84440,10.000,11.468,105.1,10.000,11.651,85.4,10.000,11.835,95.1
55.8613,16411,84445,10.000,11.268,106.3,10.000,11.629,85.9,10.000,11.990,93.5
55.8613,16412,84450,10.000,11.256,105.8,10.000,11.436,86.9,10.000,11.797,94.9
55.8613,16413,84455,10.000,11.463,104.2,10.000,11.647,84.9,10.000,11.830,94.0
55.8613,16414,84460,10.000,11.449,104.7,10.000,11.453,86.5,10.000,11.990,92.8
55.8613,16415,84465,10.000,11.240,105.8,10.000,11.425,86.1,10.000,11.779,94.4
55.8613,16416,84470,10.000,11.274,105.0,10.000,11.461,85.6,10.000,11.814,93.4
55.8613,16417,84475,10.000,11.079,106.2,10.000,11.442,85.6,10.000,11.795,93.4
55.8613,16418,84480,10.000,10.915,106.6,10.000,11.464,85.3,10.000,11.816,93.0
55.9235,16419,84485,10.000,10.736,107.3,10.000,11.461,85.2,10.000,11.814,92.9
55.9235,16420,84490,10.000,10.703,107.0,10.000,11.428,85.2,10.000,11.785,92.9
55.9235,16421,84495,10.000,10.728,106.7,10.000,11.457,84.8,10.000,11.637,93.6
55.9235,16422,84500,10.000,10.721,106.7,10.000,11.445,84.8,10.000,11.804,91.9
55.9235,16423,84505,10.000,10.526,107.9,10.000,11.250,85.9,10.000,11.610,93.4
55.9235,16424,84510,10.000,10.538,107.3,10.000,11.443,84.0,10.000,11.446,93.8
55.9235,16425,84515,10.000,10.544,107.2,10.000,11.449,84.2,10.000,11.451,93.2
55.9235,16426,84520,10.000,10.537,107.2,10.000,11.441,84.1,10.000,11.443,93.1
55.9235,16427,84525,10.000,10.724,105.9,10.000,11.266,85.1,10.000,11.449,92.9
55.9235,16428,84530,10.000,10.693,106.5,10.000,11.408,83.6,10.000,11.415,93.0
55.9235,16429,84535,10.000,10.534,107.4,10.000,11.443,83.6,10.000,11.265,93.7
55.9235,16430,84540,10.000,10.360,108.0,10.000,11.264,84.6,10.000,11.267,93.2
55.9235,16431,84545,10.000,10.163,108.9,10.000,11.246,84.2,10.000,11.248,93.1
55.9235,16432,84550,10.000,10.176,108.3,10.000,11.261,83.9,10.000,11.084,94.0
55.9235,16433,84555,10.000,9.984,109.6,10.000,11.431,82.7,10.000,11.073,93.6
55.9235,16434,84560,10.000,9.993,109.0,10.000,11.258,84.1,10.000,11.080,93.4
55.9851,16435,84565,10.000,9.993,109.1,10.000,11.256,83.5,10.000,11.078,93.3
55.9851,16436,84570,10.000,9.987,109.1,10.000,11.252,83.4,10.000,11.074,93.2
55.9851,16437,84575,10.000,9.815,110.2,10.000,11.267,83.1,10.000,10.907,94.1
55.9851,16438,84580,10.000,9.997,108.6,10.000,11.090,84.2,10.000,10.908,93.6
55.9851,16439,84585,10.000,9.981,109.2,10.000,11.254,82.6,10.000,10.888,93.7
55.9851,16440,84590,10.000,10.171,107.9,10.000,11.265,82.7,10.000,10.899,93.4
55.9851,16441,84595,10.000,10.363,107.1,10.000,11.278,82.5,10.000,10.732,94.5
55.9851,16442,84600,10.000,10.362,107.5,10.000,11.277,82.4,10.000,10.730,94.0
56.0345,16443,84605,10.000,10.700,105.3,10.000,11.071,83.6,10.000,10.706,94.0
56.0345,16444,84610,10.000,10.711,105.9,10.000,11.085,82.9,10.000,10.537,95.0
56.0345,16445,84615,10.000,10.703,105.9,10.000,11.081,82.8,10.000,10.532,94.6
56.0345,16446,84620,10.000,10.696,105.9,10.000,11.071,82.8,10.000,10.521,94.6
56.0345,16447,84625,10.000,10.878,104.6,10.000,11.069,82.6,10.000,10.334,95.7
56.0345,16448,84630,10.000,11.089,103.5,10.000,11.279,81.1,10.000,10.364,95.0
56.0345,16449,84635,10.000,11.246,102.9,10.000,11.069,82.9,10.000,10.338,95.2
56.0345,16450,84640,10.000,11.240,103.2,10.000,11.062,82.3,10.000,10.330,95.2
56.0952,16451,84645,10.000,11.434,101.8,10.000,11.070,82.1,10.000,10.521,93.9
56.0952,16452,84650,10.000,11.424,102.1,10.000,11.063,82.0,10.000,10.513,94.3
56.0952,16453,84655,10.000,11.266,103.0,10.000,11.086,81.7,10.000,10.536,94.1
56.0952,16454,84660,10.000,11.438,101.3,10.000,11.070,81.8,10.000,10.705,93.0
56.0952,16455,84665,10.000,11.442,101.5,10.000,11.076,81.6,10.000,10.528,94.5
56.0952,16456,84670,10.000,11.450,101.3,10.000,11.086,81.4,10.000,10.537,93.9
56.0952,16457,84675,10.000,11.443,101.2,10.000,11.078,81.4,10.000,10.715,92.7
56.0952,16458,84680,10.000,11.081,103.4,10.000,10.902,82.4,10.000,10.719,93.0
56.0952,16459,84685,10.000,11.095,102.3,10.000,10.911,81.8,10.000,10.729,92.9
56.0952,16460,84690,10.000,11.074,102.4,10.000,10.892,81.8,10.000,10.710,93.0
56.0952,16461,84695,10.000,10.878,103.5,10.000,10.884,81.7,10.000,10.701,92.9
56.0952,16462,84700,10.000,10.914,102.7,10.000,10.916,81.4,10.000,10.547,93.8
56.0952,16463,84705,10.000,10.913,102.6,10.000,10.915,81.4,10.000,10.546,93.4
56.0952,16464,84710,10.000,10.730,103.7,10.000,10.916,81.3,10.000,10.547,93.3
56.0952,16465,84715,10.000,10.717,103.3,10.000,10.901,81.3,10.000,10.714,92.1
56.0952,16466,84720,10.000,10.733,103.1,10.000,10.917,81.0,10.000,10.731,92.4
56.1424,16467,84725,10.000,10.704,103.2,10.000,10.885,81.1,10.000,10.875,91.4
56.1424,16468,84730,10.000,10.898,101.8,10.000,10.898,80.9,10.000,10.702,92.7
56.1424,16469,84735,10.000,10.888,102.2,10.000,10.892,80.9,10.000,10.695,92.3
56.1424,16470,84740,10.000,10.922,101.9,10.000,10.922,80.5,10.000,10.726,92.0
56.1424,16471,84745,10.000,10.922,101.9,10.000,10.922,80.5,10.000,10.907,90.8
56.1424,16472,84750,10.000,10.894,101.9,10.000,10.712,81.8,10.000,11.066,90.1
56.1424,16473,84755,10.000,10.896,101.7,10.000,10.713,81.2,10.000,11.067,90.4
56.1424,16474,84760,10.000,11.055,100.6,10.000,10.694,81.2,10.000,11.048,90.4
56.2143,16475,84765,10.000,11.079,100.7,10.000,10.532,82.2,10.000,11.069,90.1
56.2143,16476,84770,10.000,11.064,100.7,10.000,10.520,81.8,10.000,11.058,90.1
56.2143,16477,84775,10.000,11.099,100.4,10.000,10.558,81.4,10.000,10.920,90.8
56.2143,16478,84780,10.000,11.073,100.5,10.000,10.529,81.7,10.000,11.077,89.3
56.2143,16479,84785,10.000,11.263,99.1,10.000,10.356,82.7,10.000,11.085,89.6
56.2143,16480,84790,10.000,11.253,99.4,10.000,10.346,82.3,10.000,11.074,89.5
56.2143,16481,84795,10.000,11.246,99.3,10.000,10.338,82.3,10.000,10.886,90.6
56.2143,16482,84800,10.000,11.243,99.2,10.000,10.518,81.0,10.000,10.883,90.1
56.2143,16483,84805,10.000,11.256,99.0,10.000,10.529,81.3,10.000,10.894,89.9
56.2143,16484,84810,10.000,11.274,98.7,10.000,10.365,82.4,10.000,10.911,89.7
56.2143,16485,84815,10.000,11.266,98.7,10.000,10.543,80.8,10.000,10.906,89.7
56.2143,16486,84820,10.000,11.247,98.6,10.000,10.520,81.3,10.000,10.883,89.7
56.2143,16487,84825,10.000,11.253,98.4,10.000,10.528,81.1,10.000,10.891,89.5
56.2143,16488,84830,10.000,11.263,98.2,10.000,10.537,81.0,10.000,10.900,89.3
56.2143,16489,84835,10.000,11.235,98.3,10.000,10.695,79.9,10.000,11.054,88.3
56.2143,16490,84840,10.000,11.241,98.0,10.000,10.701,80.2,10.000,11.060,88.5
56.2686,16491,84845,10.000,11.267,97.7,10.000,10.540,81.2,10.000,10.899,89.4
56.2686,16492,84850,10.000,11.266,97.6,10.000,10.543,80.7,10.000,10.902,88.9
56.2686,16493,84855,10.000,11.247,97.6,10.000,10.525,80.8,10.000,10.884,88.9
56.2686,16494,84860,10.000,11.233,97.5,10.000,10.692,79.6,10.000,11.050,87.7
56.2686,16495,84865,10.000,11.260,97.2,10.000,10.720,79.7,10.000,11.076,87.8
56.2686,16496,84870,10.000,11.254,97.1,10.000,10.713,79.7,10.000,11.070,87.8
56.2686,16497,84875,10.000,11.268,96.9,10.000,10.541,80.8,10.000,11.084,87.5
56.2686,16498,84880,10.000,11.259,96.8,10.000,10.532,80.4,10.000,11.075,87.5
56.3311,16499,84885,10.000,11.084,97.8,10.000,10.532,80.3,10.000,10.897,88.5
56.3311,16500,84890,10.000,11.097,97.2,10.000,10.549,80.1,10.000,10.915,87.9
56.3311,16501,84895,10.000,11.080,97.2,10.000,10.719,79.0,10.000,11.084,86.7
56.3311,16502,84900,10.000,11.240,96.0,10.000,10.696,79.4,10.000,11.061,87.2
56.3311,16503,84905,10.000,11.257,96.1,10.000,10.532,80.4,10.000,11.080,86.8
56.3311,16504,84910,10.000,11.102,97.0,10.000,10.554,79.8,10.000,10.924,87.8
56.3311,16505,84915,10.000,11.056,96.8,10.000,10.509,80.1,10.000,10.877,87.6
56.3311,16506,84920,10.000,11.102,96.3,10.000,10.556,79.6,10.000,10.925,87.1
56.3321,16507,84925,10.000,11.063,96.5,10.000,10.699,78.7,10.000,10.882,87.4
56.3321,16508,84930,10.000,10.890,97.4,10.000,10.529,80.1,10.000,10.896,87.1
56.3321,16509,84935,10.000,10.909,96.8,10.000,10.551,79.5,10.000,10.918,86.9
56.3321,16510,84940,10.000,10.690,98.2,10.000,10.505,79.8,10.000,10.871,87.1
56.3321,16511,84945,10.000,10.699,97.5,10.000,10.516,79.5,10.000,10.882,86.8
56.3321,16512,84950,10.000,10.544,98.4,10.000,10.537,79.3,10.000,10.905,86.6
56.3321,16513,84955,10.000,10.366,99.2,10.000,10.727,78.1,10.000,10.727,87.7
56.3321,16514,84960,10.000,10.361,98.7,10.000,10.722,78.5,10.000,10.722,87.2
56.3918,16515,84965,10.000,10.183,99.8,10.000,10.541,79.6,10.000,10.721,87.2
56.3918,16516,84970,10.000,10.163,99.5,10.000,10.524,79.2,10.000,10.704,87.2
56.3918,16517,84975,10.000,10.184,99.3,10.000,10.548,78.9,10.000,10.727,86.9
56.3918,16518,84980,10.000,10.174,99.4,10.000,10.717,77.8,10.000,10.713,87.0
56.3918,16519,84985,10.000,10.172,99.4,10.000,10.715,78.2,10.000,10.711,86.9
56.3918,16520,84990,10.000,10.192,99.2,10.000,10.556,79.1,10.000,10.734,86.6
56.3918,16521,84995,10.000,10.166,99.4,10.000,10.531,78.8,10.000,10.708,86.8
56.3918,16522,85000,10.000,10.170,99.3,10.000,10.537,78.7,10.000,10.714,86.6
56.4562,16523,85005,10.000,10.353,98.1,10.000,10.531,78.7,10.000,10.893,85.4
56.4562,16524,85010,10.000,10.161,99.8,10.000,10.523,78.7,10.000,10.884,85.7
56.4562,16525,85015,10.000,10.360,98.0,10.000,10.724,77.3,10.000,10.906,85.5
56.4562,16526,85020,10.000,10.349,98.5,10.000,10.711,77.7,10.000,10.892,85.5
56.4562,16527,85025,10.000,10.343,98.5,10.000,10.522,78.9,10.000,10.886,85.4
56.4562,16528,85030,10.000,10.521,97.3,10.000,10.518,78.4,10.000,10.882,85.3
56.4562,16529,85035,10.000,10.525,97.6,10.000,10.341,79.5,10.000,10.886,85.2
56.4562,16530,85040,10.000,10.695,96.4,10.000,10.331,79.1,10.000,10.875,85.2
56.4562,16531,85045,10.000,10.713,96.6,10.000,10.345,78.9,10.000,10.890,84.9
56.4562,16532,85050,10.000,10.704,96.7,10.000,10.339,78.9,10.000,10.882,84.9
56.4562,16533,85055,10.000,10.519,97.8,10.000,10.158,80.1,10.000,10.702,86.0
56.4562,16534,85060,10.000,10.710,96.0,10.000,10.168,79.5,10.000,10.712,85.4
56.4562,16535,85065,10.000,10.528,97.6,10.000,9.983,80.8,10.000,10.710,85.4
56.4562,16536,85070,10.000,10.358,98.2,10.000,9.995,80.2,10.000,10.540,86.4
56.4562,16537,85075,10.000,10.358,97.7,10.000,10.178,79.1,10.000,10.541,85.9
56.4562,16538,85080,10.000,10.166,99.0,10.000,9.987,80.7,10.000,10.528,85.9
56.5213,16539,85085,10.000,10.176,98.4,10.000,10.175,79.1,10.000,10.352,87.0
56.5213,16540,85090,10.000,10.001,99.6,10.000,10.365,78.2,10.000,10.361,86.5
56.5213,16541,85095,10.000,9.999,99.1,10.000,10.184,79.8,10.000,10.362,86.4
56.5213,16542,85100,10.000,9.998,99.1,10.000,10.178,79.4,10.000,10.357,86.4
56.5213,16543,85105,10.000,10.168,98.0,10.000,10.349,78.3,10.000,10.345,86.5
56.5213,16544,85110,10.000,9.988,99.6,10.000,10.351,78.6,10.000,10.348,86.4
56.5213,16545,85115,10.000,10.166,98.0,10.000,10.529,77.4,10.000,10.161,87.6
56.5213,16546,85120,10.000,10.348,97.2,10.000,10.348,79.0,10.000,10.343,85.9
56.5223,16547,85125,10.000,10.152,98.9,10.000,10.328,78.6,10.000,10.323,86.4
56.5223,16548,85130,10.000,10.369,97.0,10.000,10.549,77.1,10.000,10.181,87.3
56.5223,16549,85135,10.000,10.360,97.5,10.000,10.543,77.6,10.000,10.358,85.8
56.5223,16550,85140,10.000,10.540,96.3,10.000,10.539,77.6,10.000,10.173,87.3
56.5223,16551,85145,10.000,10.362,97.8,10.000,10.724,76.3,10.000,10.176,86.9
56.5223,16552,85150,10.000,10.368,97.3,10.000,10.732,76.6,10.000,10.002,88.0
56.5223,16553,85155,10.000,10.372,97.3,10.000,10.734,76.5,10.000,10.186,86.4
56.5223,16554,85160,10.000,10.712,95.0,10.000,10.535,77.7,10.000,10.165,86.9
56.5793,16555,85165,10.000,10.701,95.8,10.000,10.521,77.3,10.000,10.154,86.9
56.5793,16556,85170,10.000,10.535,96.8,10.000,10.724,75.9,10.000,10.174,86.7
56.5793,16557,85175,10.000,10.726,95.1,10.000,10.739,76.2,10.000,10.008,87.9
56.5793,16558,85180,10.000,10.712,95.6,10.000,10.538,77.4,10.000,10.175,86.4
56.5793,16559,85185,10.000,10.711,95.5,10.000,10.537,76.9,10.000,9.992,87.9
56.5793,16560,85190,10.000,10.692,95.5,10.000,10.518,77.0,10.000,10.153,86.5
56.5793,16561,85195,10.000,10.870,94.2,10.000,10.514,76.9,10.000,10.149,86.8
56.5793,16562,85200,10.000,10.691,95.7,10.000,10.520,76.8,10.000,10.154,86.8
56.6405,16563,85205,10.000,10.702,95.1,10.000,10.528,76.7,10.000,10.162,86.7
56.6405,16564,85210,10.000,10.532,96.2,10.000,10.717,75.4,10.000,9.992,87.8
56.6405,16565,85215,10.000,10.366,96.8,10.000,10.555,76.8,10.000,10.192,86.1
56.6405,16566,85220,10.000,10.518,95.4,10.000,10.519,76.6,10.000,9.978,88.0
56.6405,16567,85225,10.000,10.521,95.6,10.000,10.521,76.5,10.000,10.161,86.3
56.6405,16568,85230,10.000,10.516,95.6,10.000,10.696,75.3,10.000,10.153,86.8
56.6405,16569,85235,10.000,10.532,95.4,10.000,10.715,75.5,10.000,10.170,86.6
56.6405,16570,85240,10.000,10.540,95.4,10.000,10.724,75.4,10.000,10.179,86.6
56.6405,16571,85245,10.000,10.553,95.2,10.000,10.551,76.4,10.000,10.006,87.7
56.6405,16572,85250,10.000,10.719,94.1,10.000,10.536,76.1,10.000,10.174,86.2
56.6405,16573,85255,10.000,10.529,95.7,10.000,10.530,76.0,10.000,10.169,86.6
56.6405,16574,85260,10.000,10.546,95.1,10.000,10.546,75.8,10.000,10.181,86.5
56.6405,16575,85265,10.000,10.697,94.1,10.000,10.697,74.8,10.000,10.150,86.7
56.6405,16576,85270,10.000,10.721,94.2,10.000,10.721,74.9,10.000,10.352,85.3
56.6405,16577,85275,10.000,10.704,94.3,10.000,10.524,76.2,10.000,10.155,87.0
56.6405,16578,85280,10.000,10.527,95.3,10.000,10.534,75.6,10.000,10.165,86.5
56.6922,16579,85285,10.000,10.532,94.8,10.000,10.526,75.6,10.000,10.343,85.3
56.6922,16580,85290,10.000,10.541,94.7,10.000,10.544,75.4,10.000,10.179,86.8
56.6922,16581,85295,10.000,10.529,94.7,10.000,10.718,74.3,10.000,10.353,85.2
56.6922,16582,85300,10.000,10.521,94.7,10.000,10.706,74.7,10.000,10.341,85.7
56.6922,16583,85305,10.000,10.716,93.3,10.000,10.536,75.7,10.000,10.356,85.5
56.6922,16584,85310,10.000,10.695,93.8,10.000,10.512,75.4,10.000,10.514,84.5
56.6922,16585,85315,10.000,10.548,94.7,10.000,10.551,75.0,10.000,10.370,85.7
56.6922,16586,85320,10.000,10.521,94.4,10.000,10.524,75.2,10.000,10.342,85.5
56.7523,16587,85325,10.000,10.547,94.1,10.000,10.727,73.8,10.000,10.546,84.1
56.7523,16588,85330,10.000,10.734,92.9,10.000,10.733,74.1,10.000,10.552,84.5
56.7523,16589,85335,10.000,10.694,93.5,10.000,10.523,75.4,10.000,10.518,84.6
56.7523,16590,85340,10.000,10.520,94.5,10.000,10.523,74.9,10.000,10.701,83.3
56.7523,16591,85345,10.000,10.520,94.0,10.000,10.523,74.8,10.000,10.702,83.7
56.7523,16592,85350,10.000,10.542,93.8,10.000,10.545,74.6,10.000,10.724,83.4
56.7523,16593,85355,10.000,10.531,93.9,10.000,10.718,73.5,10.000,10.712,83.5
56.7523,16594,85360,10.000,10.547,93.7,10.000,10.553,74.9,10.000,10.547,84.5
56.8145,16595,85365,10.000,10.692,92.7,10.000,10.509,74.7,10.000,10.688,83.1
56.8145,16596,85370,10.000,10.548,93.9,10.000,10.555,74.2,10.000,10.735,83.0
56.8145,16597,85375,10.000,10.534,93.6,10.000,10.544,74.3,10.000,10.723,83.1
56.8145,16598,85380,10.000,10.527,93.6,10.000,10.535,74.3,10.000,10.532,84.3
56.8145,16599,85385,10.000,10.545,93.4,10.000,10.731,73.0,10.000,10.551,83.6
56.8145,16600,85390,10.000,10.727,92.2,10.000,10.550,74.5,10.000,10.549,83.6
56.8145,16601,85395,10.000,10.717,92.6,10.000,10.538,74.1,10.000,10.538,83.6
56.8145,16602,85400,10.000,10.541,93.6,10.000,10.547,73.9,10.000,10.547,83.5
56.8145,16603,85405,10.000,10.512,93.3,10.000,10.515,74.1,10.000,10.515,83.7
56.8145,16604,85410,10.000,10.532,93.1,10.000,10.721,72.6,10.000,10.536,83.4
56.8145,16605,85415,10.000,10.554,92.9,10.000,10.747,72.9,10.000,10.560,83.2
56.8145,16606,85420,10.000,10.715,91.8,10.000,10.536,74.2,10.000,10.531,83.4
56.8145,16607,85425,10.000,10.693,92.3,10.000,10.513,73.8,10.000,10.509,83.4
56.8145,16608,85430,10.000,10.709,92.1,10.000,10.530,73.6,10.000,10.707,82.0
56.8145,16609,85435,10.000,10.524,93.2,10.000,10.526,73.6,10.000,10.703,82.4
56.8145,16610,85440,10.000,10.523,92.7,10.000,10.707,72.3,10.000,10.703,82.3
56.8778,16611,85445,10.000,10.540,92.6,10.000,10.721,72.6,10.000,10.535,83.3
56.8778,16612,85450,10.000,10.706,91.4,10.000,10.524,73.8,10.000,10.519,83.0
56.8778,16613,85455,10.000,10.550,92.8,10.000,10.554,73.1,10.000,10.547,82.7
56.8778,16614,85460,10.000,10.512,92.6,10.000,10.331,74.6,10.000,10.691,81.8
56.8778,16615,85465,10.000,10.516,92.4,10.000,10.155,75.2,10.000,10.697,82.0
56.8778,16616,85470,10.000,10.521,92.3,10.000,10.341,73.5,10.000,10.520,83.1
56.8778,16617,85475,10.000,10.547,92.1,10.000,10.187,74.9,10.000,10.547,82.4
56.8778,16618,85480,10.000,10.528,92.2,10.000,10.166,74.6,10.000,10.527,82.6
56.9425,16619,85485,10.000,10.540,92.1,10.000,9.995,75.7,10.000,10.538,82.4
56.9425,16620,85490,10.000,10.534,92.1,10.000,9.990,75.3,10.000,10.533,82.4
56.9425,16621,85495,10.000,10.529,92.0,10.000,9.808,76.5,10.000,10.715,81.1
56.9425,16622,85500,10.000,10.539,91.9,10.000,9.995,74.9,10.000,10.721,81.4
56.9425,16623,85505,10.000,10.695,90.8,10.000,9.792,76.6,10.000,10.696,81.5
56.9425,16624,85510,10.000,10.712,91.0,10.000,9.988,74.9,10.000,10.531,82.5
56.9425,16625,85515,10.000,10.709,91.0,10.000,9.986,75.4,10.000,10.527,82.0
56.9425,16626,85520,10.000,10.532,92.1,10.000,9.991,75.3,10.000,10.716,80.7
56.9425,16627,85525,10.000,10.517,91.7,10.000,9.977,75.4,10.000,10.698,81.2
56.9425,16628,85530,10.000,10.529,91.5,10.000,9.992,75.3,10.000,10.714,81.0
56.9425,16629,85535,10.000,10.695,90.4,10.000,9.980,75.4,10.000,10.519,82.2
56.9425,16630,85540,10.000,10.695,90.7,10.000,9.798,76.6,10.000,10.518,81.7
56.9425,16631,85545,10.000,10.535,91.7,10.000,9.818,76.0,10.000,10.542,81.5
56.9425,16632,85550,10.000,10.503,91.4,10.000,9.787,76.3,10.000,10.511,81.7
56.9425,16633,85555,10.000,10.529,91.1,10.000,9.809,76.1,10.000,10.537,81.4
56.9425,16634,85560,10.000,10.528,91.1,10.000,9.626,77.4,10.000,10.718,80.2
57.0005,16635,85565,10.000,10.541,91.0,10.000,9.634,76.9,10.000,10.544,81.7
57.0005,16636,85570,10.000,10.533,91.0,10.000,9.629,77.0,10.000,10.538,81.2
57.0005,16637,85575,10.000,10.371,92.0,10.000,9.649,76.9,10.000,10.562,81.0
57.0005,16638,85580,10.000,10.345,91.7,10.000,9.619,77.2,10.000,10.532,81.2
57.0005,16639,85585,10.000,10.169,92.8,10.000,9.622,77.2,10.000,10.717,79.9
57.0005,16640,85590,10.000,9.988,93.5,10.000,9.803,76.0,10.000,10.717,80.2
57.0005,16641,85595,10.000,10.153,92.0,10.000,9.786,76.6,10.000,10.513,81.5
57.0005,16642,85600,10.000,10.004,93.3,10.000,9.637,77.6,10.000,10.548,80.7
57.0005,16643,85605,10.000,9.829,94.1,10.000,9.824,76.0,10.000,10.553,80.7
57.0005,16644,85610,10.000,9.802,93.9,10.000,9.981,75.5,10.000,10.529,80.8
57.0005,16645,85615,10.000,9.611,95.1,10.000,9.977,75.9,10.000,10.706,79.5
57.0005,16646,85620,10.000,9.615,94.7,10.000,9.979,75.9,10.000,10.709,79.8
57.0005,16647,85625,10.000,9.801,93.5,10.000,9.982,75.9,10.000,10.529,80.9
57.0005,16648,85630,10.000,9.620,95.1,10.000,9.979,75.9,10.000,10.526,80.5
57.0005,16649,85635,10.000,9.621,94.7,10.000,10.163,74.7,10.000,10.528,80.4
57.0005,16650,85640,10.000,9.804,93.6,10.000,9.983,76.3,10.000,10.530,80.3
57.0496,16651,85645,10.000,9.631,95.2,10.000,10.170,74.6,10.000,10.716,79.0
57.0496,16652,85650,10.000,9.799,93.7,10.000,10.163,75.1,10.000,10.707,79.5
57.0496,16653,85655,10.000,9.799,94.1,10.000,10.166,75.0,10.000,10.528,80.5
57.0496,16654,85660,10.000,9.627,95.3,10.000,10.167,75.0,10.000,10.529,80.0
57.0496,16655,85665,10.000,9.811,93.7,10.000,10.170,75.0,10.000,10.533,79.9
57.0496,16656,85670,10.000,9.813,94.2,10.000,10.172,75.0,10.000,10.535,79.9
57.0496,16657,85675,10.000,9.784,94.4,10.000,10.148,75.1,10.000,10.510,80.0
57.0496,16658,85680,10.000,9.801,94.2,10.000,10.168,74.9,10.000,10.531,79.7
57.1113,16659,85685,10.000,10.001,93.0,10.000,9.999,76.0,10.000,10.547,79.6
57.1113,16660,85690,10.000,9.807,94.7,10.000,10.167,74.5,10.000,10.355,80.8
57.1113,16661,85695,10.000,9.991,93.1,10.000,9.989,76.1,10.000,10.360,80.3
57.1113,16662,85700,10.000,9.812,94.7,10.000,9.987,75.7,10.000,10.359,80.3
57.1113,16663,85705,10.000,9.994,93.1,10.000,9.802,76.9,10.000,10.356,80.3
57.1113,16664,85710,10.000,10.180,92.3,10.000,9.633,77.5,10.000,10.367,80.1
57.1113,16665,85715,10.000,9.994,94.0,10.000,9.810,76.0,10.000,10.178,81.4
57.1113,16666,85720,10.000,9.997,93.5,10.000,9.629,77.7,10.000,9.998,82.1
57.1582,16667,85725,10.000,9.993,93.5,10.000,9.624,77.3,10.000,10.170,80.5
57.1582,16668,85730,10.000,9.988,93.6,10.000,9.620,77.3,10.000,9.985,82.1
57.1582,16669,85735,10.000,9.803,94.8,10.000,9.623,77.4,10.000,9.988,81.6
57.1582,16670,85740,10.000,9.819,94.2,10.000,9.638,77.3,10.000,10.001,81.6
57.1582,16671,85745,10.000,9.814,94.3,10.000,9.636,77.4,10.000,9.815,82.8
57.1582,16672,85750,10.000,9.794,94.5,10.000,9.791,76.4,10.000,9.789,82.5
57.1582,16673,85755,10.000,9.813,94.3,10.000,9.807,76.7,10.000,9.804,82.4
57.1582,16674,85760,10.000,9.625,95.6,10.000,9.977,75.7,10.000,9.795,82.5
57.2202,16675,85765,10.000,9.817,94.0,10.000,9.800,77.2,10.000,9.800,82.5
57.2202,16676,85770,10.000,9.811,94.5,10.000,9.980,75.7,10.000,9.797,82.6
57.2202,16677,85775,10.000,9.835,94.3,10.000,10.003,76.0,10.000,9.642,83.6
57.2202,16678,85780,10.000,10.023,93.2,10.000,10.008,76.0,10.000,9.828,82.0
57.2202,16679,85785,10.000,9.999,93.8,10.000,9.983,76.2,10.000,9.618,83.9
57.2202,16680,85790,10.000,10.170,92.6,10.000,9.974,76.1,10.000,9.611,83.5
57.2202,16681,85795,10.000,10.159,93.1,10.000,10.145,75.0,10.000,9.781,82.4
57.2202,16682,85800,10.000,10.192,92.8,10.000,10.001,76.4,10.000,9.638,83.7
57.2202,16683,85805,10.000,10.152,93.1,10.000,10.142,75.1,10.000,9.780,82.5
57.2202,16684,85810,10.000,10.352,91.7,10.000,9.987,76.4,10.000,9.624,83.9
57.2202,16685,85815,10.000,10.344,92.2,10.000,10.165,74.9,10.000,9.620,83.6
57.2202,16686,85820,10.000,10.352,92.1,10.000,10.171,75.3,10.000,9.625,83.6
57.2202,16687,85825,10.000,10.328,92.2,10.000,10.151,75.4,10.000,9.783,82.6
57.2202,16688,85830,10.000,10.336,92.1,10.000,10.160,75.3,10.000,9.608,84.2
57.2202,16689,85835,10.000,10.513,90.9,10.000,10.334,74.1,10.000,9.603,83.8
57.2202,16690,85840,10.000,10.524,91.2,10.000,10.165,75.6,10.000,9.797,82.6
57.2845,16691,85845,10.000,10.526,91.2,10.000,10.164,75.2,10.000,9.614,84.3
57.2845,16692,85850,10.000,10.699,90.0,10.000,10.158,75.2,10.000,9.791,82.7
57.2845,16693,85855,10.000,10.719,90.2,10.000,10.184,75.0,10.000,9.633,84.2
57.2845,16694,85860,10.000,10.709,90.2,10.000,10.351,74.0,10.000,9.621,83.9
57.2845,16695,85865,10.000,10.521,91.3,10.000,10.161,75.6,10.000,9.793,82.8
57.2845,16696,85870,10.000,10.713,89.6,10.000,10.171,75.0,10.000,9.802,83.2
57.2845,16697,85875,10.000,10.739,89.8,10.000,10.194,74.9,10.000,9.830,83.1
57.2845,16698,85880,10.000,10.705,90.0,10.000,10.157,75.1,10.000,9.799,83.4
57.2845,16699,85885,10.000,10.554,90.8,10.000,10.191,74.8,10.000,10.011,81.9
57.2845,16700,85890,10.000,10.556,90.4,10.000,10.194,74.9,10.000,9.833,83.6
57.2845,16701,85895,10.000,10.532,90.5,10.000,10.173,75.0,10.000,9.993,82.2
57.2845,16702,85900,10.000,10.534,90.3,10.000,10.353,73.7,10.000,9.808,83.7
57.2845,16703,85905,10.000,10.532,90.3,10.000,10.169,75.3,10.000,9.989,82.1
57.2845,16704,85910,10.000,10.549,90.1,10.000,10.186,74.8,10.000,10.005,82.5
57.2845,16705,85915,10.000,10.741,88.8,10.000,10.197,74.7,10.000,9.834,83.6
57.2845,16706,85920,10.000,10.537,90.5,10.000,10.172,74.9,10.000,9.995,82.2
57.3435,16707,85925,10.000,10.507,90.2,10.000,10.144,75.0,10.000,9.962,82.8
57.3435,16708,85930,10.000,10.535,89.9,10.000,10.177,74.7,10.000,9.989,82.5
57.3435,16709,85935,10.000,10.709,88.7,10.000,9.986,76.0,10.000,9.980,82.7
57.3435,16710,85940,10.000,10.710,89.1,10.000,10.166,74.3,10.000,9.979,82.6
57.3435,16711,85945,10.000,10.545,90.1,10.000,10.181,74.7,10.000,9.994,82.6
57.3435,16712,85950,10.000,10.529,89.7,10.000,9.986,75.9,10.000,9.982,82.7
57.3435,16713,85955,10.000,10.544,89.5,10.000,10.183,74.2,10.000,9.997,82.5
57.3435,16714,85960,10.000,10.521,89.6,10.000,9.982,76.0,10.000,10.153,81.6
57.3925,16715,85965,10.000,10.529,89.5,10.000,10.168,74.3,10.000,10.158,81.9
57.3925,16716,85970,10.000,10.718,88.2,10.000,10.180,74.6,10.000,10.169,81.8
57.3925,16717,85975,10.000,10.552,89.6,10.000,10.194,74.5,10.000,10.007,82.9
57.3925,16718,85980,10.000,10.555,89.2,10.000,10.193,74.5,10.000,10.189,81.3
57.3925,16719,85985,0.000,10.524,0.0,0.000,10.166,0.0,0.000,9.978,0.0
57.3925,16720,85990,0.000,10.540,0.0,0.000,10.182,0.0,0.000,10.178,0.0
57.3925,16721,85995,0.000,10.543,0.0,0.000,10.005,0.0,0.000,10.000,0.0
57.3925,16722,86000,0.000,10.371,0.0,0.000,10.014,0.0,0.000,9.827,0.0
57.4544,16723,86005,0.000,9.986,0.0,0.000,9.627,0.0,0.000,9.440,0.0
57.4544,16724,86010,0.000,9.638,0.0,0.000,9.459,0.0,0.000,9.096,0.0
57.4544,16725,86015,0.000,9.080,0.0,0.000,9.087,0.0,0.000,8.905,0.0
57.4544,16726,86020,0.000,8.716,0.0,0.000,8.536,0.0,0.000,8.355,0.0
57.4544,16727,86025,0.000,8.351,0.0,0.000,8.350,0.0,0.000,8.168,0.0
57.4544,16728,86030,0.000,7.801,0.0,0.000,7.799,0.0,0.000,7.617,0.0
57.4544,16729,86035,0.000,7.279,0.0,0.000,7.458,0.0,0.000,7.277,0.0
57.4544,16730,86040,0.000,6.536,0.0,0.000,6.897,0.0,0.000,6.716,0.0
57.4544,16731,86045,0.000,6.175,0.0,0.000,6.536,0.0,0.000,6.174,0.0
57.4544,16732,86050,0.000,5.633,0.0,0.000,5.994,0.0,0.000,5.996,0.0
57.4544,16733,86055,0.000,5.447,0.0,0.000,5.809,0.0,0.000,5.632,0.0
57.4544,16734,86060,0.000,5.082,0.0,0.000,5.623,0.0,0.000,5.445,0.0
57.4544,16735,86065,0.000,4.905,0.0,0.000,5.264,0.0,0.000,5.087,0.0
57.4544,16736,86070,0.000,4.533,0.0,0.000,5.075,0.0,0.000,4.898,0.0
57.4544,16737,86075,0.000,4.359,0.0,0.000,4.722,0.0,0.000,4.545,0.0
57.4544,16738,86080,0.000,4.173,0.0,0.000,4.537,0.0,0.000,4.359,0.0
57.5170,16739,86085,0.000,3.990,0.0,0.000,4.353,0.0,0.000,3.994,0.0
57.5170,16740,86090,0.000,3.993,0.0,0.000,4.173,0.0,0.000,3.814,0.0
57.5170,16741,86095,0.000,3.632,0.0,0.000,3.994,0.0,0.000,3.815,0.0
57.5170,16742,86100,0.000,3.629,0.0,0.000,3.809,0.0,0.000,3.448,0.0
57.5170,16743,86105,0.000,3.270,0.0,0.000,3.632,0.0,0.000,3.450,0.0
57.5170,16744,86110,0.000,3.091,0.0,0.000,3.454,0.0,0.000,3.092,0.0
57.5170,16745,86115,0.000,2.904,0.0,0.000,3.266,0.0,0.000,2.903,0.0
57.5170,16746,86120,0.000,2.543,0.0,0.000,3.269,0.0,0.000,2.724,0.0
57.5796,16747,86125,0.000,2.360,0.0,0.000,3.086,0.0,0.000,2.541,0.0
57.5796,16748,86130,0.000,2.184,0.0,0.000,2.911,0.0,0.000,2.366,0.0
57.5796,16749,86135,0.000,1.821,0.0,0.000,2.911,0.0,0.000,2.366,0.0
57.5796,16750,86140,0.000,1.451,0.0,0.000,2.719,0.0,0.000,2.174,0.0
57.5796,16751,86145,0.000,1.453,0.0,0.000,2.539,0.0,0.000,1.994,0.0
57.5796,16752,86150,0.000,1.091,0.0,0.000,2.542,0.0,0.000,1.813,0.0
57.5796,16753,86155,0.000,0.910,0.0,0.000,2.360,0.0,0.000,1.632,0.0
57.5796,16754,86160,0.000,0.728,0.0,0.000,2.181,0.0,0.000,1.450,0.0
57.5796,16755,86165,0.000,0.546,0.0,0.000,2.177,0.0,0.000,1.446,0.0
57.5796,16756,86170,0.000,0.546,0.0,0.000,1.813,0.0,0.000,1.264,0.0
57.5796,16757,86175,0.000,0.367,0.0,0.000,1.818,0.0,0.000,1.086,0.0
57.5796,16758,86180,0.000,0.182,0.0,0.000,1.811,0.0,0.000,0.901,0.0
57.5796,16759,86185,0.000,0.182,0.0,0.000,1.448,0.0,0.000,0.719,0.0
57.5796,16760,86190,0.000,0.182,0.0,0.000,1.449,0.0,0.000,0.541,0.0
57.5796,16761,86195,0.000,0.000,0.0,0.000,1.267,0.0,0.000,0.359,0.0
57.5796,16762,86200,0.000,0.000,0.0,0.000,1.262,0.0,0.000,0.359,0.0
57.6451,16763,86205,0.000,0.000,0.0,0.000,1.081,0.0,0.000,0.179,0.0
57.6451,16764,86210,0.000,0.000,0.0,0.000,0.898,0.0,0.000,0.179,0.0
57.6451,16765,86215,0.000,0.000,0.0,0.000,0.720,0.0,0.000,0.000,0.0
57.6451,16766,86220,0.000,0.000,0.0,0.000,0.898,0.0,0.000,0.000,0.0
57.6451,16767,86225,0.000,0.000,0.0,0.000,0.714,0.0,0.000,0.000,0.0
57.6451,16768,86230,0.000,0.000,0.0,0.000,0.536,0.0,0.000,0.000,0.0
57.6451,16769,86235,0.000,0.000,0.0,0.000,0.536,0.0,0.000,0.000,0.0
57.6451,16770,86240,0.000,0.000,0.0,0.000,0.358,0.0,0.000,0.000,0.0
57.6451,16771,86245,0.000,0.000,0.0,0.000,0.358,0.0,0.000,0.000,0.0
57.6451,16772,86250,0.000,0.000,0.0,0.000,0.179,0.0,0.000,0.000,0.0
57.6451,16773,86255,0.000,0.000,0.0,0.000,0.179,0.0,0.000,0.000,0.0
57.6451,16774,86260,0.000,0.000,0.0,0.000,0.179,0.0,0.000,0.000,0.0
57.6451,16775,86265,0.000,0.000,0.0,0.000,0.179,0.0,0.000,0.000,0.0
57.6451,16776,86270,0.000,0.000,0.0,0.000,0.000,0.0,0.000,0.000,0.0
57.6451,16777,86275,0.000,0.000,0.0,0.000,0.000,0.0,0.000,0.000,0.0
57.6451,16778,86280,0.000,0.000,0.0,0.000,0.000,0.0,0.000,0.000,0.0
57.7046,16779,86285,0.000,0.000,0.0,0.000,0.000,0.0,0.000,0.000,0.0
57.7046,16780,86290,0.000,0.000,0.0,0.000,0.000,0.0,0.000,0.000,0.0
57.7046,16781,86295,0.000,0.000,0.0,0.000,0.000,0.0,0.000,0.000,0.0
57.7046,16782,86300,0.000,0.000,0.0,0.000,0.000,0.0,0.000,0.000,0.0
57.7046,16783,86305,0.000,0.000,0.0,0.000,0.000,0.0,0.000,0.000,0.0
57.7046,16784,86310,0.000,0.000,0.0,0.000,0.000,0.0,0.000,0.000,0.0
57.7046,16785,86315,0.000,0.000,0.0,0.000,0.000,0.0,0.000,0.000,0.0
57.7046,16786,86320,0.000,0.000,0.0,0.000,0.000,0.0,0.000,0.000,0.0
57.7667,16787,86325,0.000,0.000,0.0,0.000,0.000,0.0,0.000,0.000,0.0
57.7667,16788,86330,0.000,0.000,0.0,0.000,0.000,0.0,0.000,0.000,0.0
57.7667,16789,86335,0.000,0.000,0.0,0.000,0.000,0.0,0.000,0.000,0.0
57.7667,16790,86340,0.000,0.000,0.0,0.000,0.000,0.0,0.000,0.000,0.0
57.7667,16791,86345,0.000,0.000,0.0,0.000,0.000,0.0,0.000,0.000,0.0
57.7667,16792,86350,0.000,0.000,0.0,0.000,0.000,0.0,0.000,0.000,0.0
57.7667,16793,86355,0.000,0.000,0.0,0.000,0.000,0.0,0.000,0.000,0.0
57.7667,16794,86360,0.000,0.000,0.0,0.000,0.000,0.0,0.000,0.000,0.0
57.7667,16795,86365,0.000,0.000,0.0,0.000,0.000,0.0,0.000,0.000,0.0
57.7667,16796,86370,0.000,0.000,0.0,0.000,0.000,0.0,0.000,0.000,0.0
57.7667,16797,86375,0.000,0.000,0.0,0.000,0.000,0.0,0.000,0.000,0.0
57.7667,16798,86380,0.000,0.000,0.0,0.000,0.000,0.0,0.000,0.000,0.0
57.7667,16799,86385,0.000,0.000,0.0,0.000,0.000,0.0,0.000,0.000,0.0
57.7667,16800,86390,0.000,0.000,0.0,0.000,0.000,0.0,0.000,0.000,0.0
57.7667,16801,86395,0.000,0.000,0.0,0.000,0.000,0.0,0.000,0.000,0.0
57.7667,16802,86400,0.000,0.000,0.0,0.000,0.000,0.0,0.000,0.000,0.0
57.8287,16803,86405,0.000,0.000,0.0,0.000,0.000,0.0,0.000,0.000,0.0
57.8287,16804,86410,0.000,0.000,0.0,0.000,0.000,0.0,0.000,0.000,0.0
57.8287,16805,86415,0.000,0.000,0.0,0.000,0.000,0.0,0.000,0.000,0.0
57.8287,16806,86420,0.000,0.000,0.0,0.000,0.000,0.0,0.000,0.000,0.0
57.8287,16807,86425,0.000,0.000,0.0,0.000,0.000,0.0,0.000,0.000,0.0
57.8287,16808,86430,0.000,0.000,0.0,0.000,0.000,0.0,0.000,0.000,0.0
57.8287,16809,86435,0.000,0.000,0.0,0.000,0.000,0.0,0.000,0.000,0.0
57.8287,16810,86440,0.000,0.000,0.0,0.000,0.000,0.0,0.000,0.000,0.0
57.8800,16811,86445,0.000,0.000,0.0,0.000,0.000,0.0,0.000,0.000,0.0
57.8800,16812,86450,0.000,0.000,0.0,0.000,0.000,0.0,0.000,0.000,0.0
57.8800,16813,86455,0.000,0.000,0.0,0.000,0.000,0.0,0.000,0.000,0.0
57.8800,16814,86460,0.000,0.000,0.0,0.000,0.000,0.0,0.000,0.000,0.0
57.8800,16815,86465,0.000,0.000,0.0,0.000,0.000,0.0,0.000,0.000,0.0
57.8800,16816,86470,0.000,0.000,0.0,0.000,0.000,0.0,0.000,0.000,0.0
57.8800,16817,86475,0.000,0.000,0.0,0.000,0.000,0.0,0.000,0.000,0.0
57.8800,16818,86480,0.000,0.000,0.0,0.000,0.000,0.0,0.000,0.000,0.0
57.9408,16819,86485,0.000,0.000,0.0,0.000,0.000,0.0,0.000,0.000,0.0
57.9408,16820,86490,0.000,0.000,0.0,0.000,0.000,0.0,0.000,0.000,0.0
57.9408,16821,86495,0.000,0.000,0.0,0.000,0.000,0.0,0.000,0.000,0.0
57.9408,16822,86500,0.000,0.000,0.0,0.000,0.000,0.0,0.000,0.000,0.0
57.9408,16823,86505,0.000,0.000,0.0,0.000,0.000,0.0,0.000,0.000,0.0
57.9408,16824,86510,0.000,0.000,0.0,0.000,0.000,0.0,0.000,0.000,0.0
57.9408,16825,86515,0.000,0.000,0.0,0.000,0.000,0.0,0.000,0.000,0.0
57.9408,16826,86520,0.000,0.000,0.0,0.000,0.000,0.0,0.000,0.000,0.0
57.9408,16827,86525,0.000,0.000,0.0,0.000,0.000,0.0,0.000,0.000,0.0
57.9408,16828,86530,0.000,0.000,0.0,0.000,0.000,0.0,0.000,0.000,0.0
57.9408,16829,86535,0.000,0.000,0.0,0.000,0.000,0.0,0.000,0.000,0.0
57.9408,16830,86540,0.000,0.000,0.0,0.000,0.000,0.0,0.000,0.000,0.0
57.9408,16831,86545,0.000,0.000,0.0,0.000,0.000,0.0,0.000,0.000,0.0
57.9408,16832,86550,0.000,0.000,0.0,0.000,0.000,0.0,0.000,0.000,0.0
57.9408,16833,86555,0.000,0.000,0.0,0.000,0.000,0.0,0.000,0.000,0.0
57.9408,16834,86560,0.000,0.000,0.0,0.000,0.000,0.0,0.000,0.000,0.0
58.0067,16835,86565,0.000,0.000,0.0,0.000,0.000,0.0,0.000,0.000,0.0
58.0067,16836,86570,0.000,0.000,0.0,0.000,0.000,0.0,0.000,0.000,0.0
58.0067,16837,86575,0.000,0.000,0.0,0.000,0.000,0.0,0.000,0.000,0.0
58.0067,16838,86580,0.000,0.000,0.0,0.000,0.000,0.0,0.000,0.000,0.0
58.0067,16839,86585,0.000,0.000,0.0,0.000,0.000,0.0,0.000,0.000,0.0
58.0067,16840,86590,0.000,0.000,0.0,0.000,0.000,0.0,0.000,0.000,0.0
58.0067,16841,86595,0.000,0.000,0.0,0.000,0.000,0.0,0.000,0.000,0.0
58.0067,16842,86600,0.000,0.000,0.0,0.000,0.000,0.0,0.000,0.000,0.0
58.0067,16843,86605,0.000,0.000,0.0,0.000,0.000,0.0,0.000,0.000,0.0
58.0067,16844,86610,0.000,0.000,0.0,0.000,0.000,0.0,0.000,0.000,0.0
58.0067,16845,86615,0.000,0.000,0.0,0.000,0.000,0.0,0.000,0.000,0.0
58.0067,16846,86620,0.000,0.000,0.0,0.000,0.000,0.0,0.000,0.000,0.0
58.0067,16847,86625,0.000,0.000,0.0,0.000,0.000,0.0,0.000,0.000,0.0
58.0067,16848,86630,0.000,0.000,0.0,0.000,0.000,0.0,0.000,0.000,0.0
58.0067,16849,86635,0.000,0.000,0.0,0.000,0.000,0.0,0.000,0.000,0.0
58.0067,16850,86640,0.000,0.000,0.0,0.000,0.000,0.0,0.000,0.000,0.0
58.0624,16851,86645,0.000,0.000,0.0,0.000,0.000,0.0,0.000,0.000,0.0
58.0624,16852,86650,0.000,0.000,0.0,0.000,0.000,0.0,0.000,0.000,0.0
58.0624,16853,86655,0.000,0.000,0.0,0.000,0.000,0.0,0.000,0.000,0.0
58.0624,16854,86660,0.000,0.000,0.0,0.000,0.000,0.0,0.000,0.000,0.0
58.0624,16855,86665,0.000,0.000,0.0,0.000,0.000,0.0,0.000,0.000,0.0
58.0624,16856,86670,0.000,0.000,0.0,0.000,0.000,0.0,0.000,0.000,0.0
58.0624,16857,86675,0.000,0.000,0.0,0.000,0.000,0.0,0.000,0.000,0.0
58.0624,16858,86680,0.000,0.000,0.0,0.000,0.000,0.0,0.000,0.000,0.0
58.1126,16859,86685,0.000,0.000,0.0,0.000,0.000,0.0,0.000,0.000,0.0
58.1126,16860,86690,0.000,0.000,0.0,0.000,0.000,0.0,0.000,0.000,0.0
58.1126,16861,86695,0.000,0.000,0.0,0.000,0.000,0.0,0.000,0.000,0.0
58.1126,16862,86700,0.000,0.000,0.0,0.000,0.000,0.0,0.000,0.000,0.0
58.1126,16863,86705,0.000,0.000,0.0,0.000,0.000,0.0,0.000,0.000,0.0
58.1126,16864,86710,0.000,0.000,0.0,0.000,0.000,0.0,0.000,0.000,0.0
58.1126,16865,86715,0.000,0.000,0.0,0.000,0.000,0.0,0.000,0.000,0.0
58.1126,16866,86720,0.000,0.000,0.0,0.000,0.000,0.0,0.000,0.000,0.0
58.1744,16867,86725,0.000,0.000,0.0,0.000,0.000,0.0,0.000,0.000,0.0
58.1744,16868,86730,0.000,0.000,0.0,0.000,0.000,0.0,0.000,0.000,0.0
58.1744,16869,86735,0.000,0.000,0.0,0.000,0.000,0.0,0.000,0.000,0.0
58.1744,16870,86740,0.000,0.000,0.0,0.000,0.000,0.0,0.000,0.000,0.0
58.1744,16871,86745,0.000,0.000,0.0,0.000,0.000,0.0,0.000,0.000,0.0
58.1744,16872,86750,0.000,0.000,0.0,0.000,0.000,0.0,0.000,0.000,0.0
58.1744,16873,86755,0.000,0.000,0.0,0.000,0.000,0.0,0.000,0.000,0.0
58.1744,16874,86760,0.000,0.000,0.0,0.000,0.000,0.0,0.000,0.000,0.0
58.1744,16875,86765,0.000,0.000,0.0,0.000,0.000,0.0,0.000,0.000,0.0
58.1744,16876,86770,0.000,0.000,0.0,0.000,0.000,0.0,0.000,0.000,0.0
58.1744,16877,86775,0.000,0.000,0.0,0.000,0.000,0.0,0.000,0.000,0.0
58.1744,16878,86780,0.000,0.000,0.0,0.000,0.000,0.0,0.000,0.000,0.0
58.1744,16879,86785,0.000,0.000,0.0,0.000,0.000,0.0,0.000,0.000,0.0
58.1744,16880,86790,0.000,0.000,0.0,0.000,0.000,0.0,0.000,0.000,0.0
58.1744,16881,86795,0.000,0.000,0.0,0.000,0.000,0.0,0.000,0.000,0.0
58.1744,16882,86800,0.000,0.000,0.0,0.000,0.000,0.0,0.000,0.000,0.0
58.2341,16883,86805,0.000,0.000,0.0,0.000,0.000,0.0,0.000,0.000,0.0
58.2341,16884,86810,0.000,0.000,0.0,0.000,0.000,0.0,0.000,0.000,0.0
58.2341,16885,86815,0.000,0.000,0.0,0.000,0.000,0.0,0.000,0.000,0.0
58.2341,16886,86820,0.000,0.000,0.0,0.000,0.000,0.0,0.000,0.000,0.0
58.2341,16887,86825,0.000,0.000,0.0,0.000,0.000,0.0,0.000,0.000,0.0
58.2341,16888,86830,0.000,0.000,0.0,0.000,0.000,0.0,0.000,0.000,0.0
58.2341,16889,86835,0.000,0.000,0.0,0.000,0.000,0.0,0.000,0.000,0.0
58.2341,16890,86840,0.000,0.000,0.0,0.000,0.000,0.0,0.000,0.000,0.0
58.2832,16891,86845,0.000,0.000,0.0,0.000,0.000,0.0,0.000,0.000,0.0
58.2832,16892,86850,0.000,0.000,0.0,0.000,0.000,0.0,0.000,0.000,0.0
58.2832,16893,86855,0.000,0.000,0.0,0.000,0.000,0.0,0.000,0.000,0.0
58.2832,16894,86860,0.000,0.000,0.0,0.000,0.000,0.0,0.000,0.000,0.0
58.2832,16895,86865,0.000,0.000,0.0,0.000,0.000,0.0,0.000,0.000,0.0
58.2832,16896,86870,0.000,0.000,0.0,0.000,0.000,0.0,0.000,0.000,0.0
58.2832,16897,86875,0.000,0.000,0.0,0.000,0.000,0.0,0.000,0.000,0.0
58.2832,16898,86880,0.000,0.000,0.0,0.000,0.000,0.0,0.000,0.000,0.0
58.2832,16899,86885,0.000,0.000,0.0,0.000,0.000,0.0,0.000,0.000,0.0
58.2832,16900,86890,0.000,0.000,0.0,0.000,0.000,0.0,0.000,0.000,0.0
58.2832,16901,86895,0.000,0.000,0.0,0.000,0.000,0.0,0.000,0.000,0.0
58.2832,16902,86900,0.000,0.000,0.0,0.000,0.000,0.0,0.000,0.000,0.0
58.2832,16903,86905,0.000,0.000,0.0,0.000,0.000,0.0,0.000,0.000,0.0
58.2832,16904,86910,0.000,0.000,0.0,0.000,0.000,0.0,0.000,0.000,0.0
58.2832,16905,86915,0.000,0.000,0.0,0.000,0.000,0.0,0.000,0.000,0.0
58.2832,16906,86920,0.000,0.000,0.0,0.000,0.000,0.0,0.000,0.000,0.0
58.3503,16907,86925,0.000,0.000,0.0,0.000,0.000,0.0,0.000,0.000,0.0
58.3503,16908,86930,0.000,0.000,0.0,0.000,0.000,0.0,0.000,0.000,0.0
58.3503,16909,86935,0.000,0.000,0.0,0.000,0.000,0.0,0.000,0.000,0.0
58.3503,16910,86940,0.000,0.000,0.0,0.000,0.000,0.0,0.000,0.000,0.0
58.3503,16911,86945,0.000,0.000,0.0,0.000,0.000,0.0,0.000,0.000,0.0
58.3503,16912,86950,0.000,0.000,0.0,0.000,0.000,0.0,0.000,0.000,0.0
58.3503,16913,86955,0.000,0.000,0.0,0.000,0.000,0.0,0.000,0.000,0.0
58.3503,16914,86960,0.000,0.000,0.0,0.000,0.000,0.0,0.000,0.000,0.0
58.4097,16915,86965,0.000,0.000,0.0,0.000,0.000,0.0,0.000,0.000,0.0
58.4097,16916,86970,0.000,0.000,0.0,0.000,0.000,0.0,0.000,0.000,0.0
58.4097,16917,86975,0.000,0.000,0.0,0.000,0.000,0.0,0.000,0.000,0.0
58.4097,16918,86980,0.000,0.000,0.0,0.000,0.000,0.0,0.000,0.000,0.0
58.4097,16919,86985,0.000,0.000,0.0,0.000,0.000,0.0,0.000,0.000,0.0
58.4097,16920,86990,0.000,0.000,0.0,0.000,0.000,0.0,0.000,0.000,0.0
58.4097,16921,86995,0.000,0.000,0.0,0.000,0.000,0.0,0.000,0.000,0.0
58.4097,16922,87000,0.000,0.000,0.0,0.000,0.000,0.0,0.000,0.000,0.0
58.4097,16923,87005,0.000,0.000,0.0,0.000,0.000,0.0,0.000,0.000,0.0
58.4097,16924,87010,0.000,0.000,0.0,0.000,0.000,0.0,0.000,0.000,0.0
58.4097,16925,87015,0.000,0.000,0.0,0.000,0.000,0.0,0.000,0.000,0.0
58.4097,16926,87020,0.000,0.000,0.0,0.000,0.000,0.0,0.000,0.000,0.0
58.4097,16927,87025,0.000,0.000,0.0,0.000,0.000,0.0,0.000,0.000,0.0
58.4097,16928,87030,0.000,0.000,0.0,0.000,0.000,0.0,0.000,0.000,0.0
58.4097,16929,87035,0.000,0.000,0.0,0.000,0.000,0.0,0.000,0.000,0.0
58.4097,16930,87040,0.000,0.000,0.0,0.000,0.000,0.0,0.000,0.000,0.0
58.4761,16931,87045,0.000,0.000,0.0,0.000,0.000,0.0,0.000,0.000,0.0
58.4761,16932,87050,0.000,0.000,0.0,0.000,0.000,0.0,0.000,0.000,0.0
58.4761,16933,87055,0.000,0.000,0.0,0.000,0.000,0.0,0.000,0.000,0.0
58.4761,16934,87060,0.000,0.000,0.0,0.000,0.000,0.0,0.000,0.000,0.0
58.4761,16935,87065,0.000,0.000,0.0,0.000,0.000,0.0,0.000,0.000,0.0
58.4761,16936,87070,0.000,0.000,0.0,0.000,0.000,0.0,0.000,0.000,0.0
58.4761,16937,87075,0.000,0.000,0.0,0.000,0.000,0.0,0.000,0.000,0.0
58.4761,16938,87080,0.000,0.000,0.0,0.000,0.000,0.0,0.000,0.000,0.0
58.5324,16939,87085,0.000,0.000,0.0,0.000,0.000,0.0,0.000,0.000,0.0
58.5324,16940,87090,0.000,0.000,0.0,0.000,0.000,0.0,0.000,0.000,0.0
58.5324,16941,87095,0.000,0.000,0.0,0.000,0.000,0.0,0.000,0.000,0.0
58.5324,16942,87100,0.000,0.000,0.0,0.000,0.000,0.0,0.000,0.000,0.0
58.5324,16943,87105,0.000,0.000,0.0,0.000,0.000,0.0,0.000,0.000,0.0
58.5324,16944,87110,0.000,0.000,0.0,0.000,0.000,0.0,0.000,0.000,0.0
58.5324,16945,87115,0.000,0.000,0.0,0.000,0.000,0.0,0.000,0.000,0.0
58.5324,16946,87120,0.000,0.000,0.0,0.000,0.000,0.0,0.000,0.000,0.0
58.5324,16947,87125,0.000,0.000,0.0,0.000,0.000,0.0,0.000,0.000,0.0
58.5324,16948,87130,0.000,0.000,0.0,0.000,0.000,0.0,0.000,0.000,0.0
58.5324,16949,87135,0.000,0.000,0.0,0.000,0.000,0.0,0.000,0.000,0.0
58.5324,16950,87140,0.000,0.000,0.0,0.000,0.000,0.0,0.000,0.000,0.0
58.5324,16951,87145,0.000,0.000,0.0,0.000,0.000,0.0,0.000,0.000,0.0
58.5324,16952,87150,0.000,0.000,0.0,0.000,0.000,0.0,0.000,0.000,0.0
58.5324,16953,87155,0.000,0.000,0.0,0.000,0.000,0.0,0.000,0.000,0.0
58.5324,16954,87160,0.000,0.000,0.0,0.000,0.000,0.0,0.000,0.000,0.0
58.5985,16955,87165,0.000,0.000,0.0,0.000,0.000,0.0,0.000,0.000,0.0
58.5985,16956,87170,0.000,0.000,0.0,0.000,0.000,0.0,0.000,0.000,0.0
58.5985,16957,87175,0.000,0.000,0.0,0.000,0.000,0.0,0.000,0.000,0.0
58.5985,16958,87180,0.000,0.000,0.0,0.000,0.000,0.0,0.000,0.000,0.0
58.5985,16959,87185,0.000,0.000,0.0,0.000,0.000,0.0,0.000,0.000,0.0
58.5985,16960,87190,0.000,0.000,0.0,0.000,0.000,0.0,0.000,0.000,0.0
58.5985,16961,87195,0.000,0.000,0.0,0.000,0.000,0.0,0.000,0.000,0.0
58.5985,16962,87200,0.000,0.000,0.0,0.000,0.000,0.0,0.000,0.000,0.0
58.6656,16963,87205,0.000,0.000,0.0,0.000,0.000,0.0,0.000,0.000,0.0
58.6656,16964,87210,0.000,0.000,0.0,0.000,0.000,0.0,0.000,0.000,0.0
58.6656,16965,87215,0.000,0.000,0.0,0.000,0.000,0.0,0.000,0.000,0.0
58.6656,16966,87220,0.000,0.000,0.0,0.000,0.000,0.0,0.000,0.000,0.0
58.6656,16967,87225,0.000,0.000,0.0,0.000,0.000,0.0,0.000,0.000,0.0
58.6656,16968,87230,0.000,0.000,0.0,0.000,0.000,0.0,0.000,0.000,0.0
58.6656,16969,87235,0.000,0.000,0.0,0.000,0.000,0.0,0.000,0.000,0.0
58.6656,16970,87240,0.000,0.000,0.0,0.000,0.000,0.0,0.000,0.000,0.0
58.6656,16971,87245,0.000,0.000,0.0,0.000,0.000,0.0,0.000,0.000,0.0
58.6656,16972,87250,0.000,0.000,0.0,0.000,0.000,0.0,0.000,0.000,0.0
58.6656,16973,87255,0.000,0.000,0.0,0.000,0.000,0.0,0.000,0.000,0.0
58.6656,16974,87260,0.000,0.000,0.0,0.000,0.000,0.0,0.000,0.000,0.0
58.6656,16975,87265,0.000,0.000,0.0,0.000,0.000,0.0,0.000,0.000,0.0
58.6656,16976,87270,0.000,0.000,0.0,0.000,0.000,0.0,0.000,0.000,0.0
58.6656,16977,87275,0.000,0.000,0.0,0.000,0.000,0.0,0.000,0.000,0.0
58.6656,16978,87280,0.000,0.000,0.0,0.000,0.000,0.0,0.000,0.000,0.0
58.7275,16979,87285,0.000,0.000,0.0,0.000,0.000,0.0,0.000,0.000,0.0
58.7275,16980,87290,0.000,0.000,0.0,0.000,0.000,0.0,0.000,0.000,0.0
58.7275,16981,87295,0.000,0.000,0.0,0.000,0.000,0.0,0.000,0.000,0.0
58.7275,16982,87300,0.000,0.000,0.0,0.000,0.000,0.0,0.000,0.000,0.0
58.7275,16983,87305,0.000,0.000,0.0,0.000,0.000,0.0,0.000,0.000,0.0
58.7275,16984,87310,0.000,0.000,0.0,0.000,0.000,0.0,0.000,0.000,0.0
58.7275,16985,87315,0.000,0.000,0.0,0.000,0.000,0.0,0.000,0.000,0.0
58.7275,16986,87320,0.000,0.000,0.0,0.000,0.000,0.0,0.000,0.000,0.0
58.7275,16987,87325,0.000,0.000,0.0,0.000,0.000,0.0,0.000,0.000,0.0
58.7275,16988,87330,0.000,0.000,0.0,0.000,0.000,0.0,0.000,0.000,0.0
58.7275,16989,87335,0.000,0.000,0.0,0.000,0.000,0.0,0.000,0.000,0.0
58.7275,16990,87340,0.000,0.000,0.0,0.000,0.000,0.0,0.000,0.000,0.0
58.7275,16991,87345,0.000,0.000,0.0,0.000,0.000,0.0,0.000,0.000,0.0
58.7275,16992,87350,0.000,0.000,0.0,0.000,0.000,0.0,0.000,0.000,0.0
58.7275,16993,87355,0.000,0.000,0.0,0.000,0.000,0.0,0.000,0.000,0.0
58.7275,16994,87360,0.000,0.000,0.0,0.000,0.000,0.0,0.000,0.000,0.0
58.7856,16995,87365,0.000,0.000,0.0,0.000,0.000,0.0,0.000,0.000,0.0
58.7856,16996,87370,0.000,0.000,0.0,0.000,0.000,0.0,0.000,0.000,0.0
58.7856,16997,87375,0.000,0.000,0.0,0.000,0.000,0.0,0.000,0.000,0.0
58.7856,16998,87380,0.000,0.000,0.0,0.000,0.000,0.0,0.000,0.000,0.0
58.7856,16999,87385,0.000,0.000,0.0,0.000,0.000,0.0,0.000,0.000,0.0
58.7856,17000,87390,0.000,0.000,0.0,0.000,0.000,0.0,0.000,0.000,0.0
58.7856,17001,87395,0.000,0.000,0.0,0.000,0.000,0.0,0.000,0.000,0.0
58.7856,17002,87400,0.000,0.000,0.0,0.000,0.000,0.0,0.000,0.000,0.0
58.8467,17003,87405,0.000,0.000,0.0,0.000,0.000,0.0,0.000,0.000,0.0
58.8467,17004,87410,0.000,0.000,0.0,0.000,0.000,0.0,0.000,0.000,0.0
58.8467,17005,87415,0.000,0.000,0.0,0.000,0.000,0.0,0.000,0.000,0.0
58.8467,17006,87420,0.000,0.000,0.0,0.000,0.000,0.0,0.000,0.000,0.0
58.8467,17007,87425,0.000,0.000,0.0,0.000,0.000,0.0,0.000,0.000,0.0
58.8467,17008,87430,0.000,0.000,0.0,0.000,0.000,0.0,0.000,0.000,0.0
58.8467,17009,87435,0.000,0.000,0.0,0.000,0.000,0.0,0.000,0.000,0.0
58.8467,17010,87440,0.000,0.000,0.0,0.000,0.000,0.0,0.000,0.000,0.0
58.8467,17011,87445,0.000,0.000,0.0,0.000,0.000,0.0,0.000,0.000,0.0
58.8467,17012,87450,0.000,0.000,0.0,0.000,0.000,0.0,0.000,0.000,0.0
58.8467,17013,87455,0.000,0.000,0.0,0.000,0.000,0.0,0.000,0.000,0.0
58.8467,17014,87460,0.000,0.000,0.0,0.000,0.000,0.0,0.000,0.000,0.0
58.8467,17015,87465,0.000,0.000,0.0,0.000,0.000,0.0,0.000,0.000,0.0
58.8467,17016,87470,0.000,0.000,0.0,0.000,0.000,0.0,0.000,0.000,0.0
58.8467,17017,87475,0.000,0.000,0.0,0.000,0.000,0.0,0.000,0.000,0.0
58.8467,17018,87480,0.000,0.000,0.0,0.000,0.000,0.0,0.000,0.000,0.0
58.9142,17019,87485,0.000,0.000,0.0,0.000,0.000,0.0,0.000,0.000,0.0
58.9142,17020,87490,0.000,0.000,0.0,0.000,0.000,0.0,0.000,0.000,0.0
58.9142,17021,87495,0.000,0.000,0.0,0.000,0.000,0.0,0.000,0.000,0.0
58.9142,17022,87500,0.000,0.000,0.0,0.000,0.000,0.0,0.000,0.000,0.0
58.9142,17023,87505,0.000,0.000,0.0,0.000,0.000,0.0,0.000,0.000,0.0
58.9142,17024,87510,0.000,0.000,0.0,0.000,0.000,0.0,0.000,0.000,0.0
58.9142,17025,87515,0.000,0.000,0.0,0.000,0.000,0.0,0.000,0.000,0.0
58.9142,17026,87520,0.000,0.000,0.0,0.000,0.000,0.0,0.000,0.000,0.0
58.9951,17027,87525,0.000,0.000,0.0,0.000,0.000,0.0,0.000,0.000,0.0
58.9951,17028,87530,0.000,0.000,0.0,0.000,0.000,0.0,0.000,0.000,0.0
58.9951,17029,87535,0.000,0.000,0.0,0.000,0.000,0.0,0.000,0.000,0.0
58.9951,17030,87540,0.000,0.000,0.0,0.000,0.000,0.0,0.000,0.000,0.0
58.9951,17031,87545,0.000,0.000,0.0,0.000,0.000,0.0,0.000,0.000,0.0
58.9951,17032,87550,0.000,0.000,0.0,0.000,0.000,0.0,0.000,0.000,0.0
58.9951,17033,87555,0.000,0.000,0.0,0.000,0.000,0.0,0.000,0.000,0.0
58.9951,17034,87560,0.000,0.000,0.0,0.000,0.000,0.0,0.000,0.000,0.0
58.9951,17035,87565,0.000,0.000,0.0,0.000,0.000,0.0,0.000,0.000,0.0
58.9951,17036,87570,0.000,0.000,0.0,0.000,0.000,0.0,0.000,0.000,0.0
58.9951,17037,87575,0.000,0.000,0.0,0.000,0.000,0.0,0.000,0.000,0.0
58.9951,17038,87580,0.000,0.000,0.0,0.000,0.000,0.0,0.000,0.000,0.0
58.9951,17039,87585,0.000,0.000,0.0,0.000,0.000,0.0,0.000,0.000,0.0
58.9951,17040,87590,0.000,0.000,0.0,0.000,0.000,0.0,0.000,0.000,0.0
58.9951,17041,87595,0.000,0.000,0.0,0.000,0.000,0.0,0.000,0.000,0.0
58.9951,17042,87600,0.000,0.000,0.0,0.000,0.000,0.0,0.000,0.000,0.0
59.0478,17043,87605,0.000,0.000,0.0,0.000,0.000,0.0,0.000,0.000,0.0
59.0478,17044,87610,0.000,0.000,0.0,0.000,0.000,0.0,0.000,0.000,0.0
59.0478,17045,87615,0.000,0.000,0.0,0.000,0.000,0.0,0.000,0.000,0.0
59.0478,17046,87620,0.000,0.000,0.0,0.000,0.000,0.0,0.000,0.000,0.0
59.0478,17047,87625,0.000,0.000,0.0,0.000,0.000,0.0,0.000,0.000,0.0
59.0478,17048,87630,0.000,0.000,0.0,0.000,0.000,0.0,0.000,0.000,0.0
59.0478,17049,87635,0.000,0.000,0.0,0.000,0.000,0.0,0.000,0.000,0.0
59.0478,17050,87640,0.000,0.000,0.0,0.000,0.000,0.0,0.000,0.000,0.0
59.0478,17051,87645,0.000,0.000,0.0,0.000,0.000,0.0,0.000,0.000,0.0
59.0478,17052,87650,0.000,0.000,0.0,0.000,0.000,0.0,0.000,0.000,0.0
59.0478,17053,87655,0.000,0.000,0.0,0.000,0.000,0.0,0.000,0.000,0.0
59.0478,17054,87660,0.000,0.000,0.0,0.000,0.000,0.0,0.000,0.000,0.0
59.0478,17055,87665,0.000,0.000,0.0,0.000,0.000,0.0,0.000,0.000,0.0
59.0478,17056,87670,0.000,0.000,0.0,0.000,0.000,0.0,0.000,0.000,0.0
59.0478,17057,87675,0.000,0.000,0.0,0.000,0.000,0.0,0.000,0.000,0.0
59.0478,17058,87680,0.000,0.000,0.0,0.000,0.000,0.0,0.000,0.000,0.0
59.1103,17059,87685,0.000,0.000,0.0,0.000,0.000,0.0,0.000,0.000,0.0
59.1103,17060,87690,0.000,0.000,0.0,0.000,0.000,0.0,0.000,0.000,0.0
59.1103,17061,87695,0.000,0.000,0.0,0.000,0.000,0.0,0.000,0.000,0.0
59.1103,17062,87700,0.000,0.000,0.0,0.000,0.000,0.0,0.000,0.000,0.0
59.1103,17063,87705,0.000,0.000,0.0,0.000,0.000,0.0,0.000,0.000,0.0
59.1103,17064,87710,0.000,0.000,0.0,0.000,0.000,0.0,0.000,0.000,0.0
59.1103,17065,87715,0.000,0.000,0.0,0.000,0.000,0.0,0.000,0.000,0.0
59.1103,17066,87720,0.000,0.000,0.0,0.000,0.000,0.0,0.000,0.000,0.0
59.1595,17067,87725,0.000,0.000,0.0,0.000,0.000,0.0,0.000,0.000,0.0
59.1595,17068,87730,0.000,0.000,0.0,0.000,0.000,0.0,0.000,0.000,0.0
59.1595,17069,87735,0.000,0.000,0.0,0.000,0.000,0.0,0.000,0.000,0.0
59.1595,17070,87740,0.000,0.000,0.0,0.000,0.000,0.0,0.000,0.000,0.0
59.1595,17071,87745,0.000,0.000,0.0,0.000,0.000,0.0,0.000,0.000,0.0
59.1595,17072,87750,0.000,0.000,0.0,0.000,0.000,0.0,0.000,0.000,0.0
59.1595,17073,87755,0.000,0.000,0.0,0.000,0.000,0.0,0.000,0.000,0.0
59.1595,17074,87760,0.000,0.000,0.0,0.000,0.000,0.0,0.000,0.000,0.0
59.1595,17075,87765,0.000,0.000,0.0,0.000,0.000,0.0,0.000,0.000,0.0
59.1595,17076,87770,0.000,0.000,0.0,0.000,0.000,0.0,0.000,0.000,0.0
59.1595,17077,87775,0.000,0.000,0.0,0.000,0.000,0.0,0.000,0.000,0.0
59.1595,17078,87780,0.000,0.000,0.0,0.000,0.000,0.0,0.000,0.000,0.0
59.1595,17079,87785,0.000,0.000,0.0,0.000,0.000,0.0,0.000,0.000,0.0
59.1595,17080,87790,0.000,0.000,0.0,0.000,0.000,0.0,0.000,0.000,0.0
59.1595,17081,87795,0.000,0.000,0.0,0.000,0.000,0.0,0.000,0.000,0.0
59.1595,17082,87800,0.000,0.000,0.0,0.000,0.000,0.0,0.000,0.000,0.0
59.2187,17083,87805,0.000,0.000,0.0,0.000,0.000,0.0,0.000,0.000,0.0
59.2187,17084,87810,0.000,0.000,0.0,0.000,0.000,0.0,0.000,0.000,0.0
59.2187,17085,87815,0.000,0.000,0.0,0.000,0.000,0.0,0.000,0.000,0.0
59.2187,17086,87820,0.000,0.000,0.0,0.000,0.000,0.0,0.000,0.000,0.0
59.2187,17087,87825,0.000,0.000,0.0,0.000,0.000,0.0,0.000,0.000,0.0
59.2187,17088,87830,0.000,0.000,0.0,0.000,0.000,0.0,0.000,0.000,0.0
59.2187,17089,87835,0.000,0.000,0.0,0.000,0.000,0.0,0.000,0.000,0.0
59.2187,17090,87840,0.000,0.000,0.0,0.000,0.000,0.0,0.000,0.000,0.0
59.2723,17091,87845,0.000,0.000,0.0,0.000,0.000,0.0,0.000,0.000,0.0
59.2723,17092,87850,0.000,0.000,0.0,0.000,0.000,0.0,0.000,0.000,0.0
59.2723,17093,87855,0.000,0.000,0.0,0.000,0.000,0.0,0.000,0.000,0.0
59.2723,17094,87860,0.000,0.000,0.0,0.000,0.000,0.0,0.000,0.000,0.0
59.2723,17095,87865,0.000,0.000,0.0,0.000,0.000,0.0,0.000,0.000,0.0
59.2723,17096,87870,0.000,0.000,0.0,0.000,0.000,0.0,0.000,0.000,0.0
59.2723,17097,87875,0.000,0.000,0.0,0.000,0.000,0.0,0.000,0.000,0.0
59.2723,17098,87880,0.000,0.000,0.0,0.000,0.000,0.0,0.000,0.000,0.0
59.3309,17099,87885,0.000,0.000,0.0,0.000,0.000,0.0,0.000,0.000,0.0
59.3309,17100,87890,0.000,0.000,0.0,0.000,0.000,0.0,0.000,0.000,0.0
59.3309,17101,87895,0.000,0.000,0.0,0.000,0.000,0.0,0.000,0.000,0.0
59.3309,17102,87900,0.000,0.000,0.0,0.000,0.000,0.0,0.000,0.000,0.0
59.3309,17103,87905,0.000,0.000,0.0,0.000,0.000,0.0,0.000,0.000,0.0
59.3309,17104,87910,0.000,0.000,0.0,0.000,0.000,0.0,0.000,0.000,0.0
59.3309,17105,87915,0.000,0.000,0.0,0.000,0.000,0.0,0.000,0.000,0.0
59.3309,17106,87920,0.000,0.000,0.0,0.000,0.000,0.0,0.000,0.000,0.0
59.3309,17107,87925,0.000,0.000,0.0,0.000,0.000,0.0,0.000,0.000,0.0
59.3309,17108,87930,0.000,0.000,0.0,0.000,0.000,0.0,0.000,0.000,0.0
59.3309,17109,87935,0.000,0.000,0.0,0.000,0.000,0.0,0.000,0.000,0.0
59.3309,17110,87940,0.000,0.000,0.0,0.000,0.000,0.0,0.000,0.000,0.0
59.3309,17111,87945,0.000,0.000,0.0,0.000,0.000,0.0,0.000,0.000,0.0
59.3309,17112,87950,0.000,0.000,0.0,0.000,0.000,0.0,0.000,0.000,0.0
59.3309,17113,87955,0.000,0.000,0.0,0.000,0.000,0.0,0.000,0.000,0.0
59.3309,17114,87960,0.000,0.000,0.0,0.000,0.000,0.0,0.000,0.000,0.0
59.3916,17115,87965,0.000,0.000,0.0,0.000,0.000,0.0,0.000,0.000,0.0
59.3916,17116,87970,0.000,0.000,0.0,0.000,0.000,0.0,0.000,0.000,0.0
59.3916,17117,87975,0.000,0.000,0.0,0.000,0.000,0.0,0.000,0.000,0.0
59.3916,17118,87980,0.000,0.000,0.0,0.000,0.000,0.0,0.000,0.000,0.0
59.3916,17119,87985,0.000,0.000,0.0,0.000,0.000,0.0,0.000,0.000,0.0
59.3916,17120,87990,0.000,0.000,0.0,0.000,0.000,0.0,0.000,0.000,0.0
59.3916,17121,87995,0.000,0.000,0.0,0.000,0.000,0.0,0.000,0.000,0.0
59.3916,17122,88000,0.000,0.000,0.0,0.000,0.000,0.0,0.000,0.000,0.0
59.4384,17123,88005,0.000,0.000,0.0,0.000,0.000,0.0,0.000,0.000,0.0
59.4384,17124,88010,0.000,0.000,0.0,0.000,0.000,0.0,0.000,0.000,0.0
59.4384,17125,88015,0.000,0.000,0.0,0.000,0.000,0.0,0.000,0.000,0.0
59.4384,17126,88020,0.000,0.000,0.0,0.000,0.000,0.0,0.000,0.000,0.0
59.4384,17127,88025,0.000,0.000,0.0,0.000,0.000,0.0,0.000,0.000,0.0
59.4384,17128,88030,0.000,0.000,0.0,0.000,0.000,0.0,0.000,0.000,0.0
59.4384,17129,88035,0.000,0.000,0.0,0.000,0.000,0.0,0.000,0.000,0.0
59.4384,17130,88040,0.000,0.000,0.0,0.000,0.000,0.0,0.000,0.000,0.0
59.4394,17131,88045,0.000,0.000,0.0,0.000,0.000,0.0,0.000,0.000,0.0
59.4394,17132,88050,0.000,0.000,0.0,0.000,0.000,0.0,0.000,0.000,0.0
59.4394,17133,88055,0.000,0.000,0.0,0.000,0.000,0.0,0.000,0.000,0.0
59.4394,17134,88060,0.000,0.000,0.0,0.000,0.000,0.0,0.000,0.000,0.0
59.4394,17135,88065,0.000,0.000,0.0,0.000,0.000,0.0,0.000,0.000,0.0
59.4394,17136,88070,0.000,0.000,0.0,0.000,0.000,0.0,0.000,0.000,0.0
59.4394,17137,88075,0.000,0.000,0.0,0.000,0.000,0.0,0.000,0.000,0.0
59.4394,17138,88080,0.000,0.000,0.0,0.000,0.000,0.0,0.000,0.000,0.0
59.5051,17139,88085,0.000,0.000,0.0,0.000,0.000,0.0,0.000,0.000,0.0
59.5051,17140,88090,0.000,0.000,0.0,0.000,0.000,0.0,0.000,0.000,0.0
59.5051,17141,88095,0.000,0.000,0.0,0.000,0.000,0.0,0.000,0.000,0.0
59.5051,17142,88100,0.000,0.000,0.0,0.000,0.000,0.0,0.000,0.000,0.0
59.5051,17143,88105,0.000,0.000,0.0,0.000,0.000,0.0,0.000,0.000,0.0
59.5051,17144,88110,0.000,0.000,0.0,0.000,0.000,0.0,0.000,0.000,0.0
59.5051,17145,88115,0.000,0.000,0.0,0.000,0.000,0.0,0.000,0.000,0.0
59.5051,17146,88120,0.000,0.000,0.0,0.000,0.000,0.0,0.000,0.000,0.0
