host_time,seq,t_ms,setA,velA,pwmA,setB,velB,pwmB,setC,velC,pwmC
0.0195,19256,252305,0.000,0.000,0.0,0.000,0.000,0.0,0.000,0.000,0.0
0.0195,19257,252310,0.000,0.000,0.0,0.000,0.000,0.0,0.000,0.000,0.0
0.0195,19258,252315,0.000,0.000,0.0,0.000,0.000,0.0,0.000,0.000,0.0
0.0195,19259,252320,0.000,0.000,0.0,0.000,0.000,0.0,0.000,0.000,0.0
0.0195,19260,252325,0.000,0.000,0.0,0.000,0.000,0.0,0.000,0.000,0.0
0.0195,19261,252330,0.000,0.000,0.0,0.000,0.000,0.0,0.000,0.000,0.0
0.0195,19262,252335,0.000,0.000,0.0,0.000,0.000,0.0,0.000,0.000,0.0
0.0195,19263,252340,0.000,0.000,0.0,0.000,0.000,0.0,0.000,0.000,0.0
0.0865,19265,252350,0.000,0.000,0.0,0.000,0.000,0.0,0.000,0.000,0.0
0.0865,19266,252355,0.000,0.000,0.0,0.000,0.000,0.0,0.000,0.000,0.0
0.0865,19267,252360,0.000,0.000,0.0,0.000,0.000,0.0,0.000,0.000,0.0
0.0865,19268,252365,0.000,0.000,0.0,0.000,0.000,0.0,0.000,0.000,0.0
0.0865,19269,252370,0.000,0.000,0.0,0.000,0.000,0.0,0.000,0.000,0.0
0.0865,19270,252375,0.000,0.000,0.0,0.000,0.000,0.0,0.000,0.000,0.0
0.0865,19271,252380,0.000,0.000,0.0,0.000,0.000,0.0,0.000,0.000,0.0
0.0865,19272,252385,0.000,0.000,0.0,0.000,0.000,0.0,0.000,0.000,0.0
0.1886,19273,252390,0.000,0.000,0.0,0.000,0.000,0.0,0.000,0.000,0.0
0.1886,19274,252395,0.000,0.000,0.0,0.000,0.000,0.0,0.000,0.000,0.0
0.1886,19275,252400,0.000,0.000,0.0,0.000,0.000,0.0,0.000,0.000,0.0
0.1886,19276,252405,0.000,0.000,0.0,0.000,0.000,0.0,0.000,0.000,0.0
0.1886,19277,252410,0.000,0.000,0.0,0.000,0.000,0.0,0.000,0.000,0.0
0.1886,19278,252415,0.000,0.000,0.0,0.000,0.000,0.0,0.000,0.000,0.0
0.1886,19279,252420,0.000,0.000,0.0,0.000,0.000,0.0,0.000,0.000,0.0
0.1886,19280,252425,0.000,0.000,0.0,0.000,0.000,0.0,0.000,0.000,0.0
0.1886,19281,252430,0.000,0.000,0.0,0.000,0.000,0.0,0.000,0.000,0.0
0.1886,19282,252435,0.000,0.000,0.0,0.000,0.000,0.0,0.000,0.000,0.0
0.1886,19283,252440,0.000,0.000,0.0,0.000,0.000,0.0,0.000,0.000,0.0
0.1886,19284,252445,0.000,0.000,0.0,0.000,0.000,0.0,0.000,0.000,0.0
0.1886,19285,252450,0.000,0.000,0.0,0.000,0.000,0.0,0.000,0.000,0.0
0.1886,19286,252455,0.000,0.000,0.0,0.000,0.000,0.0,0.000,0.000,0.0
0.1886,19287,252460,0.000,0.000,0.0,0.000,0.000,0.0,0.000,0.000,0.0
0.1886,19288,252465,0.000,0.000,0.0,0.000,0.000,0.0,0.000,0.000,0.0
0.2869,19289,252470,0.000,0.000,0.0,0.000,0.000,0.0,0.000,0.000,0.0
0.2869,19290,252475,0.000,0.000,0.0,0.000,0.000,0.0,0.000,0.000,0.0
0.2869,19291,252480,0.000,0.000,0.0,0.000,0.000,0.0,0.000,0.000,0.0
0.2869,19292,252485,0.000,0.000,0.0,0.000,0.000,0.0,0.000,0.000,0.0
0.2869,19293,252490,0.000,0.000,0.0,0.000,0.000,0.0,0.000,0.000,0.0
0.2869,19294,252495,0.000,0.000,0.0,0.000,0.000,0.0,0.000,0.000,0.0
0.2869,19295,252500,0.000,0.000,0.0,0.000,0.000,0.0,0.000,0.000,0.0
0.2869,19296,252505,0.000,0.000,0.0,0.000,0.000,0.0,0.000,0.000,0.0
0.2869,19297,252510,0.000,0.000,0.0,0.000,0.000,0.0,0.000,0.000,0.0
0.2869,19298,252515,0.000,0.000,0.0,0.000,0.000,0.0,0.000,0.000,0.0
0.2869,19299,252520,0.000,0.000,0.0,0.000,0.000,0.0,0.000,0.000,0.0
0.2869,19300,252525,0.000,0.000,0.0,0.000,0.000,0.0,0.000,0.000,0.0
0.2869,19301,252530,0.000,0.000,0.0,0.000,0.000,0.0,0.000,0.000,0.0
0.2869,19302,252535,0.000,0.000,0.0,0.000,0.000,0.0,0.000,0.000,0.0
0.2869,19303,252540,0.000,0.000,0.0,0.000,0.000,0.0,0.000,0.000,0.0
0.2869,19304,252545,0.000,0.000,0.0,0.000,0.000,0.0,0.000,0.000,0.0
0.2869,19305,252550,0.000,0.000,0.0,0.000,0.000,0.0,0.000,0.000,0.0
0.2869,19306,252555,0.000,0.000,0.0,0.000,0.000,0.0,0.000,0.000,0.0
0.2869,19307,252560,0.000,0.000,0.0,0.000,0.000,0.0,0.000,0.000,0.0
0.2869,19308,252565,0.000,0.000,0.0,0.000,0.000,0.0,0.000,0.000,0.0
0.2869,19309,252570,0.000,0.000,0.0,0.000,0.000,0.0,0.000,0.000,0.0
0.2869,19310,252575,0.000,0.000,0.0,0.000,0.000,0.0,0.000,0.000,0.0
0.2869,19311,252580,0.000,0.000,0.0,0.000,0.000,0.0,0.000,0.000,0.0
0.2869,19312,252585,0.000,0.000,0.0,0.000,0.000,0.0,0.000,0.000,0.0
0.3404,19313,252590,0.000,0.000,0.0,0.000,0.000,0.0,0.000,0.000,0.0
0.3404,19314,252595,0.000,0.000,0.0,0.000,0.000,0.0,0.000,0.000,0.0
0.3404,19315,252600,0.000,0.000,0.0,0.000,0.000,0.0,0.000,0.000,0.0
0.3404,19316,252605,0.000,0.000,0.0,0.000,0.000,0.0,0.000,0.000,0.0
0.3404,19317,252610,0.000,0.000,0.0,0.000,0.000,0.0,0.000,0.000,0.0
0.3404,19318,252615,0.000,0.000,0.0,0.000,0.000,0.0,0.000,0.000,0.0
0.3404,19319,252620,0.000,0.000,0.0,0.000,0.000,0.0,0.000,0.000,0.0
0.3404,19320,252625,0.000,0.000,0.0,0.000,0.000,0.0,0.000,0.000,0.0
0.3404,19321,252630,0.000,0.000,0.0,0.000,0.000,0.0,0.000,0.000,0.0
0.3404,19322,252635,0.000,0.000,0.0,0.000,0.000,0.0,0.000,0.000,0.0
0.3404,19323,252640,0.000,0.000,0.0,0.000,0.000,0.0,0.000,0.000,0.0
0.3404,19324,252645,0.000,0.000,0.0,0.000,0.000,0.0,0.000,0.000,0.0
0.3404,19325,252650,0.000,0.000,0.0,0.000,0.000,0.0,0.000,0.000,0.0
0.3404,19326,252655,0.000,0.000,0.0,0.000,0.000,0.0,0.000,0.000,0.0
0.3404,19327,252660,0.000,0.000,0.0,0.000,0.000,0.0,0.000,0.000,0.0
0.3404,19328,252665,0.000,0.000,0.0,0.000,0.000,0.0,0.000,0.000,0.0
3.1908,19329,252670,0.000,0.000,0.0,0.000,0.000,0.0,0.000,0.000,0.0
3.1908,19330,252675,0.000,0.000,0.0,0.000,0.000,0.0,0.000,0.000,0.0
3.1908,19331,252680,0.000,0.000,0.0,0.000,0.000,0.0,0.000,0.000,0.0
3.1908,19332,252685,0.000,0.000,0.0,0.000,0.000,0.0,0.000,0.000,0.0
3.1908,19333,252690,0.000,0.000,0.0,0.000,0.000,0.0,0.000,0.000,0.0
3.1908,19334,252695,0.000,0.000,0.0,0.000,0.000,0.0,0.000,0.000,0.0
3.1908,19335,252700,0.000,0.000,0.0,0.000,0.000,0.0,0.000,0.000,0.0
3.1908,19336,252705,0.000,0.000,0.0,0.000,0.000,0.0,0.000,0.000,0.0
3.1908,19337,252710,0.000,0.000,0.0,0.000,0.000,0.0,0.000,0.000,0.0
3.1908,19338,252715,0.000,0.000,0.0,0.000,0.000,0.0,0.000,0.000,0.0
3.1908,19339,252720,0.000,0.000,0.0,0.000,0.000,0.0,0.000,0.000,0.0
3.1908,19340,252725,0.000,0.000,0.0,0.000,0.000,0.0,0.000,0.000,0.0
3.1908,19341,252730,0.000,0.000,0.0,0.000,0.000,0.0,0.000,0.000,0.0
3.1908,19342,252735,0.000,0.000,0.0,0.000,0.000,0.0,0.000,0.000,0.0
3.1908,19343,252740,0.000,0.000,0.0,0.000,0.000,0.0,0.000,0.000,0.0
3.1908,19344,252745,0.000,0.000,0.0,0.000,0.000,0.0,0.000,0.000,0.0
3.1908,19345,252750,0.000,0.000,0.0,0.000,0.000,0.0,0.000,0.000,0.0
3.1908,19346,252755,0.000,0.000,0.0,0.000,0.000,0.0,0.000,0.000,0.0
3.1908,19347,252760,0.000,0.000,0.0,0.000,0.000,0.0,0.000,0.000,0.0
3.1908,19348,252765,0.000,0.000,0.0,0.000,0.000,0.0,0.000,0.000,0.0
3.1908,19349,252770,0.000,0.000,0.0,0.000,0.000,0.0,0.000,0.000,0.0
3.1908,19350,252775,0.000,0.000,0.0,0.000,0.000,0.0,0.000,0.000,0.0
3.1908,19351,252780,0.000,0.000,0.0,0.000,0.000,0.0,0.000,0.000,0.0
3.1908,19352,252785,0.000,0.000,0.0,0.000,0.000,0.0,0.000,0.000,0.0
3.1908,19353,252790,0.000,0.000,0.0,0.000,0.000,0.0,0.000,0.000,0.0
3.1908,19354,252795,0.000,0.000,0.0,0.000,0.000,0.0,0.000,0.000,0.0
3.1908,19355,252800,0.000,0.000,0.0,0.000,0.000,0.0,0.000,0.000,0.0
3.1908,19356,252805,0.000,0.000,0.0,0.000,0.000,0.0,0.000,0.000,0.0
3.1908,19357,252810,0.000,0.000,0.0,0.000,0.000,0.0,0.000,0.000,0.0
3.1908,19358,252815,0.000,0.000,0.0,0.000,0.000,0.0,0.000,0.000,0.0
3.1908,19359,252820,0.000,0.000,0.0,0.000,0.000,0.0,0.000,0.000,0.0
3.1908,19360,252825,0.000,0.000,0.0,0.000,0.000,0.0,0.000,0.000,0.0
3.1908,19361,252830,0.000,0.000,0.0,0.000,0.000,0.0,0.000,0.000,0.0
3.1908,19362,252835,0.000,0.000,0.0,0.000,0.000,0.0,0.000,0.000,0.0
3.1908,19363,252840,0.000,0.000,0.0,0.000,0.000,0.0,0.000,0.000,0.0
3.1908,19364,252845,0.000,0.000,0.0,0.000,0.000,0.0,0.000,0.000,0.0
3.1908,19365,252850,0.000,0.000,0.0,0.000,0.000,0.0,0.000,0.000,0.0
3.1908,19366,252855,0.000,0.000,0.0,0.000,0.000,0.0,0.000,0.000,0.0
3.1908,19367,252860,0.000,0.000,0.0,0.000,0.000,0.0,0.000,0.000,0.0
3.1908,19368,252865,0.000,0.000,0.0,0.000,0.000,0.0,0.000,0.000,0.0
3.1989,19369,253030,0.000,0.000,0.0,0.000,0.000,0.0,0.000,0.000,0.0
3.1989,19370,253035,0.000,0.000,0.0,0.000,0.000,0.0,0.000,0.000,0.0
3.1989,19371,253040,0.000,0.000,0.0,0.000,0.000,0.0,0.000,0.000,0.0
3.1989,19372,253045,0.000,0.000,0.0,0.000,0.000,0.0,0.000,0.000,0.0
3.1989,19373,253050,0.000,0.000,0.0,0.000,0.000,0.0,0.000,0.000,0.0
3.1989,19374,253055,0.000,0.000,0.0,0.000,0.000,0.0,0.000,0.000,0.0
3.1989,19375,253060,0.000,0.000,0.0,0.000,0.000,0.0,0.000,0.000,0.0
3.1989,19376,253065,0.000,0.000,0.0,0.000,0.000,0.0,0.000,0.000,0.0
3.2845,19377,253070,0.000,0.000,0.0,0.000,0.000,0.0,0.000,0.000,0.0
3.2845,19378,253075,0.000,0.000,0.0,0.000,0.000,0.0,0.000,0.000,0.0
3.2845,19379,253080,0.000,0.000,0.0,0.000,0.000,0.0,0.000,0.000,0.0
3.2845,19380,253085,0.000,0.000,0.0,0.000,0.000,0.0,0.000,0.000,0.0
3.2845,19381,253090,0.000,0.000,0.0,0.000,0.000,0.0,0.000,0.000,0.0
3.2845,19382,253095,0.000,0.000,0.0,0.000,0.000,0.0,0.000,0.000,0.0
3.2845,19383,253100,0.000,0.000,0.0,0.000,0.000,0.0,0.000,0.000,0.0
3.2845,19384,253105,0.000,0.000,0.0,0.000,0.000,0.0,0.000,0.000,0.0
3.2845,19385,255531,0.000,0.000,0.0,0.000,0.000,0.0,0.000,0.000,0.0
3.2845,19386,255536,0.000,0.000,0.0,0.000,0.000,0.0,0.000,0.000,0.0
3.2845,19387,255541,0.000,0.000,0.0,0.000,0.000,0.0,0.000,0.000,0.0
3.2860,19388,255546,0.000,0.000,0.0,0.000,0.000,0.0,0.000,0.000,0.0
3.2860,19389,255551,0.000,0.000,0.0,0.000,0.000,0.0,0.000,0.000,0.0
3.2860,19390,255556,0.000,0.000,0.0,0.000,0.000,0.0,0.000,0.000,0.0
3.2860,19391,255561,0.000,0.000,0.0,0.000,0.000,0.0,0.000,0.000,0.0
3.2860,19392,255566,0.000,0.000,0.0,0.000,0.000,0.0,0.000,0.000,0.0
3.2860,19393,255571,0.000,0.000,0.0,0.000,0.000,0.0,0.000,0.000,0.0
3.3448,19394,255576,0.000,0.000,0.0,0.000,0.000,0.0,0.000,0.000,0.0
3.3448,19395,255581,0.000,0.000,0.0,0.000,0.000,0.0,0.000,0.000,0.0
3.3448,19396,255586,0.000,0.000,0.0,0.000,0.000,0.0,0.000,0.000,0.0
3.3448,19397,255591,0.000,0.000,0.0,0.000,0.000,0.0,0.000,0.000,0.0
3.3448,19398,255596,0.000,0.000,0.0,0.000,0.000,0.0,0.000,0.000,0.0
3.3448,19399,255601,0.000,0.000,0.0,0.000,0.000,0.0,0.000,0.000,0.0
3.3448,19400,255606,0.000,0.000,0.0,0.000,0.000,0.0,0.000,0.000,0.0
3.3448,19401,255611,0.000,0.000,0.0,0.000,0.000,0.0,0.000,0.000,0.0
3.3448,19402,255616,0.000,0.000,0.0,0.000,0.000,0.0,0.000,0.000,0.0
3.3448,19403,255621,0.000,0.000,0.0,0.000,0.000,0.0,0.000,0.000,0.0
3.3448,19404,255626,0.000,0.000,0.0,0.000,0.000,0.0,0.000,0.000,0.0
3.3448,19405,255631,0.000,0.000,0.0,0.000,0.000,0.0,0.000,0.000,0.0
3.3448,19406,255636,0.000,0.000,0.0,0.000,0.000,0.0,0.000,0.000,0.0
3.3448,19407,255641,0.000,0.000,0.0,0.000,0.000,0.0,0.000,0.000,0.0
3.3448,19408,255646,0.000,0.000,0.0,0.000,0.000,0.0,0.000,0.000,0.0
3.3448,19409,255651,0.000,0.000,0.0,0.000,0.000,0.0,0.000,0.000,0.0
3.4467,19410,255656,0.000,0.000,0.0,0.000,0.000,0.0,0.000,0.000,0.0
3.4467,19411,255661,0.000,0.000,0.0,0.000,0.000,0.0,0.000,0.000,0.0
3.4467,19412,255666,0.000,0.000,0.0,0.000,0.000,0.0,0.000,0.000,0.0
3.4467,19413,255671,0.000,0.000,0.0,0.000,0.000,0.0,0.000,0.000,0.0
3.4467,19414,255676,0.000,0.000,0.0,0.000,0.000,0.0,0.000,0.000,0.0
3.4467,19415,255681,0.000,0.000,0.0,0.000,0.000,0.0,0.000,0.000,0.0
3.4467,19416,255686,0.000,0.000,0.0,0.000,0.000,0.0,0.000,0.000,0.0
3.4467,19417,255691,0.000,0.000,0.0,0.000,0.000,0.0,0.000,0.000,0.0
3.4467,19418,255696,0.000,0.000,0.0,0.000,0.000,0.0,0.000,0.000,0.0
3.4467,19419,255701,0.000,0.000,0.0,0.000,0.000,0.0,0.000,0.000,0.0
3.4467,19420,255706,0.000,0.000,0.0,0.000,0.000,0.0,0.000,0.000,0.0
3.4467,19421,255711,0.000,0.000,0.0,0.000,0.000,0.0,0.000,0.000,0.0
3.4467,19422,255716,0.000,0.000,0.0,0.000,0.000,0.0,0.000,0.000,0.0
3.4467,19423,255721,0.000,0.000,0.0,0.000,0.000,0.0,0.000,0.000,0.0
3.4467,19424,255726,0.000,0.000,0.0,0.000,0.000,0.0,0.000,0.000,0.0
3.4467,19425,255731,0.000,0.000,0.0,0.000,0.000,0.0,0.000,0.000,0.0
3.5714,19426,255736,0.000,0.000,0.0,0.000,0.000,0.0,0.000,0.000,0.0
3.5714,19427,255741,0.000,0.000,0.0,0.000,0.000,0.0,0.000,0.000,0.0
3.5714,19428,255746,0.000,0.000,0.0,0.000,0.000,0.0,0.000,0.000,0.0
3.5714,19429,255751,0.000,0.000,0.0,0.000,0.000,0.0,0.000,0.000,0.0
3.5714,19430,255756,0.000,0.000,0.0,0.000,0.000,0.0,0.000,0.000,0.0
3.5714,19431,255761,0.000,0.000,0.0,0.000,0.000,0.0,0.000,0.000,0.0
3.5714,19432,255766,0.000,0.000,0.0,0.000,0.000,0.0,0.000,0.000,0.0
3.5714,19433,255771,0.000,0.000,0.0,0.000,0.000,0.0,0.000,0.000,0.0
3.5714,19434,255776,0.000,0.000,0.0,0.000,0.000,0.0,0.000,0.000,0.0
3.5714,19435,255781,0.000,0.000,0.0,0.000,0.000,0.0,0.000,0.000,0.0
3.5714,19436,255786,0.000,0.000,0.0,0.000,0.000,0.0,0.000,0.000,0.0
3.5714,19437,255791,0.000,0.000,0.0,0.000,0.000,0.0,0.000,0.000,0.0
3.5714,19438,255796,0.000,0.000,0.0,0.000,0.000,0.0,0.000,0.000,0.0
3.5714,19439,255801,0.000,0.000,0.0,0.000,0.000,0.0,0.000,0.000,0.0
3.5714,19440,255806,0.000,0.000,0.0,0.000,0.000,0.0,0.000,0.000,0.0
3.5714,19441,255811,0.000,0.000,0.0,0.000,0.000,0.0,0.000,0.000,0.0
3.5714,19442,255816,0.000,0.000,0.0,0.000,0.000,0.0,0.000,0.000,0.0
3.5714,19443,255821,0.000,0.000,0.0,0.000,0.000,0.0,0.000,0.000,0.0
3.5714,19444,255826,0.000,0.000,0.0,0.000,0.000,0.0,0.000,0.000,0.0
3.5714,19445,255831,0.000,0.000,0.0,0.000,0.000,0.0,0.000,0.000,0.0
3.5714,19446,255836,0.000,0.000,0.0,0.000,0.000,0.0,0.000,0.000,0.0
3.5714,19447,255841,0.000,0.000,0.0,0.000,0.000,0.0,0.000,0.000,0.0
3.5714,19448,255846,0.000,0.000,0.0,0.000,0.000,0.0,0.000,0.000,0.0
3.5714,19449,255851,0.000,0.000,0.0,0.000,0.000,0.0,0.000,0.000,0.0
3.6480,19450,255856,0.000,0.000,0.0,0.000,0.000,0.0,0.000,0.000,0.0
3.6480,19451,255861,0.000,0.000,0.0,0.000,0.000,0.0,0.000,0.000,0.0
3.6480,19452,255866,0.000,0.000,0.0,0.000,0.000,0.0,0.000,0.000,0.0
3.6480,19453,255871,0.000,0.000,0.0,0.000,0.000,0.0,0.000,0.000,0.0
3.6480,19454,255876,0.000,0.000,0.0,0.000,0.000,0.0,0.000,0.000,0.0
3.6480,19455,255881,0.000,0.000,0.0,0.000,0.000,0.0,0.000,0.000,0.0
3.6480,19456,255886,0.000,0.000,0.0,0.000,0.000,0.0,0.000,0.000,0.0
3.6480,19457,255891,0.000,0.000,0.0,0.000,0.000,0.0,0.000,0.000,0.0
3.6480,19458,255896,0.000,0.000,0.0,0.000,0.000,0.0,0.000,0.000,0.0
3.6480,19459,255901,0.000,0.000,0.0,0.000,0.000,0.0,0.000,0.000,0.0
3.6480,19460,255906,0.000,0.000,0.0,0.000,0.000,0.0,0.000,0.000,0.0
3.6480,19461,255911,0.000,0.000,0.0,0.000,0.000,0.0,0.000,0.000,0.0
3.6480,19462,255916,0.000,0.000,0.0,0.000,0.000,0.0,0.000,0.000,0.0
3.6480,19463,255921,0.000,0.000,0.0,0.000,0.000,0.0,0.000,0.000,0.0
3.6480,19464,255926,0.000,0.000,0.0,0.000,0.000,0.0,0.000,0.000,0.0
3.6480,19465,255931,0.000,0.000,0.0,0.000,0.000,0.0,0.000,0.000,0.0
3.7747,19466,255936,0.000,0.000,0.0,0.000,0.000,0.0,0.000,0.000,0.0
3.7747,19467,255941,0.000,0.000,0.0,0.000,0.000,0.0,0.000,0.000,0.0
3.7747,19468,255946,0.000,0.000,0.0,0.000,0.000,0.0,0.000,0.000,0.0
3.7747,19469,255951,0.000,0.000,0.0,0.000,0.000,0.0,0.000,0.000,0.0
3.7747,19470,255956,0.000,0.000,0.0,0.000,0.000,0.0,0.000,0.000,0.0
3.7747,19471,255961,0.000,0.000,0.0,0.000,0.000,0.0,0.000,0.000,0.0
3.7747,19472,255966,0.000,0.000,0.0,0.000,0.000,0.0,0.000,0.000,0.0
3.7747,19473,255971,0.000,0.000,0.0,0.000,0.000,0.0,0.000,0.000,0.0
3.7747,19474,255976,0.000,0.000,0.0,0.000,0.000,0.0,0.000,0.000,0.0
3.7747,19475,255981,0.000,0.000,0.0,0.000,0.000,0.0,0.000,0.000,0.0
3.7747,19476,255986,0.000,0.000,0.0,0.000,0.000,0.0,0.000,0.000,0.0
3.7747,19477,255991,0.000,0.000,0.0,0.000,0.000,0.0,0.000,0.000,0.0
3.7747,19478,255996,0.000,0.000,0.0,0.000,0.000,0.0,0.000,0.000,0.0
3.7747,19479,256001,0.000,0.000,0.0,0.000,0.000,0.0,0.000,0.000,0.0
3.7747,19480,256006,0.000,0.000,0.0,0.000,0.000,0.0,0.000,0.000,0.0
3.7747,19481,256011,0.000,0.000,0.0,0.000,0.000,0.0,0.000,0.000,0.0
3.7747,19482,256016,0.000,0.000,0.0,0.000,0.000,0.0,0.000,0.000,0.0
3.7747,19483,256021,0.000,0.000,0.0,0.000,0.000,0.0,0.000,0.000,0.0
3.7747,19484,256026,0.000,0.000,0.0,0.000,0.000,0.0,0.000,0.000,0.0
3.7747,19485,256031,0.000,0.000,0.0,0.000,0.000,0.0,0.000,0.000,0.0
3.7747,19486,256036,0.000,0.000,0.0,0.000,0.000,0.0,0.000,0.000,0.0
3.7747,19487,256041,0.000,0.000,0.0,0.000,0.000,0.0,0.000,0.000,0.0
3.7747,19488,256046,0.000,0.000,0.0,0.000,0.000,0.0,0.000,0.000,0.0
3.7747,19489,256051,0.000,0.000,0.0,0.000,0.000,0.0,0.000,0.000,0.0
3.8853,19490,256056,0.000,0.000,0.0,0.000,0.000,0.0,0.000,0.000,0.0
3.8853,19491,256061,0.000,0.000,0.0,0.000,0.000,0.0,0.000,0.000,0.0
3.8853,19492,256066,0.000,0.000,0.0,0.000,0.000,0.0,0.000,0.000,0.0
3.8853,19493,256071,0.000,0.000,0.0,0.000,0.000,0.0,0.000,0.000,0.0
3.8853,19494,256076,0.000,0.000,0.0,0.000,0.000,0.0,0.000,0.000,0.0
3.8853,19495,256081,0.000,0.000,0.0,0.000,0.000,0.0,0.000,0.000,0.0
3.8853,19496,256086,0.000,0.000,0.0,0.000,0.000,0.0,0.000,0.000,0.0
3.8853,19497,256091,0.000,0.000,0.0,0.000,0.000,0.0,0.000,0.000,0.0
3.8853,19498,256096,0.000,0.000,0.0,0.000,0.000,0.0,0.000,0.000,0.0
3.8853,19499,256101,0.000,0.000,0.0,0.000,0.000,0.0,0.000,0.000,0.0
3.8853,19500,256106,0.000,0.000,0.0,0.000,0.000,0.0,0.000,0.000,0.0
3.8853,19501,256111,0.000,0.000,0.0,0.000,0.000,0.0,0.000,0.000,0.0
3.8853,19502,256116,0.000,0.000,0.0,0.000,0.000,0.0,0.000,0.000,0.0
3.8853,19503,256121,0.000,0.000,0.0,0.000,0.000,0.0,0.000,0.000,0.0
3.8853,19504,256126,0.000,0.000,0.0,0.000,0.000,0.0,0.000,0.000,0.0
3.8853,19505,256131,0.000,0.000,0.0,0.000,0.000,0.0,0.000,0.000,0.0
3.8853,19506,256136,0.000,0.000,0.0,0.000,0.000,0.0,0.000,0.000,0.0
3.8853,19507,256141,0.000,0.000,0.0,0.000,0.000,0.0,0.000,0.000,0.0
3.8853,19508,256146,0.000,0.000,0.0,0.000,0.000,0.0,0.000,0.000,0.0
3.8853,19509,256151,0.000,0.000,0.0,0.000,0.000,0.0,0.000,0.000,0.0
3.8853,19510,256156,0.000,0.000,0.0,0.000,0.000,0.0,0.000,0.000,0.0
3.8853,19511,256161,0.000,0.000,0.0,0.000,0.000,0.0,0.000,0.000,0.0
3.8853,19512,256166,0.000,0.000,0.0,0.000,0.000,0.0,0.000,0.000,0.0
3.8853,19513,256171,0.000,0.000,0.0,0.000,0.000,0.0,0.000,0.000,0.0
3.9899,19514,256176,0.000,0.000,0.0,0.000,0.000,0.0,0.000,0.000,0.0
3.9899,19515,256181,0.000,0.000,0.0,0.000,0.000,0.0,0.000,0.000,0.0
3.9899,19516,256186,0.000,0.000,0.0,0.000,0.000,0.0,0.000,0.000,0.0
3.9899,19517,256191,0.000,0.000,0.0,0.000,0.000,0.0,0.000,0.000,0.0
3.9899,19518,256196,0.000,0.000,0.0,0.000,0.000,0.0,0.000,0.000,0.0
3.9899,19519,256201,0.000,0.000,0.0,0.000,0.000,0.0,0.000,0.000,0.0
3.9899,19520,256206,0.000,0.000,0.0,0.000,0.000,0.0,0.000,0.000,0.0
3.9899,19521,256211,0.000,0.000,0.0,0.000,0.000,0.0,0.000,0.000,0.0
3.9899,19522,256216,0.000,0.000,0.0,0.000,0.000,0.0,0.000,0.000,0.0
3.9899,19523,256221,0.000,0.000,0.0,0.000,0.000,0.0,0.000,0.000,0.0
3.9899,19524,256226,0.000,0.000,0.0,0.000,0.000,0.0,0.000,0.000,0.0
3.9899,19525,256231,0.000,0.000,0.0,0.000,0.000,0.0,0.000,0.000,0.0
3.9899,19526,256236,0.000,0.000,0.0,0.000,0.000,0.0,0.000,0.000,0.0
3.9899,19527,256241,0.000,0.000,0.0,0.000,0.000,0.0,0.000,0.000,0.0
3.9899,19528,256246,0.000,0.000,0.0,0.000,0.000,0.0,0.000,0.000,0.0
3.9899,19529,256251,0.000,0.000,0.0,0.000,0.000,0.0,0.000,0.000,0.0
3.9899,19530,256256,0.000,0.000,0.0,0.000,0.000,0.0,0.000,0.000,0.0
3.9899,19531,256261,0.000,0.000,0.0,0.000,0.000,0.0,0.000,0.000,0.0
3.9899,19532,256266,0.000,0.000,0.0,0.000,0.000,0.0,0.000,0.000,0.0
3.9899,19533,256271,0.000,0.000,0.0,0.000,0.000,0.0,0.000,0.000,0.0
3.9899,19534,256276,0.000,0.000,0.0,0.000,0.000,0.0,0.000,0.000,0.0
3.9899,19535,256281,0.000,0.000,0.0,0.000,0.000,0.0,0.000,0.000,0.0
3.9899,19536,256286,0.000,0.000,0.0,0.000,0.000,0.0,0.000,0.000,0.0
3.9899,19537,256291,0.000,0.000,0.0,0.000,0.000,0.0,0.000,0.000,0.0
4.0392,19538,256296,0.000,0.000,0.0,0.000,0.000,0.0,0.000,0.000,0.0
4.0392,19539,256301,0.000,0.000,0.0,0.000,0.000,0.0,0.000,0.000,0.0
4.0392,19540,256306,0.000,0.000,0.0,0.000,0.000,0.0,0.000,0.000,0.0
4.0392,19541,256311,0.000,0.000,0.0,0.000,0.000,0.0,0.000,0.000,0.0
4.0392,19542,256316,0.000,0.000,0.0,0.000,0.000,0.0,0.000,0.000,0.0
4.0392,19543,256321,0.000,0.000,0.0,0.000,0.000,0.0,0.000,0.000,0.0
4.0392,19544,256326,0.000,0.000,0.0,0.000,0.000,0.0,0.000,0.000,0.0
4.0392,19545,256331,0.000,0.000,0.0,0.000,0.000,0.0,0.000,0.000,0.0
4.1283,19546,256336,0.000,0.000,0.0,0.000,0.000,0.0,0.000,0.000,0.0
4.1283,19547,256341,0.000,0.000,0.0,0.000,0.000,0.0,0.000,0.000,0.0
4.1283,19548,256346,0.000,0.000,0.0,0.000,0.000,0.0,0.000,0.000,0.0
4.1283,19549,256351,0.000,0.000,0.0,0.000,0.000,0.0,0.000,0.000,0.0
4.1283,19550,256356,0.000,0.000,0.0,0.000,0.000,0.0,0.000,0.000,0.0
4.1283,19551,256361,0.000,0.000,0.0,0.000,0.000,0.0,0.000,0.000,0.0
4.1283,19552,256366,0.000,0.000,0.0,0.000,0.000,0.0,0.000,0.000,0.0
4.1283,19553,256371,0.000,0.000,0.0,0.000,0.000,0.0,0.000,0.000,0.0
4.1283,19554,256376,0.000,0.000,0.0,0.000,0.000,0.0,0.000,0.000,0.0
4.1283,19555,256381,0.000,0.000,0.0,0.000,0.000,0.0,0.000,0.000,0.0
4.1283,19556,256386,0.000,0.000,0.0,0.000,0.000,0.0,0.000,0.000,0.0
4.1283,19557,256391,0.000,0.000,0.0,0.000,0.000,0.0,0.000,0.000,0.0
4.1283,19558,256396,0.000,0.000,0.0,0.000,0.000,0.0,0.000,0.000,0.0
4.1283,19559,256401,0.000,0.000,0.0,0.000,0.000,0.0,0.000,0.000,0.0
4.1283,19560,256406,0.000,0.000,0.0,0.000,0.000,0.0,0.000,0.000,0.0
4.1283,19561,256411,0.000,0.000,0.0,0.000,0.000,0.0,0.000,0.000,0.0
4.2434,19562,256416,0.000,0.000,0.0,0.000,0.000,0.0,0.000,0.000,0.0
4.2434,19563,256421,0.000,0.000,0.0,0.000,0.000,0.0,0.000,0.000,0.0
4.2434,19564,256426,0.000,0.000,0.0,0.000,0.000,0.0,0.000,0.000,0.0
4.2434,19565,256431,0.000,0.000,0.0,0.000,0.000,0.0,0.000,0.000,0.0
4.2434,19566,256436,0.000,0.000,0.0,0.000,0.000,0.0,0.000,0.000,0.0
4.2434,19567,256441,0.000,0.000,0.0,0.000,0.000,0.0,0.000,0.000,0.0
4.2434,19568,256446,0.000,0.000,0.0,0.000,0.000,0.0,0.000,0.000,0.0
4.2434,19569,256451,0.000,0.000,0.0,0.000,0.000,0.0,0.000,0.000,0.0
4.2434,19570,256456,0.000,0.000,0.0,0.000,0.000,0.0,0.000,0.000,0.0
4.2434,19571,256461,0.000,0.000,0.0,0.000,0.000,0.0,0.000,0.000,0.0
4.2434,19572,256466,0.000,0.000,0.0,0.000,0.000,0.0,0.000,0.000,0.0
4.2434,19573,256471,0.000,0.000,0.0,0.000,0.000,0.0,0.000,0.000,0.0
4.2434,19574,256476,0.000,0.000,0.0,0.000,0.000,0.0,0.000,0.000,0.0
4.2434,19575,256481,0.000,0.000,0.0,0.000,0.000,0.0,0.000,0.000,0.0
4.2434,19576,256486,0.000,0.000,0.0,0.000,0.000,0.0,0.000,0.000,0.0
4.2434,19577,256491,0.000,0.000,0.0,0.000,0.000,0.0,0.000,0.000,0.0
4.2434,19578,256496,0.000,0.000,0.0,0.000,0.000,0.0,0.000,0.000,0.0
4.2434,19579,256501,0.000,0.000,0.0,0.000,0.000,0.0,0.000,0.000,0.0
4.2434,19580,256506,0.000,0.000,0.0,0.000,0.000,0.0,0.000,0.000,0.0
4.2434,19581,256511,0.000,0.000,0.0,0.000,0.000,0.0,0.000,0.000,0.0
4.2434,19582,256516,0.000,0.000,0.0,0.000,0.000,0.0,0.000,0.000,0.0
4.2434,19583,256521,0.000,0.000,0.0,0.000,0.000,0.0,0.000,0.000,0.0
4.2434,19584,256526,0.000,0.000,0.0,0.000,0.000,0.0,0.000,0.000,0.0
4.2434,19585,256531,0.000,0.000,0.0,0.000,0.000,0.0,0.000,0.000,0.0
4.3633,19586,256536,0.000,0.000,0.0,0.000,0.000,0.0,0.000,0.000,0.0
4.3633,19587,256541,0.000,0.000,0.0,0.000,0.000,0.0,0.000,0.000,0.0
4.3633,19588,256546,0.000,0.000,0.0,0.000,0.000,0.0,0.000,0.000,0.0
4.3633,19589,256551,0.000,0.000,0.0,0.000,0.000,0.0,0.000,0.000,0.0
4.3633,19590,256556,0.000,0.000,0.0,0.000,0.000,0.0,0.000,0.000,0.0
4.3633,19591,256561,0.000,0.000,0.0,0.000,0.000,0.0,0.000,0.000,0.0
4.3633,19592,256566,0.000,0.000,0.0,0.000,0.000,0.0,0.000,0.000,0.0
4.3633,19593,256571,0.000,0.000,0.0,0.000,0.000,0.0,0.000,0.000,0.0
4.3643,19594,256576,0.000,0.000,0.0,0.000,0.000,0.0,0.000,0.000,0.0
4.3643,19595,256581,0.000,0.000,0.0,0.000,0.000,0.0,0.000,0.000,0.0
4.3643,19596,256586,0.000,0.000,0.0,0.000,0.000,0.0,0.000,0.000,0.0
4.3643,19597,256591,0.000,0.000,0.0,0.000,0.000,0.0,0.000,0.000,0.0
4.3643,19598,256596,0.000,0.000,0.0,0.000,0.000,0.0,0.000,0.000,0.0
4.3643,19599,256601,0.000,0.000,0.0,0.000,0.000,0.0,0.000,0.000,0.0
4.3643,19600,256606,0.000,0.000,0.0,0.000,0.000,0.0,0.000,0.000,0.0
4.3643,19601,256611,0.000,0.000,0.0,0.000,0.000,0.0,0.000,0.000,0.0
4.3643,19602,256616,0.000,0.000,0.0,0.000,0.000,0.0,0.000,0.000,0.0
4.3643,19603,256621,0.000,0.000,0.0,0.000,0.000,0.0,0.000,0.000,0.0
4.3643,19604,256626,0.000,0.000,0.0,0.000,0.000,0.0,0.000,0.000,0.0
4.3643,19605,256631,0.000,0.000,0.0,0.000,0.000,0.0,0.000,0.000,0.0
4.3643,19606,256636,0.000,0.000,0.0,0.000,0.000,0.0,0.000,0.000,0.0
4.3643,19607,256641,0.000,0.000,0.0,0.000,0.000,0.0,0.000,0.000,0.0
4.3643,19608,256646,0.000,0.000,0.0,0.000,0.000,0.0,0.000,0.000,0.0
4.3643,19609,256651,0.000,0.000,0.0,0.000,0.000,0.0,0.000,0.000,0.0
4.4748,19610,256656,0.000,0.000,0.0,0.000,0.000,0.0,0.000,0.000,0.0
4.4748,19611,256661,0.000,0.000,0.0,0.000,0.000,0.0,0.000,0.000,0.0
4.4748,19612,256666,0.000,0.000,0.0,0.000,0.000,0.0,0.000,0.000,0.0
4.4748,19613,256671,0.000,0.000,0.0,0.000,0.000,0.0,0.000,0.000,0.0
4.4748,19614,256676,0.000,0.000,0.0,0.000,0.000,0.0,0.000,0.000,0.0
4.4748,19615,256681,0.000,0.000,0.0,0.000,0.000,0.0,0.000,0.000,0.0
4.4748,19616,256686,0.000,0.000,0.0,0.000,0.000,0.0,0.000,0.000,0.0
4.4748,19617,256691,0.000,0.000,0.0,0.000,0.000,0.0,0.000,0.000,0.0
4.4748,19618,256696,0.000,0.000,0.0,0.000,0.000,0.0,0.000,0.000,0.0
4.4748,19619,256701,0.000,0.000,0.0,0.000,0.000,0.0,0.000,0.000,0.0
4.4748,19620,256706,0.000,0.000,0.0,0.000,0.000,0.0,0.000,0.000,0.0
4.4748,19621,256711,0.000,0.000,0.0,0.000,0.000,0.0,0.000,0.000,0.0
4.4748,19622,256716,0.000,0.000,0.0,0.000,0.000,0.0,0.000,0.000,0.0
4.4748,19623,256721,0.000,0.000,0.0,0.000,0.000,0.0,0.000,0.000,0.0
4.4748,19624,256726,0.000,0.000,0.0,0.000,0.000,0.0,0.000,0.000,0.0
4.4748,19625,256731,0.000,0.000,0.0,0.000,0.000,0.0,0.000,0.000,0.0
4.5279,19626,256736,0.000,0.000,0.0,0.000,0.000,0.0,0.000,0.000,0.0
4.5279,19627,256741,0.000,0.000,0.0,0.000,0.000,0.0,0.000,0.000,0.0
4.5279,19628,256746,0.000,0.000,0.0,0.000,0.000,0.0,0.000,0.000,0.0
4.5279,19629,256751,0.000,0.000,0.0,0.000,0.000,0.0,0.000,0.000,0.0
4.5279,19630,256756,0.000,0.000,0.0,0.000,0.000,0.0,0.000,0.000,0.0
4.5279,19631,256761,0.000,0.000,0.0,0.000,0.000,0.0,0.000,0.000,0.0
4.5279,19632,256766,0.000,0.000,0.0,0.000,0.000,0.0,0.000,0.000,0.0
4.5279,19633,256771,0.000,0.000,0.0,0.000,0.000,0.0,0.000,0.000,0.0
4.5279,19634,256776,0.000,0.000,0.0,0.000,0.000,0.0,0.000,0.000,0.0
4.5279,19635,256781,0.000,0.000,0.0,0.000,0.000,0.0,0.000,0.000,0.0
4.5279,19636,256786,0.000,0.000,0.0,0.000,0.000,0.0,0.000,0.000,0.0
4.5279,19637,256791,0.000,0.000,0.0,0.000,0.000,0.0,0.000,0.000,0.0
4.5279,19638,256796,0.000,0.000,0.0,0.000,0.000,0.0,0.000,0.000,0.0
4.5279,19639,256801,0.000,0.000,0.0,0.000,0.000,0.0,0.000,0.000,0.0
4.5279,19640,256806,0.000,0.000,0.0,0.000,0.000,0.0,0.000,0.000,0.0
4.5279,19641,256811,0.000,0.000,0.0,0.000,0.000,0.0,0.000,0.000,0.0
4.6453,19642,256816,0.000,0.000,0.0,0.000,0.000,0.0,0.000,0.000,0.0
4.6453,19643,256821,0.000,0.000,0.0,0.000,0.000,0.0,0.000,0.000,0.0
4.6453,19644,256826,0.000,0.000,0.0,0.000,0.000,0.0,0.000,0.000,0.0
4.6453,19645,256831,0.000,0.000,0.0,0.000,0.000,0.0,0.000,0.000,0.0
4.6453,19646,256836,0.000,0.000,0.0,0.000,0.000,0.0,0.000,0.000,0.0
4.6453,19647,256841,0.000,0.000,0.0,0.000,0.000,0.0,0.000,0.000,0.0
4.6453,19648,256846,0.000,0.000,0.0,0.000,0.000,0.0,0.000,0.000,0.0
4.6453,19649,256851,0.000,0.000,0.0,0.000,0.000,0.0,0.000,0.000,0.0
4.6453,19650,256856,0.000,0.000,0.0,0.000,0.000,0.0,0.000,0.000,0.0
4.6453,19651,256861,0.000,0.000,0.0,0.000,0.000,0.0,0.000,0.000,0.0
4.6453,19652,256866,0.000,0.000,0.0,0.000,0.000,0.0,0.000,0.000,0.0
4.6453,19653,256871,0.000,0.000,0.0,0.000,0.000,0.0,0.000,0.000,0.0
4.6453,19654,256876,0.000,0.000,0.0,0.000,0.000,0.0,0.000,0.000,0.0
4.6453,19655,256881,0.000,0.000,0.0,0.000,0.000,0.0,0.000,0.000,0.0
4.6453,19656,256886,0.000,0.000,0.0,0.000,0.000,0.0,0.000,0.000,0.0
4.6453,19657,256891,0.000,0.000,0.0,0.000,0.000,0.0,0.000,0.000,0.0
4.6453,19658,256896,0.000,0.000,0.0,0.000,0.000,0.0,0.000,0.000,0.0
4.6453,19659,256901,0.000,0.000,0.0,0.000,0.000,0.0,0.000,0.000,0.0
4.6453,19660,256906,0.000,0.000,0.0,0.000,0.000,0.0,0.000,0.000,0.0
4.6453,19661,256911,0.000,0.000,0.0,0.000,0.000,0.0,0.000,0.000,0.0
4.6453,19662,256916,0.000,0.000,0.0,0.000,0.000,0.0,0.000,0.000,0.0
4.6453,19663,256921,0.000,0.000,0.0,0.000,0.000,0.0,0.000,0.000,0.0
4.6453,19664,256926,0.000,0.000,0.0,0.000,0.000,0.0,0.000,0.000,0.0
4.6453,19665,256931,0.000,0.000,0.0,0.000,0.000,0.0,0.000,0.000,0.0
4.6969,19666,256936,0.000,0.000,0.0,0.000,0.000,0.0,0.000,0.000,0.0
4.6969,19667,256941,0.000,0.000,0.0,0.000,0.000,0.0,0.000,0.000,0.0
4.6969,19668,256946,0.000,0.000,0.0,0.000,0.000,0.0,0.000,0.000,0.0
4.6969,19669,256951,0.000,0.000,0.0,0.000,0.000,0.0,0.000,0.000,0.0
4.6969,19670,256956,0.000,0.000,0.0,0.000,0.000,0.0,0.000,0.000,0.0
4.6969,19671,256961,0.000,0.000,0.0,0.000,0.000,0.0,0.000,0.000,0.0
4.6969,19672,256966,0.000,0.000,0.0,0.000,0.000,0.0,0.000,0.000,0.0
4.6969,19673,256971,0.000,0.000,0.0,0.000,0.000,0.0,0.000,0.000,0.0
4.6969,19674,256976,0.000,0.000,0.0,0.000,0.000,0.0,0.000,0.000,0.0
4.6969,19675,256981,0.000,0.000,0.0,0.000,0.000,0.0,0.000,0.000,0.0
4.6969,19676,256986,0.000,0.000,0.0,0.000,0.000,0.0,0.000,0.000,0.0
4.6969,19677,256991,0.000,0.000,0.0,0.000,0.000,0.0,0.000,0.000,0.0
4.6969,19678,256996,0.000,0.000,0.0,0.000,0.000,0.0,0.000,0.000,0.0
4.6969,19679,257001,0.000,0.000,0.0,0.000,0.000,0.0,0.000,0.000,0.0
4.6969,19680,257006,0.000,0.000,0.0,0.000,0.000,0.0,0.000,0.000,0.0
4.6969,19681,257011,0.000,0.000,0.0,0.000,0.000,0.0,0.000,0.000,0.0
4.7929,19682,257016,0.000,0.000,0.0,0.000,0.000,0.0,0.000,0.000,0.0
4.7929,19683,257021,0.000,0.000,0.0,0.000,0.000,0.0,0.000,0.000,0.0
4.7929,19684,257026,0.000,0.000,0.0,0.000,0.000,0.0,0.000,0.000,0.0
4.7929,19685,257031,0.000,0.000,0.0,0.000,0.000,0.0,0.000,0.000,0.0
4.7929,19686,257036,0.000,0.000,0.0,0.000,0.000,0.0,0.000,0.000,0.0
4.7929,19687,257041,0.000,0.000,0.0,0.000,0.000,0.0,0.000,0.000,0.0
4.7929,19688,257046,0.000,0.000,0.0,0.000,0.000,0.0,0.000,0.000,0.0
4.7929,19689,257051,0.000,0.000,0.0,0.000,0.000,0.0,0.000,0.000,0.0
4.7929,19690,257056,0.000,0.000,0.0,0.000,0.000,0.0,0.000,0.000,0.0
4.7929,19691,257061,0.000,0.000,0.0,0.000,0.000,0.0,0.000,0.000,0.0
4.7929,19692,257066,0.000,0.000,0.0,0.000,0.000,0.0,0.000,0.000,0.0
4.7929,19693,257071,0.000,0.000,0.0,0.000,0.000,0.0,0.000,0.000,0.0
4.7929,19694,257076,0.000,0.000,0.0,0.000,0.000,0.0,0.000,0.000,0.0
4.7929,19695,257081,0.000,0.000,0.0,0.000,0.000,0.0,0.000,0.000,0.0
4.7929,19696,257086,0.000,0.000,0.0,0.000,0.000,0.0,0.000,0.000,0.0
4.7929,19697,257091,0.000,0.000,0.0,0.000,0.000,0.0,0.000,0.000,0.0
4.8845,19698,257096,0.000,0.000,0.0,0.000,0.000,0.0,0.000,0.000,0.0
4.8845,19699,257101,0.000,0.000,0.0,0.000,0.000,0.0,0.000,0.000,0.0
4.8845,19700,257106,0.000,0.000,0.0,0.000,0.000,0.0,0.000,0.000,0.0
4.8845,19701,257111,0.000,0.000,0.0,0.000,0.000,0.0,0.000,0.000,0.0
4.8845,19702,257116,0.000,0.000,0.0,0.000,0.000,0.0,0.000,0.000,0.0
4.8845,19703,257121,0.000,0.000,0.0,0.000,0.000,0.0,0.000,0.000,0.0
4.8845,19704,257126,0.000,0.000,0.0,0.000,0.000,0.0,0.000,0.000,0.0
4.8845,19705,257131,0.000,0.000,0.0,0.000,0.000,0.0,0.000,0.000,0.0
4.8845,19706,257136,0.000,0.000,0.0,0.000,0.000,0.0,0.000,0.000,0.0
4.8845,19707,257141,0.000,0.000,0.0,0.000,0.000,0.0,0.000,0.000,0.0
4.8845,19708,257146,0.000,0.000,0.0,0.000,0.000,0.0,0.000,0.000,0.0
4.8845,19709,257151,0.000,0.000,0.0,0.000,0.000,0.0,0.000,0.000,0.0
4.8845,19710,257156,0.000,0.000,0.0,0.000,0.000,0.0,0.000,0.000,0.0
4.8845,19711,257161,0.000,0.000,0.0,0.000,0.000,0.0,0.000,0.000,0.0
4.8845,19712,257166,0.000,0.000,0.0,0.000,0.000,0.0,0.000,0.000,0.0
4.8845,19713,257171,0.000,0.000,0.0,0.000,0.000,0.0,0.000,0.000,0.0
4.9979,19714,257176,0.000,0.000,0.0,0.000,0.000,0.0,0.000,0.000,0.0
4.9979,19715,257181,0.000,0.000,0.0,0.000,0.000,0.0,0.000,0.000,0.0
4.9979,19716,257186,0.000,0.000,0.0,0.000,0.000,0.0,0.000,0.000,0.0
4.9979,19717,257191,0.000,0.000,0.0,0.000,0.000,0.0,0.000,0.000,0.0
4.9979,19718,257196,0.000,0.000,0.0,0.000,0.000,0.0,0.000,0.000,0.0
4.9979,19719,257201,0.000,0.000,0.0,0.000,0.000,0.0,0.000,0.000,0.0
4.9979,19720,257206,0.000,0.000,0.0,0.000,0.000,0.0,0.000,0.000,0.0
4.9979,19721,257211,0.000,0.000,0.0,0.000,0.000,0.0,0.000,0.000,0.0
4.9979,19722,257216,0.000,0.000,0.0,0.000,0.000,0.0,0.000,0.000,0.0
4.9979,19723,257221,0.000,0.000,0.0,0.000,0.000,0.0,0.000,0.000,0.0
4.9979,19724,257226,0.000,0.000,0.0,0.000,0.000,0.0,0.000,0.000,0.0
4.9979,19725,257231,0.000,0.000,0.0,0.000,0.000,0.0,0.000,0.000,0.0
4.9979,19726,257236,0.000,0.000,0.0,0.000,0.000,0.0,0.000,0.000,0.0
4.9979,19727,257241,0.000,0.000,0.0,0.000,0.000,0.0,0.000,0.000,0.0
4.9979,19728,257246,0.000,0.000,0.0,0.000,0.000,0.0,0.000,0.000,0.0
4.9979,19729,257251,0.000,0.000,0.0,0.000,0.000,0.0,0.000,0.000,0.0
4.9979,19730,257256,0.000,0.000,0.0,0.000,0.000,0.0,0.000,0.000,0.0
4.9979,19731,257261,0.000,0.000,0.0,0.000,0.000,0.0,0.000,0.000,0.0
4.9979,19732,257266,0.000,0.000,0.0,0.000,0.000,0.0,0.000,0.000,0.0
4.9979,19733,257271,0.000,0.000,0.0,0.000,0.000,0.0,0.000,0.000,0.0
4.9979,19734,257276,0.000,0.000,0.0,0.000,0.000,0.0,0.000,0.000,0.0
4.9979,19735,257281,0.000,0.000,0.0,0.000,0.000,0.0,0.000,0.000,0.0
4.9979,19736,257286,0.000,0.000,0.0,0.000,0.000,0.0,0.000,0.000,0.0
4.9979,19737,257291,0.000,0.000,0.0,0.000,0.000,0.0,0.000,0.000,0.0
5.1006,19738,257296,0.000,0.000,0.0,0.000,0.000,0.0,0.000,0.000,0.0
5.1006,19739,257301,0.000,0.000,0.0,0.000,0.000,0.0,0.000,0.000,0.0
5.1006,19740,257306,0.000,0.000,0.0,0.000,0.000,0.0,0.000,0.000,0.0
5.1006,19741,257311,0.000,0.000,0.0,0.000,0.000,0.0,0.000,0.000,0.0
5.1006,19742,257316,0.000,0.000,0.0,0.000,0.000,0.0,0.000,0.000,0.0
5.1006,19743,257321,0.000,0.000,0.0,0.000,0.000,0.0,0.000,0.000,0.0
5.1006,19744,257326,0.000,0.000,0.0,0.000,0.000,0.0,0.000,0.000,0.0
5.1006,19745,257331,0.000,0.000,0.0,0.000,0.000,0.0,0.000,0.000,0.0
5.1006,19746,257336,0.000,0.000,0.0,0.000,0.000,0.0,0.000,0.000,0.0
5.1006,19747,257341,0.000,0.000,0.0,0.000,0.000,0.0,0.000,0.000,0.0
5.1006,19748,257346,0.000,0.000,0.0,0.000,0.000,0.0,0.000,0.000,0.0
5.1006,19749,257351,0.000,0.000,0.0,0.000,0.000,0.0,0.000,0.000,0.0
5.1006,19750,257356,0.000,0.000,0.0,0.000,0.000,0.0,0.000,0.000,0.0
5.1006,19751,257361,0.000,0.000,0.0,0.000,0.000,0.0,0.000,0.000,0.0
5.1006,19752,257366,0.000,0.000,0.0,0.000,0.000,0.0,0.000,0.000,0.0
5.1006,19753,257371,0.000,0.000,0.0,0.000,0.000,0.0,0.000,0.000,0.0
5.2054,19754,257376,0.000,0.000,0.0,0.000,0.000,0.0,0.000,0.000,0.0
5.2054,19755,257381,0.000,0.000,0.0,0.000,0.000,0.0,0.000,0.000,0.0
5.2054,19756,257386,0.000,0.000,0.0,0.000,0.000,0.0,0.000,0.000,0.0
5.2054,19757,257391,0.000,0.000,0.0,0.000,0.000,0.0,0.000,0.000,0.0
5.2054,19758,257396,0.000,0.000,0.0,0.000,0.000,0.0,0.000,0.000,0.0
5.2054,19759,257401,0.000,0.000,0.0,0.000,0.000,0.0,0.000,0.000,0.0
5.2054,19760,257406,0.000,0.000,0.0,0.000,0.000,0.0,0.000,0.000,0.0
5.2054,19761,257411,0.000,0.000,0.0,0.000,0.000,0.0,0.000,0.000,0.0
5.2064,19762,257416,0.000,0.000,0.0,0.000,0.000,0.0,0.000,0.000,0.0
5.2064,19763,257421,0.000,0.000,0.0,0.000,0.000,0.0,0.000,0.000,0.0
5.2064,19764,257426,0.000,0.000,0.0,0.000,0.000,0.0,0.000,0.000,0.0
5.2064,19765,257431,0.000,0.000,0.0,0.000,0.000,0.0,0.000,0.000,0.0
5.2064,19766,257436,0.000,0.000,0.0,0.000,0.000,0.0,0.000,0.000,0.0
5.2064,19767,257441,0.000,0.000,0.0,0.000,0.000,0.0,0.000,0.000,0.0
5.2064,19768,257446,0.000,0.000,0.0,0.000,0.000,0.0,0.000,0.000,0.0
5.2064,19769,257451,0.000,0.000,0.0,0.000,0.000,0.0,0.000,0.000,0.0
5.2064,19770,257456,0.000,0.000,0.0,0.000,0.000,0.0,0.000,0.000,0.0
5.2064,19771,257461,0.000,0.000,0.0,0.000,0.000,0.0,0.000,0.000,0.0
5.2064,19772,257466,0.000,0.000,0.0,0.000,0.000,0.0,0.000,0.000,0.0
5.2064,19773,257471,0.000,0.000,0.0,0.000,0.000,0.0,0.000,0.000,0.0
5.2064,19774,257476,0.000,0.000,0.0,0.000,0.000,0.0,0.000,0.000,0.0
5.2064,19775,257481,0.000,0.000,0.0,0.000,0.000,0.0,0.000,0.000,0.0
5.2064,19776,257486,0.000,0.000,0.0,0.000,0.000,0.0,0.000,0.000,0.0
5.2064,19777,257491,0.000,0.000,0.0,0.000,0.000,0.0,0.000,0.000,0.0
5.2860,19778,257496,0.000,0.000,0.0,0.000,0.000,0.0,0.000,0.000,0.0
5.2860,19779,257501,0.000,0.000,0.0,0.000,0.000,0.0,0.000,0.000,0.0
5.2860,19780,257506,0.000,0.000,0.0,0.000,0.000,0.0,0.000,0.000,0.0
5.2860,19781,257511,0.000,0.000,0.0,0.000,0.000,0.0,0.000,0.000,0.0
5.2860,19782,257516,0.000,0.000,0.0,0.000,0.000,0.0,0.000,0.000,0.0
5.2860,19783,257521,0.000,0.000,0.0,0.000,0.000,0.0,0.000,0.000,0.0
5.2860,19784,257526,0.000,0.000,0.0,0.000,0.000,0.0,0.000,0.000,0.0
5.2860,19785,257531,0.000,0.000,0.0,0.000,0.000,0.0,0.000,0.000,0.0
5.2860,19786,257536,0.000,0.000,0.0,0.000,0.000,0.0,0.000,0.000,0.0
5.2860,19787,257541,0.000,0.000,0.0,0.000,0.000,0.0,0.000,0.000,0.0
5.2860,19788,257546,0.000,0.000,0.0,0.000,0.000,0.0,0.000,0.000,0.0
5.2860,19789,257551,0.000,0.000,0.0,0.000,0.000,0.0,0.000,0.000,0.0
5.2860,19790,257556,0.000,0.000,0.0,0.000,0.000,0.0,0.000,0.000,0.0
5.2860,19791,257561,0.000,0.000,0.0,0.000,0.000,0.0,0.000,0.000,0.0
5.2860,19792,257566,0.000,0.000,0.0,0.000,0.000,0.0,0.000,0.000,0.0
5.2860,19793,257571,0.000,0.000,0.0,0.000,0.000,0.0,0.000,0.000,0.0
5.3422,19794,257576,0.000,0.000,0.0,0.000,0.000,0.0,0.000,0.000,0.0
5.3422,19795,257581,0.000,0.000,0.0,0.000,0.000,0.0,0.000,0.000,0.0
5.3422,19796,257586,0.000,0.000,0.0,0.000,0.000,0.0,0.000,0.000,0.0
5.3422,19797,257591,0.000,0.000,0.0,0.000,0.000,0.0,0.000,0.000,0.0
5.3422,19798,257596,0.000,0.000,0.0,0.000,0.000,0.0,0.000,0.000,0.0
5.3422,19799,257601,0.000,0.000,0.0,0.000,0.000,0.0,0.000,0.000,0.0
5.3422,19800,257606,0.000,0.000,0.0,0.000,0.000,0.0,0.000,0.000,0.0
5.3422,19801,257611,0.000,0.000,0.0,0.000,0.000,0.0,0.000,0.000,0.0
5.3422,19802,257616,0.000,0.000,0.0,0.000,0.000,0.0,0.000,0.000,0.0
5.3422,19803,257621,0.000,0.000,0.0,0.000,0.000,0.0,0.000,0.000,0.0
5.3422,19804,257626,0.000,0.000,0.0,0.000,0.000,0.0,0.000,0.000,0.0
5.3422,19805,257631,0.000,0.000,0.0,0.000,0.000,0.0,0.000,0.000,0.0
5.3422,19806,257636,0.000,0.000,0.0,0.000,0.000,0.0,0.000,0.000,0.0
5.3422,19807,257641,0.000,0.000,0.0,0.000,0.000,0.0,0.000,0.000,0.0
5.3422,19808,257646,0.000,0.000,0.0,0.000,0.000,0.0,0.000,0.000,0.0
5.3422,19809,257651,0.000,0.000,0.0,0.000,0.000,0.0,0.000,0.000,0.0
5.4444,19810,257656,0.000,0.000,0.0,0.000,0.000,0.0,0.000,0.000,0.0
5.4444,19811,257661,0.000,0.000,0.0,0.000,0.000,0.0,0.000,0.000,0.0
5.4444,19812,257666,0.000,0.000,0.0,0.000,0.000,0.0,0.000,0.000,0.0
5.4444,19813,257671,0.000,0.000,0.0,0.000,0.000,0.0,0.000,0.000,0.0
5.4444,19814,257676,0.000,0.000,0.0,0.000,0.000,0.0,0.000,0.000,0.0
5.4444,19815,257681,0.000,0.000,0.0,0.000,0.000,0.0,0.000,0.000,0.0
5.4444,19816,257686,0.000,0.000,0.0,0.000,0.000,0.0,0.000,0.000,0.0
5.4444,19817,257691,0.000,0.000,0.0,0.000,0.000,0.0,0.000,0.000,0.0
5.4444,19818,257696,0.000,0.000,0.0,0.000,0.000,0.0,0.000,0.000,0.0
5.4444,19819,257701,0.000,0.000,0.0,0.000,0.000,0.0,0.000,0.000,0.0
5.4444,19820,257706,0.000,0.000,0.0,0.000,0.000,0.0,0.000,0.000,0.0
5.4444,19821,257711,0.000,0.000,0.0,0.000,0.000,0.0,0.000,0.000,0.0
5.4444,19822,257716,0.000,0.000,0.0,0.000,0.000,0.0,0.000,0.000,0.0
5.4444,19823,257721,0.000,0.000,0.0,0.000,0.000,0.0,0.000,0.000,0.0
5.4444,19824,257726,0.000,0.000,0.0,0.000,0.000,0.0,0.000,0.000,0.0
5.4444,19825,257731,0.000,0.000,0.0,0.000,0.000,0.0,0.000,0.000,0.0
5.5679,19826,257736,0.000,0.000,0.0,0.000,0.000,0.0,0.000,0.000,0.0
5.5679,19827,257741,0.000,0.000,0.0,0.000,0.000,0.0,0.000,0.000,0.0
5.5679,19828,257746,0.000,0.000,0.0,0.000,0.000,0.0,0.000,0.000,0.0
5.5679,19829,257751,0.000,0.000,0.0,0.000,0.000,0.0,0.000,0.000,0.0
5.5679,19830,257756,0.000,0.000,0.0,0.000,0.000,0.0,0.000,0.000,0.0
5.5679,19831,257761,0.000,0.000,0.0,0.000,0.000,0.0,0.000,0.000,0.0
5.5679,19832,257766,0.000,0.000,0.0,0.000,0.000,0.0,0.000,0.000,0.0
5.5679,19833,257771,0.000,0.000,0.0,0.000,0.000,0.0,0.000,0.000,0.0
5.5679,19834,257776,0.000,0.000,0.0,0.000,0.000,0.0,0.000,0.000,0.0
5.5679,19835,257781,0.000,0.000,0.0,0.000,0.000,0.0,0.000,0.000,0.0
5.5679,19836,257786,0.000,0.000,0.0,0.000,0.000,0.0,0.000,0.000,0.0
5.5679,19837,257791,0.000,0.000,0.0,0.000,0.000,0.0,0.000,0.000,0.0
5.5679,19838,257796,0.000,0.000,0.0,0.000,0.000,0.0,0.000,0.000,0.0
5.5679,19839,257801,0.000,0.000,0.0,0.000,0.000,0.0,0.000,0.000,0.0
5.5679,19840,257806,0.000,0.000,0.0,0.000,0.000,0.0,0.000,0.000,0.0
5.5679,19841,257811,0.000,0.000,0.0,0.000,0.000,0.0,0.000,0.000,0.0
5.5679,19842,257816,0.000,0.000,0.0,0.000,0.000,0.0,0.000,0.000,0.0
5.5679,19843,257821,0.000,0.000,0.0,0.000,0.000,0.0,0.000,0.000,0.0
5.5679,19844,257826,0.000,0.000,0.0,0.000,0.000,0.0,0.000,0.000,0.0
5.5679,19845,257831,0.000,0.000,0.0,0.000,0.000,0.0,0.000,0.000,0.0
5.5679,19846,257836,0.000,0.000,0.0,0.000,0.000,0.0,0.000,0.000,0.0
5.5679,19847,257841,0.000,0.000,0.0,0.000,0.000,0.0,0.000,0.000,0.0
5.5679,19848,257846,0.000,0.000,0.0,0.000,0.000,0.0,0.000,0.000,0.0
5.5679,19849,257851,0.000,0.000,0.0,0.000,0.000,0.0,0.000,0.000,0.0
5.6254,19850,257856,0.000,0.000,0.0,0.000,0.000,0.0,0.000,0.000,0.0
5.6254,19851,257861,0.000,0.000,0.0,0.000,0.000,0.0,0.000,0.000,0.0
5.6254,19852,257866,0.000,0.000,0.0,0.000,0.000,0.0,0.000,0.000,0.0
5.6254,19853,257871,0.000,0.000,0.0,0.000,0.000,0.0,0.000,0.000,0.0
5.6254,19854,257876,0.000,0.000,0.0,0.000,0.000,0.0,0.000,0.000,0.0
5.6254,19855,257881,0.000,0.000,0.0,0.000,0.000,0.0,0.000,0.000,0.0
5.6254,19856,257886,0.000,0.000,0.0,0.000,0.000,0.0,0.000,0.000,0.0
5.6254,19857,257891,0.000,0.000,0.0,0.000,0.000,0.0,0.000,0.000,0.0
5.6264,19858,257896,0.000,0.000,0.0,0.000,0.000,0.0,0.000,0.000,0.0
5.6264,19859,257901,0.000,0.000,0.0,0.000,0.000,0.0,0.000,0.000,0.0
5.6264,19860,257906,0.000,0.000,0.0,0.000,0.000,0.0,0.000,0.000,0.0
5.6264,19861,257911,0.000,0.000,0.0,0.000,0.000,0.0,0.000,0.000,0.0
5.6264,19862,257916,0.000,0.000,0.0,0.000,0.000,0.0,0.000,0.000,0.0
5.6264,19863,257921,0.000,0.000,0.0,0.000,0.000,0.0,0.000,0.000,0.0
5.6264,19864,257926,0.000,0.000,0.0,0.000,0.000,0.0,0.000,0.000,0.0
5.6264,19865,257931,0.000,0.000,0.0,0.000,0.000,0.0,0.000,0.000,0.0
5.7283,19866,257936,0.000,0.000,0.0,0.000,0.000,0.0,0.000,0.000,0.0
5.7283,19867,257941,0.000,0.000,0.0,0.000,0.000,0.0,0.000,0.000,0.0
5.7283,19868,257946,0.000,0.000,0.0,0.000,0.000,0.0,0.000,0.000,0.0
5.7283,19869,257951,0.000,0.000,0.0,0.000,0.000,0.0,0.000,0.000,0.0
5.7283,19870,257956,0.000,0.000,0.0,0.000,0.000,0.0,0.000,0.000,0.0
5.7283,19871,257961,0.000,0.000,0.0,0.000,0.000,0.0,0.000,0.000,0.0
5.7283,19872,257966,0.000,0.000,0.0,0.000,0.000,0.0,0.000,0.000,0.0
5.7283,19873,257971,0.000,0.000,0.0,0.000,0.000,0.0,0.000,0.000,0.0
5.7283,19874,257976,0.000,0.000,0.0,0.000,0.000,0.0,0.000,0.000,0.0
5.7283,19875,257981,0.000,0.000,0.0,0.000,0.000,0.0,0.000,0.000,0.0
5.7283,19876,257986,0.000,0.000,0.0,0.000,0.000,0.0,0.000,0.000,0.0
5.7283,19877,257991,0.000,0.000,0.0,0.000,0.000,0.0,0.000,0.000,0.0
5.7283,19878,257996,0.000,0.000,0.0,0.000,0.000,0.0,0.000,0.000,0.0
5.7283,19879,258001,0.000,0.000,0.0,0.000,0.000,0.0,0.000,0.000,0.0
5.7283,19880,258006,0.000,0.000,0.0,0.000,0.000,0.0,0.000,0.000,0.0
5.7283,19881,258011,0.000,0.000,0.0,0.000,0.000,0.0,0.000,0.000,0.0
5.8207,19882,258016,0.000,0.000,0.0,0.000,0.000,0.0,0.000,0.000,0.0
5.8207,19883,258021,0.000,0.000,0.0,0.000,0.000,0.0,0.000,0.000,0.0
5.8207,19884,258026,0.000,0.000,0.0,0.000,0.000,0.0,0.000,0.000,0.0
5.8207,19885,258031,0.000,0.000,0.0,0.000,0.000,0.0,0.000,0.000,0.0
5.8207,19886,258036,0.000,0.000,0.0,0.000,0.000,0.0,0.000,0.000,0.0
5.8207,19887,258041,0.000,0.000,0.0,0.000,0.000,0.0,0.000,0.000,0.0
5.8207,19888,258046,0.000,0.000,0.0,0.000,0.000,0.0,0.000,0.000,0.0
5.8207,19889,258051,0.000,0.000,0.0,0.000,0.000,0.0,0.000,0.000,0.0
5.8207,19890,258056,0.000,0.000,0.0,0.000,0.000,0.0,0.000,0.000,0.0
5.8207,19891,258061,0.000,0.000,0.0,0.000,0.000,0.0,0.000,0.000,0.0
5.8207,19892,258066,0.000,0.000,0.0,0.000,0.000,0.0,0.000,0.000,0.0
5.8207,19893,258071,0.000,0.000,0.0,0.000,0.000,0.0,0.000,0.000,0.0
5.8207,19894,258076,0.000,0.000,0.0,0.000,0.000,0.0,0.000,0.000,0.0
5.8207,19895,258081,0.000,0.000,0.0,0.000,0.000,0.0,0.000,0.000,0.0
5.8207,19896,258086,0.000,0.000,0.0,0.000,0.000,0.0,0.000,0.000,0.0
5.8207,19897,258091,0.000,0.000,0.0,0.000,0.000,0.0,0.000,0.000,0.0
5.8207,19898,258096,0.000,0.000,0.0,0.000,0.000,0.0,0.000,0.000,0.0
5.8207,19899,258101,0.000,0.000,0.0,0.000,0.000,0.0,0.000,0.000,0.0
5.8207,19900,258106,0.000,0.000,0.0,0.000,0.000,0.0,0.000,0.000,0.0
5.8207,19901,258111,0.000,0.000,0.0,0.000,0.000,0.0,0.000,0.000,0.0
5.8207,19902,258116,0.000,0.000,0.0,0.000,0.000,0.0,0.000,0.000,0.0
5.8207,19903,258121,0.000,0.000,0.0,0.000,0.000,0.0,0.000,0.000,0.0
5.8207,19904,258126,0.000,0.000,0.0,0.000,0.000,0.0,0.000,0.000,0.0
5.8207,19905,258131,0.000,0.000,0.0,0.000,0.000,0.0,0.000,0.000,0.0
5.9245,19906,258136,0.000,0.000,0.0,0.000,0.000,0.0,0.000,0.000,0.0
5.9245,19907,258141,0.000,0.000,0.0,0.000,0.000,0.0,0.000,0.000,0.0
5.9245,19908,258146,0.000,0.000,0.0,0.000,0.000,0.0,0.000,0.000,0.0
5.9245,19909,258151,0.000,0.000,0.0,0.000,0.000,0.0,0.000,0.000,0.0
5.9245,19910,258156,0.000,0.000,0.0,0.000,0.000,0.0,0.000,0.000,0.0
5.9245,19911,258161,0.000,0.000,0.0,0.000,0.000,0.0,0.000,0.000,0.0
5.9245,19912,258166,0.000,0.000,0.0,0.000,0.000,0.0,0.000,0.000,0.0
5.9245,19913,258171,0.000,0.000,0.0,0.000,0.000,0.0,0.000,0.000,0.0
5.9245,19914,258176,0.000,0.000,0.0,0.000,0.000,0.0,0.000,0.000,0.0
5.9245,19915,258181,0.000,0.000,0.0,0.000,0.000,0.0,0.000,0.000,0.0
5.9245,19916,258186,0.000,0.000,0.0,0.000,0.000,0.0,0.000,0.000,0.0
5.9245,19917,258191,0.000,0.000,0.0,0.000,0.000,0.0,0.000,0.000,0.0
5.9245,19918,258196,0.000,0.000,0.0,0.000,0.000,0.0,0.000,0.000,0.0
5.9245,19919,258201,0.000,0.000,0.0,0.000,0.000,0.0,0.000,0.000,0.0
5.9245,19920,258206,0.000,0.000,0.0,0.000,0.000,0.0,0.000,0.000,0.0
5.9245,19921,258211,0.000,0.000,0.0,0.000,0.000,0.0,0.000,0.000,0.0
5.9827,19922,258216,0.000,0.000,0.0,0.000,0.000,0.0,0.000,0.000,0.0
5.9827,19923,258221,0.000,0.000,0.0,0.000,0.000,0.0,0.000,0.000,0.0
5.9827,19924,258226,0.000,0.000,0.0,0.000,0.000,0.0,0.000,0.000,0.0
5.9827,19925,258231,0.000,0.000,0.0,0.000,0.000,0.0,0.000,0.000,0.0
5.9827,19926,258236,0.000,0.000,0.0,0.000,0.000,0.0,0.000,0.000,0.0
5.9827,19927,258241,0.000,0.000,0.0,0.000,0.000,0.0,0.000,0.000,0.0
5.9827,19928,258246,0.000,0.000,0.0,0.000,0.000,0.0,0.000,0.000,0.0
5.9827,19929,258251,0.000,0.000,0.0,0.000,0.000,0.0,0.000,0.000,0.0
5.9827,19930,258256,0.000,0.000,0.0,0.000,0.000,0.0,0.000,0.000,0.0
5.9827,19931,258261,0.000,0.000,0.0,0.000,0.000,0.0,0.000,0.000,0.0
5.9827,19932,258266,0.000,0.000,0.0,0.000,0.000,0.0,0.000,0.000,0.0
5.9827,19933,258271,0.000,0.000,0.0,0.000,0.000,0.0,0.000,0.000,0.0
5.9827,19934,258276,0.000,0.000,0.0,0.000,0.000,0.0,0.000,0.000,0.0
5.9827,19935,258281,0.000,0.000,0.0,0.000,0.000,0.0,0.000,0.000,0.0
5.9827,19936,258286,0.000,0.000,0.0,0.000,0.000,0.0,0.000,0.000,0.0
5.9827,19937,258291,0.000,0.000,0.0,0.000,0.000,0.0,0.000,0.000,0.0
6.0869,19938,258296,0.000,0.000,0.0,0.000,0.000,0.0,0.000,0.000,0.0
6.0869,19939,258301,0.000,0.000,0.0,0.000,0.000,0.0,0.000,0.000,0.0
6.0869,19940,258306,0.000,0.000,0.0,0.000,0.000,0.0,0.000,0.000,0.0
6.0869,19941,258311,0.000,0.000,0.0,0.000,0.000,0.0,0.000,0.000,0.0
6.0869,19942,258316,0.000,0.000,0.0,0.000,0.000,0.0,0.000,0.000,0.0
6.0869,19943,258321,0.000,0.000,0.0,0.000,0.000,0.0,0.000,0.000,0.0
6.0869,19944,258326,0.000,0.000,0.0,0.000,0.000,0.0,0.000,0.000,0.0
6.0869,19945,258331,0.000,0.000,0.0,0.000,0.000,0.0,0.000,0.000,0.0
6.0869,19946,258336,0.000,0.000,0.0,0.000,0.000,0.0,0.000,0.000,0.0
6.0869,19947,258341,0.000,0.000,0.0,0.000,0.000,0.0,0.000,0.000,0.0
6.0869,19948,258346,0.000,0.000,0.0,0.000,0.000,0.0,0.000,0.000,0.0
6.0869,19949,258351,0.000,0.000,0.0,0.000,0.000,0.0,0.000,0.000,0.0
6.0869,19950,258356,0.000,0.000,0.0,0.000,0.000,0.0,0.000,0.000,0.0
6.0869,19951,258361,0.000,0.000,0.0,0.000,0.000,0.0,0.000,0.000,0.0
6.0869,19952,258366,0.000,0.000,0.0,0.000,0.000,0.0,0.000,0.000,0.0
6.0869,19953,258371,0.000,0.000,0.0,0.000,0.000,0.0,0.000,0.000,0.0
6.2066,19954,258376,0.000,0.000,0.0,0.000,0.000,0.0,0.000,0.000,0.0
6.2066,19955,258381,0.000,0.000,0.0,0.000,0.000,0.0,0.000,0.000,0.0
6.2066,19956,258386,0.000,0.000,0.0,0.000,0.000,0.0,0.000,0.000,0.0
6.2066,19957,258391,0.000,0.000,0.0,0.000,0.000,0.0,0.000,0.000,0.0
6.2066,19958,258396,0.000,0.000,0.0,0.000,0.000,0.0,0.000,0.000,0.0
6.2066,19959,258401,0.000,0.000,0.0,0.000,0.000,0.0,0.000,0.000,0.0
6.2066,19960,258406,0.000,0.000,0.0,0.000,0.000,0.0,0.000,0.000,0.0
6.2066,19961,258411,0.000,0.000,0.0,0.000,0.000,0.0,0.000,0.000,0.0
6.2066,19962,258416,0.000,0.000,0.0,0.000,0.000,0.0,0.000,0.000,0.0
6.2066,19963,258421,0.000,0.000,0.0,0.000,0.000,0.0,0.000,0.000,0.0
6.2066,19964,258426,0.000,0.000,0.0,0.000,0.000,0.0,0.000,0.000,0.0
6.2066,19965,258431,0.000,0.000,0.0,0.000,0.000,0.0,0.000,0.000,0.0
6.2066,19966,258436,0.000,0.000,0.0,0.000,0.000,0.0,0.000,0.000,0.0
6.2066,19967,258441,0.000,0.000,0.0,0.000,0.000,0.0,0.000,0.000,0.0
6.2066,19968,258446,0.000,0.000,0.0,0.000,0.000,0.0,0.000,0.000,0.0
6.2066,19969,258451,0.000,0.000,0.0,0.000,0.000,0.0,0.000,0.000,0.0
6.2066,19970,258456,0.000,0.000,0.0,0.000,0.000,0.0,0.000,0.000,0.0
6.2066,19971,258461,0.000,0.000,0.0,0.000,0.000,0.0,0.000,0.000,0.0
6.2066,19972,258466,0.000,0.000,0.0,0.000,0.000,0.0,0.000,0.000,0.0
6.2066,19973,258471,0.000,0.000,0.0,0.000,0.000,0.0,0.000,0.000,0.0
6.2066,19974,258476,0.000,0.000,0.0,0.000,0.000,0.0,0.000,0.000,0.0
6.2066,19975,258481,0.000,0.000,0.0,0.000,0.000,0.0,0.000,0.000,0.0
6.2066,19976,258486,0.000,0.000,0.0,0.000,0.000,0.0,0.000,0.000,0.0
6.2066,19977,258491,0.000,0.000,0.0,0.000,0.000,0.0,0.000,0.000,0.0
6.2664,19978,258496,0.000,0.000,0.0,0.000,0.000,0.0,0.000,0.000,0.0
6.2664,19979,258501,0.000,0.000,0.0,0.000,0.000,0.0,0.000,0.000,0.0
6.2664,19980,258506,0.000,0.000,0.0,0.000,0.000,0.0,0.000,0.000,0.0
6.2664,19981,258511,0.000,0.000,0.0,0.000,0.000,0.0,0.000,0.000,0.0
6.2664,19982,258516,0.000,0.000,0.0,0.000,0.000,0.0,0.000,0.000,0.0
6.2664,19983,258521,0.000,0.000,0.0,0.000,0.000,0.0,0.000,0.000,0.0
6.2664,19984,258526,0.000,0.000,0.0,0.000,0.000,0.0,0.000,0.000,0.0
6.2664,19985,258531,0.000,0.000,0.0,0.000,0.000,0.0,0.000,0.000,0.0
6.2664,19986,258536,0.000,0.000,0.0,0.000,0.000,0.0,0.000,0.000,0.0
6.2664,19987,258541,0.000,0.000,0.0,0.000,0.000,0.0,0.000,0.000,0.0
6.2664,19988,258546,0.000,0.000,0.0,0.000,0.000,0.0,0.000,0.000,0.0
6.2664,19989,258551,0.000,0.000,0.0,0.000,0.000,0.0,0.000,0.000,0.0
6.2664,19990,258556,0.000,0.000,0.0,0.000,0.000,0.0,0.000,0.000,0.0
6.2664,19991,258561,0.000,0.000,0.0,0.000,0.000,0.0,0.000,0.000,0.0
6.2664,19992,258566,0.000,0.000,0.0,0.000,0.000,0.0,0.000,0.000,0.0
6.2664,19993,258571,0.000,0.000,0.0,0.000,0.000,0.0,0.000,0.000,0.0
6.3643,19994,258576,0.000,0.000,0.0,0.000,0.000,0.0,0.000,0.000,0.0
6.3643,19995,258581,0.000,0.000,0.0,0.000,0.000,0.0,0.000,0.000,0.0
6.3643,19996,258586,0.000,0.000,0.0,0.000,0.000,0.0,0.000,0.000,0.0
6.3643,19997,258591,0.000,0.000,0.0,0.000,0.000,0.0,0.000,0.000,0.0
6.3643,19998,258596,0.000,0.000,0.0,0.000,0.000,0.0,0.000,0.000,0.0
6.3643,19999,258601,0.000,0.000,0.0,0.000,0.000,0.0,0.000,0.000,0.0
6.3643,20000,258606,0.000,0.000,0.0,0.000,0.000,0.0,0.000,0.000,0.0
6.3643,20001,258611,0.000,0.000,0.0,0.000,0.000,0.0,0.000,0.000,0.0
6.3643,20002,258616,0.000,0.000,0.0,0.000,0.000,0.0,0.000,0.000,0.0
6.3643,20003,258621,0.000,0.000,0.0,0.000,0.000,0.0,0.000,0.000,0.0
6.3643,20004,258626,0.000,0.000,0.0,0.000,0.000,0.0,0.000,0.000,0.0
6.3643,20005,258631,0.000,0.000,0.0,0.000,0.000,0.0,0.000,0.000,0.0
6.3643,20006,258636,0.000,0.000,0.0,0.000,0.000,0.0,0.000,0.000,0.0
6.3643,20007,258641,0.000,0.000,0.0,0.000,0.000,0.0,0.000,0.000,0.0
6.3643,20008,258646,0.000,0.000,0.0,0.000,0.000,0.0,0.000,0.000,0.0
6.3643,20009,258651,0.000,0.000,0.0,0.000,0.000,0.0,0.000,0.000,0.0
6.4209,20010,258656,0.000,0.000,0.0,0.000,0.000,0.0,0.000,0.000,0.0
6.4209,20011,258661,0.000,0.000,0.0,0.000,0.000,0.0,0.000,0.000,0.0
6.4209,20012,258666,0.000,0.000,0.0,0.000,0.000,0.0,0.000,0.000,0.0
6.4209,20013,258671,0.000,0.000,0.0,0.000,0.000,0.0,0.000,0.000,0.0
6.4209,20014,258676,0.000,0.000,0.0,0.000,0.000,0.0,0.000,0.000,0.0
6.4209,20015,258681,0.000,0.000,0.0,0.000,0.000,0.0,0.000,0.000,0.0
6.4209,20016,258686,0.000,0.000,0.0,0.000,0.000,0.0,0.000,0.000,0.0
6.4209,20017,258691,0.000,0.000,0.0,0.000,0.000,0.0,0.000,0.000,0.0
6.4209,20018,258696,0.000,0.000,0.0,0.000,0.000,0.0,0.000,0.000,0.0
6.4209,20019,258701,0.000,0.000,0.0,0.000,0.000,0.0,0.000,0.000,0.0
6.4209,20020,258706,0.000,0.000,0.0,0.000,0.000,0.0,0.000,0.000,0.0
6.4209,20021,258711,0.000,0.000,0.0,0.000,0.000,0.0,0.000,0.000,0.0
6.4209,20022,258716,0.000,0.000,0.0,0.000,0.000,0.0,0.000,0.000,0.0
6.4209,20023,258721,0.000,0.000,0.0,0.000,0.000,0.0,0.000,0.000,0.0
6.4209,20024,258726,0.000,0.000,0.0,0.000,0.000,0.0,0.000,0.000,0.0
6.4209,20025,258731,0.000,0.000,0.0,0.000,0.000,0.0,0.000,0.000,0.0
6.4822,20026,258736,0.000,0.000,0.0,0.000,0.000,0.0,0.000,0.000,0.0
6.4822,20027,258741,0.000,0.000,0.0,0.000,0.000,0.0,0.000,0.000,0.0
6.4822,20028,258746,0.000,0.000,0.0,0.000,0.000,0.0,0.000,0.000,0.0
6.4822,20029,258751,0.000,0.000,0.0,0.000,0.000,0.0,0.000,0.000,0.0
6.4822,20030,258756,0.000,0.000,0.0,0.000,0.000,0.0,0.000,0.000,0.0
6.4822,20031,258761,0.000,0.000,0.0,0.000,0.000,0.0,0.000,0.000,0.0
6.4822,20032,258766,0.000,0.000,0.0,0.000,0.000,0.0,0.000,0.000,0.0
6.4822,20033,258771,0.000,0.000,0.0,0.000,0.000,0.0,0.000,0.000,0.0
6.5729,20034,258776,0.000,0.000,0.0,0.000,0.000,0.0,0.000,0.000,0.0
6.5729,20035,258781,0.000,0.000,0.0,0.000,0.000,0.0,0.000,0.000,0.0
6.5739,20036,258786,0.000,0.000,0.0,0.000,0.000,0.0,0.000,0.000,0.0
6.5739,20037,258791,0.000,0.000,0.0,0.000,0.000,0.0,0.000,0.000,0.0
6.5739,20038,258796,0.000,0.000,0.0,0.000,0.000,0.0,0.000,0.000,0.0
6.5739,20039,258801,0.000,0.000,0.0,0.000,0.000,0.0,0.000,0.000,0.0
6.5739,20040,258806,0.000,0.000,0.0,0.000,0.000,0.0,0.000,0.000,0.0
6.5739,20041,258811,0.000,0.000,0.0,0.000,0.000,0.0,0.000,0.000,0.0
6.5739,20042,258816,0.000,0.000,0.0,0.000,0.000,0.0,0.000,0.000,0.0
6.5739,20043,258821,0.000,0.000,0.0,0.000,0.000,0.0,0.000,0.000,0.0
6.5739,20044,258826,0.000,0.000,0.0,0.000,0.000,0.0,0.000,0.000,0.0
6.5739,20045,258831,0.000,0.000,0.0,0.000,0.000,0.0,0.000,0.000,0.0
6.5739,20046,258836,0.000,0.000,0.0,0.000,0.000,0.0,0.000,0.000,0.0
6.5739,20047,258841,0.000,0.000,0.0,0.000,0.000,0.0,0.000,0.000,0.0
6.5739,20048,258846,0.000,0.000,0.0,0.000,0.000,0.0,0.000,0.000,0.0
6.5739,20049,258851,0.000,0.000,0.0,0.000,0.000,0.0,0.000,0.000,0.0
6.6869,20050,258856,0.000,0.000,0.0,0.000,0.000,0.0,0.000,0.000,0.0
6.6869,20051,258861,0.000,0.000,0.0,0.000,0.000,0.0,0.000,0.000,0.0
6.6869,20052,258866,0.000,0.000,0.0,0.000,0.000,0.0,0.000,0.000,0.0
6.6869,20053,258871,0.000,0.000,0.0,0.000,0.000,0.0,0.000,0.000,0.0
6.6869,20054,258876,0.000,0.000,0.0,0.000,0.000,0.0,0.000,0.000,0.0
6.6869,20055,258881,0.000,0.000,0.0,0.000,0.000,0.0,0.000,0.000,0.0
6.6869,20056,258886,0.000,0.000,0.0,0.000,0.000,0.0,0.000,0.000,0.0
6.6869,20057,258891,0.000,0.000,0.0,0.000,0.000,0.0,0.000,0.000,0.0
6.6869,20058,258896,0.000,0.000,0.0,0.000,0.000,0.0,0.000,0.000,0.0
6.6869,20059,258901,0.000,0.000,0.0,0.000,0.000,0.0,0.000,0.000,0.0
6.6869,20060,258906,0.000,0.000,0.0,0.000,0.000,0.0,0.000,0.000,0.0
6.6869,20061,258911,0.000,0.000,0.0,0.000,0.000,0.0,0.000,0.000,0.0
6.6869,20062,258916,0.000,0.000,0.0,0.000,0.000,0.0,0.000,0.000,0.0
6.6869,20063,258921,0.000,0.000,0.0,0.000,0.000,0.0,0.000,0.000,0.0
6.6869,20064,258926,0.000,0.000,0.0,0.000,0.000,0.0,0.000,0.000,0.0
6.6869,20065,258931,0.000,0.000,0.0,0.000,0.000,0.0,0.000,0.000,0.0
6.6869,20066,258936,0.000,0.000,0.0,0.000,0.000,0.0,0.000,0.000,0.0
6.6869,20067,258941,0.000,0.000,0.0,0.000,0.000,0.0,0.000,0.000,0.0
6.6869,20068,258946,0.000,0.000,0.0,0.000,0.000,0.0,0.000,0.000,0.0
6.6869,20069,258951,0.000,0.000,0.0,0.000,0.000,0.0,0.000,0.000,0.0
6.6869,20070,258956,0.000,0.000,0.0,0.000,0.000,0.0,0.000,0.000,0.0
6.6869,20071,258961,0.000,0.000,0.0,0.000,0.000,0.0,0.000,0.000,0.0
6.6869,20072,258966,0.000,0.000,0.0,0.000,0.000,0.0,0.000,0.000,0.0
6.6869,20073,258971,0.000,0.000,0.0,0.000,0.000,0.0,0.000,0.000,0.0
6.8068,20074,258976,0.000,0.000,0.0,0.000,0.000,0.0,0.000,0.000,0.0
6.8068,20075,258981,0.000,0.000,0.0,0.000,0.000,0.0,0.000,0.000,0.0
6.8068,20076,258986,0.000,0.000,0.0,0.000,0.000,0.0,0.000,0.000,0.0
6.8068,20077,258991,0.000,0.000,0.0,0.000,0.000,0.0,0.000,0.000,0.0
6.8068,20078,258996,0.000,0.000,0.0,0.000,0.000,0.0,0.000,0.000,0.0
6.8068,20079,259001,0.000,0.000,0.0,0.000,0.000,0.0,0.000,0.000,0.0
6.8068,20080,259006,0.000,0.000,0.0,0.000,0.000,0.0,0.000,0.000,0.0
6.8068,20081,259011,0.000,0.000,0.0,0.000,0.000,0.0,0.000,0.000,0.0
6.8068,20082,259016,0.000,0.000,0.0,0.000,0.000,0.0,0.000,0.000,0.0
6.8068,20083,259021,0.000,0.000,0.0,0.000,0.000,0.0,0.000,0.000,0.0
6.8068,20084,259026,0.000,0.000,0.0,0.000,0.000,0.0,0.000,0.000,0.0
6.8068,20085,259031,0.000,0.000,0.0,0.000,0.000,0.0,0.000,0.000,0.0
6.8068,20086,259036,0.000,0.000,0.0,0.000,0.000,0.0,0.000,0.000,0.0
6.8068,20087,259041,0.000,0.000,0.0,0.000,0.000,0.0,0.000,0.000,0.0
6.8068,20088,259046,0.000,0.000,0.0,0.000,0.000,0.0,0.000,0.000,0.0
6.8068,20089,259051,0.000,0.000,0.0,0.000,0.000,0.0,0.000,0.000,0.0
6.8068,20090,259056,0.000,0.000,0.0,0.000,0.000,0.0,0.000,0.000,0.0
6.8068,20091,259061,0.000,0.000,0.0,0.000,0.000,0.0,0.000,0.000,0.0
6.8068,20092,259066,0.000,0.000,0.0,0.000,0.000,0.0,0.000,0.000,0.0
6.8068,20093,259071,0.000,0.000,0.0,0.000,0.000,0.0,0.000,0.000,0.0
6.8068,20094,259076,0.000,0.000,0.0,0.000,0.000,0.0,0.000,0.000,0.0
6.8068,20095,259081,0.000,0.000,0.0,0.000,0.000,0.0,0.000,0.000,0.0
6.8068,20096,259086,0.000,0.000,0.0,0.000,0.000,0.0,0.000,0.000,0.0
6.8068,20097,259091,0.000,0.000,0.0,0.000,0.000,0.0,0.000,0.000,0.0
6.8581,20098,259096,0.000,0.000,0.0,0.000,0.000,0.0,0.000,0.000,0.0
6.8581,20099,259101,0.000,0.000,0.0,0.000,0.000,0.0,0.000,0.000,0.0
6.8581,20100,259106,0.000,0.000,0.0,0.000,0.000,0.0,0.000,0.000,0.0
6.8581,20101,259111,0.000,0.000,0.0,0.000,0.000,0.0,0.000,0.000,0.0
6.8581,20102,259116,0.000,0.000,0.0,0.000,0.000,0.0,0.000,0.000,0.0
6.8581,20103,259121,0.000,0.000,0.0,0.000,0.000,0.0,0.000,0.000,0.0
6.8581,20104,259126,0.000,0.000,0.0,0.000,0.000,0.0,0.000,0.000,0.0
6.8581,20105,259131,0.000,0.000,0.0,0.000,0.000,0.0,0.000,0.000,0.0
6.8581,20106,259136,0.000,0.000,0.0,0.000,0.000,0.0,0.000,0.000,0.0
6.8581,20107,259141,0.000,0.000,0.0,0.000,0.000,0.0,0.000,0.000,0.0
6.8581,20108,259146,0.000,0.000,0.0,0.000,0.000,0.0,0.000,0.000,0.0
6.8581,20109,259151,0.000,0.000,0.0,0.000,0.000,0.0,0.000,0.000,0.0
6.8581,20110,259156,0.000,0.000,0.0,0.000,0.000,0.0,0.000,0.000,0.0
6.8581,20111,259161,0.000,0.000,0.0,0.000,0.000,0.0,0.000,0.000,0.0
6.8581,20112,259166,0.000,0.000,0.0,0.000,0.000,0.0,0.000,0.000,0.0
6.8581,20113,259171,0.000,0.000,0.0,0.000,0.000,0.0,0.000,0.000,0.0
6.9647,20114,259176,0.000,0.000,0.0,0.000,0.000,0.0,0.000,0.000,0.0
6.9647,20115,259181,0.000,0.000,0.0,0.000,0.000,0.0,0.000,0.000,0.0
6.9647,20116,259186,0.000,0.000,0.0,0.000,0.000,0.0,0.000,0.000,0.0
6.9647,20117,259191,0.000,0.000,0.0,0.000,0.000,0.0,0.000,0.000,0.0
6.9647,20118,259196,0.000,0.000,0.0,0.000,0.000,0.0,0.000,0.000,0.0
6.9647,20119,259201,0.000,0.000,0.0,0.000,0.000,0.0,0.000,0.000,0.0
6.9647,20120,259206,0.000,0.000,0.0,0.000,0.000,0.0,0.000,0.000,0.0
6.9647,20121,259211,0.000,0.000,0.0,0.000,0.000,0.0,0.000,0.000,0.0
6.9647,20122,259216,0.000,0.000,0.0,0.000,0.000,0.0,0.000,0.000,0.0
6.9647,20123,259221,0.000,0.000,0.0,0.000,0.000,0.0,0.000,0.000,0.0
6.9647,20124,259226,0.000,0.000,0.0,0.000,0.000,0.0,0.000,0.000,0.0
6.9647,20125,259231,0.000,0.000,0.0,0.000,0.000,0.0,0.000,0.000,0.0
6.9647,20126,259236,0.000,0.000,0.0,0.000,0.000,0.0,0.000,0.000,0.0
6.9647,20127,259241,0.000,0.000,0.0,0.000,0.000,0.0,0.000,0.000,0.0
6.9647,20128,259246,0.000,0.000,0.0,0.000,0.000,0.0,0.000,0.000,0.0
6.9647,20129,259251,0.000,0.000,0.0,0.000,0.000,0.0,0.000,0.000,0.0
7.0479,20130,259256,0.000,0.000,0.0,0.000,0.000,0.0,0.000,0.000,0.0
7.0479,20131,259261,0.000,0.000,0.0,0.000,0.000,0.0,0.000,0.000,0.0
7.0479,20132,259266,0.000,0.000,0.0,0.000,0.000,0.0,0.000,0.000,0.0
7.0479,20133,259271,0.000,0.000,0.0,0.000,0.000,0.0,0.000,0.000,0.0
7.0479,20134,259276,0.000,0.000,0.0,0.000,0.000,0.0,0.000,0.000,0.0
7.0479,20135,259281,0.000,0.000,0.0,0.000,0.000,0.0,0.000,0.000,0.0
7.0479,20136,259286,0.000,0.000,0.0,0.000,0.000,0.0,0.000,0.000,0.0
7.0479,20137,259291,0.000,0.000,0.0,0.000,0.000,0.0,0.000,0.000,0.0
7.0479,20138,259296,0.000,0.000,0.0,0.000,0.000,0.0,0.000,0.000,0.0
7.0479,20139,259301,0.000,0.000,0.0,0.000,0.000,0.0,0.000,0.000,0.0
7.0479,20140,259306,0.000,0.000,0.0,0.000,0.000,0.0,0.000,0.000,0.0
7.0479,20141,259311,0.000,0.000,0.0,0.000,0.000,0.0,0.000,0.000,0.0
7.0479,20142,259316,0.000,0.000,0.0,0.000,0.000,0.0,0.000,0.000,0.0
7.0479,20143,259321,0.000,0.000,0.0,0.000,0.000,0.0,0.000,0.000,0.0
7.0479,20144,259326,0.000,0.000,0.0,0.000,0.000,0.0,0.000,0.000,0.0
7.0479,20145,259331,0.000,0.000,0.0,0.000,0.000,0.0,0.000,0.000,0.0
7.0479,20146,259336,0.000,0.000,0.0,0.000,0.000,0.0,0.000,0.000,0.0
7.0479,20147,259341,0.000,0.000,0.0,0.000,0.000,0.0,0.000,0.000,0.0
7.0479,20148,259346,0.000,0.000,0.0,0.000,0.000,0.0,0.000,0.000,0.0
7.0479,20149,259351,0.000,0.000,0.0,0.000,0.000,0.0,0.000,0.000,0.0
7.0479,20150,259356,0.000,0.000,0.0,0.000,0.000,0.0,0.000,0.000,0.0
7.0479,20151,259361,0.000,0.000,0.0,0.000,0.000,0.0,0.000,0.000,0.0
7.0479,20152,259366,0.000,0.000,0.0,0.000,0.000,0.0,0.000,0.000,0.0
7.0479,20153,259371,0.000,0.000,0.0,0.000,0.000,0.0,0.000,0.000,0.0
7.1632,20154,259376,0.000,0.000,0.0,0.000,0.000,0.0,0.000,0.000,0.0
7.1632,20155,259381,0.000,0.000,0.0,0.000,0.000,0.0,0.000,0.000,0.0
7.1632,20156,259386,0.000,0.000,0.0,0.000,0.000,0.0,0.000,0.000,0.0
7.1632,20157,259391,0.000,0.000,0.0,0.000,0.000,0.0,0.000,0.000,0.0
7.1632,20158,259396,0.000,0.000,0.0,0.000,0.000,0.0,0.000,0.000,0.0
7.1632,20159,259401,0.000,0.000,0.0,0.000,0.000,0.0,0.000,0.000,0.0
7.1632,20160,259406,0.000,0.000,0.0,0.000,0.000,0.0,0.000,0.000,0.0
7.1632,20161,259411,0.000,0.000,0.0,0.000,0.000,0.0,0.000,0.000,0.0
7.1632,20162,259416,0.000,0.000,0.0,0.000,0.000,0.0,0.000,0.000,0.0
7.1632,20163,259421,0.000,0.000,0.0,0.000,0.000,0.0,0.000,0.000,0.0
7.1632,20164,259426,0.000,0.000,0.0,0.000,0.000,0.0,0.000,0.000,0.0
7.1632,20165,259431,0.000,0.000,0.0,0.000,0.000,0.0,0.000,0.000,0.0
7.1632,20166,259436,0.000,0.000,0.0,0.000,0.000,0.0,0.000,0.000,0.0
7.1632,20167,259441,0.000,0.000,0.0,0.000,0.000,0.0,0.000,0.000,0.0
7.1632,20168,259446,0.000,0.000,0.0,0.000,0.000,0.0,0.000,0.000,0.0
7.1632,20169,259451,0.000,0.000,0.0,0.000,0.000,0.0,0.000,0.000,0.0
7.2143,20170,259456,0.000,0.000,0.0,0.000,0.000,0.0,0.000,0.000,0.0
7.2143,20171,259461,0.000,0.000,0.0,0.000,0.000,0.0,0.000,0.000,0.0
7.2143,20172,259466,0.000,0.000,0.0,0.000,0.000,0.0,0.000,0.000,0.0
7.2143,20173,259471,0.000,0.000,0.0,0.000,0.000,0.0,0.000,0.000,0.0
7.2143,20174,259476,0.000,0.000,0.0,0.000,0.000,0.0,0.000,0.000,0.0
7.2143,20175,259481,0.000,0.000,0.0,0.000,0.000,0.0,0.000,0.000,0.0
7.2143,20176,259486,0.000,0.000,0.0,0.000,0.000,0.0,0.000,0.000,0.0
7.2143,20177,259491,0.000,0.000,0.0,0.000,0.000,0.0,0.000,0.000,0.0
7.2143,20178,259496,0.000,0.000,0.0,0.000,0.000,0.0,0.000,0.000,0.0
7.2143,20179,259501,0.000,0.000,0.0,0.000,0.000,0.0,0.000,0.000,0.0
7.2143,20180,259506,0.000,0.000,0.0,0.000,0.000,0.0,0.000,0.000,0.0
7.2143,20181,259511,0.000,0.000,0.0,0.000,0.000,0.0,0.000,0.000,0.0
7.2143,20182,259516,0.000,0.000,0.0,0.000,0.000,0.0,0.000,0.000,0.0
7.2143,20183,259521,0.000,0.000,0.0,0.000,0.000,0.0,0.000,0.000,0.0
7.2143,20184,259526,0.000,0.000,0.0,0.000,0.000,0.0,0.000,0.000,0.0
7.2143,20185,259531,0.000,0.000,0.0,0.000,0.000,0.0,0.000,0.000,0.0
7.2841,20186,259536,0.000,0.000,0.0,0.000,0.000,0.0,0.000,0.000,0.0
7.2841,20187,259541,0.000,0.000,0.0,0.000,0.000,0.0,0.000,0.000,0.0
7.2841,20188,259546,0.000,0.000,0.0,0.000,0.000,0.0,0.000,0.000,0.0
7.2841,20189,259551,0.000,0.000,0.0,0.000,0.000,0.0,0.000,0.000,0.0
7.2841,20190,259556,0.000,0.000,0.0,0.000,0.000,0.0,0.000,0.000,0.0
7.2841,20191,259561,0.000,0.000,0.0,0.000,0.000,0.0,0.000,0.000,0.0
7.2841,20192,259566,0.000,0.000,0.0,0.000,0.000,0.0,0.000,0.000,0.0
7.2841,20193,259571,0.000,0.000,0.0,0.000,0.000,0.0,0.000,0.000,0.0
7.3648,20194,259576,0.000,0.000,0.0,0.000,0.000,0.0,0.000,0.000,0.0
7.3648,20195,259581,0.000,0.000,0.0,0.000,0.000,0.0,0.000,0.000,0.0
7.3648,20196,259586,0.000,0.000,0.0,0.000,0.000,0.0,0.000,0.000,0.0
7.3648,20197,259591,0.000,0.000,0.0,0.000,0.000,0.0,0.000,0.000,0.0
7.3648,20198,259596,0.000,0.000,0.0,0.000,0.000,0.0,0.000,0.000,0.0
7.3648,20199,259601,0.000,0.000,0.0,0.000,0.000,0.0,0.000,0.000,0.0
7.3648,20200,259606,0.000,0.000,0.0,0.000,0.000,0.0,0.000,0.000,0.0
7.3648,20201,259611,0.000,0.000,0.0,0.000,0.000,0.0,0.000,0.000,0.0
7.3648,20202,259616,0.000,0.000,0.0,0.000,0.000,0.0,0.000,0.000,0.0
7.3648,20203,259621,0.000,0.000,0.0,0.000,0.000,0.0,0.000,0.000,0.0
7.3648,20204,259626,0.000,0.000,0.0,0.000,0.000,0.0,0.000,0.000,0.0
7.3648,20205,259631,0.000,0.000,0.0,0.000,0.000,0.0,0.000,0.000,0.0
7.3648,20206,259636,0.000,0.000,0.0,0.000,0.000,0.0,0.000,0.000,0.0
7.3648,20207,259641,0.000,0.000,0.0,0.000,0.000,0.0,0.000,0.000,0.0
7.3648,20208,259646,0.000,0.000,0.0,0.000,0.000,0.0,0.000,0.000,0.0
7.3648,20209,259651,0.000,0.000,0.0,0.000,0.000,0.0,0.000,0.000,0.0
7.4187,20210,259656,0.000,0.000,0.0,0.000,0.000,0.0,0.000,0.000,0.0
7.4187,20211,259661,0.000,0.000,0.0,0.000,0.000,0.0,0.000,0.000,0.0
7.4187,20212,259666,0.000,0.000,0.0,0.000,0.000,0.0,0.000,0.000,0.0
7.4187,20213,259671,0.000,0.000,0.0,0.000,0.000,0.0,0.000,0.000,0.0
7.4187,20214,259676,0.000,0.000,0.0,0.000,0.000,0.0,0.000,0.000,0.0
7.4187,20215,259681,0.000,0.000,0.0,0.000,0.000,0.0,0.000,0.000,0.0
7.4187,20216,259686,0.000,0.000,0.0,0.000,0.000,0.0,0.000,0.000,0.0
7.4187,20217,259691,0.000,0.000,0.0,0.000,0.000,0.0,0.000,0.000,0.0
7.4187,20218,259696,0.000,0.000,0.0,0.000,0.000,0.0,0.000,0.000,0.0
7.4187,20219,259701,0.000,0.000,0.0,0.000,0.000,0.0,0.000,0.000,0.0
7.4187,20220,259706,0.000,0.000,0.0,0.000,0.000,0.0,0.000,0.000,0.0
7.4187,20221,259711,0.000,0.000,0.0,0.000,0.000,0.0,0.000,0.000,0.0
7.4187,20222,259716,0.000,0.000,0.0,0.000,0.000,0.0,0.000,0.000,0.0
7.4187,20223,259721,0.000,0.000,0.0,0.000,0.000,0.0,0.000,0.000,0.0
7.4187,20224,259726,0.000,0.000,0.0,0.000,0.000,0.0,0.000,0.000,0.0
7.4187,20225,259731,0.000,0.000,0.0,0.000,0.000,0.0,0.000,0.000,0.0
7.4915,20226,259736,0.000,0.000,0.0,0.000,0.000,0.0,0.000,0.000,0.0
7.4915,20227,259741,0.000,0.000,0.0,0.000,0.000,0.0,0.000,0.000,0.0
7.4915,20228,259746,0.000,0.000,0.0,0.000,0.000,0.0,0.000,0.000,0.0
7.4915,20229,259751,0.000,0.000,0.0,0.000,0.000,0.0,0.000,0.000,0.0
7.4915,20230,259756,0.000,0.000,0.0,0.000,0.000,0.0,0.000,0.000,0.0
7.4915,20231,259761,0.000,0.000,0.0,0.000,0.000,0.0,0.000,0.000,0.0
7.4915,20232,259766,0.000,0.000,0.0,0.000,0.000,0.0,0.000,0.000,0.0
7.4915,20233,259771,0.000,0.000,0.0,0.000,0.000,0.0,0.000,0.000,0.0
7.4915,20234,259776,0.000,0.000,0.0,0.000,0.000,0.0,0.000,0.000,0.0
7.4915,20235,259781,0.000,0.000,0.0,0.000,0.000,0.0,0.000,0.000,0.0
7.4915,20236,259786,0.000,0.000,0.0,0.000,0.000,0.0,0.000,0.000,0.0
7.4915,20237,259791,0.000,0.000,0.0,0.000,0.000,0.0,0.000,0.000,0.0
7.4915,20238,259796,0.000,0.000,0.0,0.000,0.000,0.0,0.000,0.000,0.0
7.4915,20239,259801,0.000,0.000,0.0,0.000,0.000,0.0,0.000,0.000,0.0
7.4915,20240,259806,0.000,0.000,0.0,0.000,0.000,0.0,0.000,0.000,0.0
7.4915,20241,259811,0.000,0.000,0.0,0.000,0.000,0.0,0.000,0.000,0.0
7.5409,20242,259816,0.000,0.000,0.0,0.000,0.000,0.0,0.000,0.000,0.0
7.5409,20243,259821,0.000,0.000,0.0,0.000,0.000,0.0,0.000,0.000,0.0
7.5409,20244,259826,0.000,0.000,0.0,0.000,0.000,0.0,0.000,0.000,0.0
7.5409,20245,259831,0.000,0.000,0.0,0.000,0.000,0.0,0.000,0.000,0.0
7.5409,20246,259836,0.000,0.000,0.0,0.000,0.000,0.0,0.000,0.000,0.0
7.5409,20247,259841,0.000,0.000,0.0,0.000,0.000,0.0,0.000,0.000,0.0
7.5409,20248,259846,0.000,0.000,0.0,0.000,0.000,0.0,0.000,0.000,0.0
7.5409,20249,259851,0.000,0.000,0.0,0.000,0.000,0.0,0.000,0.000,0.0
7.5967,20250,259856,0.000,0.000,0.0,0.000,0.000,0.0,0.000,0.000,0.0
7.5967,20251,259861,0.000,0.000,0.0,0.000,0.000,0.0,0.000,0.000,0.0
7.5967,20252,259866,0.000,0.000,0.0,0.000,0.000,0.0,0.000,0.000,0.0
7.5967,20253,259871,0.000,0.000,0.0,0.000,0.000,0.0,0.000,0.000,0.0
7.5967,20254,259876,0.000,0.000,0.0,0.000,0.000,0.0,0.000,0.000,0.0
7.5967,20255,259881,0.000,0.000,0.0,0.000,0.000,0.0,0.000,0.000,0.0
7.5967,20256,259886,0.000,0.000,0.0,0.000,0.000,0.0,0.000,0.000,0.0
7.5967,20257,259891,0.000,0.000,0.0,0.000,0.000,0.0,0.000,0.000,0.0
7.6845,20258,259896,0.000,0.000,0.0,0.000,0.000,0.0,0.000,0.000,0.0
7.6845,20259,259901,0.000,0.000,0.0,0.000,0.000,0.0,0.000,0.000,0.0
7.6845,20260,259906,0.000,0.000,0.0,0.000,0.000,0.0,0.000,0.000,0.0
7.6845,20261,259911,0.000,0.000,0.0,0.000,0.000,0.0,0.000,0.000,0.0
7.6845,20262,259916,0.000,0.000,0.0,0.000,0.000,0.0,0.000,0.000,0.0
7.6845,20263,259921,0.000,0.000,0.0,0.000,0.000,0.0,0.000,0.000,0.0
7.6845,20264,259926,0.000,0.000,0.0,0.000,0.000,0.0,0.000,0.000,0.0
7.6845,20265,259931,0.000,0.000,0.0,0.000,0.000,0.0,0.000,0.000,0.0
7.6845,20266,259936,0.000,0.000,0.0,0.000,0.000,0.0,0.000,0.000,0.0
7.6845,20267,259941,0.000,0.000,0.0,0.000,0.000,0.0,0.000,0.000,0.0
7.6845,20268,259946,0.000,0.000,0.0,0.000,0.000,0.0,0.000,0.000,0.0
7.6845,20269,259951,0.000,0.000,0.0,0.000,0.000,0.0,0.000,0.000,0.0
7.6845,20270,259956,0.000,0.000,0.0,0.000,0.000,0.0,0.000,0.000,0.0
7.6845,20271,259961,0.000,0.000,0.0,0.000,0.000,0.0,0.000,0.000,0.0
7.6845,20272,259966,0.000,0.000,0.0,0.000,0.000,0.0,0.000,0.000,0.0
7.6845,20273,259971,0.000,0.000,0.0,0.000,0.000,0.0,0.000,0.000,0.0
7.8118,20274,259976,0.000,0.000,0.0,0.000,0.000,0.0,0.000,0.000,0.0
7.8118,20275,259981,0.000,0.000,0.0,0.000,0.000,0.0,0.000,0.000,0.0
7.8118,20276,259986,0.000,0.000,0.0,0.000,0.000,0.0,0.000,0.000,0.0
7.8118,20277,259991,0.000,0.000,0.0,0.000,0.000,0.0,0.000,0.000,0.0
7.8118,20278,259996,0.000,0.000,0.0,0.000,0.000,0.0,0.000,0.000,0.0
7.8118,20279,260001,0.000,0.000,0.0,0.000,0.000,0.0,0.000,0.000,0.0
7.8118,20280,260006,0.000,0.000,0.0,0.000,0.000,0.0,0.000,0.000,0.0
7.8118,20281,260011,0.000,0.000,0.0,0.000,0.000,0.0,0.000,0.000,0.0
7.8118,20282,260016,0.000,0.000,0.0,0.000,0.000,0.0,0.000,0.000,0.0
7.8118,20283,260021,0.000,0.000,0.0,0.000,0.000,0.0,0.000,0.000,0.0
7.8118,20284,260026,0.000,0.000,0.0,0.000,0.000,0.0,0.000,0.000,0.0
7.8118,20285,260031,0.000,0.000,0.0,0.000,0.000,0.0,0.000,0.000,0.0
7.8118,20286,260036,0.000,0.000,0.0,0.000,0.000,0.0,0.000,0.000,0.0
7.8118,20287,260041,0.000,0.000,0.0,0.000,0.000,0.0,0.000,0.000,0.0
7.8118,20288,260046,0.000,0.000,0.0,0.000,0.000,0.0,0.000,0.000,0.0
7.8118,20289,260051,0.000,0.000,0.0,0.000,0.000,0.0,0.000,0.000,0.0
7.8118,20290,260056,0.000,0.000,0.0,0.000,0.000,0.0,0.000,0.000,0.0
7.8118,20291,260061,0.000,0.000,0.0,0.000,0.000,0.0,0.000,0.000,0.0
7.8118,20292,260066,0.000,0.000,0.0,0.000,0.000,0.0,0.000,0.000,0.0
7.8118,20293,260071,0.000,0.000,0.0,0.000,0.000,0.0,0.000,0.000,0.0
7.8118,20294,260076,0.000,0.000,0.0,0.000,0.000,0.0,0.000,0.000,0.0
7.8118,20295,260081,0.000,0.000,0.0,0.000,0.000,0.0,0.000,0.000,0.0
7.8118,20296,260086,0.000,0.000,0.0,0.000,0.000,0.0,0.000,0.000,0.0
7.8118,20297,260091,0.000,0.000,0.0,0.000,0.000,0.0,0.000,0.000,0.0
7.8763,20298,260096,0.000,0.000,0.0,0.000,0.000,0.0,0.000,0.000,0.0
7.8763,20299,260101,0.000,0.000,0.0,0.000,0.000,0.0,0.000,0.000,0.0
7.8763,20300,260106,0.000,0.000,0.0,0.000,0.000,0.0,0.000,0.000,0.0
7.8763,20301,260111,0.000,0.000,0.0,0.000,0.000,0.0,0.000,0.000,0.0
7.8763,20302,260116,0.000,0.000,0.0,0.000,0.000,0.0,0.000,0.000,0.0
7.8763,20303,260121,0.000,0.000,0.0,0.000,0.000,0.0,0.000,0.000,0.0
7.8763,20304,260126,0.000,0.000,0.0,0.000,0.000,0.0,0.000,0.000,0.0
7.8763,20305,260131,0.000,0.000,0.0,0.000,0.000,0.0,0.000,0.000,0.0
7.8763,20306,260136,0.000,0.000,0.0,0.000,0.000,0.0,0.000,0.000,0.0
7.8763,20307,260141,0.000,0.000,0.0,0.000,0.000,0.0,0.000,0.000,0.0
7.8763,20308,260146,0.000,0.000,0.0,0.000,0.000,0.0,0.000,0.000,0.0
7.8763,20309,260151,0.000,0.000,0.0,0.000,0.000,0.0,0.000,0.000,0.0
7.8763,20310,260156,0.000,0.000,0.0,0.000,0.000,0.0,0.000,0.000,0.0
7.8763,20311,260161,0.000,0.000,0.0,0.000,0.000,0.0,0.000,0.000,0.0
7.8763,20312,260166,0.000,0.000,0.0,0.000,0.000,0.0,0.000,0.000,0.0
7.8763,20313,260171,0.000,0.000,0.0,0.000,0.000,0.0,0.000,0.000,0.0
7.9631,20314,260176,0.000,0.000,0.0,0.000,0.000,0.0,0.000,0.000,0.0
7.9631,20315,260181,0.000,0.000,0.0,0.000,0.000,0.0,0.000,0.000,0.0
7.9631,20316,260186,0.000,0.000,0.0,0.000,0.000,0.0,0.000,0.000,0.0
7.9641,20317,260191,0.000,0.000,0.0,0.000,0.000,0.0,0.000,0.000,0.0
7.9641,20318,260196,0.000,0.000,0.0,0.000,0.000,0.0,0.000,0.000,0.0
7.9641,20319,260201,0.000,0.000,0.0,0.000,0.000,0.0,0.000,0.000,0.0
7.9641,20320,260206,0.000,0.000,0.0,0.000,0.000,0.0,0.000,0.000,0.0
7.9641,20321,260211,0.000,0.000,0.0,0.000,0.000,0.0,0.000,0.000,0.0
7.9641,20322,260216,0.000,0.000,0.0,0.000,0.000,0.0,0.000,0.000,0.0
7.9641,20323,260221,0.000,0.000,0.0,0.000,0.000,0.0,0.000,0.000,0.0
7.9641,20324,260226,0.000,0.000,0.0,0.000,0.000,0.0,0.000,0.000,0.0
7.9641,20325,260231,0.000,0.000,0.0,0.000,0.000,0.0,0.000,0.000,0.0
7.9641,20326,260236,0.000,0.000,0.0,0.000,0.000,0.0,0.000,0.000,0.0
7.9641,20327,260241,0.000,0.000,0.0,0.000,0.000,0.0,0.000,0.000,0.0
7.9641,20328,260246,0.000,0.000,0.0,0.000,0.000,0.0,0.000,0.000,0.0
7.9641,20329,260251,0.000,0.000,0.0,0.000,0.000,0.0,0.000,0.000,0.0
8.0126,20330,260256,0.000,0.000,0.0,0.000,0.000,0.0,0.000,0.000,0.0
8.0126,20331,260261,0.000,0.000,0.0,0.000,0.000,0.0,0.000,0.000,0.0
8.0126,20332,260266,0.000,0.000,0.0,0.000,0.000,0.0,0.000,0.000,0.0
8.0126,20333,260271,0.000,0.000,0.0,0.000,0.000,0.0,0.000,0.000,0.0
8.0126,20334,260276,0.000,0.000,0.0,0.000,0.000,0.0,0.000,0.000,0.0
8.0126,20335,260281,0.000,0.000,0.0,0.000,0.000,0.0,0.000,0.000,0.0
8.0126,20336,260286,0.000,0.000,0.0,0.000,0.000,0.0,0.000,0.000,0.0
8.0126,20337,260291,0.000,0.000,0.0,0.000,0.000,0.0,0.000,0.000,0.0
8.0126,20338,260296,0.000,0.000,0.0,0.000,0.000,0.0,0.000,0.000,0.0
8.0126,20339,260301,0.000,0.000,0.0,0.000,0.000,0.0,0.000,0.000,0.0
8.0126,20340,260306,0.000,0.000,0.0,0.000,0.000,0.0,0.000,0.000,0.0
8.0126,20341,260311,0.000,0.000,0.0,0.000,0.000,0.0,0.000,0.000,0.0
8.0126,20342,260316,0.000,0.000,0.0,0.000,0.000,0.0,0.000,0.000,0.0
8.0126,20343,260321,0.000,0.000,0.0,0.000,0.000,0.0,0.000,0.000,0.0
8.0126,20344,260326,0.000,0.000,0.0,0.000,0.000,0.0,0.000,0.000,0.0
8.0126,20345,260331,0.000,0.000,0.0,0.000,0.000,0.0,0.000,0.000,0.0
8.1349,20346,260336,0.000,0.000,0.0,0.000,0.000,0.0,0.000,0.000,0.0
8.1349,20347,260341,0.000,0.000,0.0,0.000,0.000,0.0,0.000,0.000,0.0
8.1349,20348,260346,0.000,0.000,0.0,0.000,0.000,0.0,0.000,0.000,0.0
8.1349,20349,260351,0.000,0.000,0.0,0.000,0.000,0.0,0.000,0.000,0.0
8.1349,20350,260356,0.000,0.000,0.0,0.000,0.000,0.0,0.000,0.000,0.0
8.1349,20351,260361,0.000,0.000,0.0,0.000,0.000,0.0,0.000,0.000,0.0
8.1349,20352,260366,0.000,0.000,0.0,0.000,0.000,0.0,0.000,0.000,0.0
8.1349,20353,260371,0.000,0.000,0.0,0.000,0.000,0.0,0.000,0.000,0.0
8.1349,20354,260376,0.000,0.000,0.0,0.000,0.000,0.0,0.000,0.000,0.0
8.1349,20355,260381,0.000,0.000,0.0,0.000,0.000,0.0,0.000,0.000,0.0
8.1349,20356,260386,0.000,0.000,0.0,0.000,0.000,0.0,0.000,0.000,0.0
8.1349,20357,260391,0.000,0.000,0.0,0.000,0.000,0.0,0.000,0.000,0.0
8.1349,20358,260396,0.000,0.000,0.0,0.000,0.000,0.0,0.000,0.000,0.0
8.1349,20359,260401,0.000,0.000,0.0,0.000,0.000,0.0,0.000,0.000,0.0
8.1349,20360,260406,0.000,0.000,0.0,0.000,0.000,0.0,0.000,0.000,0.0
8.1349,20361,260411,0.000,0.000,0.0,0.000,0.000,0.0,0.000,0.000,0.0
8.1898,20362,260416,0.000,0.000,0.0,0.000,0.000,0.0,0.000,0.000,0.0
8.1898,20363,260421,0.000,0.000,0.0,0.000,0.000,0.0,0.000,0.000,0.0
8.1898,20364,260426,0.000,0.000,0.0,0.000,0.000,0.0,0.000,0.000,0.0
8.1898,20365,260431,0.000,0.000,0.0,0.000,0.000,0.0,0.000,0.000,0.0
8.1898,20366,260436,0.000,0.000,0.0,0.000,0.000,0.0,0.000,0.000,0.0
8.1898,20367,260441,0.000,0.000,0.0,0.000,0.000,0.0,0.000,0.000,0.0
8.1898,20368,260446,0.000,0.000,0.0,0.000,0.000,0.0,0.000,0.000,0.0
8.1898,20369,260451,0.000,0.000,0.0,0.000,0.000,0.0,0.000,0.000,0.0
8.1898,20370,260456,0.000,0.000,0.0,0.000,0.000,0.0,0.000,0.000,0.0
8.1898,20371,260461,0.000,0.000,0.0,0.000,0.000,0.0,0.000,0.000,0.0
8.1898,20372,260466,0.000,0.000,0.0,0.000,0.000,0.0,0.000,0.000,0.0
8.1898,20373,260471,0.000,0.000,0.0,0.000,0.000,0.0,0.000,0.000,0.0
8.1898,20374,260476,0.000,0.000,0.0,0.000,0.000,0.0,0.000,0.000,0.0
8.1898,20375,260481,0.000,0.000,0.0,0.000,0.000,0.0,0.000,0.000,0.0
8.1898,20376,260486,0.000,0.000,0.0,0.000,0.000,0.0,0.000,0.000,0.0
8.1898,20377,260491,0.000,0.000,0.0,0.000,0.000,0.0,0.000,0.000,0.0
8.2777,20378,260496,0.000,0.000,0.0,0.000,0.000,0.0,0.000,0.000,0.0
8.2777,20379,260501,0.000,0.000,0.0,0.000,0.000,0.0,0.000,0.000,0.0
8.2777,20380,260506,0.000,0.000,0.0,0.000,0.000,0.0,0.000,0.000,0.0
8.2777,20381,260511,0.000,0.000,0.0,0.000,0.000,0.0,0.000,0.000,0.0
8.2777,20382,260516,0.000,0.000,0.0,0.000,0.000,0.0,0.000,0.000,0.0
8.2777,20383,260521,0.000,0.000,0.0,0.000,0.000,0.0,0.000,0.000,0.0
8.2777,20384,260526,0.000,0.000,0.0,0.000,0.000,0.0,0.000,0.000,0.0
8.2777,20385,260531,0.000,0.000,0.0,0.000,0.000,0.0,0.000,0.000,0.0
8.2777,20386,260536,0.000,0.000,0.0,0.000,0.000,0.0,0.000,0.000,0.0
8.2777,20387,260541,0.000,0.000,0.0,0.000,0.000,0.0,0.000,0.000,0.0
8.2777,20388,260546,0.000,0.000,0.0,0.000,0.000,0.0,0.000,0.000,0.0
8.2777,20389,260551,0.000,0.000,0.0,0.000,0.000,0.0,0.000,0.000,0.0
8.2777,20390,260556,0.000,0.000,0.0,0.000,0.000,0.0,0.000,0.000,0.0
8.2777,20391,260561,0.000,0.000,0.0,0.000,0.000,0.0,0.000,0.000,0.0
8.2777,20392,260566,0.000,0.000,0.0,0.000,0.000,0.0,0.000,0.000,0.0
8.2777,20393,260571,0.000,0.000,0.0,0.000,0.000,0.0,0.000,0.000,0.0
8.3651,20394,260576,0.000,0.000,0.0,0.000,0.000,0.0,0.000,0.000,0.0
8.3651,20395,260581,0.000,0.000,0.0,0.000,0.000,0.0,0.000,0.000,0.0
8.3651,20396,260586,0.000,0.000,0.0,0.000,0.000,0.0,0.000,0.000,0.0
8.3651,20397,260591,0.000,0.000,0.0,0.000,0.000,0.0,0.000,0.000,0.0
8.3651,20398,260596,0.000,0.000,0.0,0.000,0.000,0.0,0.000,0.000,0.0
8.3651,20399,260601,0.000,0.000,0.0,0.000,0.000,0.0,0.000,0.000,0.0
8.3651,20400,260606,0.000,0.000,0.0,0.000,0.000,0.0,0.000,0.000,0.0
8.3651,20401,260611,0.000,0.000,0.0,0.000,0.000,0.0,0.000,0.000,0.0
8.3651,20402,260616,0.000,0.000,0.0,0.000,0.000,0.0,0.000,0.000,0.0
8.3651,20403,260621,0.000,0.000,0.0,0.000,0.000,0.0,0.000,0.000,0.0
8.3651,20404,260626,0.000,0.000,0.0,0.000,0.000,0.0,0.000,0.000,0.0
8.3651,20405,260631,0.000,0.000,0.0,0.000,0.000,0.0,0.000,0.000,0.0
8.3651,20406,260636,0.000,0.000,0.0,0.000,0.000,0.0,0.000,0.000,0.0
8.3651,20407,260641,0.000,0.000,0.0,0.000,0.000,0.0,0.000,0.000,0.0
8.3651,20408,260646,0.000,0.000,0.0,0.000,0.000,0.0,0.000,0.000,0.0
8.3651,20409,260651,0.000,0.000,0.0,0.000,0.000,0.0,0.000,0.000,0.0
8.4225,20410,260656,0.000,0.000,0.0,0.000,0.000,0.0,0.000,0.000,0.0
8.4225,20411,260661,0.000,0.000,0.0,0.000,0.000,0.0,0.000,0.000,0.0
8.4225,20412,260666,0.000,0.000,0.0,0.000,0.000,0.0,0.000,0.000,0.0
8.4225,20413,260671,0.000,0.000,0.0,0.000,0.000,0.0,0.000,0.000,0.0
8.4225,20414,260676,0.000,0.000,0.0,0.000,0.000,0.0,0.000,0.000,0.0
8.4225,20415,260681,0.000,0.000,0.0,0.000,0.000,0.0,0.000,0.000,0.0
8.4225,20416,260686,0.000,0.000,0.0,0.000,0.000,0.0,0.000,0.000,0.0
8.4225,20417,260691,0.000,0.000,0.0,0.000,0.000,0.0,0.000,0.000,0.0
8.4225,20418,260696,0.000,0.000,0.0,0.000,0.000,0.0,0.000,0.000,0.0
8.4225,20419,260701,0.000,0.000,0.0,0.000,0.000,0.0,0.000,0.000,0.0
8.4225,20420,260706,0.000,0.000,0.0,0.000,0.000,0.0,0.000,0.000,0.0
8.4225,20421,260711,0.000,0.000,0.0,0.000,0.000,0.0,0.000,0.000,0.0
8.4225,20422,260716,0.000,0.000,0.0,0.000,0.000,0.0,0.000,0.000,0.0
8.4225,20423,260721,0.000,0.000,0.0,0.000,0.000,0.0,0.000,0.000,0.0
8.4225,20424,260726,0.000,0.000,0.0,0.000,0.000,0.0,0.000,0.000,0.0
8.4225,20425,260731,0.000,0.000,0.0,0.000,0.000,0.0,0.000,0.000,0.0
8.4834,20426,260736,0.000,0.000,0.0,0.000,0.000,0.0,0.000,0.000,0.0
8.4834,20427,260741,0.000,0.000,0.0,0.000,0.000,0.0,0.000,0.000,0.0
8.4834,20428,260746,0.000,0.000,0.0,0.000,0.000,0.0,0.000,0.000,0.0
8.4834,20429,260751,0.000,0.000,0.0,0.000,0.000,0.0,0.000,0.000,0.0
8.4834,20430,260756,0.000,0.000,0.0,0.000,0.000,0.0,0.000,0.000,0.0
8.4834,20431,260761,0.000,0.000,0.0,0.000,0.000,0.0,0.000,0.000,0.0
8.4834,20432,260766,0.000,0.000,0.0,0.000,0.000,0.0,0.000,0.000,0.0
8.4834,20433,260771,0.000,0.000,0.0,0.000,0.000,0.0,0.000,0.000,0.0
8.5672,20434,260776,0.000,0.000,0.0,0.000,0.000,0.0,0.000,0.000,0.0
8.5672,20435,260781,0.000,0.000,0.0,0.000,0.000,0.0,0.000,0.000,0.0
8.5672,20436,260786,0.000,0.000,0.0,0.000,0.000,0.0,0.000,0.000,0.0
8.5672,20437,260791,0.000,0.000,0.0,0.000,0.000,0.0,0.000,0.000,0.0
8.5672,20438,260796,0.000,0.000,0.0,0.000,0.000,0.0,0.000,0.000,0.0
8.5672,20439,260801,0.000,0.000,0.0,0.000,0.000,0.0,0.000,0.000,0.0
8.5672,20440,260806,0.000,0.000,0.0,0.000,0.000,0.0,0.000,0.000,0.0
8.5672,20441,260811,0.000,0.000,0.0,0.000,0.000,0.0,0.000,0.000,0.0
8.5672,20442,260816,0.000,0.000,0.0,0.000,0.000,0.0,0.000,0.000,0.0
8.5672,20443,260821,0.000,0.000,0.0,0.000,0.000,0.0,0.000,0.000,0.0
8.5672,20444,260826,0.000,0.000,0.0,0.000,0.000,0.0,0.000,0.000,0.0
8.5672,20445,260831,0.000,0.000,0.0,0.000,0.000,0.0,0.000,0.000,0.0
8.5672,20446,260836,0.000,0.000,0.0,0.000,0.000,0.0,0.000,0.000,0.0
8.5672,20447,260841,0.000,0.000,0.0,0.000,0.000,0.0,0.000,0.000,0.0
8.5672,20448,260846,0.000,0.000,0.0,0.000,0.000,0.0,0.000,0.000,0.0
8.5672,20449,260851,0.000,0.000,0.0,0.000,0.000,0.0,0.000,0.000,0.0
8.6258,20450,260856,0.000,0.000,0.0,0.000,0.000,0.0,0.000,0.000,0.0
8.6258,20451,260861,0.000,0.000,0.0,0.000,0.000,0.0,0.000,0.000,0.0
8.6258,20452,260866,0.000,0.000,0.0,0.000,0.000,0.0,0.000,0.000,0.0
8.6258,20453,260871,0.000,0.000,0.0,0.000,0.000,0.0,0.000,0.000,0.0
8.6258,20454,260876,0.000,0.000,0.0,0.000,0.000,0.0,0.000,0.000,0.0
8.6258,20455,260881,0.000,0.000,0.0,0.000,0.000,0.0,0.000,0.000,0.0
8.6258,20456,260886,0.000,0.000,0.0,0.000,0.000,0.0,0.000,0.000,0.0
8.6258,20457,260891,0.000,0.000,0.0,0.000,0.000,0.0,0.000,0.000,0.0
8.6258,20458,260896,0.000,0.000,0.0,0.000,0.000,0.0,0.000,0.000,0.0
8.6258,20459,260901,0.000,0.000,0.0,0.000,0.000,0.0,0.000,0.000,0.0
8.6258,20460,260906,0.000,0.000,0.0,0.000,0.000,0.0,0.000,0.000,0.0
8.6258,20461,260911,0.000,0.000,0.0,0.000,0.000,0.0,0.000,0.000,0.0
8.6258,20462,260916,0.000,0.000,0.0,0.000,0.000,0.0,0.000,0.000,0.0
8.6258,20463,260921,0.000,0.000,0.0,0.000,0.000,0.0,0.000,0.000,0.0
8.6258,20464,260926,0.000,0.000,0.0,0.000,0.000,0.0,0.000,0.000,0.0
8.6258,20465,260931,0.000,0.000,0.0,0.000,0.000,0.0,0.000,0.000,0.0
8.7270,20466,260936,0.000,0.000,0.0,0.000,0.000,0.0,0.000,0.000,0.0
8.7270,20467,260941,0.000,0.000,0.0,0.000,0.000,0.0,0.000,0.000,0.0
8.7270,20468,260946,0.000,0.000,0.0,0.000,0.000,0.0,0.000,0.000,0.0
8.7270,20469,260951,0.000,0.000,0.0,0.000,0.000,0.0,0.000,0.000,0.0
8.7270,20470,260956,0.000,0.000,0.0,0.000,0.000,0.0,0.000,0.000,0.0
8.7270,20471,260961,0.000,0.000,0.0,0.000,0.000,0.0,0.000,0.000,0.0
8.7270,20472,260966,0.000,0.000,0.0,0.000,0.000,0.0,0.000,0.000,0.0
8.7270,20473,260971,0.000,0.000,0.0,0.000,0.000,0.0,0.000,0.000,0.0
8.7270,20474,260976,0.000,0.000,0.0,0.000,0.000,0.0,0.000,0.000,0.0
8.7270,20475,260981,0.000,0.000,0.0,0.000,0.000,0.0,0.000,0.000,0.0
8.7270,20476,260986,0.000,0.000,0.0,0.000,0.000,0.0,0.000,0.000,0.0
8.7270,20477,260991,0.000,0.000,0.0,0.000,0.000,0.0,0.000,0.000,0.0
8.7270,20478,260996,0.000,0.000,0.0,0.000,0.000,0.0,0.000,0.000,0.0
8.7270,20479,261001,0.000,0.000,0.0,0.000,0.000,0.0,0.000,0.000,0.0
8.7270,20480,261006,0.000,0.000,0.0,0.000,0.000,0.0,0.000,0.000,0.0
8.7270,20481,261011,0.000,0.000,0.0,0.000,0.000,0.0,0.000,0.000,0.0
8.7797,20482,261016,0.000,0.000,0.0,0.000,0.000,0.0,0.000,0.000,0.0
8.7797,20483,261021,0.000,0.000,0.0,0.000,0.000,0.0,0.000,0.000,0.0
8.7797,20484,261026,0.000,0.000,0.0,0.000,0.000,0.0,0.000,0.000,0.0
8.7797,20485,261031,0.000,0.000,0.0,0.000,0.000,0.0,0.000,0.000,0.0
8.7797,20486,261036,0.000,0.000,0.0,0.000,0.000,0.0,0.000,0.000,0.0
8.7797,20487,261041,0.000,0.000,0.0,0.000,0.000,0.0,0.000,0.000,0.0
8.7797,20488,261046,0.000,0.000,0.0,0.000,0.000,0.0,0.000,0.000,0.0
8.7797,20489,261051,0.000,0.000,0.0,0.000,0.000,0.0,0.000,0.000,0.0
8.7797,20490,261056,0.000,0.000,0.0,0.000,0.000,0.0,0.000,0.000,0.0
8.7797,20491,261061,0.000,0.000,0.0,0.000,0.000,0.0,0.000,0.000,0.0
8.7797,20492,261066,0.000,0.000,0.0,0.000,0.000,0.0,0.000,0.000,0.0
8.7797,20493,261071,0.000,0.000,0.0,0.000,0.000,0.0,0.000,0.000,0.0
8.7797,20494,261076,0.000,0.000,0.0,0.000,0.000,0.0,0.000,0.000,0.0
8.7797,20495,261081,0.000,0.000,0.0,0.000,0.000,0.0,0.000,0.000,0.0
8.7797,20496,261086,0.000,0.000,0.0,0.000,0.000,0.0,0.000,0.000,0.0
8.7797,20497,261091,0.000,0.000,0.0,0.000,0.000,0.0,0.000,0.000,0.0
8.8902,20498,261096,0.000,0.000,0.0,0.000,0.000,0.0,0.000,0.000,0.0
8.8902,20499,261101,0.000,0.000,0.0,0.000,0.000,0.0,0.000,0.000,0.0
8.8902,20500,261106,0.000,0.000,0.0,0.000,0.000,0.0,0.000,0.000,0.0
8.8902,20501,261111,0.000,0.000,0.0,0.000,0.000,0.0,0.000,0.000,0.0
8.8902,20502,261116,0.000,0.000,0.0,0.000,0.000,0.0,0.000,0.000,0.0
8.8902,20503,261121,0.000,0.000,0.0,0.000,0.000,0.0,0.000,0.000,0.0
8.8902,20504,261126,0.000,0.000,0.0,0.000,0.000,0.0,0.000,0.000,0.0
8.8902,20505,261131,0.000,0.000,0.0,0.000,0.000,0.0,0.000,0.000,0.0
8.8902,20506,261136,0.000,0.000,0.0,0.000,0.000,0.0,0.000,0.000,0.0
8.8912,20507,261141,0.000,0.000,0.0,0.000,0.000,0.0,0.000,0.000,0.0
8.8912,20508,261146,0.000,0.000,0.0,0.000,0.000,0.0,0.000,0.000,0.0
8.8912,20509,261151,0.000,0.000,0.0,0.000,0.000,0.0,0.000,0.000,0.0
8.8912,20510,261156,0.000,0.000,0.0,0.000,0.000,0.0,0.000,0.000,0.0
8.8912,20511,261161,0.000,0.000,0.0,0.000,0.000,0.0,0.000,0.000,0.0
8.8912,20512,261166,0.000,0.000,0.0,0.000,0.000,0.0,0.000,0.000,0.0
8.8912,20513,261171,0.000,0.000,0.0,0.000,0.000,0.0,0.000,0.000,0.0
9.0040,20514,261176,0.000,0.000,0.0,0.000,0.000,0.0,0.000,0.000,0.0
9.0040,20515,261181,0.000,0.000,0.0,0.000,0.000,0.0,0.000,0.000,0.0
9.0040,20516,261186,0.000,0.000,0.0,0.000,0.000,0.0,0.000,0.000,0.0
9.0040,20517,261191,0.000,0.000,0.0,0.000,0.000,0.0,0.000,0.000,0.0
9.0040,20518,261196,0.000,0.000,0.0,0.000,0.000,0.0,0.000,0.000,0.0
9.0040,20519,261201,0.000,0.000,0.0,0.000,0.000,0.0,0.000,0.000,0.0
9.0040,20520,261206,0.000,0.000,0.0,0.000,0.000,0.0,0.000,0.000,0.0
9.0040,20521,261211,0.000,0.000,0.0,0.000,0.000,0.0,0.000,0.000,0.0
9.0040,20522,261216,0.000,0.000,0.0,0.000,0.000,0.0,0.000,0.000,0.0
9.0040,20523,261221,0.000,0.000,0.0,0.000,0.000,0.0,0.000,0.000,0.0
9.0040,20524,261226,0.000,0.000,0.0,0.000,0.000,0.0,0.000,0.000,0.0
9.0040,20525,261231,0.000,0.000,0.0,0.000,0.000,0.0,0.000,0.000,0.0
9.0040,20526,261236,0.000,0.000,0.0,0.000,0.000,0.0,0.000,0.000,0.0
9.0040,20527,261241,0.000,0.000,0.0,0.000,0.000,0.0,0.000,0.000,0.0
9.0040,20528,261246,0.000,0.000,0.0,0.000,0.000,0.0,0.000,0.000,0.0
9.0040,20529,261251,0.000,0.000,0.0,0.000,0.000,0.0,0.000,0.000,0.0
9.0040,20530,261256,0.000,0.000,0.0,0.000,0.000,0.0,0.000,0.000,0.0
9.0040,20531,261261,0.000,0.000,0.0,0.000,0.000,0.0,0.000,0.000,0.0
9.0040,20532,261266,0.000,0.000,0.0,0.000,0.000,0.0,0.000,0.000,0.0
9.0040,20533,261271,0.000,0.000,0.0,0.000,0.000,0.0,0.000,0.000,0.0
9.0040,20534,261276,0.000,0.000,0.0,0.000,0.000,0.0,0.000,0.000,0.0
9.0040,20535,261281,0.000,0.000,0.0,0.000,0.000,0.0,0.000,0.000,0.0
9.0040,20536,261286,0.000,0.000,0.0,0.000,0.000,0.0,0.000,0.000,0.0
9.0040,20537,261291,0.000,0.000,0.0,0.000,0.000,0.0,0.000,0.000,0.0
9.0942,20538,261296,0.000,0.000,0.0,0.000,0.000,0.0,0.000,0.000,0.0
9.0942,20539,261301,0.000,0.000,0.0,0.000,0.000,0.0,0.000,0.000,0.0
9.0942,20540,261306,0.000,0.000,0.0,0.000,0.000,0.0,0.000,0.000,0.0
9.0942,20541,261311,0.000,0.000,0.0,0.000,0.000,0.0,0.000,0.000,0.0
9.0942,20542,261316,0.000,0.000,0.0,0.000,0.000,0.0,0.000,0.000,0.0
9.0942,20543,261321,0.000,0.000,0.0,0.000,0.000,0.0,0.000,0.000,0.0
9.0942,20544,261326,0.000,0.000,0.0,0.000,0.000,0.0,0.000,0.000,0.0
9.0942,20545,261331,0.000,0.000,0.0,0.000,0.000,0.0,0.000,0.000,0.0
9.0942,20546,261336,0.000,0.000,0.0,0.000,0.000,0.0,0.000,0.000,0.0
9.0942,20547,261341,0.000,0.000,0.0,0.000,0.000,0.0,0.000,0.000,0.0
9.0942,20548,261346,0.000,0.000,0.0,0.000,0.000,0.0,0.000,0.000,0.0
9.0942,20549,261351,0.000,0.000,0.0,0.000,0.000,0.0,0.000,0.000,0.0
9.0942,20550,261356,0.000,0.000,0.0,0.000,0.000,0.0,0.000,0.000,0.0
9.0942,20551,261361,0.000,0.000,0.0,0.000,0.000,0.0,0.000,0.000,0.0
9.0942,20552,261366,0.000,0.000,0.0,0.000,0.000,0.0,0.000,0.000,0.0
9.0942,20553,261371,0.000,0.000,0.0,0.000,0.000,0.0,0.000,0.000,0.0
9.0942,20554,261376,0.000,0.000,0.0,0.000,0.000,0.0,0.000,0.000,0.0
9.0942,20555,261381,0.000,0.000,0.0,0.000,0.000,0.0,0.000,0.000,0.0
9.0942,20556,261386,0.000,0.000,0.0,0.000,0.000,0.0,0.000,0.000,0.0
9.0942,20557,261391,0.000,0.000,0.0,0.000,0.000,0.0,0.000,0.000,0.0
9.0942,20558,261396,0.000,0.000,0.0,0.000,0.000,0.0,0.000,0.000,0.0
9.0942,20559,261401,0.000,0.000,0.0,0.000,0.000,0.0,0.000,0.000,0.0
9.0942,20560,261406,0.000,0.000,0.0,0.000,0.000,0.0,0.000,0.000,0.0
9.0942,20561,261411,0.000,0.000,0.0,0.000,0.000,0.0,0.000,0.000,0.0
9.2127,20562,261416,0.000,0.000,0.0,0.000,0.000,0.0,0.000,0.000,0.0
9.2127,20563,261421,0.000,0.000,0.0,0.000,0.000,0.0,0.000,0.000,0.0
9.2127,20564,261426,0.000,0.000,0.0,0.000,0.000,0.0,0.000,0.000,0.0
9.2127,20565,261431,0.000,0.000,0.0,0.000,0.000,0.0,0.000,0.000,0.0
9.2127,20566,261436,0.000,0.000,0.0,0.000,0.000,0.0,0.000,0.000,0.0
9.2127,20567,261441,0.000,0.000,0.0,0.000,0.000,0.0,0.000,0.000,0.0
9.2127,20568,261446,0.000,0.000,0.0,0.000,0.000,0.0,0.000,0.000,0.0
9.2127,20569,261451,0.000,0.000,0.0,0.000,0.000,0.0,0.000,0.000,0.0
9.2127,20570,261456,0.000,0.000,0.0,0.000,0.000,0.0,0.000,0.000,0.0
9.2127,20571,261461,0.000,0.000,0.0,0.000,0.000,0.0,0.000,0.000,0.0
9.2127,20572,261466,0.000,0.000,0.0,0.000,0.000,0.0,0.000,0.000,0.0
9.2127,20573,261471,0.000,0.000,0.0,0.000,0.000,0.0,0.000,0.000,0.0
9.2127,20574,261476,0.000,0.000,0.0,0.000,0.000,0.0,0.000,0.000,0.0
9.2127,20575,261481,0.000,0.000,0.0,0.000,0.000,0.0,0.000,0.000,0.0
9.2127,20576,261486,0.000,0.000,0.0,0.000,0.000,0.0,0.000,0.000,0.0
9.2127,20577,261491,0.000,0.000,0.0,0.000,0.000,0.0,0.000,0.000,0.0
9.2686,20578,261496,0.000,0.000,0.0,0.000,0.000,0.0,0.000,0.000,0.0
9.2686,20579,261501,0.000,0.000,0.0,0.000,0.000,0.0,0.000,0.000,0.0
9.2686,20580,261506,0.000,0.000,0.0,0.000,0.000,0.0,0.000,0.000,0.0
9.2686,20581,261511,0.000,0.000,0.0,0.000,0.000,0.0,0.000,0.000,0.0
9.2686,20582,261516,0.000,0.000,0.0,0.000,0.000,0.0,0.000,0.000,0.0
9.2686,20583,261521,0.000,0.000,0.0,0.000,0.000,0.0,0.000,0.000,0.0
9.2686,20584,261526,0.000,0.000,0.0,0.000,0.000,0.0,0.000,0.000,0.0
9.2686,20585,261531,0.000,0.000,0.0,0.000,0.000,0.0,0.000,0.000,0.0
9.2686,20586,261536,0.000,0.000,0.0,0.000,0.000,0.0,0.000,0.000,0.0
9.2686,20587,261541,0.000,0.000,0.0,0.000,0.000,0.0,0.000,0.000,0.0
9.2686,20588,261546,0.000,0.000,0.0,0.000,0.000,0.0,0.000,0.000,0.0
9.2686,20589,261551,0.000,0.000,0.0,0.000,0.000,0.0,0.000,0.000,0.0
9.2686,20590,261556,0.000,0.000,0.0,0.000,0.000,0.0,0.000,0.000,0.0
9.2686,20591,261561,0.000,0.000,0.0,0.000,0.000,0.0,0.000,0.000,0.0
9.2686,20592,261566,0.000,0.000,0.0,0.000,0.000,0.0,0.000,0.000,0.0
9.2686,20593,261571,0.000,0.000,0.0,0.000,0.000,0.0,0.000,0.000,0.0
9.3651,20594,261576,0.000,0.000,0.0,0.000,0.000,0.0,0.000,0.000,0.0
9.3651,20595,261581,0.000,0.000,0.0,0.000,0.000,0.0,0.000,0.000,0.0
9.3651,20596,261586,0.000,0.000,0.0,0.000,0.000,0.0,0.000,0.000,0.0
9.3651,20597,261591,0.000,0.000,0.0,0.000,0.000,0.0,0.000,0.000,0.0
9.3651,20598,261596,0.000,0.000,0.0,0.000,0.000,0.0,0.000,0.000,0.0
9.3651,20599,261601,0.000,0.000,0.0,0.000,0.000,0.0,0.000,0.000,0.0
9.3651,20600,261606,0.000,0.000,0.0,0.000,0.000,0.0,0.000,0.000,0.0
9.3651,20601,261611,0.000,0.000,0.0,0.000,0.000,0.0,0.000,0.000,0.0
9.3651,20602,261616,0.000,0.000,0.0,0.000,0.000,0.0,0.000,0.000,0.0
9.3651,20603,261621,0.000,0.000,0.0,0.000,0.000,0.0,0.000,0.000,0.0
9.3651,20604,261626,0.000,0.000,0.0,0.000,0.000,0.0,0.000,0.000,0.0
9.3651,20605,261631,0.000,0.000,0.0,0.000,0.000,0.0,0.000,0.000,0.0
9.3651,20606,261636,0.000,0.000,0.0,0.000,0.000,0.0,0.000,0.000,0.0
9.3651,20607,261641,0.000,0.000,0.0,0.000,0.000,0.0,0.000,0.000,0.0
9.3651,20608,261646,0.000,0.000,0.0,0.000,0.000,0.0,0.000,0.000,0.0
9.3651,20609,261651,0.000,0.000,0.0,0.000,0.000,0.0,0.000,0.000,0.0
9.4158,20610,261656,0.000,0.000,0.0,0.000,0.000,0.0,0.000,0.000,0.0
9.4158,20611,261661,0.000,0.000,0.0,0.000,0.000,0.0,0.000,0.000,0.0
9.4158,20612,261666,0.000,0.000,0.0,0.000,0.000,0.0,0.000,0.000,0.0
9.4158,20613,261671,0.000,0.000,0.0,0.000,0.000,0.0,0.000,0.000,0.0
9.4158,20614,261676,0.000,0.000,0.0,0.000,0.000,0.0,0.000,0.000,0.0
9.4158,20615,261681,0.000,0.000,0.0,0.000,0.000,0.0,0.000,0.000,0.0
9.4158,20616,261686,0.000,0.000,0.0,0.000,0.000,0.0,0.000,0.000,0.0
9.4158,20617,261691,0.000,0.000,0.0,0.000,0.000,0.0,0.000,0.000,0.0
9.4158,20618,261696,0.000,0.000,0.0,0.000,0.000,0.0,0.000,0.000,0.0
9.4158,20619,261701,0.000,0.000,0.0,0.000,0.000,0.0,0.000,0.000,0.0
9.4158,20620,261706,0.000,0.000,0.0,0.000,0.000,0.0,0.000,0.000,0.0
9.4158,20621,261711,0.000,0.000,0.0,0.000,0.000,0.0,0.000,0.000,0.0
9.4158,20622,261716,0.000,0.000,0.0,0.000,0.000,0.0,0.000,0.000,0.0
9.4158,20623,261721,0.000,0.000,0.0,0.000,0.000,0.0,0.000,0.000,0.0
9.4158,20624,261726,0.000,0.000,0.0,0.000,0.000,0.0,0.000,0.000,0.0
9.4158,20625,261731,0.000,0.000,0.0,0.000,0.000,0.0,0.000,0.000,0.0
9.4654,20626,261736,0.000,0.000,0.0,0.000,0.000,0.0,0.000,0.000,0.0
9.4654,20627,261741,0.000,0.000,0.0,0.000,0.000,0.0,0.000,0.000,0.0
9.4654,20628,261746,0.000,0.000,0.0,0.000,0.000,0.0,0.000,0.000,0.0
9.4654,20629,261751,0.000,0.000,0.0,0.000,0.000,0.0,0.000,0.000,0.0
9.4654,20630,261756,0.000,0.000,0.0,0.000,0.000,0.0,0.000,0.000,0.0
9.4654,20631,261761,0.000,0.000,0.0,0.000,0.000,0.0,0.000,0.000,0.0
9.4654,20632,261766,0.000,0.000,0.0,0.000,0.000,0.0,0.000,0.000,0.0
9.4654,20633,261771,0.000,0.000,0.0,0.000,0.000,0.0,0.000,0.000,0.0
9.5271,20634,261776,0.000,0.000,0.0,0.000,0.000,0.0,0.000,0.000,0.0
9.5271,20635,261781,0.000,0.000,0.0,0.000,0.000,0.0,0.000,0.000,0.0
9.5271,20636,261786,0.000,0.000,0.0,0.000,0.000,0.0,0.000,0.000,0.0
9.5271,20637,261791,0.000,0.000,0.0,0.000,0.000,0.0,0.000,0.000,0.0
9.5271,20638,261796,0.000,0.000,0.0,0.000,0.000,0.0,0.000,0.000,0.0
9.5271,20639,261801,0.000,0.000,0.0,0.000,0.000,0.0,0.000,0.000,0.0
9.5271,20640,261806,0.000,0.000,0.0,0.000,0.000,0.0,0.000,0.000,0.0
9.5271,20641,261811,0.000,0.000,0.0,0.000,0.000,0.0,0.000,0.000,0.0
9.5271,20642,261816,0.000,0.000,0.0,0.000,0.000,0.0,0.000,0.000,0.0
9.5271,20643,261821,0.000,0.000,0.0,0.000,0.000,0.0,0.000,0.000,0.0
9.5271,20644,261826,0.000,0.000,0.0,0.000,0.000,0.0,0.000,0.000,0.0
9.5271,20645,261831,0.000,0.000,0.0,0.000,0.000,0.0,0.000,0.000,0.0
9.5271,20646,261836,0.000,0.000,0.0,0.000,0.000,0.0,0.000,0.000,0.0
9.5271,20647,261841,0.000,0.000,0.0,0.000,0.000,0.0,0.000,0.000,0.0
9.5271,20648,261846,0.000,0.000,0.0,0.000,0.000,0.0,0.000,0.000,0.0
9.5271,20649,261851,0.000,0.000,0.0,0.000,0.000,0.0,0.000,0.000,0.0
9.6442,20650,261856,0.000,0.000,0.0,0.000,0.000,0.0,0.000,0.000,0.0
9.6442,20651,261861,0.000,0.000,0.0,0.000,0.000,0.0,0.000,0.000,0.0
9.6442,20652,261866,0.000,0.000,0.0,0.000,0.000,0.0,0.000,0.000,0.0
9.6442,20653,261871,0.000,0.000,0.0,0.000,0.000,0.0,0.000,0.000,0.0
9.6442,20654,261876,0.000,0.000,0.0,0.000,0.000,0.0,0.000,0.000,0.0
9.6442,20655,261881,0.000,0.000,0.0,0.000,0.000,0.0,0.000,0.000,0.0
9.6442,20656,261886,0.000,0.000,0.0,0.000,0.000,0.0,0.000,0.000,0.0
9.6442,20657,261891,0.000,0.000,0.0,0.000,0.000,0.0,0.000,0.000,0.0
9.6442,20658,261896,0.000,0.000,0.0,0.000,0.000,0.0,0.000,0.000,0.0
9.6442,20659,261901,0.000,0.000,0.0,0.000,0.000,0.0,0.000,0.000,0.0
9.6442,20660,261906,0.000,0.000,0.0,0.000,0.000,0.0,0.000,0.000,0.0
9.6442,20661,261911,0.000,0.000,0.0,0.000,0.000,0.0,0.000,0.000,0.0
9.6442,20662,261916,0.000,0.000,0.0,0.000,0.000,0.0,0.000,0.000,0.0
9.6442,20663,261921,0.000,0.000,0.0,0.000,0.000,0.0,0.000,0.000,0.0
9.6442,20664,261926,0.000,0.000,0.0,0.000,0.000,0.0,0.000,0.000,0.0
9.6442,20665,261931,0.000,0.000,0.0,0.000,0.000,0.0,0.000,0.000,0.0
9.7011,20666,261936,0.000,0.000,0.0,0.000,0.000,0.0,0.000,0.000,0.0
9.7011,20667,261941,0.000,0.000,0.0,0.000,0.000,0.0,0.000,0.000,0.0
9.7011,20668,261946,0.000,0.000,0.0,0.000,0.000,0.0,0.000,0.000,0.0
9.7011,20669,261951,0.000,0.000,0.0,0.000,0.000,0.0,0.000,0.000,0.0
9.7011,20670,261956,0.000,0.000,0.0,0.000,0.000,0.0,0.000,0.000,0.0
9.7011,20671,261961,0.000,0.000,0.0,0.000,0.000,0.0,0.000,0.000,0.0
9.7011,20672,261966,0.000,0.000,0.0,0.000,0.000,0.0,0.000,0.000,0.0
9.7011,20673,261971,0.000,0.000,0.0,0.000,0.000,0.0,0.000,0.000,0.0
9.7011,20674,261976,0.000,0.000,0.0,0.000,0.000,0.0,0.000,0.000,0.0
9.7011,20675,261981,0.000,0.000,0.0,0.000,0.000,0.0,0.000,0.000,0.0
9.7011,20676,261986,0.000,0.000,0.0,0.000,0.000,0.0,0.000,0.000,0.0
9.7011,20677,261991,0.000,0.000,0.0,0.000,0.000,0.0,0.000,0.000,0.0
9.7011,20678,261996,0.000,0.000,0.0,0.000,0.000,0.0,0.000,0.000,0.0
9.7011,20679,262001,0.000,0.000,0.0,0.000,0.000,0.0,0.000,0.000,0.0
9.7011,20680,262006,0.000,0.000,0.0,0.000,0.000,0.0,0.000,0.000,0.0
9.7011,20681,262011,0.000,0.000,0.0,0.000,0.000,0.0,0.000,0.000,0.0
9.8132,20682,262016,0.000,0.000,0.0,0.000,0.000,0.0,0.000,0.000,0.0
9.8132,20683,262021,0.000,0.000,0.0,0.000,0.000,0.0,0.000,0.000,0.0
9.8132,20684,262026,0.000,0.000,0.0,0.000,0.000,0.0,0.000,0.000,0.0
9.8132,20685,262031,0.000,0.000,0.0,0.000,0.000,0.0,0.000,0.000,0.0
9.8132,20686,262036,0.000,0.000,0.0,0.000,0.000,0.0,0.000,0.000,0.0
9.8132,20687,262041,0.000,0.000,0.0,0.000,0.000,0.0,0.000,0.000,0.0
9.8132,20688,262046,0.000,0.000,0.0,0.000,0.000,0.0,0.000,0.000,0.0
9.8132,20689,262051,0.000,0.000,0.0,0.000,0.000,0.0,0.000,0.000,0.0
9.8132,20690,262056,0.000,0.000,0.0,0.000,0.000,0.0,0.000,0.000,0.0
9.8132,20691,262061,0.000,0.000,0.0,0.000,0.000,0.0,0.000,0.000,0.0
9.8132,20692,262066,0.000,0.000,0.0,0.000,0.000,0.0,0.000,0.000,0.0
9.8132,20693,262071,0.000,0.000,0.0,0.000,0.000,0.0,0.000,0.000,0.0
9.8132,20694,262076,0.000,0.000,0.0,0.000,0.000,0.0,0.000,0.000,0.0
9.8132,20695,262081,0.000,0.000,0.0,0.000,0.000,0.0,0.000,0.000,0.0
9.8132,20696,262086,0.000,0.000,0.0,0.000,0.000,0.0,0.000,0.000,0.0
9.8132,20697,262091,0.000,0.000,0.0,0.000,0.000,0.0,0.000,0.000,0.0
9.9155,20698,262096,0.000,0.000,0.0,0.000,0.000,0.0,0.000,0.000,0.0
9.9155,20699,262101,0.000,0.000,0.0,0.000,0.000,0.0,0.000,0.000,0.0
9.9155,20700,262106,0.000,0.000,0.0,0.000,0.000,0.0,0.000,0.000,0.0
9.9155,20701,262111,0.000,0.000,0.0,0.000,0.000,0.0,0.000,0.000,0.0
9.9155,20702,262116,0.000,0.000,0.0,0.000,0.000,0.0,0.000,0.000,0.0
9.9155,20703,262121,0.000,0.000,0.0,0.000,0.000,0.0,0.000,0.000,0.0
9.9155,20704,262126,0.000,0.000,0.0,0.000,0.000,0.0,0.000,0.000,0.0
9.9155,20705,262131,0.000,0.000,0.0,0.000,0.000,0.0,0.000,0.000,0.0
9.9155,20706,262136,0.000,0.000,0.0,0.000,0.000,0.0,0.000,0.000,0.0
9.9155,20707,262141,0.000,0.000,0.0,0.000,0.000,0.0,0.000,0.000,0.0
9.9155,20708,262146,0.000,0.000,0.0,0.000,0.000,0.0,0.000,0.000,0.0
9.9155,20709,262151,0.000,0.000,0.0,0.000,0.000,0.0,0.000,0.000,0.0
9.9155,20710,262156,0.000,0.000,0.0,0.000,0.000,0.0,0.000,0.000,0.0
9.9155,20711,262161,0.000,0.000,0.0,0.000,0.000,0.0,0.000,0.000,0.0
9.9155,20712,262166,0.000,0.000,0.0,0.000,0.000,0.0,0.000,0.000,0.0
9.9155,20713,262171,0.000,0.000,0.0,0.000,0.000,0.0,0.000,0.000,0.0
9.9155,20714,262176,0.000,0.000,0.0,0.000,0.000,0.0,0.000,0.000,0.0
9.9155,20715,262181,0.000,0.000,0.0,0.000,0.000,0.0,0.000,0.000,0.0
9.9155,20716,262186,0.000,0.000,0.0,0.000,0.000,0.0,0.000,0.000,0.0
9.9155,20717,262191,0.000,0.000,0.0,0.000,0.000,0.0,0.000,0.000,0.0
9.9155,20718,262196,0.000,0.000,0.0,0.000,0.000,0.0,0.000,0.000,0.0
9.9155,20719,262201,0.000,0.000,0.0,0.000,0.000,0.0,0.000,0.000,0.0
9.9155,20720,262206,0.000,0.000,0.0,0.000,0.000,0.0,0.000,0.000,0.0
9.9155,20721,262211,0.000,0.000,0.0,0.000,0.000,0.0,0.000,0.000,0.0
9.9905,20722,262216,0.000,0.000,0.0,0.000,0.000,0.0,0.000,0.000,0.0
9.9905,20723,262221,0.000,0.000,0.0,0.000,0.000,0.0,0.000,0.000,0.0
9.9905,20724,262226,0.000,0.000,0.0,0.000,0.000,0.0,0.000,0.000,0.0
9.9905,20725,262231,0.000,0.000,0.0,0.000,0.000,0.0,0.000,0.000,0.0
9.9905,20726,262236,0.000,0.000,0.0,0.000,0.000,0.0,0.000,0.000,0.0
9.9905,20727,262241,0.000,0.000,0.0,0.000,0.000,0.0,0.000,0.000,0.0
9.9905,20728,262246,0.000,0.000,0.0,0.000,0.000,0.0,0.000,0.000,0.0
9.9905,20729,262251,0.000,0.000,0.0,0.000,0.000,0.0,0.000,0.000,0.0
9.9905,20730,262256,0.000,0.000,0.0,0.000,0.000,0.0,0.000,0.000,0.0
9.9905,20731,262261,0.000,0.000,0.0,0.000,0.000,0.0,0.000,0.000,0.0
9.9905,20732,262266,0.000,0.000,0.0,0.000,0.000,0.0,0.000,0.000,0.0
9.9905,20733,262271,0.000,0.000,0.0,0.000,0.000,0.0,0.000,0.000,0.0
9.9905,20734,262276,0.000,0.000,0.0,0.000,0.000,0.0,0.000,0.000,0.0
9.9905,20735,262281,0.000,0.000,0.0,0.000,0.000,0.0,0.000,0.000,0.0
9.9905,20736,262286,0.000,0.000,0.0,0.000,0.000,0.0,0.000,0.000,0.0
9.9905,20737,262291,0.000,0.000,0.0,0.000,0.000,0.0,0.000,0.000,0.0
10.0587,20738,262296,0.000,0.000,0.0,0.000,0.000,0.0,0.000,0.000,0.0
10.0587,20739,262301,0.000,0.000,0.0,0.000,0.000,0.0,0.000,0.000,0.0
10.0587,20740,262306,0.000,0.000,0.0,0.000,0.000,0.0,0.000,0.000,0.0
10.0587,20741,262311,0.000,0.000,0.0,0.000,0.000,0.0,0.000,0.000,0.0
10.0587,20742,262316,0.000,0.000,0.0,0.000,0.000,0.0,0.000,0.000,0.0
10.0587,20743,262321,0.000,0.000,0.0,0.000,0.000,0.0,0.000,0.000,0.0
10.0587,20744,262326,0.000,0.000,0.0,0.000,0.000,0.0,0.000,0.000,0.0
10.0587,20745,262331,0.000,0.000,0.0,0.000,0.000,0.0,0.000,0.000,0.0
10.0587,20746,262336,0.000,0.000,0.0,0.000,0.000,0.0,0.000,0.000,0.0
10.0587,20747,262341,0.000,0.000,0.0,0.000,0.000,0.0,0.000,0.000,0.0
10.0587,20748,262346,0.000,0.000,0.0,0.000,0.000,0.0,0.000,0.000,0.0
10.0587,20749,262351,0.000,0.000,0.0,0.000,0.000,0.0,0.000,0.000,0.0
10.0587,20750,262356,0.000,0.000,0.0,0.000,0.000,0.0,0.000,0.000,0.0
10.0587,20751,262361,0.000,0.000,0.0,0.000,0.000,0.0,0.000,0.000,0.0
10.0587,20752,262366,0.000,0.000,0.0,0.000,0.000,0.0,0.000,0.000,0.0
10.0587,20753,262371,0.000,0.000,0.0,0.000,0.000,0.0,0.000,0.000,0.0
10.1655,20754,262376,0.000,0.000,0.0,0.000,0.000,0.0,0.000,0.000,0.0
10.1655,20755,262381,0.000,0.000,0.0,0.000,0.000,0.0,0.000,0.000,0.0
10.1655,20756,262386,0.000,0.000,0.0,0.000,0.000,0.0,0.000,0.000,0.0
10.1655,20757,262391,0.000,0.000,0.0,0.000,0.000,0.0,0.000,0.000,0.0
10.1655,20758,262396,0.000,0.000,0.0,0.000,0.000,0.0,0.000,0.000,0.0
10.1655,20759,262401,0.000,0.000,0.0,0.000,0.000,0.0,0.000,0.000,0.0
10.1655,20760,262406,0.000,0.000,0.0,0.000,0.000,0.0,0.000,0.000,0.0
10.1655,20761,262411,0.000,0.000,0.0,0.000,0.000,0.0,0.000,0.000,0.0
10.1655,20762,262416,0.000,0.000,0.0,0.000,0.000,0.0,0.000,0.000,0.0
10.1655,20763,262421,0.000,0.000,0.0,0.000,0.000,0.0,0.000,0.000,0.0
10.1655,20764,262426,0.000,0.000,0.0,0.000,0.000,0.0,0.000,0.000,0.0
10.1655,20765,262431,0.000,0.000,0.0,0.000,0.000,0.0,0.000,0.000,0.0
10.1655,20766,262436,0.000,0.000,0.0,0.000,0.000,0.0,0.000,0.000,0.0
10.1655,20767,262441,0.000,0.000,0.0,0.000,0.000,0.0,0.000,0.000,0.0
10.1655,20768,262446,0.000,0.000,0.0,0.000,0.000,0.0,0.000,0.000,0.0
10.1655,20769,262451,0.000,0.000,0.0,0.000,0.000,0.0,0.000,0.000,0.0
10.2830,20770,262456,0.000,0.000,0.0,0.000,0.000,0.0,0.000,0.000,0.0
10.2830,20771,262461,0.000,0.000,0.0,0.000,0.000,0.0,0.000,0.000,0.0
10.2830,20772,262466,0.000,0.000,0.0,0.000,0.000,0.0,0.000,0.000,0.0
10.2830,20773,262471,0.000,0.000,0.0,0.000,0.000,0.0,0.000,0.000,0.0
10.2830,20774,262476,0.000,0.000,0.0,0.000,0.000,0.0,0.000,0.000,0.0
10.2830,20775,262481,0.000,0.000,0.0,0.000,0.000,0.0,0.000,0.000,0.0
10.2830,20776,262486,0.000,0.000,0.0,0.000,0.000,0.0,0.000,0.000,0.0
10.2830,20777,262491,0.000,0.000,0.0,0.000,0.000,0.0,0.000,0.000,0.0
10.2830,20778,262496,0.000,0.000,0.0,0.000,0.000,0.0,0.000,0.000,0.0
10.2830,20779,262501,0.000,0.000,0.0,0.000,0.000,0.0,0.000,0.000,0.0
10.2830,20780,262506,0.000,0.000,0.0,0.000,0.000,0.0,0.000,0.000,0.0
10.2830,20781,262511,0.000,0.000,0.0,0.000,0.000,0.0,0.000,0.000,0.0
10.2830,20782,262516,0.000,0.000,0.0,0.000,0.000,0.0,0.000,0.000,0.0
10.2830,20783,262521,0.000,0.000,0.0,0.000,0.000,0.0,0.000,0.000,0.0
10.2830,20784,262526,0.000,0.000,0.0,0.000,0.000,0.0,0.000,0.000,0.0
10.2830,20785,262531,0.000,0.000,0.0,0.000,0.000,0.0,0.000,0.000,0.0
10.2830,20786,262536,0.000,0.000,0.0,0.000,0.000,0.0,0.000,0.000,0.0
10.2830,20787,262541,0.000,0.000,0.0,0.000,0.000,0.0,0.000,0.000,0.0
10.2830,20788,262546,0.000,0.000,0.0,0.000,0.000,0.0,0.000,0.000,0.0
10.2830,20789,262551,0.000,0.000,0.0,0.000,0.000,0.0,0.000,0.000,0.0
10.2830,20790,262556,0.000,0.000,0.0,0.000,0.000,0.0,0.000,0.000,0.0
10.2830,20791,262561,0.000,0.000,0.0,0.000,0.000,0.0,0.000,0.000,0.0
10.2830,20792,262566,0.000,0.000,0.0,0.000,0.000,0.0,0.000,0.000,0.0
10.2830,20793,262571,0.000,0.000,0.0,0.000,0.000,0.0,0.000,0.000,0.0
10.3400,20794,262576,0.000,0.000,0.0,0.000,0.000,0.0,0.000,0.000,0.0
10.3400,20795,262581,0.000,0.000,0.0,0.000,0.000,0.0,0.000,0.000,0.0
10.3400,20796,262586,0.000,0.000,0.0,0.000,0.000,0.0,0.000,0.000,0.0
10.3400,20797,262591,0.000,0.000,0.0,0.000,0.000,0.0,0.000,0.000,0.0
10.3400,20798,262596,0.000,0.000,0.0,0.000,0.000,0.0,0.000,0.000,0.0
10.3400,20799,262601,0.000,0.000,0.0,0.000,0.000,0.0,0.000,0.000,0.0
10.3400,20800,262606,0.000,0.000,0.0,0.000,0.000,0.0,0.000,0.000,0.0
10.3400,20801,262611,0.000,0.000,0.0,0.000,0.000,0.0,0.000,0.000,0.0
10.3400,20802,262616,0.000,0.000,0.0,0.000,0.000,0.0,0.000,0.000,0.0
10.3400,20803,262621,0.000,0.000,0.0,0.000,0.000,0.0,0.000,0.000,0.0
10.3400,20804,262626,0.000,0.000,0.0,0.000,0.000,0.0,0.000,0.000,0.0
10.3400,20805,262631,0.000,0.000,0.0,0.000,0.000,0.0,0.000,0.000,0.0
10.3400,20806,262636,0.000,0.000,0.0,0.000,0.000,0.0,0.000,0.000,0.0
10.3400,20807,262641,0.000,0.000,0.0,0.000,0.000,0.0,0.000,0.000,0.0
10.3400,20808,262646,0.000,0.000,0.0,0.000,0.000,0.0,0.000,0.000,0.0
10.3400,20809,262651,0.000,0.000,0.0,0.000,0.000,0.0,0.000,0.000,0.0
10.4498,20810,262656,0.000,0.000,0.0,0.000,0.000,0.0,0.000,0.000,0.0
10.4498,20811,262661,0.000,0.000,0.0,0.000,0.000,0.0,0.000,0.000,0.0
10.4498,20812,262666,0.000,0.000,0.0,0.000,0.000,0.0,0.000,0.000,0.0
10.4498,20813,262671,0.000,0.000,0.0,0.000,0.000,0.0,0.000,0.000,0.0
10.4498,20814,262676,0.000,0.000,0.0,0.000,0.000,0.0,0.000,0.000,0.0
10.4498,20815,262681,0.000,0.000,0.0,0.000,0.000,0.0,0.000,0.000,0.0
10.4498,20816,262686,0.000,0.000,0.0,0.000,0.000,0.0,0.000,0.000,0.0
10.4498,20817,262691,0.000,0.000,0.0,0.000,0.000,0.0,0.000,0.000,0.0
10.4498,20818,262696,0.000,0.000,0.0,0.000,0.000,0.0,0.000,0.000,0.0
10.4498,20819,262701,0.000,0.000,0.0,0.000,0.000,0.0,0.000,0.000,0.0
10.4498,20820,262706,0.000,0.000,0.0,0.000,0.000,0.0,0.000,0.000,0.0
10.4498,20821,262711,0.000,0.000,0.0,0.000,0.000,0.0,0.000,0.000,0.0
10.4498,20822,262716,0.000,0.000,0.0,0.000,0.000,0.0,0.000,0.000,0.0
10.4498,20823,262721,0.000,0.000,0.0,0.000,0.000,0.0,0.000,0.000,0.0
10.4498,20824,262726,0.000,0.000,0.0,0.000,0.000,0.0,0.000,0.000,0.0
10.4498,20825,262731,0.000,0.000,0.0,0.000,0.000,0.0,0.000,0.000,0.0
10.5308,20826,262736,0.000,0.000,0.0,0.000,0.000,0.0,0.000,0.000,0.0
10.5308,20827,262741,0.000,0.000,0.0,0.000,0.000,0.0,0.000,0.000,0.0
10.5308,20828,262746,0.000,0.000,0.0,0.000,0.000,0.0,0.000,0.000,0.0
10.5308,20829,262751,0.000,0.000,0.0,0.000,0.000,0.0,0.000,0.000,0.0
10.5308,20830,262756,0.000,0.000,0.0,0.000,0.000,0.0,0.000,0.000,0.0
10.5308,20831,262761,0.000,0.000,0.0,0.000,0.000,0.0,0.000,0.000,0.0
10.5308,20832,262766,0.000,0.000,0.0,0.000,0.000,0.0,0.000,0.000,0.0
10.5308,20833,262771,0.000,0.000,0.0,0.000,0.000,0.0,0.000,0.000,0.0
10.5314,20834,262776,0.000,0.000,0.0,0.000,0.000,0.0,0.000,0.000,0.0
10.5314,20835,262781,0.000,0.000,0.0,0.000,0.000,0.0,0.000,0.000,0.0
10.5314,20836,262786,0.000,0.000,0.0,0.000,0.000,0.0,0.000,0.000,0.0
10.5314,20837,262791,0.000,0.000,0.0,0.000,0.000,0.0,0.000,0.000,0.0
10.5314,20838,262796,0.000,0.000,0.0,0.000,0.000,0.0,0.000,0.000,0.0
10.5314,20839,262801,0.000,0.000,0.0,0.000,0.000,0.0,0.000,0.000,0.0
10.5314,20840,262806,0.000,0.000,0.0,0.000,0.000,0.0,0.000,0.000,0.0
10.5314,20841,262811,0.000,0.000,0.0,0.000,0.000,0.0,0.000,0.000,0.0
10.5314,20842,262816,0.000,0.000,0.0,0.000,0.000,0.0,0.000,0.000,0.0
10.5314,20843,262821,0.000,0.000,0.0,0.000,0.000,0.0,0.000,0.000,0.0
10.5314,20844,262826,0.000,0.000,0.0,0.000,0.000,0.0,0.000,0.000,0.0
10.5314,20845,262831,0.000,0.000,0.0,0.000,0.000,0.0,0.000,0.000,0.0
10.5314,20846,262836,0.000,0.000,0.0,0.000,0.000,0.0,0.000,0.000,0.0
10.5314,20847,262841,0.000,0.000,0.0,0.000,0.000,0.0,0.000,0.000,0.0
10.5314,20848,262846,0.000,0.000,0.0,0.000,0.000,0.0,0.000,0.000,0.0
10.5314,20849,262851,0.000,0.000,0.0,0.000,0.000,0.0,0.000,0.000,0.0
10.6090,20850,262856,0.000,0.000,0.0,0.000,0.000,0.0,0.000,0.000,0.0
10.6090,20851,262861,0.000,0.000,0.0,0.000,0.000,0.0,0.000,0.000,0.0
10.6090,20852,262866,0.000,0.000,0.0,0.000,0.000,0.0,0.000,0.000,0.0
10.6090,20853,262871,0.000,0.000,0.0,0.000,0.000,0.0,0.000,0.000,0.0
10.6090,20854,262876,0.000,0.000,0.0,0.000,0.000,0.0,0.000,0.000,0.0
10.6090,20855,262881,0.000,0.000,0.0,0.000,0.000,0.0,0.000,0.000,0.0
10.6090,20856,262886,0.000,0.000,0.0,0.000,0.000,0.0,0.000,0.000,0.0
10.6090,20857,262891,0.000,0.000,0.0,0.000,0.000,0.0,0.000,0.000,0.0
11.6893,20858,262896,0.000,0.000,0.0,0.000,0.000,0.0,0.000,0.000,0.0
11.6893,20859,262901,0.000,0.000,0.0,0.000,0.000,0.0,0.000,0.000,0.0
11.6893,20860,262906,0.000,0.000,0.0,0.000,0.000,0.0,0.000,0.000,0.0
11.6893,20861,262911,0.000,0.000,0.0,0.000,0.000,0.0,0.000,0.000,0.0
11.6893,20862,262916,0.000,0.000,0.0,0.000,0.000,0.0,0.000,0.000,0.0
11.6893,20863,262921,0.000,0.000,0.0,0.000,0.000,0.0,0.000,0.000,0.0
11.6893,20864,262926,0.000,0.000,0.0,0.000,0.000,0.0,0.000,0.000,0.0
11.6893,20865,262931,0.000,0.000,0.0,0.000,0.000,0.0,0.000,0.000,0.0
11.6893,20866,262936,0.000,0.000,0.0,0.000,0.000,0.0,0.000,0.000,0.0
11.6893,20867,262941,0.000,0.000,0.0,0.000,0.000,0.0,0.000,0.000,0.0
11.6893,20868,262946,0.000,0.000,0.0,0.000,0.000,0.0,0.000,0.000,0.0
11.6893,20869,262951,0.000,0.000,0.0,0.000,0.000,0.0,0.000,0.000,0.0
11.6893,20870,262956,0.000,0.000,0.0,0.000,0.000,0.0,0.000,0.000,0.0
11.6893,20871,262961,0.000,0.000,0.0,0.000,0.000,0.0,0.000,0.000,0.0
11.6893,20872,262966,0.000,0.000,0.0,0.000,0.000,0.0,0.000,0.000,0.0
11.6893,20873,262971,0.000,0.000,0.0,0.000,0.000,0.0,0.000,0.000,0.0
11.6893,20874,262976,0.000,0.000,0.0,0.000,0.000,0.0,0.000,0.000,0.0
11.6893,20875,262981,0.000,0.000,0.0,0.000,0.000,0.0,0.000,0.000,0.0
11.6893,20876,262986,0.000,0.000,0.0,0.000,0.000,0.0,0.000,0.000,0.0
11.6893,20877,262991,0.000,0.000,0.0,0.000,0.000,0.0,0.000,0.000,0.0
11.6893,20878,262996,0.000,0.000,0.0,0.000,0.000,0.0,0.000,0.000,0.0
11.6893,20879,263001,0.000,0.000,0.0,0.000,0.000,0.0,0.000,0.000,0.0
11.6893,20880,263006,0.000,0.000,0.0,0.000,0.000,0.0,0.000,0.000,0.0
11.6893,20881,263011,0.000,0.000,0.0,0.000,0.000,0.0,0.000,0.000,0.0
11.6893,20882,263016,0.000,0.000,0.0,0.000,0.000,0.0,0.000,0.000,0.0
11.6893,20883,263021,0.000,0.000,0.0,0.000,0.000,0.0,0.000,0.000,0.0
11.6893,20884,263026,0.000,0.000,0.0,0.000,0.000,0.0,0.000,0.000,0.0
11.6893,20885,263031,0.000,0.000,0.0,0.000,0.000,0.0,0.000,0.000,0.0
11.6893,20886,263036,0.000,0.000,0.0,0.000,0.000,0.0,0.000,0.000,0.0
11.6893,20887,263041,0.000,0.000,0.0,0.000,0.000,0.0,0.000,0.000,0.0
11.6893,20888,263046,0.000,0.000,0.0,0.000,0.000,0.0,0.000,0.000,0.0
11.6893,20889,263051,0.000,0.000,0.0,0.000,0.000,0.0,0.000,0.000,0.0
11.7004,20890,263056,0.000,0.000,0.0,0.000,0.000,0.0,0.000,0.000,0.0
11.7004,20891,263061,0.000,0.000,0.0,0.000,0.000,0.0,0.000,0.000,0.0
11.7004,20892,263066,0.000,0.000,0.0,0.000,0.000,0.0,0.000,0.000,0.0
11.7004,20893,263071,0.000,0.000,0.0,0.000,0.000,0.0,0.000,0.000,0.0
11.7004,20894,263076,0.000,0.000,0.0,0.000,0.000,0.0,0.000,0.000,0.0
11.7004,20895,263081,0.000,0.000,0.0,0.000,0.000,0.0,0.000,0.000,0.0
11.7004,20896,263086,0.000,0.000,0.0,0.000,0.000,0.0,0.000,0.000,0.0
11.7004,20897,263091,0.000,0.000,0.0,0.000,0.000,0.0,0.000,0.000,0.0
11.7004,20898,263096,0.000,0.000,0.0,0.000,0.000,0.0,0.000,0.000,0.0
11.7004,20899,263101,0.000,0.000,0.0,0.000,0.000,0.0,0.000,0.000,0.0
11.7004,20900,263106,0.000,0.000,0.0,0.000,0.000,0.0,0.000,0.000,0.0
11.7004,20901,263111,0.000,0.000,0.0,0.000,0.000,0.0,0.000,0.000,0.0
11.7004,20902,263116,0.000,0.000,0.0,0.000,0.000,0.0,0.000,0.000,0.0
11.7004,20903,263121,0.000,0.000,0.0,0.000,0.000,0.0,0.000,0.000,0.0
11.7004,20904,263126,0.000,0.000,0.0,0.000,0.000,0.0,0.000,0.000,0.0
11.7004,20905,263131,0.000,0.000,0.0,0.000,0.000,0.0,0.000,0.000,0.0
11.8093,20906,263136,0.000,0.000,0.0,0.000,0.000,0.0,0.000,0.000,0.0
11.8093,20907,263141,0.000,0.000,0.0,0.000,0.000,0.0,0.000,0.000,0.0
11.8093,20908,263146,0.000,0.000,0.0,0.000,0.000,0.0,0.000,0.000,0.0
11.8093,20909,263151,0.000,0.000,0.0,0.000,0.000,0.0,0.000,0.000,0.0
11.8093,20910,263156,0.000,0.000,0.0,0.000,0.000,0.0,0.000,0.000,0.0
11.8093,20911,263161,0.000,0.000,0.0,0.000,0.000,0.0,0.000,0.000,0.0
11.8093,20912,263166,0.000,0.000,0.0,0.000,0.000,0.0,0.000,0.000,0.0
11.8093,20913,263171,0.000,0.000,0.0,0.000,0.000,0.0,0.000,0.000,0.0
11.8093,20914,264028,0.000,0.000,0.0,0.000,0.000,0.0,0.000,0.000,0.0
11.8093,20915,264033,0.000,0.000,0.0,0.000,0.000,0.0,0.000,0.000,0.0
11.8093,20916,264038,0.000,0.000,0.0,0.000,0.000,0.0,0.000,0.000,0.0
11.8093,20917,264043,0.000,0.000,0.0,0.000,0.000,0.0,0.000,0.000,0.0
11.8093,20918,264048,0.000,0.000,0.0,0.000,0.000,0.0,0.000,0.000,0.0
11.8093,20919,264053,0.000,0.000,0.0,0.000,0.000,0.0,0.000,0.000,0.0
11.8093,20920,264058,0.000,0.000,0.0,0.000,0.000,0.0,0.000,0.000,0.0
11.8093,20921,264063,0.000,0.000,0.0,0.000,0.000,0.0,0.000,0.000,0.0
11.8093,20922,264068,0.000,0.000,0.0,0.000,0.000,0.0,0.000,0.000,0.0
11.8718,20923,264073,0.000,0.000,0.0,0.000,0.000,0.0,0.000,0.000,0.0
11.8718,20924,264078,0.000,0.000,0.0,0.000,0.000,0.0,0.000,0.000,0.0
11.8718,20925,264083,0.000,0.000,0.0,0.000,0.000,0.0,0.000,0.000,0.0
11.8718,20926,264088,0.000,0.000,0.0,0.000,0.000,0.0,0.000,0.000,0.0
11.8718,20927,264093,0.000,0.000,0.0,0.000,0.000,0.0,0.000,0.000,0.0
11.8718,20928,264098,0.000,0.000,0.0,0.000,0.000,0.0,0.000,0.000,0.0
11.8718,20929,264103,0.000,0.000,0.0,0.000,0.000,0.0,0.000,0.000,0.0
11.8718,20930,264108,0.000,0.000,0.0,0.000,0.000,0.0,0.000,0.000,0.0
11.8718,20931,264113,0.000,0.000,0.0,0.000,0.000,0.0,0.000,0.000,0.0
11.8718,20932,264118,0.000,0.000,0.0,0.000,0.000,0.0,0.000,0.000,0.0
11.8718,20933,264123,0.000,0.000,0.0,0.000,0.000,0.0,0.000,0.000,0.0
11.8718,20934,264128,0.000,0.000,0.0,0.000,0.000,0.0,0.000,0.000,0.0
11.8718,20935,264133,0.000,0.000,0.0,0.000,0.000,0.0,0.000,0.000,0.0
11.8718,20936,264138,0.000,0.000,0.0,0.000,0.000,0.0,0.000,0.000,0.0
11.8718,20937,264143,0.000,0.000,0.0,0.000,0.000,0.0,0.000,0.000,0.0
11.8718,20938,264148,0.000,0.000,0.0,0.000,0.000,0.0,0.000,0.000,0.0
11.9808,20939,264153,0.000,0.000,0.0,0.000,0.000,0.0,0.000,0.000,0.0
11.9808,20940,264158,0.000,0.000,0.0,0.000,0.000,0.0,0.000,0.000,0.0
11.9808,20941,264163,0.000,0.000,0.0,0.000,0.000,0.0,0.000,0.000,0.0
11.9808,20942,264168,0.000,0.000,0.0,0.000,0.000,0.0,0.000,0.000,0.0
11.9808,20943,264173,0.000,0.000,0.0,0.000,0.000,0.0,0.000,0.000,0.0
11.9808,20944,264178,0.000,0.000,0.0,0.000,0.000,0.0,0.000,0.000,0.0
11.9808,20945,264183,0.000,0.000,0.0,0.000,0.000,0.0,0.000,0.000,0.0
11.9808,20946,264188,0.000,0.000,0.0,0.000,0.000,0.0,0.000,0.000,0.0
11.9808,20947,264193,0.000,0.000,0.0,0.000,0.000,0.0,0.000,0.000,0.0
11.9808,20948,264198,0.000,0.000,0.0,0.000,0.000,0.0,0.000,0.000,0.0
11.9808,20949,264203,0.000,0.000,0.0,0.000,0.000,0.0,0.000,0.000,0.0
11.9808,20950,264208,0.000,0.000,0.0,0.000,0.000,0.0,0.000,0.000,0.0
11.9808,20951,264213,0.000,0.000,0.0,0.000,0.000,0.0,0.000,0.000,0.0
11.9808,20952,264218,0.000,0.000,0.0,0.000,0.000,0.0,0.000,0.000,0.0
11.9808,20953,264223,0.000,0.000,0.0,0.000,0.000,0.0,0.000,0.000,0.0
11.9808,20954,264228,0.000,0.000,0.0,0.000,0.000,0.0,0.000,0.000,0.0
11.9808,20955,264233,0.000,0.000,0.0,0.000,0.000,0.0,0.000,0.000,0.0
11.9808,20956,264238,0.000,0.000,0.0,0.000,0.000,0.0,0.000,0.000,0.0
11.9808,20957,264243,0.000,0.000,0.0,0.000,0.000,0.0,0.000,0.000,0.0
11.9808,20958,264248,0.000,0.000,0.0,0.000,0.000,0.0,0.000,0.000,0.0
11.9808,20959,264253,0.000,0.000,0.0,0.000,0.000,0.0,0.000,0.000,0.0
11.9808,20960,264258,0.000,0.000,0.0,0.000,0.000,0.0,0.000,0.000,0.0
11.9808,20961,264263,0.000,0.000,0.0,0.000,0.000,0.0,0.000,0.000,0.0
11.9808,20962,264268,0.000,0.000,0.0,0.000,0.000,0.0,0.000,0.000,0.0
12.0375,20963,264273,0.000,0.000,0.0,0.000,0.000,0.0,0.000,0.000,0.0
12.0375,20964,264278,0.000,0.000,0.0,0.000,0.000,0.0,0.000,0.000,0.0
12.0375,20965,264283,0.000,0.000,0.0,0.000,0.000,0.0,0.000,0.000,0.0
12.0375,20966,264288,0.000,0.000,0.0,0.000,0.000,0.0,0.000,0.000,0.0
12.0375,20967,264293,0.000,0.000,0.0,0.000,0.000,0.0,0.000,0.000,0.0
12.0375,20968,264298,0.000,0.000,0.0,0.000,0.000,0.0,0.000,0.000,0.0
12.0375,20969,264303,0.000,0.000,0.0,0.000,0.000,0.0,0.000,0.000,0.0
12.0375,20970,264308,0.000,0.000,0.0,0.000,0.000,0.0,0.000,0.000,0.0
12.0385,20971,264313,0.000,0.000,0.0,0.000,0.000,0.0,0.000,0.000,0.0
12.0385,20972,264318,0.000,0.000,0.0,0.000,0.000,0.0,0.000,0.000,0.0
12.0385,20973,264323,0.000,0.000,0.0,0.000,0.000,0.0,0.000,0.000,0.0
12.0385,20974,264328,0.000,0.000,0.0,0.000,0.000,0.0,0.000,0.000,0.0
12.0385,20975,264333,0.000,0.000,0.0,0.000,0.000,0.0,0.000,0.000,0.0
12.0385,20976,264338,0.000,0.000,0.0,0.000,0.000,0.0,0.000,0.000,0.0
12.0385,20977,264343,0.000,0.000,0.0,0.000,0.000,0.0,0.000,0.000,0.0
12.0385,20978,264348,0.000,0.000,0.0,0.000,0.000,0.0,0.000,0.000,0.0
12.1413,20979,264353,0.000,0.000,0.0,0.000,0.000,0.0,0.000,0.000,0.0
12.1413,20980,264358,0.000,0.000,0.0,0.000,0.000,0.0,0.000,0.000,0.0
12.1413,20981,264363,0.000,0.000,0.0,0.000,0.000,0.0,0.000,0.000,0.0
12.1413,20982,264368,0.000,0.000,0.0,0.000,0.000,0.0,0.000,0.000,0.0
12.1413,20983,264373,0.000,0.000,0.0,0.000,0.000,0.0,0.000,0.000,0.0
12.1413,20984,264378,0.000,0.000,0.0,0.000,0.000,0.0,0.000,0.000,0.0
12.1413,20985,264383,0.000,0.000,0.0,0.000,0.000,0.0,0.000,0.000,0.0
12.1413,20986,264388,0.000,0.000,0.0,0.000,0.000,0.0,0.000,0.000,0.0
12.1413,20987,264393,0.000,0.000,0.0,0.000,0.000,0.0,0.000,0.000,0.0
12.1413,20988,264398,0.000,0.000,0.0,0.000,0.000,0.0,0.000,0.000,0.0
12.1413,20989,264403,0.000,0.000,0.0,0.000,0.000,0.0,0.000,0.000,0.0
12.1413,20990,264408,0.000,0.000,0.0,0.000,0.000,0.0,0.000,0.000,0.0
12.1413,20991,264413,0.000,0.000,0.0,0.000,0.000,0.0,0.000,0.000,0.0
12.1413,20992,264418,0.000,0.000,0.0,0.000,0.000,0.0,0.000,0.000,0.0
12.1413,20993,264423,0.000,0.000,0.0,0.000,0.000,0.0,0.000,0.000,0.0
12.1413,20994,264428,0.000,0.000,0.0,0.000,0.000,0.0,0.000,0.000,0.0
12.1897,20995,264433,0.000,0.000,0.0,0.000,0.000,0.0,0.000,0.000,0.0
12.1897,20996,264438,0.000,0.000,0.0,0.000,0.000,0.0,0.000,0.000,0.0
12.1897,20997,264443,0.000,0.000,0.0,0.000,0.000,0.0,0.000,0.000,0.0
12.1897,20998,264448,0.000,0.000,0.0,0.000,0.000,0.0,0.000,0.000,0.0
12.1897,20999,264453,0.000,0.000,0.0,0.000,0.000,0.0,0.000,0.000,0.0
12.1897,21000,264458,0.000,0.000,0.0,0.000,0.000,0.0,0.000,0.000,0.0
12.1897,21001,264463,0.000,0.000,0.0,0.000,0.000,0.0,0.000,0.000,0.0
12.1897,21002,264468,0.000,0.000,0.0,0.000,0.000,0.0,0.000,0.000,0.0
12.1897,21003,264473,0.000,0.000,0.0,0.000,0.000,0.0,0.000,0.000,0.0
12.1897,21004,264478,0.000,0.000,0.0,0.000,0.000,0.0,0.000,0.000,0.0
12.1897,21005,264483,0.000,0.000,0.0,0.000,0.000,0.0,0.000,0.000,0.0
12.1897,21006,264488,0.000,0.000,0.0,0.000,0.000,0.0,0.000,0.000,0.0
12.1897,21007,264493,0.000,0.000,0.0,0.000,0.000,0.0,0.000,0.000,0.0
12.1897,21008,264498,0.000,0.000,0.0,0.000,0.000,0.0,0.000,0.000,0.0
12.1897,21009,264503,0.000,0.000,0.0,0.000,0.000,0.0,0.000,0.000,0.0
12.1897,21010,264508,0.000,0.000,0.0,0.000,0.000,0.0,0.000,0.000,0.0
12.3445,21011,264513,0.000,0.000,0.0,0.000,0.000,0.0,0.000,0.000,0.0
12.3445,21012,264518,0.000,0.000,0.0,0.000,0.000,0.0,0.000,0.000,0.0
12.3445,21013,264523,0.000,0.000,0.0,0.000,0.000,0.0,0.000,0.000,0.0
12.3445,21014,264528,0.000,0.000,0.0,0.000,0.000,0.0,0.000,0.000,0.0
12.3445,21015,264533,0.000,0.000,0.0,0.000,0.000,0.0,0.000,0.000,0.0
12.3445,21016,264538,0.000,0.000,0.0,0.000,0.000,0.0,0.000,0.000,0.0
12.3445,21017,264543,0.000,0.000,0.0,0.000,0.000,0.0,0.000,0.000,0.0
12.3445,21018,264548,0.000,0.000,0.0,0.000,0.000,0.0,0.000,0.000,0.0
12.3445,21019,264553,0.000,0.000,0.0,0.000,0.000,0.0,0.000,0.000,0.0
12.3445,21020,264558,0.000,0.000,0.0,0.000,0.000,0.0,0.000,0.000,0.0
12.3445,21021,264563,0.000,0.000,0.0,0.000,0.000,0.0,0.000,0.000,0.0
12.3445,21022,264568,0.000,0.000,0.0,0.000,0.000,0.0,0.000,0.000,0.0
12.3445,21023,264573,0.000,0.000,0.0,0.000,0.000,0.0,0.000,0.000,0.0
12.3445,21024,264578,0.000,0.000,0.0,0.000,0.000,0.0,0.000,0.000,0.0
12.3445,21025,264583,0.000,0.000,0.0,0.000,0.000,0.0,0.000,0.000,0.0
12.3445,21026,264588,0.000,0.000,0.0,0.000,0.000,0.0,0.000,0.000,0.0
12.4104,21027,264593,0.000,0.000,0.0,0.000,0.000,0.0,0.000,0.000,0.0
12.4104,21028,264598,0.000,0.000,0.0,0.000,0.000,0.0,0.000,0.000,0.0
12.4104,21029,264603,0.000,0.000,0.0,0.000,0.000,0.0,0.000,0.000,0.0
12.4104,21030,264608,0.000,0.000,0.0,0.000,0.000,0.0,0.000,0.000,0.0
12.4104,21031,264613,0.000,0.000,0.0,0.000,0.000,0.0,0.000,0.000,0.0
12.4104,21032,264618,0.000,0.000,0.0,0.000,0.000,0.0,0.000,0.000,0.0
12.4104,21033,264623,0.000,0.000,0.0,0.000,0.000,0.0,0.000,0.000,0.0
12.4104,21034,264628,0.000,0.000,0.0,0.000,0.000,0.0,0.000,0.000,0.0
12.4104,21035,264633,0.000,0.000,0.0,0.000,0.000,0.0,0.000,0.000,0.0
12.4104,21036,264638,0.000,0.000,0.0,0.000,0.000,0.0,0.000,0.000,0.0
12.4104,21037,264643,0.000,0.000,0.0,0.000,0.000,0.0,0.000,0.000,0.0
12.4104,21038,264648,0.000,0.000,0.0,0.000,0.000,0.0,0.000,0.000,0.0
12.4104,21039,264653,0.000,0.000,0.0,0.000,0.000,0.0,0.000,0.000,0.0
12.4104,21040,264658,0.000,0.000,0.0,0.000,0.000,0.0,0.000,0.000,0.0
12.4104,21041,264663,0.000,0.000,0.0,0.000,0.000,0.0,0.000,0.000,0.0
12.4104,21042,264668,0.000,0.000,0.0,0.000,0.000,0.0,0.000,0.000,0.0
12.4104,21043,264673,0.000,0.000,0.0,0.000,0.000,0.0,0.000,0.000,0.0
12.4104,21044,264678,0.000,0.000,0.0,0.000,0.000,0.0,0.000,0.000,0.0
12.4104,21045,264683,0.000,0.000,0.0,0.000,0.000,0.0,0.000,0.000,0.0
12.4104,21046,264688,0.000,0.000,0.0,0.000,0.000,0.0,0.000,0.000,0.0
12.4104,21047,264693,0.000,0.000,0.0,0.000,0.000,0.0,0.000,0.000,0.0
12.4104,21048,264698,0.000,0.000,0.0,0.000,0.000,0.0,0.000,0.000,0.0
12.4104,21049,264703,0.000,0.000,0.0,0.000,0.000,0.0,0.000,0.000,0.0
12.4104,21050,264708,0.000,0.000,0.0,0.000,0.000,0.0,0.000,0.000,0.0
12.5022,21051,264713,0.000,0.000,0.0,0.000,0.000,0.0,0.000,0.000,0.0
12.5022,21052,264718,0.000,0.000,0.0,0.000,0.000,0.0,0.000,0.000,0.0
12.5022,21053,264723,0.000,0.000,0.0,0.000,0.000,0.0,0.000,0.000,0.0
12.5022,21054,264728,0.000,0.000,0.0,0.000,0.000,0.0,0.000,0.000,0.0
12.5022,21055,264733,0.000,0.000,0.0,0.000,0.000,0.0,0.000,0.000,0.0
12.5022,21056,264738,0.000,0.000,0.0,0.000,0.000,0.0,0.000,0.000,0.0
12.5022,21057,264743,0.000,0.000,0.0,0.000,0.000,0.0,0.000,0.000,0.0
12.5022,21058,264748,0.000,0.000,0.0,0.000,0.000,0.0,0.000,0.000,0.0
12.5022,21059,264753,0.000,0.000,0.0,0.000,0.000,0.0,0.000,0.000,0.0
12.5022,21060,264758,0.000,0.000,0.0,0.000,0.000,0.0,0.000,0.000,0.0
12.5022,21061,264763,0.000,0.000,0.0,0.000,0.000,0.0,0.000,0.000,0.0
12.5022,21062,264768,0.000,0.000,0.0,0.000,0.000,0.0,0.000,0.000,0.0
12.5022,21063,264773,0.000,0.000,0.0,0.000,0.000,0.0,0.000,0.000,0.0
12.5022,21064,264778,0.000,0.000,0.0,0.000,0.000,0.0,0.000,0.000,0.0
12.5022,21065,264783,0.000,0.000,0.0,0.000,0.000,0.0,0.000,0.000,0.0
12.5022,21066,264788,0.000,0.000,0.0,0.000,0.000,0.0,0.000,0.000,0.0
12.5786,21067,264793,0.000,0.000,0.0,0.000,0.000,0.0,0.000,0.000,0.0
12.5786,21068,264798,0.000,0.000,0.0,0.000,0.000,0.0,0.000,0.000,0.0
12.5786,21069,264803,0.000,0.000,0.0,0.000,0.000,0.0,0.000,0.000,0.0
12.5786,21070,264808,0.000,0.000,0.0,0.000,0.000,0.0,0.000,0.000,0.0
12.5786,21071,264813,0.000,0.000,0.0,0.000,0.000,0.0,0.000,0.000,0.0
12.5786,21072,264818,0.000,0.000,0.0,0.000,0.000,0.0,0.000,0.000,0.0
12.5786,21073,264823,0.000,0.000,0.0,0.000,0.000,0.0,0.000,0.000,0.0
12.5786,21074,264828,0.000,0.000,0.0,0.000,0.000,0.0,0.000,0.000,0.0
12.5786,21075,264833,0.000,0.000,0.0,0.000,0.000,0.0,0.000,0.000,0.0
12.5786,21076,264838,0.000,0.000,0.0,0.000,0.000,0.0,0.000,0.000,0.0
12.5786,21077,264843,0.000,0.000,0.0,0.000,0.000,0.0,0.000,0.000,0.0
12.5786,21078,264848,0.000,0.000,0.0,0.000,0.000,0.0,0.000,0.000,0.0
12.5786,21079,264853,0.000,0.000,0.0,0.000,0.000,0.0,0.000,0.000,0.0
12.5786,21080,264858,0.000,0.000,0.0,0.000,0.000,0.0,0.000,0.000,0.0
12.5786,21081,264863,0.000,0.000,0.0,0.000,0.000,0.0,0.000,0.000,0.0
12.5786,21082,264868,0.000,0.000,0.0,0.000,0.000,0.0,0.000,0.000,0.0
12.6707,21083,264873,0.000,0.000,0.0,0.000,0.000,0.0,0.000,0.000,0.0
12.6707,21084,264878,0.000,0.000,0.0,0.000,0.000,0.0,0.000,0.000,0.0
12.6707,21085,264883,0.000,0.000,0.0,0.000,0.000,0.0,0.000,0.000,0.0
12.6707,21086,264888,0.000,0.000,0.0,0.000,0.000,0.0,0.000,0.000,0.0
12.6707,21087,264893,0.000,0.000,0.0,0.000,0.000,0.0,0.000,0.000,0.0
12.6707,21088,264898,0.000,0.000,0.0,0.000,0.000,0.0,0.000,0.000,0.0
12.6707,21089,264903,0.000,0.000,0.0,0.000,0.000,0.0,0.000,0.000,0.0
12.6707,21090,264908,0.000,0.000,0.0,0.000,0.000,0.0,0.000,0.000,0.0
12.6707,21091,264913,0.000,0.000,0.0,0.000,0.000,0.0,0.000,0.000,0.0
12.6707,21092,264918,0.000,0.000,0.0,0.000,0.000,0.0,0.000,0.000,0.0
12.6707,21093,264923,0.000,0.000,0.0,0.000,0.000,0.0,0.000,0.000,0.0
12.6707,21094,264928,0.000,0.000,0.0,0.000,0.000,0.0,0.000,0.000,0.0
12.6707,21095,264933,0.000,0.000,0.0,0.000,0.000,0.0,0.000,0.000,0.0
12.6707,21096,264938,0.000,0.000,0.0,0.000,0.000,0.0,0.000,0.000,0.0
12.6707,21097,264943,0.000,0.000,0.0,0.000,0.000,0.0,0.000,0.000,0.0
12.6707,21098,264948,0.000,0.000,0.0,0.000,0.000,0.0,0.000,0.000,0.0
12.8093,21099,264953,0.000,0.000,0.0,0.000,0.000,0.0,0.000,0.000,0.0
12.8093,21100,264958,0.000,0.000,0.0,0.000,0.000,0.0,0.000,0.000,0.0
12.8093,21101,264963,0.000,0.000,0.0,0.000,0.000,0.0,0.000,0.000,0.0
12.8093,21102,264968,0.000,0.000,0.0,0.000,0.000,0.0,0.000,0.000,0.0
12.8093,21103,264973,0.000,0.000,0.0,0.000,0.000,0.0,0.000,0.000,0.0
12.8093,21104,264978,0.000,0.000,0.0,0.000,0.000,0.0,0.000,0.000,0.0
12.8093,21105,264983,0.000,0.000,0.0,0.000,0.000,0.0,0.000,0.000,0.0
12.8093,21106,264988,0.000,0.000,0.0,0.000,0.000,0.0,0.000,0.000,0.0
12.8093,21107,264993,0.000,0.000,0.0,0.000,0.000,0.0,0.000,0.000,0.0
12.8093,21108,264998,0.000,0.000,0.0,0.000,0.000,0.0,0.000,0.000,0.0
12.8093,21109,265003,0.000,0.000,0.0,0.000,0.000,0.0,0.000,0.000,0.0
12.8093,21110,265008,0.000,0.000,0.0,0.000,0.000,0.0,0.000,0.000,0.0
12.8093,21111,265013,0.000,0.000,0.0,0.000,0.000,0.0,0.000,0.000,0.0
12.8093,21112,265018,0.000,0.000,0.0,0.000,0.000,0.0,0.000,0.000,0.0
12.8093,21113,265023,0.000,0.000,0.0,0.000,0.000,0.0,0.000,0.000,0.0
12.8093,21114,265028,0.000,0.000,0.0,0.000,0.000,0.0,0.000,0.000,0.0
12.8093,21115,265033,0.000,0.000,0.0,0.000,0.000,0.0,0.000,0.000,0.0
12.8093,21116,265038,0.000,0.000,0.0,0.000,0.000,0.0,0.000,0.000,0.0
12.8093,21117,265043,0.000,0.000,0.0,0.000,0.000,0.0,0.000,0.000,0.0
12.8093,21118,265048,0.000,0.000,0.0,0.000,0.000,0.0,0.000,0.000,0.0
12.8093,21119,265053,0.000,0.000,0.0,0.000,0.000,0.0,0.000,0.000,0.0
12.8093,21120,265058,0.000,0.000,0.0,0.000,0.000,0.0,0.000,0.000,0.0
12.8093,21121,265063,0.000,0.000,0.0,0.000,0.000,0.0,0.000,0.000,0.0
12.8093,21122,265068,0.000,0.000,0.0,0.000,0.000,0.0,0.000,0.000,0.0
12.8639,21123,265073,0.000,0.000,0.0,0.000,0.000,0.0,0.000,0.000,0.0
12.8639,21124,265078,0.000,0.000,0.0,0.000,0.000,0.0,0.000,0.000,0.0
12.8649,21125,265083,0.000,0.000,0.0,0.000,0.000,0.0,0.000,0.000,0.0
12.8649,21126,265088,0.000,0.000,0.0,0.000,0.000,0.0,0.000,0.000,0.0
12.8649,21127,265093,0.000,0.000,0.0,0.000,0.000,0.0,0.000,0.000,0.0
12.8649,21128,265098,0.000,0.000,0.0,0.000,0.000,0.0,0.000,0.000,0.0
12.8649,21129,265103,0.000,0.000,0.0,0.000,0.000,0.0,0.000,0.000,0.0
12.8649,21130,265108,0.000,0.000,0.0,0.000,0.000,0.0,0.000,0.000,0.0
12.8649,21131,265113,0.000,0.000,0.0,0.000,0.000,0.0,0.000,0.000,0.0
12.8649,21132,265118,0.000,0.000,0.0,0.000,0.000,0.0,0.000,0.000,0.0
12.8649,21133,265123,0.000,0.000,0.0,0.000,0.000,0.0,0.000,0.000,0.0
12.8649,21134,265128,0.000,0.000,0.0,0.000,0.000,0.0,0.000,0.000,0.0
12.8649,21135,265133,0.000,0.000,0.0,0.000,0.000,0.0,0.000,0.000,0.0
12.8649,21136,265138,0.000,0.000,0.0,0.000,0.000,0.0,0.000,0.000,0.0
12.8649,21137,265143,0.000,0.000,0.0,0.000,0.000,0.0,0.000,0.000,0.0
12.8649,21138,265148,0.000,0.000,0.0,0.000,0.000,0.0,0.000,0.000,0.0
12.8649,21139,265153,0.000,0.000,0.0,0.000,0.000,0.0,0.000,0.000,0.0
12.8649,21140,265158,0.000,0.000,0.0,0.000,0.000,0.0,0.000,0.000,0.0
12.8649,21141,265163,0.000,0.000,0.0,0.000,0.000,0.0,0.000,0.000,0.0
12.8649,21142,265168,0.000,0.000,0.0,0.000,0.000,0.0,0.000,0.000,0.0
12.8649,21143,265173,0.000,0.000,0.0,0.000,0.000,0.0,0.000,0.000,0.0
12.8649,21144,265178,0.000,0.000,0.0,0.000,0.000,0.0,0.000,0.000,0.0
12.8649,21145,265183,0.000,0.000,0.0,0.000,0.000,0.0,0.000,0.000,0.0
12.8649,21146,265188,0.000,0.000,0.0,0.000,0.000,0.0,0.000,0.000,0.0
12.9229,21147,265193,0.000,0.000,0.0,0.000,0.000,0.0,0.000,0.000,0.0
12.9229,21148,265198,0.000,0.000,0.0,0.000,0.000,0.0,0.000,0.000,0.0
12.9229,21149,265203,0.000,0.000,0.0,0.000,0.000,0.0,0.000,0.000,0.0
12.9229,21150,265208,0.000,0.000,0.0,0.000,0.000,0.0,0.000,0.000,0.0
12.9229,21151,265213,0.000,0.000,0.0,0.000,0.000,0.0,0.000,0.000,0.0
12.9229,21152,265218,0.000,0.000,0.0,0.000,0.000,0.0,0.000,0.000,0.0
12.9229,21153,265223,0.000,0.000,0.0,0.000,0.000,0.0,0.000,0.000,0.0
12.9229,21154,265228,0.000,0.000,0.0,0.000,0.000,0.0,0.000,0.000,0.0
12.9925,21155,265233,0.000,0.000,0.0,0.000,0.000,0.0,0.000,0.000,0.0
12.9925,21156,265238,0.000,0.000,0.0,0.000,0.000,0.0,0.000,0.000,0.0
12.9925,21157,265243,0.000,0.000,0.0,0.000,0.000,0.0,0.000,0.000,0.0
12.9925,21158,265248,0.000,0.000,0.0,0.000,0.000,0.0,0.000,0.000,0.0
12.9925,21159,265253,0.000,0.000,0.0,0.000,0.000,0.0,0.000,0.000,0.0
12.9925,21160,265258,0.000,0.000,0.0,0.000,0.000,0.0,0.000,0.000,0.0
12.9925,21161,265263,0.000,0.000,0.0,0.000,0.000,0.0,0.000,0.000,0.0
12.9925,21162,265268,0.000,0.000,0.0,0.000,0.000,0.0,0.000,0.000,0.0
12.9925,21163,265273,0.000,0.000,0.0,0.000,0.000,0.0,0.000,0.000,0.0
12.9925,21164,265278,0.000,0.000,0.0,0.000,0.000,0.0,0.000,0.000,0.0
12.9925,21165,265283,0.000,0.000,0.0,0.000,0.000,0.0,0.000,0.000,0.0
12.9925,21166,265288,0.000,0.000,0.0,0.000,0.000,0.0,0.000,0.000,0.0
12.9925,21167,265293,0.000,0.000,0.0,0.000,0.000,0.0,0.000,0.000,0.0
12.9925,21168,265298,0.000,0.000,0.0,0.000,0.000,0.0,0.000,0.000,0.0
12.9925,21169,265303,0.000,0.000,0.0,0.000,0.000,0.0,0.000,0.000,0.0
12.9925,21170,265308,0.000,0.000,0.0,0.000,0.000,0.0,0.000,0.000,0.0
13.1003,21171,265313,0.000,0.000,0.0,0.000,0.000,0.0,0.000,0.000,0.0
13.1003,21172,265318,0.000,0.000,0.0,0.000,0.000,0.0,0.000,0.000,0.0
13.1003,21173,265323,0.000,0.000,0.0,0.000,0.000,0.0,0.000,0.000,0.0
13.1003,21174,265328,0.000,0.000,0.0,0.000,0.000,0.0,0.000,0.000,0.0
13.1003,21175,265333,0.000,0.000,0.0,0.000,0.000,0.0,0.000,0.000,0.0
13.1003,21176,265338,0.000,0.000,0.0,0.000,0.000,0.0,0.000,0.000,0.0
13.1003,21177,265343,0.000,0.000,0.0,0.000,0.000,0.0,0.000,0.000,0.0
13.1003,21178,265348,0.000,0.000,0.0,0.000,0.000,0.0,0.000,0.000,0.0
13.1003,21179,265353,0.000,0.000,0.0,0.000,0.000,0.0,0.000,0.000,0.0
13.1003,21180,265358,0.000,0.000,0.0,0.000,0.000,0.0,0.000,0.000,0.0
13.1003,21181,265363,0.000,0.000,0.0,0.000,0.000,0.0,0.000,0.000,0.0
13.1003,21182,265368,0.000,0.000,0.0,0.000,0.000,0.0,0.000,0.000,0.0
13.1003,21183,265373,0.000,0.000,0.0,0.000,0.000,0.0,0.000,0.000,0.0
13.1003,21184,265378,0.000,0.000,0.0,0.000,0.000,0.0,0.000,0.000,0.0
13.1003,21185,265383,0.000,0.000,0.0,0.000,0.000,0.0,0.000,0.000,0.0
13.1003,21186,265388,0.000,0.000,0.0,0.000,0.000,0.0,0.000,0.000,0.0
13.1898,21187,265393,0.000,0.000,0.0,0.000,0.000,0.0,0.000,0.000,0.0
13.1898,21188,265398,0.000,0.000,0.0,0.000,0.000,0.0,0.000,0.000,0.0
13.1898,21189,265403,0.000,0.000,0.0,0.000,0.000,0.0,0.000,0.000,0.0
13.1898,21190,265408,0.000,0.000,0.0,0.000,0.000,0.0,0.000,0.000,0.0
13.1898,21191,265413,0.000,0.000,0.0,0.000,0.000,0.0,0.000,0.000,0.0
13.1898,21192,265418,0.000,0.000,0.0,0.000,0.000,0.0,0.000,0.000,0.0
13.1898,21193,265423,0.000,0.000,0.0,0.000,0.000,0.0,0.000,0.000,0.0
13.1898,21194,265428,0.000,0.000,0.0,0.000,0.000,0.0,0.000,0.000,0.0
13.1898,21195,265433,0.000,0.000,0.0,0.000,0.000,0.0,0.000,0.000,0.0
13.1898,21196,265438,0.000,0.000,0.0,0.000,0.000,0.0,0.000,0.000,0.0
13.1898,21197,265443,0.000,0.000,0.0,0.000,0.000,0.0,0.000,0.000,0.0
13.1898,21198,265448,0.000,0.000,0.0,0.000,0.000,0.0,0.000,0.000,0.0
13.1898,21199,265453,0.000,0.000,0.0,0.000,0.000,0.0,0.000,0.000,0.0
13.1898,21200,265458,0.000,0.000,0.0,0.000,0.000,0.0,0.000,0.000,0.0
13.1898,21201,265463,0.000,0.000,0.0,0.000,0.000,0.0,0.000,0.000,0.0
13.1898,21202,265468,0.000,0.000,0.0,0.000,0.000,0.0,0.000,0.000,0.0
13.1898,21203,265473,0.000,0.000,0.0,0.000,0.000,0.0,0.000,0.000,0.0
13.1898,21204,265478,0.000,0.000,0.0,0.000,0.000,0.0,0.000,0.000,0.0
13.1898,21205,265483,0.000,0.000,0.0,0.000,0.000,0.0,0.000,0.000,0.0
13.1898,21206,265488,0.000,0.000,0.0,0.000,0.000,0.0,0.000,0.000,0.0
13.1898,21207,265493,0.000,0.000,0.0,0.000,0.000,0.0,0.000,0.000,0.0
13.1898,21208,265498,0.000,0.000,0.0,0.000,0.000,0.0,0.000,0.000,0.0
13.1898,21209,265503,0.000,0.000,0.0,0.000,0.000,0.0,0.000,0.000,0.0
13.1898,21210,265508,0.000,0.000,0.0,0.000,0.000,0.0,0.000,0.000,0.0
13.3051,21211,265513,0.000,0.000,0.0,0.000,0.000,0.0,0.000,0.000,0.0
13.3051,21212,265518,0.000,0.000,0.0,0.000,0.000,0.0,0.000,0.000,0.0
13.3051,21213,265523,0.000,0.000,0.0,0.000,0.000,0.0,0.000,0.000,0.0
13.3051,21214,265528,0.000,0.000,0.0,0.000,0.000,0.0,0.000,0.000,0.0
13.3051,21215,265533,0.000,0.000,0.0,0.000,0.000,0.0,0.000,0.000,0.0
13.3051,21216,265538,0.000,0.000,0.0,0.000,0.000,0.0,0.000,0.000,0.0
13.3051,21217,265543,0.000,0.000,0.0,0.000,0.000,0.0,0.000,0.000,0.0
13.3051,21218,265548,0.000,0.000,0.0,0.000,0.000,0.0,0.000,0.000,0.0
13.3051,21219,265553,0.000,0.000,0.0,0.000,0.000,0.0,0.000,0.000,0.0
13.3051,21220,265558,0.000,0.000,0.0,0.000,0.000,0.0,0.000,0.000,0.0
13.3051,21221,265563,0.000,0.000,0.0,0.000,0.000,0.0,0.000,0.000,0.0
13.3051,21222,265568,0.000,0.000,0.0,0.000,0.000,0.0,0.000,0.000,0.0
13.3051,21223,265573,0.000,0.000,0.0,0.000,0.000,0.0,0.000,0.000,0.0
13.3051,21224,265578,0.000,0.000,0.0,0.000,0.000,0.0,0.000,0.000,0.0
13.3051,21225,265583,0.000,0.000,0.0,0.000,0.000,0.0,0.000,0.000,0.0
13.3051,21226,265588,0.000,0.000,0.0,0.000,0.000,0.0,0.000,0.000,0.0
13.3651,21227,265593,0.000,0.000,0.0,0.000,0.000,0.0,0.000,0.000,0.0
13.3651,21228,265598,0.000,0.000,0.0,0.000,0.000,0.0,0.000,0.000,0.0
13.3651,21229,265603,0.000,0.000,0.0,0.000,0.000,0.0,0.000,0.000,0.0
13.3651,21230,265608,0.000,0.000,0.0,0.000,0.000,0.0,0.000,0.000,0.0
13.3651,21231,265613,0.000,0.000,0.0,0.000,0.000,0.0,0.000,0.000,0.0
13.3651,21232,265618,0.000,0.000,0.0,0.000,0.000,0.0,0.000,0.000,0.0
13.3651,21233,265623,0.000,0.000,0.0,0.000,0.000,0.0,0.000,0.000,0.0
13.3651,21234,265628,0.000,0.000,0.0,0.000,0.000,0.0,0.000,0.000,0.0
13.3651,21235,265633,0.000,0.000,0.0,0.000,0.000,0.0,0.000,0.000,0.0
13.3651,21236,265638,0.000,0.000,0.0,0.000,0.000,0.0,0.000,0.000,0.0
13.3651,21237,265643,0.000,0.000,0.0,0.000,0.000,0.0,0.000,0.000,0.0
13.3651,21238,265648,0.000,0.000,0.0,0.000,0.000,0.0,0.000,0.000,0.0
13.3651,21239,265653,0.000,0.000,0.0,0.000,0.000,0.0,0.000,0.000,0.0
13.3651,21240,265658,0.000,0.000,0.0,0.000,0.000,0.0,0.000,0.000,0.0
13.3651,21241,265663,0.000,0.000,0.0,0.000,0.000,0.0,0.000,0.000,0.0
13.3651,21242,265668,0.000,0.000,0.0,0.000,0.000,0.0,0.000,0.000,0.0
13.4620,21243,265673,0.000,0.000,0.0,0.000,0.000,0.0,0.000,0.000,0.0
13.4620,21244,265678,0.000,0.000,0.0,0.000,0.000,0.0,0.000,0.000,0.0
13.4620,21245,265683,0.000,0.000,0.0,0.000,0.000,0.0,0.000,0.000,0.0
13.4620,21246,265688,0.000,0.000,0.0,0.000,0.000,0.0,0.000,0.000,0.0
13.4620,21247,265693,0.000,0.000,0.0,0.000,0.000,0.0,0.000,0.000,0.0
13.4620,21248,265698,0.000,0.000,0.0,0.000,0.000,0.0,0.000,0.000,0.0
13.4620,21249,265703,0.000,0.000,0.0,0.000,0.000,0.0,0.000,0.000,0.0
13.4620,21250,265708,0.000,0.000,0.0,0.000,0.000,0.0,0.000,0.000,0.0
13.4620,21251,265713,0.000,0.000,0.0,0.000,0.000,0.0,0.000,0.000,0.0
13.4620,21252,265718,0.000,0.000,0.0,0.000,0.000,0.0,0.000,0.000,0.0
13.4620,21253,265723,0.000,0.000,0.0,0.000,0.000,0.0,0.000,0.000,0.0
13.4620,21254,265728,0.000,0.000,0.0,0.000,0.000,0.0,0.000,0.000,0.0
13.4620,21255,265733,0.000,0.000,0.0,0.000,0.000,0.0,0.000,0.000,0.0
13.4620,21256,265738,0.000,0.000,0.0,0.000,0.000,0.0,0.000,0.000,0.0
13.4620,21257,265743,0.000,0.000,0.0,0.000,0.000,0.0,0.000,0.000,0.0
13.4620,21258,265748,0.000,0.000,0.0,0.000,0.000,0.0,0.000,0.000,0.0
13.5241,21259,265753,0.000,0.000,0.0,0.000,0.000,0.0,0.000,0.000,0.0
13.5241,21260,265758,0.000,0.000,0.0,0.000,0.000,0.0,0.000,0.000,0.0
13.5241,21261,265763,0.000,0.000,0.0,0.000,0.000,0.0,0.000,0.000,0.0
13.5241,21262,265768,0.000,0.000,0.0,0.000,0.000,0.0,0.000,0.000,0.0
13.5241,21263,265773,0.000,0.000,0.0,0.000,0.000,0.0,0.000,0.000,0.0
13.5241,21264,265778,0.000,0.000,0.0,0.000,0.000,0.0,0.000,0.000,0.0
13.5241,21265,265783,0.000,0.000,0.0,0.000,0.000,0.0,0.000,0.000,0.0
13.5241,21266,265788,0.000,0.000,0.0,0.000,0.000,0.0,0.000,0.000,0.0
13.5241,21267,265793,0.000,0.000,0.0,0.000,0.000,0.0,0.000,0.000,0.0
13.5241,21268,265798,0.000,0.000,0.0,0.000,0.000,0.0,0.000,0.000,0.0
13.5241,21269,265803,0.000,0.000,0.0,0.000,0.000,0.0,0.000,0.000,0.0
13.5241,21270,265808,0.000,0.000,0.0,0.000,0.000,0.0,0.000,0.000,0.0
13.5241,21271,265813,0.000,0.000,0.0,0.000,0.000,0.0,0.000,0.000,0.0
13.5241,21272,265818,0.000,0.000,0.0,0.000,0.000,0.0,0.000,0.000,0.0
13.5241,21273,265823,0.000,0.000,0.0,0.000,0.000,0.0,0.000,0.000,0.0
13.5241,21274,265828,0.000,0.000,0.0,0.000,0.000,0.0,0.000,0.000,0.0
13.5809,21275,265833,0.000,0.000,0.0,0.000,0.000,0.0,0.000,0.000,0.0
13.5809,21276,265838,0.000,0.000,0.0,0.000,0.000,0.0,0.000,0.000,0.0
13.5809,21277,265843,0.000,0.000,0.0,0.000,0.000,0.0,0.000,0.000,0.0
13.5809,21278,265848,0.000,0.000,0.0,0.000,0.000,0.0,0.000,0.000,0.0
13.5809,21279,265853,0.000,0.000,0.0,0.000,0.000,0.0,0.000,0.000,0.0
13.5809,21280,265858,0.000,0.000,0.0,0.000,0.000,0.0,0.000,0.000,0.0
13.5809,21281,265863,0.000,0.000,0.0,0.000,0.000,0.0,0.000,0.000,0.0
13.5809,21282,265868,0.000,0.000,0.0,0.000,0.000,0.0,0.000,0.000,0.0
13.6648,21283,265873,0.000,0.000,0.0,0.000,0.000,0.0,0.000,0.000,0.0
13.6648,21284,265878,0.000,0.000,0.0,0.000,0.000,0.0,0.000,0.000,0.0
13.6648,21285,265883,0.000,0.000,0.0,0.000,0.000,0.0,0.000,0.000,0.0
13.6648,21286,265888,0.000,0.000,0.0,0.000,0.000,0.0,0.000,0.000,0.0
13.6648,21287,265893,0.000,0.000,0.0,0.000,0.000,0.0,0.000,0.000,0.0
13.6648,21288,265898,0.000,0.000,0.0,0.000,0.000,0.0,0.000,0.000,0.0
13.6648,21289,265903,0.000,0.000,0.0,0.000,0.000,0.0,0.000,0.000,0.0
13.6648,21290,265908,0.000,0.000,0.0,0.000,0.000,0.0,0.000,0.000,0.0
13.6658,21291,265913,0.000,0.000,0.0,0.000,0.000,0.0,0.000,0.000,0.0
13.6658,21292,265918,0.000,0.000,0.0,0.000,0.000,0.0,0.000,0.000,0.0
13.6658,21293,265923,0.000,0.000,0.0,0.000,0.000,0.0,0.000,0.000,0.0
13.6658,21294,265928,0.000,0.000,0.0,0.000,0.000,0.0,0.000,0.000,0.0
13.6658,21295,265933,0.000,0.000,0.0,0.000,0.000,0.0,0.000,0.000,0.0
13.6658,21296,265938,0.000,0.000,0.0,0.000,0.000,0.0,0.000,0.000,0.0
13.6658,21297,265943,0.000,0.000,0.0,0.000,0.000,0.0,0.000,0.000,0.0
13.6658,21298,265948,0.000,0.000,0.0,0.000,0.000,0.0,0.000,0.000,0.0
13.7259,21299,265953,0.000,0.000,0.0,0.000,0.000,0.0,0.000,0.000,0.0
13.7259,21300,265958,0.000,0.000,0.0,0.000,0.000,0.0,0.000,0.000,0.0
13.7259,21301,265963,0.000,0.000,0.0,0.000,0.000,0.0,0.000,0.000,0.0
13.7259,21302,265968,0.000,0.000,0.0,0.000,0.000,0.0,0.000,0.000,0.0
13.7259,21303,265973,0.000,0.000,0.0,0.000,0.000,0.0,0.000,0.000,0.0
13.7259,21304,265978,0.000,0.000,0.0,0.000,0.000,0.0,0.000,0.000,0.0
13.7259,21305,265983,0.000,0.000,0.0,0.000,0.000,0.0,0.000,0.000,0.0
13.7259,21306,265988,0.000,0.000,0.0,0.000,0.000,0.0,0.000,0.000,0.0
13.7259,21307,265993,0.000,0.000,0.0,0.000,0.000,0.0,0.000,0.000,0.0
13.7259,21308,265998,0.000,0.000,0.0,0.000,0.000,0.0,0.000,0.000,0.0
13.7259,21309,266003,0.000,0.000,0.0,0.000,0.000,0.0,0.000,0.000,0.0
13.7259,21310,266008,0.000,0.000,0.0,0.000,0.000,0.0,0.000,0.000,0.0
13.7259,21311,266013,0.000,0.000,0.0,0.000,0.000,0.0,0.000,0.000,0.0
13.7259,21312,266018,0.000,0.000,0.0,0.000,0.000,0.0,0.000,0.000,0.0
13.7259,21313,266023,0.000,0.000,0.0,0.000,0.000,0.0,0.000,0.000,0.0
13.7259,21314,266028,0.000,0.000,0.0,0.000,0.000,0.0,0.000,0.000,0.0
13.8057,21315,266033,0.000,0.000,0.0,0.000,0.000,0.0,0.000,0.000,0.0
13.8067,21316,266038,0.000,0.000,0.0,0.000,0.000,0.0,0.000,0.000,0.0
13.8067,21317,266043,0.000,0.000,0.0,0.000,0.000,0.0,0.000,0.000,0.0
13.8067,21318,266048,0.000,0.000,0.0,0.000,0.000,0.0,0.000,0.000,0.0
13.8067,21319,266053,0.000,0.000,0.0,0.000,0.000,0.0,0.000,0.000,0.0
13.8067,21320,266058,0.000,0.000,0.0,0.000,0.000,0.0,0.000,0.000,0.0
13.8067,21321,266063,0.000,0.000,0.0,0.000,0.000,0.0,0.000,0.000,0.0
13.8067,21322,266068,0.000,0.000,0.0,0.000,0.000,0.0,0.000,0.000,0.0
13.8067,21323,266073,0.000,0.000,0.0,0.000,0.000,0.0,0.000,0.000,0.0
13.8067,21324,266078,0.000,0.000,0.0,0.000,0.000,0.0,0.000,0.000,0.0
13.8067,21325,266083,0.000,0.000,0.0,0.000,0.000,0.0,0.000,0.000,0.0
13.8067,21326,266088,0.000,0.000,0.0,0.000,0.000,0.0,0.000,0.000,0.0
13.8067,21327,266093,0.000,0.000,0.0,0.000,0.000,0.0,0.000,0.000,0.0
13.8067,21328,266098,0.000,0.000,0.0,0.000,0.000,0.0,0.000,0.000,0.0
13.8067,21329,266103,0.000,0.000,0.0,0.000,0.000,0.0,0.000,0.000,0.0
13.8067,21330,266108,0.000,0.000,0.0,0.000,0.000,0.0,0.000,0.000,0.0
13.8623,21331,266113,0.000,0.000,0.0,0.000,0.000,0.0,0.000,0.000,0.0
13.8623,21332,266118,0.000,0.000,0.0,0.000,0.000,0.0,0.000,0.000,0.0
13.8623,21333,266123,0.000,0.000,0.0,0.000,0.000,0.0,0.000,0.000,0.0
13.8623,21334,266128,0.000,0.000,0.0,0.000,0.000,0.0,0.000,0.000,0.0
13.8623,21335,266133,0.000,0.000,0.0,0.000,0.000,0.0,0.000,0.000,0.0
13.8623,21336,266138,0.000,0.000,0.0,0.000,0.000,0.0,0.000,0.000,0.0
13.8623,21337,266143,0.000,0.000,0.0,0.000,0.000,0.0,0.000,0.000,0.0
13.8623,21338,266148,0.000,0.000,0.0,0.000,0.000,0.0,0.000,0.000,0.0
13.9234,21339,266153,0.000,0.000,0.0,0.000,0.000,0.0,0.000,0.000,0.0
13.9234,21340,266158,0.000,0.000,0.0,0.000,0.000,0.0,0.000,0.000,0.0
13.9234,21341,266163,0.000,0.000,0.0,0.000,0.000,0.0,0.000,0.000,0.0
13.9234,21342,266168,0.000,0.000,0.0,0.000,0.000,0.0,0.000,0.000,0.0
13.9234,21343,266173,0.000,0.000,0.0,0.000,0.000,0.0,0.000,0.000,0.0
13.9234,21344,266178,0.000,0.000,0.0,0.000,0.000,0.0,0.000,0.000,0.0
13.9234,21345,266183,0.000,0.000,0.0,0.000,0.000,0.0,0.000,0.000,0.0
13.9234,21346,266188,0.000,0.000,0.0,0.000,0.000,0.0,0.000,0.000,0.0
13.9234,21347,266193,0.000,0.000,0.0,0.000,0.000,0.0,0.000,0.000,0.0
13.9234,21348,266198,0.000,0.000,0.0,0.000,0.000,0.0,0.000,0.000,0.0
13.9234,21349,266203,0.000,0.000,0.0,0.000,0.000,0.0,0.000,0.000,0.0
13.9234,21350,266208,0.000,0.000,0.0,0.000,0.000,0.0,0.000,0.000,0.0
13.9234,21351,266213,0.000,0.000,0.0,0.000,0.000,0.0,0.000,0.000,0.0
13.9234,21352,266218,0.000,0.000,0.0,0.000,0.000,0.0,0.000,0.000,0.0
13.9234,21353,266223,0.000,0.000,0.0,0.000,0.000,0.0,0.000,0.000,0.0
13.9234,21354,266228,0.000,0.000,0.0,0.000,0.000,0.0,0.000,0.000,0.0
14.0134,21355,266233,0.000,0.000,0.0,0.000,0.000,0.0,0.000,0.000,0.0
14.0134,21356,266238,0.000,0.000,0.0,0.000,0.000,0.0,0.000,0.000,0.0
14.0134,21357,266243,0.000,0.000,0.0,0.000,0.000,0.0,0.000,0.000,0.0
14.0134,21358,266248,0.000,0.000,0.0,0.000,0.000,0.0,0.000,0.000,0.0
14.0134,21359,266253,0.000,0.000,0.0,0.000,0.000,0.0,0.000,0.000,0.0
14.0134,21360,266258,0.000,0.000,0.0,0.000,0.000,0.0,0.000,0.000,0.0
14.0134,21361,266263,0.000,0.000,0.0,0.000,0.000,0.0,0.000,0.000,0.0
14.0134,21362,266268,0.000,0.000,0.0,0.000,0.000,0.0,0.000,0.000,0.0
14.0134,21363,266273,0.000,0.000,0.0,0.000,0.000,0.0,0.000,0.000,0.0
14.0134,21364,266278,0.000,0.000,0.0,0.000,0.000,0.0,0.000,0.000,0.0
14.0134,21365,266283,0.000,0.000,0.0,0.000,0.000,0.0,0.000,0.000,0.0
14.0134,21366,266288,0.000,0.000,0.0,0.000,0.000,0.0,0.000,0.000,0.0
14.0134,21367,266293,0.000,0.000,0.0,0.000,0.000,0.0,0.000,0.000,0.0
14.0134,21368,266298,0.000,0.000,0.0,0.000,0.000,0.0,0.000,0.000,0.0
14.0134,21369,266303,0.000,0.000,0.0,0.000,0.000,0.0,0.000,0.000,0.0
14.0134,21370,266308,0.000,0.000,0.0,0.000,0.000,0.0,0.000,0.000,0.0
14.0674,21371,266313,0.000,0.000,0.0,0.000,0.000,0.0,0.000,0.000,0.0
14.0674,21372,266318,0.000,0.000,0.0,0.000,0.000,0.0,0.000,0.000,0.0
14.0674,21373,266323,0.000,0.000,0.0,0.000,0.000,0.0,0.000,0.000,0.0
14.0674,21374,266328,0.000,0.000,0.0,0.000,0.000,0.0,0.000,0.000,0.0
14.0674,21375,266333,0.000,0.000,0.0,0.000,0.000,0.0,0.000,0.000,0.0
14.0674,21376,266338,0.000,0.000,0.0,0.000,0.000,0.0,0.000,0.000,0.0
14.0674,21377,266343,0.000,0.000,0.0,0.000,0.000,0.0,0.000,0.000,0.0
14.0674,21378,266348,0.000,0.000,0.0,0.000,0.000,0.0,0.000,0.000,0.0
14.0674,21379,266353,0.000,0.000,0.0,0.000,0.000,0.0,0.000,0.000,0.0
14.0674,21380,266358,0.000,0.000,0.0,0.000,0.000,0.0,0.000,0.000,0.0
14.0674,21381,266363,0.000,0.000,0.0,0.000,0.000,0.0,0.000,0.000,0.0
14.0674,21382,266368,0.000,0.000,0.0,0.000,0.000,0.0,0.000,0.000,0.0
14.0674,21383,266373,0.000,0.000,0.0,0.000,0.000,0.0,0.000,0.000,0.0
14.0674,21384,266378,0.000,0.000,0.0,0.000,0.000,0.0,0.000,0.000,0.0
14.0674,21385,266383,0.000,0.000,0.0,0.000,0.000,0.0,0.000,0.000,0.0
14.0674,21386,266388,0.000,0.000,0.0,0.000,0.000,0.0,0.000,0.000,0.0
14.1265,21387,266393,0.000,0.000,0.0,0.000,0.000,0.0,0.000,0.000,0.0
14.1265,21388,266398,0.000,0.000,0.0,0.000,0.000,0.0,0.000,0.000,0.0
14.1265,21389,266403,0.000,0.000,0.0,0.000,0.000,0.0,0.000,0.000,0.0
14.1265,21390,266408,0.000,0.000,0.0,0.000,0.000,0.0,0.000,0.000,0.0
14.1265,21391,266413,0.000,0.000,0.0,0.000,0.000,0.0,0.000,0.000,0.0
14.1265,21392,266418,0.000,0.000,0.0,0.000,0.000,0.0,0.000,0.000,0.0
14.1265,21393,266423,0.000,0.000,0.0,0.000,0.000,0.0,0.000,0.000,0.0
14.1265,21394,266428,0.000,0.000,0.0,0.000,0.000,0.0,0.000,0.000,0.0
14.2170,21395,266433,0.000,0.000,0.0,0.000,0.000,0.0,0.000,0.000,0.0
14.2170,21396,266438,0.000,0.000,0.0,0.000,0.000,0.0,0.000,0.000,0.0
14.2170,21397,266443,0.000,0.000,0.0,0.000,0.000,0.0,0.000,0.000,0.0
14.2170,21398,266448,0.000,0.000,0.0,0.000,0.000,0.0,0.000,0.000,0.0
14.2170,21399,266453,0.000,0.000,0.0,0.000,0.000,0.0,0.000,0.000,0.0
14.2170,21400,266458,0.000,0.000,0.0,0.000,0.000,0.0,0.000,0.000,0.0
14.2170,21401,266463,0.000,0.000,0.0,0.000,0.000,0.0,0.000,0.000,0.0
14.2170,21402,266468,0.000,0.000,0.0,0.000,0.000,0.0,0.000,0.000,0.0
14.2170,21403,266473,0.000,0.000,0.0,0.000,0.000,0.0,0.000,0.000,0.0
14.2170,21404,266478,0.000,0.000,0.0,0.000,0.000,0.0,0.000,0.000,0.0
14.2170,21405,266483,0.000,0.000,0.0,0.000,0.000,0.0,0.000,0.000,0.0
14.2170,21406,266488,0.000,0.000,0.0,0.000,0.000,0.0,0.000,0.000,0.0
14.2170,21407,266493,0.000,0.000,0.0,0.000,0.000,0.0,0.000,0.000,0.0
14.2170,21408,266498,0.000,0.000,0.0,0.000,0.000,0.0,0.000,0.000,0.0
14.2170,21409,266503,0.000,0.000,0.0,0.000,0.000,0.0,0.000,0.000,0.0
14.2170,21410,266508,0.000,0.000,0.0,0.000,0.000,0.0,0.000,0.000,0.0
14.2728,21411,266513,0.000,0.000,0.0,0.000,0.000,0.0,0.000,0.000,0.0
14.2728,21412,266518,0.000,0.000,0.0,0.000,0.000,0.0,0.000,0.000,0.0
14.2728,21413,266523,0.000,0.000,0.0,0.000,0.000,0.0,0.000,0.000,0.0
14.2728,21414,266528,0.000,0.000,0.0,0.000,0.000,0.0,0.000,0.000,0.0
14.2728,21415,266533,0.000,0.000,0.0,0.000,0.000,0.0,0.000,0.000,0.0
14.2728,21416,266538,0.000,0.000,0.0,0.000,0.000,0.0,0.000,0.000,0.0
14.2728,21417,266543,0.000,0.000,0.0,0.000,0.000,0.0,0.000,0.000,0.0
14.2728,21418,266548,0.000,0.000,0.0,0.000,0.000,0.0,0.000,0.000,0.0
14.2728,21419,266553,0.000,0.000,0.0,0.000,0.000,0.0,0.000,0.000,0.0
14.2728,21420,266558,0.000,0.000,0.0,0.000,0.000,0.0,0.000,0.000,0.0
14.2728,21421,266563,0.000,0.000,0.0,0.000,0.000,0.0,0.000,0.000,0.0
14.2728,21422,266568,0.000,0.000,0.0,0.000,0.000,0.0,0.000,0.000,0.0
14.2728,21423,266573,0.000,0.000,0.0,0.000,0.000,0.0,0.000,0.000,0.0
14.2728,21424,266578,0.000,0.000,0.0,0.000,0.000,0.0,0.000,0.000,0.0
14.2728,21425,266583,0.000,0.000,0.0,0.000,0.000,0.0,0.000,0.000,0.0
14.2728,21426,266588,0.000,0.000,0.0,0.000,0.000,0.0,0.000,0.000,0.0
14.3333,21427,266593,0.000,0.000,0.0,0.000,0.000,0.0,0.000,0.000,0.0
14.3333,21428,266598,0.000,0.000,0.0,0.000,0.000,0.0,0.000,0.000,0.0
14.3333,21429,266603,0.000,0.000,0.0,0.000,0.000,0.0,0.000,0.000,0.0
14.3333,21430,266608,0.000,0.000,0.0,0.000,0.000,0.0,0.000,0.000,0.0
14.3333,21431,266613,0.000,0.000,0.0,0.000,0.000,0.0,0.000,0.000,0.0
14.3333,21432,266618,0.000,0.000,0.0,0.000,0.000,0.0,0.000,0.000,0.0
14.3333,21433,266623,0.000,0.000,0.0,0.000,0.000,0.0,0.000,0.000,0.0
14.3333,21434,266628,0.000,0.000,0.0,0.000,0.000,0.0,0.000,0.000,0.0
14.4196,21435,266633,0.000,0.000,0.0,0.000,0.000,0.0,0.000,0.000,0.0
14.4196,21436,266638,0.000,0.000,0.0,0.000,0.000,0.0,0.000,0.000,0.0
14.4196,21437,266643,0.000,0.000,0.0,0.000,0.000,0.0,0.000,0.000,0.0
14.4196,21438,266648,0.000,0.000,0.0,0.000,0.000,0.0,0.000,0.000,0.0
14.4196,21439,266653,0.000,0.000,0.0,0.000,0.000,0.0,0.000,0.000,0.0
14.4196,21440,266658,0.000,0.000,0.0,0.000,0.000,0.0,0.000,0.000,0.0
14.4196,21441,266663,0.000,0.000,0.0,0.000,0.000,0.0,0.000,0.000,0.0
14.4196,21442,266668,0.000,0.000,0.0,0.000,0.000,0.0,0.000,0.000,0.0
14.4196,21443,266673,0.000,0.000,0.0,0.000,0.000,0.0,0.000,0.000,0.0
14.4196,21444,266678,0.000,0.000,0.0,0.000,0.000,0.0,0.000,0.000,0.0
14.4196,21445,266683,0.000,0.000,0.0,0.000,0.000,0.0,0.000,0.000,0.0
14.4196,21446,266688,0.000,0.000,0.0,0.000,0.000,0.0,0.000,0.000,0.0
14.4196,21447,266693,0.000,0.000,0.0,0.000,0.000,0.0,0.000,0.000,0.0
14.4196,21448,266698,0.000,0.000,0.0,0.000,0.000,0.0,0.000,0.000,0.0
14.4196,21449,266703,0.000,0.000,0.0,0.000,0.000,0.0,0.000,0.000,0.0
14.4196,21450,266708,0.000,0.000,0.0,0.000,0.000,0.0,0.000,0.000,0.0
14.5418,21451,266713,0.000,0.000,0.0,0.000,0.000,0.0,0.000,0.000,0.0
14.5418,21452,266718,0.000,0.000,0.0,0.000,0.000,0.0,0.000,0.000,0.0
14.5418,21453,266723,0.000,0.000,0.0,0.000,0.000,0.0,0.000,0.000,0.0
14.5418,21454,266728,0.000,0.000,0.0,0.000,0.000,0.0,0.000,0.000,0.0
14.5418,21455,266733,0.000,0.000,0.0,0.000,0.000,0.0,0.000,0.000,0.0
14.5418,21456,266738,0.000,0.000,0.0,0.000,0.000,0.0,0.000,0.000,0.0
14.5418,21457,266743,0.000,0.000,0.0,0.000,0.000,0.0,0.000,0.000,0.0
14.5418,21458,266748,0.000,0.000,0.0,0.000,0.000,0.0,0.000,0.000,0.0
14.5418,21459,266753,0.000,0.000,0.0,0.000,0.000,0.0,0.000,0.000,0.0
14.5418,21460,266758,0.000,0.000,0.0,0.000,0.000,0.0,0.000,0.000,0.0
14.5418,21461,266763,0.000,0.000,0.0,0.000,0.000,0.0,0.000,0.000,0.0
14.5418,21462,266768,0.000,0.000,0.0,0.000,0.000,0.0,0.000,0.000,0.0
14.5418,21463,266773,0.000,0.000,0.0,0.000,0.000,0.0,0.000,0.000,0.0
14.5418,21464,266778,0.000,0.000,0.0,0.000,0.000,0.0,0.000,0.000,0.0
14.5418,21465,266783,0.000,0.000,0.0,0.000,0.000,0.0,0.000,0.000,0.0
14.5418,21466,266788,0.000,0.000,0.0,0.000,0.000,0.0,0.000,0.000,0.0
14.5418,21467,266793,0.000,0.000,0.0,0.000,0.000,0.0,0.000,0.000,0.0
14.5418,21468,266798,0.000,0.000,0.0,0.000,0.000,0.0,0.000,0.000,0.0
14.5418,21469,266803,0.000,0.000,0.0,0.000,0.000,0.0,0.000,0.000,0.0
14.5418,21470,266808,0.000,0.000,0.0,0.000,0.000,0.0,0.000,0.000,0.0
14.5418,21471,266813,0.000,0.000,0.0,0.000,0.000,0.0,0.000,0.000,0.0
14.5418,21472,266818,0.000,0.000,0.0,0.000,0.000,0.0,0.000,0.000,0.0
14.5418,21473,266823,0.000,0.000,0.0,0.000,0.000,0.0,0.000,0.000,0.0
14.5418,21474,266828,0.000,0.000,0.0,0.000,0.000,0.0,0.000,0.000,0.0
14.6074,21475,266833,0.000,0.000,0.0,0.000,0.000,0.0,0.000,0.000,0.0
14.6074,21476,266838,0.000,0.000,0.0,0.000,0.000,0.0,0.000,0.000,0.0
14.6074,21477,266843,0.000,0.000,0.0,0.000,0.000,0.0,0.000,0.000,0.0
14.6074,21478,266848,0.000,0.000,0.0,0.000,0.000,0.0,0.000,0.000,0.0
14.6074,21479,266853,0.000,0.000,0.0,0.000,0.000,0.0,0.000,0.000,0.0
14.6074,21480,266858,0.000,0.000,0.0,0.000,0.000,0.0,0.000,0.000,0.0
14.6074,21481,266863,0.000,0.000,0.0,0.000,0.000,0.0,0.000,0.000,0.0
14.6074,21482,266868,0.000,0.000,0.0,0.000,0.000,0.0,0.000,0.000,0.0
14.6074,21483,266873,0.000,0.000,0.0,0.000,0.000,0.0,0.000,0.000,0.0
14.6074,21484,266878,0.000,0.000,0.0,0.000,0.000,0.0,0.000,0.000,0.0
14.6074,21485,266883,0.000,0.000,0.0,0.000,0.000,0.0,0.000,0.000,0.0
14.6074,21486,266888,0.000,0.000,0.0,0.000,0.000,0.0,0.000,0.000,0.0
14.6074,21487,266893,0.000,0.000,0.0,0.000,0.000,0.0,0.000,0.000,0.0
14.6074,21488,266898,0.000,0.000,0.0,0.000,0.000,0.0,0.000,0.000,0.0
14.6074,21489,266903,0.000,0.000,0.0,0.000,0.000,0.0,0.000,0.000,0.0
14.6074,21490,266908,0.000,0.000,0.0,0.000,0.000,0.0,0.000,0.000,0.0
17.1968,21491,266913,0.000,0.000,0.0,0.000,0.000,0.0,0.000,0.000,0.0
17.1968,21492,266918,0.000,0.000,0.0,0.000,0.000,0.0,0.000,0.000,0.0
17.1968,21493,266923,0.000,0.000,0.0,0.000,0.000,0.0,0.000,0.000,0.0
17.1968,21494,266928,0.000,0.000,0.0,0.000,0.000,0.0,0.000,0.000,0.0
17.1968,21495,266933,0.000,0.000,0.0,0.000,0.000,0.0,0.000,0.000,0.0
17.1968,21496,266938,0.000,0.000,0.0,0.000,0.000,0.0,0.000,0.000,0.0
17.1968,21497,266943,0.000,0.000,0.0,0.000,0.000,0.0,0.000,0.000,0.0
17.1968,21498,266948,0.000,0.000,0.0,0.000,0.000,0.0,0.000,0.000,0.0
17.1968,21499,266953,0.000,0.000,0.0,0.000,0.000,0.0,0.000,0.000,0.0
17.1968,21500,266958,0.000,0.000,0.0,0.000,0.000,0.0,0.000,0.000,0.0
17.1968,21501,266963,0.000,0.000,0.0,0.000,0.000,0.0,0.000,0.000,0.0
17.1968,21502,266968,0.000,0.000,0.0,0.000,0.000,0.0,0.000,0.000,0.0
17.1968,21503,266973,0.000,0.000,0.0,0.000,0.000,0.0,0.000,0.000,0.0
17.1968,21504,266978,0.000,0.000,0.0,0.000,0.000,0.0,0.000,0.000,0.0
17.1968,21505,266983,0.000,0.000,0.0,0.000,0.000,0.0,0.000,0.000,0.0
17.1968,21506,266988,0.000,0.000,0.0,0.000,0.000,0.0,0.000,0.000,0.0
17.1968,21507,266993,0.000,0.000,0.0,0.000,0.000,0.0,0.000,0.000,0.0
17.1968,21508,266998,0.000,0.000,0.0,0.000,0.000,0.0,0.000,0.000,0.0
17.1968,21509,267003,0.000,0.000,0.0,0.000,0.000,0.0,0.000,0.000,0.0
17.1968,21510,267008,0.000,0.000,0.0,0.000,0.000,0.0,0.000,0.000,0.0
17.1968,21511,267013,0.000,0.000,0.0,0.000,0.000,0.0,0.000,0.000,0.0
17.1968,21512,267018,0.000,0.000,0.0,0.000,0.000,0.0,0.000,0.000,0.0
17.1968,21513,267023,0.000,0.000,0.0,0.000,0.000,0.0,0.000,0.000,0.0
17.1968,21514,267028,0.000,0.000,0.0,0.000,0.000,0.0,0.000,0.000,0.0
17.1968,21515,267033,0.000,0.000,0.0,0.000,0.000,0.0,0.000,0.000,0.0
17.1968,21516,267038,0.000,0.000,0.0,0.000,0.000,0.0,0.000,0.000,0.0
17.1968,21517,267043,0.000,0.000,0.0,0.000,0.000,0.0,0.000,0.000,0.0
17.1968,21518,267048,0.000,0.000,0.0,0.000,0.000,0.0,0.000,0.000,0.0
17.1968,21519,267053,0.000,0.000,0.0,0.000,0.000,0.0,0.000,0.000,0.0
17.1968,21520,267058,0.000,0.000,0.0,0.000,0.000,0.0,0.000,0.000,0.0
17.1968,21521,267063,0.000,0.000,0.0,0.000,0.000,0.0,0.000,0.000,0.0
17.1968,21522,267068,0.000,0.000,0.0,0.000,0.000,0.0,0.000,0.000,0.0
17.1968,21523,267073,0.000,0.000,0.0,0.000,0.000,0.0,0.000,0.000,0.0
17.1968,21524,267078,0.000,0.000,0.0,0.000,0.000,0.0,0.000,0.000,0.0
17.1968,21525,267083,0.000,0.000,0.0,0.000,0.000,0.0,0.000,0.000,0.0
17.1968,21526,267088,0.000,0.000,0.0,0.000,0.000,0.0,0.000,0.000,0.0
17.1968,21527,267093,0.000,0.000,0.0,0.000,0.000,0.0,0.000,0.000,0.0
17.1968,21528,267098,0.000,0.000,0.0,0.000,0.000,0.0,0.000,0.000,0.0
17.1968,21529,267103,0.000,0.000,0.0,0.000,0.000,0.0,0.000,0.000,0.0
17.1968,21530,267108,0.000,0.000,0.0,0.000,0.000,0.0,0.000,0.000,0.0
17.2089,21531,267113,0.000,0.000,0.0,0.000,0.000,0.0,0.000,0.000,0.0
17.2089,21532,267118,0.000,0.000,0.0,0.000,0.000,0.0,0.000,0.000,0.0
17.2089,21533,267123,0.000,0.000,0.0,0.000,0.000,0.0,0.000,0.000,0.0
17.2089,21534,267128,0.000,0.000,0.0,0.000,0.000,0.0,0.000,0.000,0.0
17.2089,21535,267133,0.000,0.000,0.0,0.000,0.000,0.0,0.000,0.000,0.0
17.2089,21536,267138,0.000,0.000,0.0,0.000,0.000,0.0,0.000,0.000,0.0
17.2089,21537,267143,0.000,0.000,0.0,0.000,0.000,0.0,0.000,0.000,0.0
17.2089,21538,267148,0.000,0.000,0.0,0.000,0.000,0.0,0.000,0.000,0.0
17.2748,21539,269538,0.000,0.000,0.0,0.000,0.000,0.0,0.000,0.000,0.0
17.2748,21540,269543,0.000,0.000,0.0,0.000,0.000,0.0,0.000,0.000,0.0
17.2748,21541,269548,0.000,0.000,0.0,0.000,0.000,0.0,0.000,0.000,0.0
17.2748,21542,269553,0.000,0.000,0.0,0.000,0.000,0.0,0.000,0.000,0.0
17.2748,21543,269558,0.000,0.000,0.0,0.000,0.000,0.0,0.000,0.000,0.0
17.2748,21544,269563,0.000,0.000,0.0,0.000,0.000,0.0,0.000,0.000,0.0
17.2748,21545,269568,0.000,0.000,0.0,0.000,0.000,0.0,0.000,0.000,0.0
17.2748,21546,269573,0.000,0.000,0.0,0.000,0.000,0.0,0.000,0.000,0.0
17.2748,21547,269578,0.000,0.000,0.0,0.000,0.000,0.0,0.000,0.000,0.0
17.2920,21548,269583,0.000,0.000,0.0,0.000,0.000,0.0,0.000,0.000,0.0
17.2920,21549,269588,0.000,0.000,0.0,0.000,0.000,0.0,0.000,0.000,0.0
17.2920,21550,269593,0.000,0.000,0.0,0.000,0.000,0.0,0.000,0.000,0.0
17.2920,21551,269598,0.000,0.000,0.0,0.000,0.000,0.0,0.000,0.000,0.0
17.2920,21552,269603,0.000,0.000,0.0,0.000,0.000,0.0,0.000,0.000,0.0
17.2920,21553,269608,0.000,0.000,0.0,0.000,0.000,0.0,0.000,0.000,0.0
17.2920,21554,269613,0.000,0.000,0.0,0.000,0.000,0.0,0.000,0.000,0.0
17.2920,21555,269618,0.000,0.000,0.0,0.000,0.000,0.0,0.000,0.000,0.0
17.4108,21556,269623,0.000,0.000,0.0,0.000,0.000,0.0,0.000,0.000,0.0
17.4108,21557,269628,0.000,0.000,0.0,0.000,0.000,0.0,0.000,0.000,0.0
17.4108,21558,269633,0.000,0.000,0.0,0.000,0.000,0.0,0.000,0.000,0.0
17.4108,21559,269638,0.000,0.000,0.0,0.000,0.000,0.0,0.000,0.000,0.0
17.4108,21560,269643,0.000,0.000,0.0,0.000,0.000,0.0,0.000,0.000,0.0
17.4108,21561,269648,0.000,0.000,0.0,0.000,0.000,0.0,0.000,0.000,0.0
17.4108,21562,269653,0.000,0.000,0.0,0.000,0.000,0.0,0.000,0.000,0.0
17.4108,21563,269658,0.000,0.000,0.0,0.000,0.000,0.0,0.000,0.000,0.0
17.4108,21564,269663,0.000,0.000,0.0,0.000,0.000,0.0,0.000,0.000,0.0
17.4108,21565,269668,0.000,0.000,0.0,0.000,0.000,0.0,0.000,0.000,0.0
17.4108,21566,269673,0.000,0.000,0.0,0.000,0.000,0.0,0.000,0.000,0.0
17.4108,21567,269678,0.000,0.000,0.0,0.000,0.000,0.0,0.000,0.000,0.0
17.4108,21568,269683,0.000,0.000,0.0,0.000,0.000,0.0,0.000,0.000,0.0
17.4108,21569,269688,0.000,0.000,0.0,0.000,0.000,0.0,0.000,0.000,0.0
17.4108,21570,269693,0.000,0.000,0.0,0.000,0.000,0.0,0.000,0.000,0.0
17.4108,21571,269698,0.000,0.000,0.0,0.000,0.000,0.0,0.000,0.000,0.0
17.4664,21572,269703,0.000,0.000,0.0,0.000,0.000,0.0,0.000,0.000,0.0
17.4664,21573,269708,0.000,0.000,0.0,0.000,0.000,0.0,0.000,0.000,0.0
17.4664,21574,269713,0.000,0.000,0.0,0.000,0.000,0.0,0.000,0.000,0.0
17.4664,21575,269718,0.000,0.000,0.0,0.000,0.000,0.0,0.000,0.000,0.0
17.4664,21576,269723,0.000,0.000,0.0,0.000,0.000,0.0,0.000,0.000,0.0
17.4664,21577,269728,0.000,0.000,0.0,0.000,0.000,0.0,0.000,0.000,0.0
17.4664,21578,269733,0.000,0.000,0.0,0.000,0.000,0.0,0.000,0.000,0.0
17.4664,21579,269738,0.000,0.000,0.0,0.000,0.000,0.0,0.000,0.000,0.0
17.4664,21580,269743,0.000,0.000,0.0,0.000,0.000,0.0,0.000,0.000,0.0
17.4664,21581,269748,0.000,0.000,0.0,0.000,0.000,0.0,0.000,0.000,0.0
17.4664,21582,269753,0.000,0.000,0.0,0.000,0.000,0.0,0.000,0.000,0.0
17.4664,21583,269758,0.000,0.000,0.0,0.000,0.000,0.0,0.000,0.000,0.0
17.4664,21584,269763,0.000,0.000,0.0,0.000,0.000,0.0,0.000,0.000,0.0
17.4664,21585,269768,0.000,0.000,0.0,0.000,0.000,0.0,0.000,0.000,0.0
17.4664,21586,269773,0.000,0.000,0.0,0.000,0.000,0.0,0.000,0.000,0.0
17.4664,21587,269778,0.000,0.000,0.0,0.000,0.000,0.0,0.000,0.000,0.0
17.5310,21588,269783,0.000,0.000,0.0,0.000,0.000,0.0,0.000,0.000,0.0
17.5310,21589,269788,0.000,0.000,0.0,0.000,0.000,0.0,0.000,0.000,0.0
17.5310,21590,269793,0.000,0.000,0.0,0.000,0.000,0.0,0.000,0.000,0.0
17.5310,21591,269798,0.000,0.000,0.0,0.000,0.000,0.0,0.000,0.000,0.0
17.5310,21592,269803,0.000,0.000,0.0,0.000,0.000,0.0,0.000,0.000,0.0
17.5310,21593,269808,0.000,0.000,0.0,0.000,0.000,0.0,0.000,0.000,0.0
17.5310,21594,269813,0.000,0.000,0.0,0.000,0.000,0.0,0.000,0.000,0.0
17.5310,21595,269818,0.000,0.000,0.0,0.000,0.000,0.0,0.000,0.000,0.0
17.6098,21596,269823,0.000,0.000,0.0,0.000,0.000,0.0,0.000,0.000,0.0
17.6098,21597,269828,0.000,0.000,0.0,0.000,0.000,0.0,0.000,0.000,0.0
17.6098,21598,269833,0.000,0.000,0.0,0.000,0.000,0.0,0.000,0.000,0.0
17.6098,21599,269838,0.000,0.000,0.0,0.000,0.000,0.0,0.000,0.000,0.0
17.6098,21600,269843,0.000,0.000,0.0,0.000,0.000,0.0,0.000,0.000,0.0
17.6098,21601,269848,0.000,0.000,0.0,0.000,0.000,0.0,0.000,0.000,0.0
17.6098,21602,269853,0.000,0.000,0.0,0.000,0.000,0.0,0.000,0.000,0.0
17.6098,21603,269858,0.000,0.000,0.0,0.000,0.000,0.0,0.000,0.000,0.0
17.6098,21604,269863,0.000,0.000,0.0,0.000,0.000,0.0,0.000,0.000,0.0
17.6098,21605,269868,0.000,0.000,0.0,0.000,0.000,0.0,0.000,0.000,0.0
17.6098,21606,269873,0.000,0.000,0.0,0.000,0.000,0.0,0.000,0.000,0.0
17.6098,21607,269878,0.000,0.000,0.0,0.000,0.000,0.0,0.000,0.000,0.0
17.6098,21608,269883,0.000,0.000,0.0,0.000,0.000,0.0,0.000,0.000,0.0
17.6098,21609,269888,0.000,0.000,0.0,0.000,0.000,0.0,0.000,0.000,0.0
17.6098,21610,269893,0.000,0.000,0.0,0.000,0.000,0.0,0.000,0.000,0.0
17.6098,21611,269898,0.000,0.000,0.0,0.000,0.000,0.0,0.000,0.000,0.0
17.6679,21612,269903,0.000,0.000,0.0,0.000,0.000,0.0,0.000,0.000,0.0
17.6679,21613,269908,0.000,0.000,0.0,0.000,0.000,0.0,0.000,0.000,0.0
17.6679,21614,269913,0.000,0.000,0.0,0.000,0.000,0.0,0.000,0.000,0.0
17.6679,21615,269918,0.000,0.000,0.0,0.000,0.000,0.0,0.000,0.000,0.0
17.6679,21616,269923,0.000,0.000,0.0,0.000,0.000,0.0,0.000,0.000,0.0
17.6679,21617,269928,0.000,0.000,0.0,0.000,0.000,0.0,0.000,0.000,0.0
17.6679,21618,269933,0.000,0.000,0.0,0.000,0.000,0.0,0.000,0.000,0.0
17.6679,21619,269938,0.000,0.000,0.0,0.000,0.000,0.0,0.000,0.000,0.0
17.6679,21620,269943,0.000,0.000,0.0,0.000,0.000,0.0,0.000,0.000,0.0
17.6679,21621,269948,0.000,0.000,0.0,0.000,0.000,0.0,0.000,0.000,0.0
17.6679,21622,269953,0.000,0.000,0.0,0.000,0.000,0.0,0.000,0.000,0.0
17.6679,21623,269958,0.000,0.000,0.0,0.000,0.000,0.0,0.000,0.000,0.0
17.6679,21624,269963,0.000,0.000,0.0,0.000,0.000,0.0,0.000,0.000,0.0
17.6679,21625,269968,0.000,0.000,0.0,0.000,0.000,0.0,0.000,0.000,0.0
17.6679,21626,269973,0.000,0.000,0.0,0.000,0.000,0.0,0.000,0.000,0.0
17.6679,21627,269978,0.000,0.000,0.0,0.000,0.000,0.0,0.000,0.000,0.0
17.7694,21628,269983,0.000,0.000,0.0,0.000,0.000,0.0,0.000,0.000,0.0
17.7694,21629,269988,0.000,0.000,0.0,0.000,0.000,0.0,0.000,0.000,0.0
17.7694,21630,269993,0.000,0.000,0.0,0.000,0.000,0.0,0.000,0.000,0.0
17.7694,21631,269998,0.000,0.000,0.0,0.000,0.000,0.0,0.000,0.000,0.0
17.7694,21632,270003,0.000,0.000,0.0,0.000,0.000,0.0,0.000,0.000,0.0
17.7694,21633,270008,0.000,0.000,0.0,0.000,0.000,0.0,0.000,0.000,0.0
17.7694,21634,270013,0.000,0.000,0.0,0.000,0.000,0.0,0.000,0.000,0.0
17.7694,21635,270018,0.000,0.000,0.0,0.000,0.000,0.0,0.000,0.000,0.0
17.7694,21636,270023,0.000,0.000,0.0,0.000,0.000,0.0,0.000,0.000,0.0
17.7694,21637,270028,0.000,0.000,0.0,0.000,0.000,0.0,0.000,0.000,0.0
17.7694,21638,270033,0.000,0.000,0.0,0.000,0.000,0.0,0.000,0.000,0.0
17.7694,21639,270038,0.000,0.000,0.0,0.000,0.000,0.0,0.000,0.000,0.0
17.7694,21640,270043,0.000,0.000,0.0,0.000,0.000,0.0,0.000,0.000,0.0
17.7694,21641,270048,0.000,0.000,0.0,0.000,0.000,0.0,0.000,0.000,0.0
17.7694,21642,270053,0.000,0.000,0.0,0.000,0.000,0.0,0.000,0.000,0.0
17.7694,21643,270058,0.000,0.000,0.0,0.000,0.000,0.0,0.000,0.000,0.0
17.8250,21644,270063,0.000,0.000,0.0,0.000,0.000,0.0,0.000,0.000,0.0
17.8250,21645,270068,0.000,0.000,0.0,0.000,0.000,0.0,0.000,0.000,0.0
17.8250,21646,270073,0.000,0.000,0.0,0.000,0.000,0.0,0.000,0.000,0.0
17.8250,21647,270078,0.000,0.000,0.0,0.000,0.000,0.0,0.000,0.000,0.0
17.8250,21648,270083,0.000,0.000,0.0,0.000,0.000,0.0,0.000,0.000,0.0
17.8250,21649,270088,0.000,0.000,0.0,0.000,0.000,0.0,0.000,0.000,0.0
17.8250,21650,270093,0.000,0.000,0.0,0.000,0.000,0.0,0.000,0.000,0.0
17.8250,21651,270098,0.000,0.000,0.0,0.000,0.000,0.0,0.000,0.000,0.0
17.8250,21652,270103,0.000,0.000,0.0,0.000,0.000,0.0,0.000,0.000,0.0
17.8250,21653,270108,0.000,0.000,0.0,0.000,0.000,0.0,0.000,0.000,0.0
17.8250,21654,270113,0.000,0.000,0.0,0.000,0.000,0.0,0.000,0.000,0.0
17.8250,21655,270118,0.000,0.000,0.0,0.000,0.000,0.0,0.000,0.000,0.0
17.8250,21656,270123,0.000,0.000,0.0,0.000,0.000,0.0,0.000,0.000,0.0
17.8250,21657,270128,0.000,0.000,0.0,0.000,0.000,0.0,0.000,0.000,0.0
17.8250,21658,270133,0.000,0.000,0.0,0.000,0.000,0.0,0.000,0.000,0.0
17.8250,21659,270138,0.000,0.000,0.0,0.000,0.000,0.0,0.000,0.000,0.0
17.9053,21660,270143,0.000,0.000,0.0,0.000,0.000,0.0,0.000,0.000,0.0
17.9053,21661,270148,0.000,0.000,0.0,0.000,0.000,0.0,0.000,0.000,0.0
17.9053,21662,270153,0.000,0.000,0.0,0.000,0.000,0.0,0.000,0.000,0.0
17.9053,21663,270158,0.000,0.000,0.0,0.000,0.000,0.0,0.000,0.000,0.0
17.9053,21664,270163,0.000,0.000,0.0,0.000,0.000,0.0,0.000,0.000,0.0
17.9053,21665,270168,0.000,0.000,0.0,0.000,0.000,0.0,0.000,0.000,0.0
17.9053,21666,270173,0.000,0.000,0.0,0.000,0.000,0.0,0.000,0.000,0.0
17.9053,21667,270178,0.000,0.000,0.0,0.000,0.000,0.0,0.000,0.000,0.0
17.9053,21668,270183,0.000,0.000,0.0,0.000,0.000,0.0,0.000,0.000,0.0
17.9053,21669,270188,0.000,0.000,0.0,0.000,0.000,0.0,0.000,0.000,0.0
17.9053,21670,270193,0.000,0.000,0.0,0.000,0.000,0.0,0.000,0.000,0.0
17.9053,21671,270198,0.000,0.000,0.0,0.000,0.000,0.0,0.000,0.000,0.0
17.9053,21672,270203,0.000,0.000,0.0,0.000,0.000,0.0,0.000,0.000,0.0
17.9053,21673,270208,0.000,0.000,0.0,0.000,0.000,0.0,0.000,0.000,0.0
17.9053,21674,270213,0.000,0.000,0.0,0.000,0.000,0.0,0.000,0.000,0.0
17.9053,21675,270218,0.000,0.000,0.0,0.000,0.000,0.0,0.000,0.000,0.0
18.0153,21676,270223,0.000,0.000,0.0,0.000,0.000,0.0,0.000,0.000,0.0
18.0153,21677,270228,0.000,0.000,0.0,0.000,0.000,0.0,0.000,0.000,0.0
18.0153,21678,270233,0.000,0.000,0.0,0.000,0.000,0.0,0.000,0.000,0.0
18.0153,21679,270238,0.000,0.000,0.0,0.000,0.000,0.0,0.000,0.000,0.0
18.0153,21680,270243,0.000,0.000,0.0,0.000,0.000,0.0,0.000,0.000,0.0
18.0153,21681,270248,0.000,0.000,0.0,0.000,0.000,0.0,0.000,0.000,0.0
18.0153,21682,270253,0.000,0.000,0.0,0.000,0.000,0.0,0.000,0.000,0.0
18.0153,21683,270258,0.000,0.000,0.0,0.000,0.000,0.0,0.000,0.000,0.0
18.0153,21684,270263,0.000,0.000,0.0,0.000,0.000,0.0,0.000,0.000,0.0
18.0153,21685,270268,0.000,0.000,0.0,0.000,0.000,0.0,0.000,0.000,0.0
18.0153,21686,270273,0.000,0.000,0.0,0.000,0.000,0.0,0.000,0.000,0.0
18.0153,21687,270278,0.000,0.000,0.0,0.000,0.000,0.0,0.000,0.000,0.0
18.0153,21688,270283,0.000,0.000,0.0,0.000,0.000,0.0,0.000,0.000,0.0
18.0153,21689,270288,0.000,0.000,0.0,0.000,0.000,0.0,0.000,0.000,0.0
18.0153,21690,270293,0.000,0.000,0.0,0.000,0.000,0.0,0.000,0.000,0.0
18.0153,21691,270298,0.000,0.000,0.0,0.000,0.000,0.0,0.000,0.000,0.0
18.1229,21692,270303,0.000,0.000,0.0,0.000,0.000,0.0,0.000,0.000,0.0
18.1229,21693,270308,0.000,0.000,0.0,0.000,0.000,0.0,0.000,0.000,0.0
18.1229,21694,270313,0.000,0.000,0.0,0.000,0.000,0.0,0.000,0.000,0.0
18.1229,21695,270318,0.000,0.000,0.0,0.000,0.000,0.0,0.000,0.000,0.0
18.1229,21696,270323,0.000,0.000,0.0,0.000,0.000,0.0,0.000,0.000,0.0
18.1229,21697,270328,0.000,0.000,0.0,0.000,0.000,0.0,0.000,0.000,0.0
18.1229,21698,270333,0.000,0.000,0.0,0.000,0.000,0.0,0.000,0.000,0.0
18.1229,21699,270338,0.000,0.000,0.0,0.000,0.000,0.0,0.000,0.000,0.0
18.1229,21700,270343,0.000,0.000,0.0,0.000,0.000,0.0,0.000,0.000,0.0
18.1229,21701,270348,0.000,0.000,0.0,0.000,0.000,0.0,0.000,0.000,0.0
18.1229,21702,270353,0.000,0.000,0.0,0.000,0.000,0.0,0.000,0.000,0.0
18.1229,21703,270358,0.000,0.000,0.0,0.000,0.000,0.0,0.000,0.000,0.0
18.1229,21704,270363,0.000,0.000,0.0,0.000,0.000,0.0,0.000,0.000,0.0
18.1229,21705,270368,0.000,0.000,0.0,0.000,0.000,0.0,0.000,0.000,0.0
18.1229,21706,270373,0.000,0.000,0.0,0.000,0.000,0.0,0.000,0.000,0.0
18.1229,21707,270378,0.000,0.000,0.0,0.000,0.000,0.0,0.000,0.000,0.0
18.1229,21708,270383,0.000,0.000,0.0,0.000,0.000,0.0,0.000,0.000,0.0
18.1229,21709,270388,0.000,0.000,0.0,0.000,0.000,0.0,0.000,0.000,0.0
18.1229,21710,270393,0.000,0.000,0.0,0.000,0.000,0.0,0.000,0.000,0.0
18.1229,21711,270398,0.000,0.000,0.0,0.000,0.000,0.0,0.000,0.000,0.0
18.1229,21712,270403,0.000,0.000,0.0,0.000,0.000,0.0,0.000,0.000,0.0
18.1229,21713,270408,0.000,0.000,0.0,0.000,0.000,0.0,0.000,0.000,0.0
18.1229,21714,270413,0.000,0.000,0.0,0.000,0.000,0.0,0.000,0.000,0.0
18.1229,21715,270418,0.000,0.000,0.0,0.000,0.000,0.0,0.000,0.000,0.0
18.2144,21716,270423,0.000,0.000,0.0,0.000,0.000,0.0,0.000,0.000,0.0
18.2144,21717,270428,0.000,0.000,0.0,0.000,0.000,0.0,0.000,0.000,0.0
18.2144,21718,270433,0.000,0.000,0.0,0.000,0.000,0.0,0.000,0.000,0.0
18.2144,21719,270438,0.000,0.000,0.0,0.000,0.000,0.0,0.000,0.000,0.0
18.2144,21720,270443,0.000,0.000,0.0,0.000,0.000,0.0,0.000,0.000,0.0
18.2144,21721,270448,0.000,0.000,0.0,0.000,0.000,0.0,0.000,0.000,0.0
18.2144,21722,270453,0.000,0.000,0.0,0.000,0.000,0.0,0.000,0.000,0.0
18.2144,21723,270458,0.000,0.000,0.0,0.000,0.000,0.0,0.000,0.000,0.0
18.2144,21724,270463,0.000,0.000,0.0,0.000,0.000,0.0,0.000,0.000,0.0
18.2144,21725,270468,0.000,0.000,0.0,0.000,0.000,0.0,0.000,0.000,0.0
18.2144,21726,270473,0.000,0.000,0.0,0.000,0.000,0.0,0.000,0.000,0.0
18.2144,21727,270478,0.000,0.000,0.0,0.000,0.000,0.0,0.000,0.000,0.0
18.2144,21728,270483,0.000,0.000,0.0,0.000,0.000,0.0,0.000,0.000,0.0
18.2144,21729,270488,0.000,0.000,0.0,0.000,0.000,0.0,0.000,0.000,0.0
18.2144,21730,270493,0.000,0.000,0.0,0.000,0.000,0.0,0.000,0.000,0.0
18.2144,21731,270498,0.000,0.000,0.0,0.000,0.000,0.0,0.000,0.000,0.0
18.3527,21732,270503,0.000,0.000,0.0,0.000,0.000,0.0,0.000,0.000,0.0
18.3527,21733,270508,0.000,0.000,0.0,0.000,0.000,0.0,0.000,0.000,0.0
18.3527,21734,270513,0.000,0.000,0.0,0.000,0.000,0.0,0.000,0.000,0.0
18.3527,21735,270518,0.000,0.000,0.0,0.000,0.000,0.0,0.000,0.000,0.0
18.3527,21736,270523,0.000,0.000,0.0,0.000,0.000,0.0,0.000,0.000,0.0
18.3527,21737,270528,0.000,0.000,0.0,0.000,0.000,0.0,0.000,0.000,0.0
18.3527,21738,270533,0.000,0.000,0.0,0.000,0.000,0.0,0.000,0.000,0.0
18.3527,21739,270538,0.000,0.000,0.0,0.000,0.000,0.0,0.000,0.000,0.0
18.3527,21740,270543,0.000,0.000,0.0,0.000,0.000,0.0,0.000,0.000,0.0
18.3527,21741,270548,0.000,0.000,0.0,0.000,0.000,0.0,0.000,0.000,0.0
18.3527,21742,270553,0.000,0.000,0.0,0.000,0.000,0.0,0.000,0.000,0.0
18.3527,21743,270558,0.000,0.000,0.0,0.000,0.000,0.0,0.000,0.000,0.0
18.3527,21744,270563,0.000,0.000,0.0,0.000,0.000,0.0,0.000,0.000,0.0
18.3527,21745,270568,0.000,0.000,0.0,0.000,0.000,0.0,0.000,0.000,0.0
18.3527,21746,270573,0.000,0.000,0.0,0.000,0.000,0.0,0.000,0.000,0.0
18.3527,21747,270578,0.000,0.000,0.0,0.000,0.000,0.0,0.000,0.000,0.0
18.3527,21748,270583,0.000,0.000,0.0,0.000,0.000,0.0,0.000,0.000,0.0
18.3527,21749,270588,0.000,0.000,0.0,0.000,0.000,0.0,0.000,0.000,0.0
18.3527,21750,270593,0.000,0.000,0.0,0.000,0.000,0.0,0.000,0.000,0.0
18.3527,21751,270598,0.000,0.000,0.0,0.000,0.000,0.0,0.000,0.000,0.0
18.3527,21752,270603,0.000,0.000,0.0,0.000,0.000,0.0,0.000,0.000,0.0
18.3527,21753,270608,0.000,0.000,0.0,0.000,0.000,0.0,0.000,0.000,0.0
18.3527,21754,270613,0.000,0.000,0.0,0.000,0.000,0.0,0.000,0.000,0.0
18.3527,21755,270618,0.000,0.000,0.0,0.000,0.000,0.0,0.000,0.000,0.0
20.6908,21756,270623,0.000,0.000,0.0,0.000,0.000,0.0,0.000,0.000,0.0
20.6917,21757,270628,0.000,0.000,0.0,0.000,0.000,0.0,0.000,0.000,0.0
20.6917,21758,270633,0.000,0.000,0.0,0.000,0.000,0.0,0.000,0.000,0.0
20.6917,21759,270638,0.000,0.000,0.0,0.000,0.000,0.0,0.000,0.000,0.0
20.6917,21760,270643,0.000,0.000,0.0,0.000,0.000,0.0,0.000,0.000,0.0
20.6917,21761,270648,0.000,0.000,0.0,0.000,0.000,0.0,0.000,0.000,0.0
20.6917,21762,270653,0.000,0.000,0.0,0.000,0.000,0.0,0.000,0.000,0.0
20.6917,21763,270658,0.000,0.000,0.0,0.000,0.000,0.0,0.000,0.000,0.0
20.6917,21764,270663,0.000,0.000,0.0,0.000,0.000,0.0,0.000,0.000,0.0
20.6917,21765,270668,0.000,0.000,0.0,0.000,0.000,0.0,0.000,0.000,0.0
20.6917,21766,270673,0.000,0.000,0.0,0.000,0.000,0.0,0.000,0.000,0.0
20.6917,21767,270678,0.000,0.000,0.0,0.000,0.000,0.0,0.000,0.000,0.0
20.6917,21768,270683,0.000,0.000,0.0,0.000,0.000,0.0,0.000,0.000,0.0
20.6917,21769,270688,0.000,0.000,0.0,0.000,0.000,0.0,0.000,0.000,0.0
20.6917,21770,270693,0.000,0.000,0.0,0.000,0.000,0.0,0.000,0.000,0.0
20.6917,21771,270698,0.000,0.000,0.0,0.000,0.000,0.0,0.000,0.000,0.0
20.6917,21772,270703,0.000,0.000,0.0,0.000,0.000,0.0,0.000,0.000,0.0
20.6917,21773,270708,0.000,0.000,0.0,0.000,0.000,0.0,0.000,0.000,0.0
20.6917,21774,270713,0.000,0.000,0.0,0.000,0.000,0.0,0.000,0.000,0.0
20.6917,21775,270718,0.000,0.000,0.0,0.000,0.000,0.0,0.000,0.000,0.0
20.6917,21776,270723,0.000,0.000,0.0,0.000,0.000,0.0,0.000,0.000,0.0
20.6917,21777,270728,0.000,0.000,0.0,0.000,0.000,0.0,0.000,0.000,0.0
20.6917,21778,270733,0.000,0.000,0.0,0.000,0.000,0.0,0.000,0.000,0.0
20.6917,21779,270738,0.000,0.000,0.0,0.000,0.000,0.0,0.000,0.000,0.0
20.6917,21780,270743,0.000,0.000,0.0,0.000,0.000,0.0,0.000,0.000,0.0
20.6917,21781,270748,0.000,0.000,0.0,0.000,0.000,0.0,0.000,0.000,0.0
20.6917,21782,270753,0.000,0.000,0.0,0.000,0.000,0.0,0.000,0.000,0.0
20.6917,21783,270758,0.000,0.000,0.0,0.000,0.000,0.0,0.000,0.000,0.0
20.6917,21784,270763,0.000,0.000,0.0,0.000,0.000,0.0,0.000,0.000,0.0
20.6917,21785,270768,0.000,0.000,0.0,0.000,0.000,0.0,0.000,0.000,0.0
20.6917,21786,270773,0.000,0.000,0.0,0.000,0.000,0.0,0.000,0.000,0.0
20.6917,21787,270778,0.000,0.000,0.0,0.000,0.000,0.0,0.000,0.000,0.0
20.6917,21788,270783,0.000,0.000,0.0,0.000,0.000,0.0,0.000,0.000,0.0
20.6917,21789,270788,0.000,0.000,0.0,0.000,0.000,0.0,0.000,0.000,0.0
20.6917,21790,270793,0.000,0.000,0.0,0.000,0.000,0.0,0.000,0.000,0.0
20.6917,21791,270798,0.000,0.000,0.0,0.000,0.000,0.0,0.000,0.000,0.0
20.6917,21792,270803,0.000,0.000,0.0,0.000,0.000,0.0,0.000,0.000,0.0
20.6917,21793,270808,0.000,0.000,0.0,0.000,0.000,0.0,0.000,0.000,0.0
20.6917,21794,270813,0.000,0.000,0.0,0.000,0.000,0.0,0.000,0.000,0.0
20.6917,21795,270818,0.000,0.000,0.0,0.000,0.000,0.0,0.000,0.000,0.0
20.6917,21796,271052,0.000,0.000,0.0,0.000,0.000,0.0,0.000,0.000,0.0
20.7050,21797,271057,0.000,0.000,0.0,0.000,0.000,0.0,0.000,0.000,0.0
20.7050,21798,271062,0.000,0.000,0.0,0.000,0.000,0.0,0.000,0.000,0.0
20.7050,21799,271067,0.000,0.000,0.0,0.000,0.000,0.0,0.000,0.000,0.0
20.7050,21800,271072,0.000,0.000,0.0,0.000,0.000,0.0,0.000,0.000,0.0
20.7050,21801,271077,0.000,0.000,0.0,0.000,0.000,0.0,0.000,0.000,0.0
20.7050,21802,271082,0.000,0.000,0.0,0.000,0.000,0.0,0.000,0.000,0.0
20.7050,21803,271087,0.000,0.000,0.0,0.000,0.000,0.0,0.000,0.000,0.0
20.7050,21804,271092,0.000,0.000,0.0,0.000,0.000,0.0,0.000,0.000,0.0
20.7576,21805,271097,0.000,0.000,0.0,0.000,0.000,0.0,0.000,0.000,0.0
20.7576,21806,271102,0.000,0.000,0.0,0.000,0.000,0.0,0.000,0.000,0.0
20.7576,21807,271107,0.000,0.000,0.0,0.000,0.000,0.0,0.000,0.000,0.0
20.7576,21808,271112,0.000,0.000,0.0,0.000,0.000,0.0,0.000,0.000,0.0
20.7576,21809,271117,0.000,0.000,0.0,0.000,0.000,0.0,0.000,0.000,0.0
20.7576,21810,271122,0.000,0.000,0.0,0.000,0.000,0.0,0.000,0.000,0.0
20.7576,21811,271127,0.000,0.000,0.0,0.000,0.000,0.0,0.000,0.000,0.0
20.7576,21812,271132,0.000,0.000,0.0,0.000,0.000,0.0,0.000,0.000,0.0
20.7576,21813,273034,0.000,0.000,0.0,0.000,0.000,0.0,0.000,0.000,0.0
20.7576,21814,273038,0.000,0.000,0.0,0.000,0.000,0.0,0.000,0.000,0.0
20.7576,21815,273043,0.000,0.000,0.0,0.000,0.000,0.0,0.000,0.000,0.0
20.7576,21816,273048,0.000,0.000,0.0,0.000,0.000,0.0,0.000,0.000,0.0
20.7576,21817,273053,0.000,0.000,0.0,0.000,0.000,0.0,0.000,0.000,0.0
20.7576,21818,273058,0.000,0.000,0.0,0.000,0.000,0.0,0.000,0.000,0.0
20.7576,21819,273063,0.000,0.000,0.0,0.000,0.000,0.0,0.000,0.000,0.0
20.7576,21820,273068,0.000,0.000,0.0,0.000,0.000,0.0,0.000,0.000,0.0
20.7576,21821,273073,0.000,0.000,0.0,0.000,0.000,0.0,0.000,0.000,0.0
20.8728,21822,273078,0.000,0.000,0.0,0.000,0.000,0.0,0.000,0.000,0.0
20.8728,21823,273083,0.000,0.000,0.0,0.000,0.000,0.0,0.000,0.000,0.0
20.8728,21824,273088,0.000,0.000,0.0,0.000,0.000,0.0,0.000,0.000,0.0
20.8728,21825,273093,0.000,0.000,0.0,0.000,0.000,0.0,0.000,0.000,0.0
20.8728,21826,273098,0.000,0.000,0.0,0.000,0.000,0.0,0.000,0.000,0.0
20.8728,21827,273103,0.000,0.000,0.0,0.000,0.000,0.0,0.000,0.000,0.0
20.8728,21828,273108,0.000,0.000,0.0,0.000,0.000,0.0,0.000,0.000,0.0
20.8728,21829,273113,0.000,0.000,0.0,0.000,0.000,0.0,0.000,0.000,0.0
20.8728,21830,273118,0.000,0.000,0.0,0.000,0.000,0.0,0.000,0.000,0.0
20.8728,21831,273123,0.000,0.000,0.0,0.000,0.000,0.0,0.000,0.000,0.0
20.8728,21832,273128,0.000,0.000,0.0,0.000,0.000,0.0,0.000,0.000,0.0
20.8728,21833,273133,0.000,0.000,0.0,0.000,0.000,0.0,0.000,0.000,0.0
20.8728,21834,273138,0.000,0.000,0.0,0.000,0.000,0.0,0.000,0.000,0.0
20.8728,21835,273143,0.000,0.000,0.0,0.000,0.000,0.0,0.000,0.000,0.0
20.8728,21836,273148,0.000,0.000,0.0,0.000,0.000,0.0,0.000,0.000,0.0
20.8728,21837,273153,0.000,0.000,0.0,0.000,0.000,0.0,0.000,0.000,0.0
20.9733,21838,273158,0.000,0.000,0.0,0.000,0.000,0.0,0.000,0.000,0.0
20.9733,21839,273163,0.000,0.000,0.0,0.000,0.000,0.0,0.000,0.000,0.0
20.9733,21840,273168,0.000,0.000,0.0,0.000,0.000,0.0,0.000,0.000,0.0
20.9733,21841,273173,0.000,0.000,0.0,0.000,0.000,0.0,0.000,0.000,0.0
20.9733,21842,273178,0.000,0.000,0.0,0.000,0.000,0.0,0.000,0.000,0.0
20.9733,21843,273183,0.000,0.000,0.0,0.000,0.000,0.0,0.000,0.000,0.0
20.9733,21844,273188,0.000,0.000,0.0,0.000,0.000,0.0,0.000,0.000,0.0
20.9733,21845,273193,0.000,0.000,0.0,0.000,0.000,0.0,0.000,0.000,0.0
20.9733,21846,273198,0.000,0.000,0.0,0.000,0.000,0.0,0.000,0.000,0.0
20.9733,21847,273203,0.000,0.000,0.0,0.000,0.000,0.0,0.000,0.000,0.0
20.9733,21848,273208,0.000,0.000,0.0,0.000,0.000,0.0,0.000,0.000,0.0
20.9733,21849,273213,0.000,0.000,0.0,0.000,0.000,0.0,0.000,0.000,0.0
20.9733,21850,273218,0.000,0.000,0.0,0.000,0.000,0.0,0.000,0.000,0.0
20.9733,21851,273223,0.000,0.000,0.0,0.000,0.000,0.0,0.000,0.000,0.0
20.9733,21852,273228,0.000,0.000,0.0,0.000,0.000,0.0,0.000,0.000,0.0
20.9733,21853,273233,0.000,0.000,0.0,0.000,0.000,0.0,0.000,0.000,0.0
20.9733,21854,273238,0.000,0.000,0.0,0.000,0.000,0.0,0.000,0.000,0.0
20.9733,21855,273243,0.000,0.000,0.0,0.000,0.000,0.0,0.000,0.000,0.0
20.9733,21856,273248,0.000,0.000,0.0,0.000,0.000,0.0,0.000,0.000,0.0
20.9733,21857,273253,0.000,0.000,0.0,0.000,0.000,0.0,0.000,0.000,0.0
20.9733,21858,273258,0.000,0.000,0.0,0.000,0.000,0.0,0.000,0.000,0.0
20.9733,21859,273263,0.000,0.000,0.0,0.000,0.000,0.0,0.000,0.000,0.0
20.9733,21860,273268,0.000,0.000,0.0,0.000,0.000,0.0,0.000,0.000,0.0
20.9733,21861,273273,0.000,0.000,0.0,0.000,0.000,0.0,0.000,0.000,0.0
21.0317,21862,273278,0.000,0.000,0.0,0.000,0.000,0.0,0.000,0.000,0.0
21.0317,21863,273283,0.000,0.000,0.0,0.000,0.000,0.0,0.000,0.000,0.0
21.0317,21864,273288,0.000,0.000,0.0,0.000,0.000,0.0,0.000,0.000,0.0
21.0317,21865,273293,0.000,0.000,0.0,0.000,0.000,0.0,0.000,0.000,0.0
21.0317,21866,273298,0.000,0.000,0.0,0.000,0.000,0.0,0.000,0.000,0.0
21.0317,21867,273303,0.000,0.000,0.0,0.000,0.000,0.0,0.000,0.000,0.0
21.0317,21868,273308,0.000,0.000,0.0,0.000,0.000,0.0,0.000,0.000,0.0
21.0317,21869,273313,0.000,0.000,0.0,0.000,0.000,0.0,0.000,0.000,0.0
21.0956,21870,273318,0.000,0.000,0.0,0.000,0.000,0.0,0.000,0.000,0.0
21.0956,21871,273323,0.000,0.000,0.0,0.000,0.000,0.0,0.000,0.000,0.0
21.0956,21872,273328,0.000,0.000,0.0,0.000,0.000,0.0,0.000,0.000,0.0
21.0956,21873,273333,0.000,0.000,0.0,0.000,0.000,0.0,0.000,0.000,0.0
21.0956,21874,273338,0.000,0.000,0.0,0.000,0.000,0.0,0.000,0.000,0.0
21.0956,21875,273343,0.000,0.000,0.0,0.000,0.000,0.0,0.000,0.000,0.0
21.0956,21876,273348,0.000,0.000,0.0,0.000,0.000,0.0,0.000,0.000,0.0
21.0956,21877,273353,0.000,0.000,0.0,0.000,0.000,0.0,0.000,0.000,0.0
21.0956,21878,273358,0.000,0.000,0.0,0.000,0.000,0.0,0.000,0.000,0.0
21.0956,21879,273363,0.000,0.000,0.0,0.000,0.000,0.0,0.000,0.000,0.0
21.0956,21880,273368,0.000,0.000,0.0,0.000,0.000,0.0,0.000,0.000,0.0
21.0956,21881,273373,0.000,0.000,0.0,0.000,0.000,0.0,0.000,0.000,0.0
21.0956,21882,273378,0.000,0.000,0.0,0.000,0.000,0.0,0.000,0.000,0.0
21.0956,21883,273383,0.000,0.000,0.0,0.000,0.000,0.0,0.000,0.000,0.0
21.0956,21884,273388,0.000,0.000,0.0,0.000,0.000,0.0,0.000,0.000,0.0
21.0956,21885,273393,0.000,0.000,0.0,0.000,0.000,0.0,0.000,0.000,0.0
21.1503,21886,273398,0.000,0.000,0.0,0.000,0.000,0.0,0.000,0.000,0.0
21.1503,21887,273403,0.000,0.000,0.0,0.000,0.000,0.0,0.000,0.000,0.0
21.1503,21888,273408,0.000,0.000,0.0,0.000,0.000,0.0,0.000,0.000,0.0
21.1503,21889,273413,0.000,0.000,0.0,0.000,0.000,0.0,0.000,0.000,0.0
21.1503,21890,273418,0.000,0.000,0.0,0.000,0.000,0.0,0.000,0.000,0.0
21.1503,21891,273423,0.000,0.000,0.0,0.000,0.000,0.0,0.000,0.000,0.0
21.1503,21892,273428,0.000,0.000,0.0,0.000,0.000,0.0,0.000,0.000,0.0
21.1503,21893,273433,0.000,0.000,0.0,0.000,0.000,0.0,0.000,0.000,0.0
21.1503,21894,273438,0.000,0.000,0.0,0.000,0.000,0.0,0.000,0.000,0.0
21.1503,21895,273443,0.000,0.000,0.0,0.000,0.000,0.0,0.000,0.000,0.0
21.1503,21896,273448,0.000,0.000,0.0,0.000,0.000,0.0,0.000,0.000,0.0
21.1503,21897,273453,0.000,0.000,0.0,0.000,0.000,0.0,0.000,0.000,0.0
21.1503,21898,273458,0.000,0.000,0.0,0.000,0.000,0.0,0.000,0.000,0.0
21.1503,21899,273463,0.000,0.000,0.0,0.000,0.000,0.0,0.000,0.000,0.0
21.1503,21900,273468,0.000,0.000,0.0,0.000,0.000,0.0,0.000,0.000,0.0
21.1503,21901,273473,0.000,0.000,0.0,0.000,0.000,0.0,0.000,0.000,0.0
21.2658,21902,273478,0.000,0.000,0.0,0.000,0.000,0.0,0.000,0.000,0.0
21.2658,21903,273483,0.000,0.000,0.0,0.000,0.000,0.0,0.000,0.000,0.0
21.2658,21904,273488,0.000,0.000,0.0,0.000,0.000,0.0,0.000,0.000,0.0
21.2658,21905,273493,0.000,0.000,0.0,0.000,0.000,0.0,0.000,0.000,0.0
21.2658,21906,273498,0.000,0.000,0.0,0.000,0.000,0.0,0.000,0.000,0.0
21.2658,21907,273503,0.000,0.000,0.0,0.000,0.000,0.0,0.000,0.000,0.0
21.2658,21908,273508,0.000,0.000,0.0,0.000,0.000,0.0,0.000,0.000,0.0
21.2658,21909,273513,0.000,0.000,0.0,0.000,0.000,0.0,0.000,0.000,0.0
21.2658,21910,273518,0.000,0.000,0.0,0.000,0.000,0.0,0.000,0.000,0.0
21.2658,21911,273523,0.000,0.000,0.0,0.000,0.000,0.0,0.000,0.000,0.0
21.2658,21912,273528,0.000,0.000,0.0,0.000,0.000,0.0,0.000,0.000,0.0
21.2658,21913,273533,0.000,0.000,0.0,0.000,0.000,0.0,0.000,0.000,0.0
21.2658,21914,273538,0.000,0.000,0.0,0.000,0.000,0.0,0.000,0.000,0.0
21.2658,21915,273543,0.000,0.000,0.0,0.000,0.000,0.0,0.000,0.000,0.0
21.2658,21916,273548,0.000,0.000,0.0,0.000,0.000,0.0,0.000,0.000,0.0
21.2658,21917,273553,0.000,0.000,0.0,0.000,0.000,0.0,0.000,0.000,0.0
21.3259,21918,273558,0.000,0.000,0.0,0.000,0.000,0.0,0.000,0.000,0.0
21.3259,21919,273563,0.000,0.000,0.0,0.000,0.000,0.0,0.000,0.000,0.0
21.3259,21920,273568,0.000,0.000,0.0,0.000,0.000,0.0,0.000,0.000,0.0
21.3259,21921,273573,0.000,0.000,0.0,0.000,0.000,0.0,0.000,0.000,0.0
21.3259,21922,273578,0.000,0.000,0.0,0.000,0.000,0.0,0.000,0.000,0.0
21.3259,21923,273583,0.000,0.000,0.0,0.000,0.000,0.0,0.000,0.000,0.0
21.3259,21924,273588,0.000,0.000,0.0,0.000,0.000,0.0,0.000,0.000,0.0
21.3259,21925,273593,0.000,0.000,0.0,0.000,0.000,0.0,0.000,0.000,0.0
21.3259,21926,273598,0.000,0.000,0.0,0.000,0.000,0.0,0.000,0.000,0.0
21.3259,21927,273603,0.000,0.000,0.0,0.000,0.000,0.0,0.000,0.000,0.0
21.3259,21928,273608,0.000,0.000,0.0,0.000,0.000,0.0,0.000,0.000,0.0
21.3259,21929,273613,0.000,0.000,0.0,0.000,0.000,0.0,0.000,0.000,0.0
21.3259,21930,273618,0.000,0.000,0.0,0.000,0.000,0.0,0.000,0.000,0.0
21.3259,21931,273623,0.000,0.000,0.0,0.000,0.000,0.0,0.000,0.000,0.0
21.3259,21932,273628,0.000,0.000,0.0,0.000,0.000,0.0,0.000,0.000,0.0
21.3259,21933,273633,0.000,0.000,0.0,0.000,0.000,0.0,0.000,0.000,0.0
21.3877,21934,273638,0.000,0.000,0.0,0.000,0.000,0.0,0.000,0.000,0.0
21.3877,21935,273643,0.000,0.000,0.0,0.000,0.000,0.0,0.000,0.000,0.0
21.3877,21936,273648,0.000,0.000,0.0,0.000,0.000,0.0,0.000,0.000,0.0
21.3877,21937,273653,0.000,0.000,0.0,0.000,0.000,0.0,0.000,0.000,0.0
21.3877,21938,273658,0.000,0.000,0.0,0.000,0.000,0.0,0.000,0.000,0.0
21.3877,21939,273663,0.000,0.000,0.0,0.000,0.000,0.0,0.000,0.000,0.0
21.3877,21940,273668,0.000,0.000,0.0,0.000,0.000,0.0,0.000,0.000,0.0
21.3877,21941,273673,0.000,0.000,0.0,0.000,0.000,0.0,0.000,0.000,0.0
21.3877,21942,273678,0.000,0.000,0.0,0.000,0.000,0.0,0.000,0.000,0.0
21.3877,21943,273683,0.000,0.000,0.0,0.000,0.000,0.0,0.000,0.000,0.0
21.3877,21944,273688,0.000,0.000,0.0,0.000,0.000,0.0,0.000,0.000,0.0
21.3877,21945,273693,0.000,0.000,0.0,0.000,0.000,0.0,0.000,0.000,0.0
21.3877,21946,273698,0.000,0.000,0.0,0.000,0.000,0.0,0.000,0.000,0.0
21.3877,21947,273703,0.000,0.000,0.0,0.000,0.000,0.0,0.000,0.000,0.0
21.3877,21948,273708,0.000,0.000,0.0,0.000,0.000,0.0,0.000,0.000,0.0
21.3877,21949,273713,0.000,0.000,0.0,0.000,0.000,0.0,0.000,0.000,0.0
21.5049,21950,273718,0.000,0.000,0.0,0.000,0.000,0.0,0.000,0.000,0.0
21.5049,21951,273723,0.000,0.000,0.0,0.000,0.000,0.0,0.000,0.000,0.0
21.5049,21952,273728,0.000,0.000,0.0,0.000,0.000,0.0,0.000,0.000,0.0
21.5049,21953,273733,0.000,0.000,0.0,0.000,0.000,0.0,0.000,0.000,0.0
21.5049,21954,273738,0.000,0.000,0.0,0.000,0.000,0.0,0.000,0.000,0.0
21.5049,21955,273743,0.000,0.000,0.0,0.000,0.000,0.0,0.000,0.000,0.0
21.5049,21956,273748,0.000,0.000,0.0,0.000,0.000,0.0,0.000,0.000,0.0
21.5049,21957,273753,0.000,0.000,0.0,0.000,0.000,0.0,0.000,0.000,0.0
21.5049,21958,273758,0.000,0.000,0.0,0.000,0.000,0.0,0.000,0.000,0.0
21.5049,21959,273763,0.000,0.000,0.0,0.000,0.000,0.0,0.000,0.000,0.0
21.5049,21960,273768,0.000,0.000,0.0,0.000,0.000,0.0,0.000,0.000,0.0
21.5049,21961,273773,0.000,0.000,0.0,0.000,0.000,0.0,0.000,0.000,0.0
21.5049,21962,273778,0.000,0.000,0.0,0.000,0.000,0.0,0.000,0.000,0.0
21.5049,21963,273783,0.000,0.000,0.0,0.000,0.000,0.0,0.000,0.000,0.0
21.5049,21964,273788,0.000,0.000,0.0,0.000,0.000,0.0,0.000,0.000,0.0
21.5049,21965,273793,0.000,0.000,0.0,0.000,0.000,0.0,0.000,0.000,0.0
21.5912,21966,273798,0.000,0.000,0.0,0.000,0.000,0.0,0.000,0.000,0.0
21.5912,21967,273803,0.000,0.000,0.0,0.000,0.000,0.0,0.000,0.000,0.0
21.5912,21968,273808,0.000,0.000,0.0,0.000,0.000,0.0,0.000,0.000,0.0
21.5912,21969,273813,0.000,0.000,0.0,0.000,0.000,0.0,0.000,0.000,0.0
21.5912,21970,273818,0.000,0.000,0.0,0.000,0.000,0.0,0.000,0.000,0.0
21.5912,21971,273823,0.000,0.000,0.0,0.000,0.000,0.0,0.000,0.000,0.0
21.5912,21972,273828,0.000,0.000,0.0,0.000,0.000,0.0,0.000,0.000,0.0
21.5912,21973,273833,0.000,0.000,0.0,0.000,0.000,0.0,0.000,0.000,0.0
21.5912,21974,273838,0.000,0.000,0.0,0.000,0.000,0.0,0.000,0.000,0.0
21.5912,21975,273843,0.000,0.000,0.0,0.000,0.000,0.0,0.000,0.000,0.0
21.5912,21976,273848,0.000,0.000,0.0,0.000,0.000,0.0,0.000,0.000,0.0
21.5912,21977,273853,0.000,0.000,0.0,0.000,0.000,0.0,0.000,0.000,0.0
21.5912,21978,273858,0.000,0.000,0.0,0.000,0.000,0.0,0.000,0.000,0.0
21.5912,21979,273863,0.000,0.000,0.0,0.000,0.000,0.0,0.000,0.000,0.0
21.5912,21980,273868,0.000,0.000,0.0,0.000,0.000,0.0,0.000,0.000,0.0
21.5912,21981,273873,0.000,0.000,0.0,0.000,0.000,0.0,0.000,0.000,0.0
21.5912,21982,273878,0.000,0.000,0.0,0.000,0.000,0.0,0.000,0.000,0.0
21.5912,21983,273883,0.000,0.000,0.0,0.000,0.000,0.0,0.000,0.000,0.0
21.5912,21984,273888,0.000,0.000,0.0,0.000,0.000,0.0,0.000,0.000,0.0
21.5912,21985,273893,0.000,0.000,0.0,0.000,0.000,0.0,0.000,0.000,0.0
21.5912,21986,273898,0.000,0.000,0.0,0.000,0.000,0.0,0.000,0.000,0.0
21.5912,21987,273903,0.000,0.000,0.0,0.000,0.000,0.0,0.000,0.000,0.0
21.5912,21988,273908,0.000,0.000,0.0,0.000,0.000,0.0,0.000,0.000,0.0
21.5912,21989,273913,0.000,0.000,0.0,0.000,0.000,0.0,0.000,0.000,0.0
21.7049,21990,273918,0.000,0.000,0.0,0.000,0.000,0.0,0.000,0.000,0.0
21.7049,21991,273923,0.000,0.000,0.0,0.000,0.000,0.0,0.000,0.000,0.0
21.7049,21992,273928,0.000,0.000,0.0,0.000,0.000,0.0,0.000,0.000,0.0
21.7049,21993,273933,0.000,0.000,0.0,0.000,0.000,0.0,0.000,0.000,0.0
21.7049,21994,273938,0.000,0.000,0.0,0.000,0.000,0.0,0.000,0.000,0.0
21.7049,21995,273943,0.000,0.000,0.0,0.000,0.000,0.0,0.000,0.000,0.0
21.7049,21996,273948,0.000,0.000,0.0,0.000,0.000,0.0,0.000,0.000,0.0
21.7049,21997,273953,0.000,0.000,0.0,0.000,0.000,0.0,0.000,0.000,0.0
21.7057,21998,273958,0.000,0.000,0.0,0.000,0.000,0.0,0.000,0.000,0.0
21.7057,21999,273963,0.000,0.000,0.0,0.000,0.000,0.0,0.000,0.000,0.0
21.7057,22000,273968,0.000,0.000,0.0,0.000,0.000,0.0,0.000,0.000,0.0
21.7057,22001,273973,0.000,0.000,0.0,0.000,0.000,0.0,0.000,0.000,0.0
21.7057,22002,273978,0.000,0.000,0.0,0.000,0.000,0.0,0.000,0.000,0.0
21.7057,22003,273983,0.000,0.000,0.0,0.000,0.000,0.0,0.000,0.000,0.0
21.7057,22004,273988,0.000,0.000,0.0,0.000,0.000,0.0,0.000,0.000,0.0
21.7057,22005,273993,0.000,0.000,0.0,0.000,0.000,0.0,0.000,0.000,0.0
21.7597,22006,273998,0.000,0.000,0.0,0.000,0.000,0.0,0.000,0.000,0.0
21.7597,22007,274003,0.000,0.000,0.0,0.000,0.000,0.0,0.000,0.000,0.0
21.7597,22008,274008,0.000,0.000,0.0,0.000,0.000,0.0,0.000,0.000,0.0
21.7597,22009,274013,0.000,0.000,0.0,0.000,0.000,0.0,0.000,0.000,0.0
21.7597,22010,274018,0.000,0.000,0.0,0.000,0.000,0.0,0.000,0.000,0.0
21.7597,22011,274023,0.000,0.000,0.0,0.000,0.000,0.0,0.000,0.000,0.0
21.7597,22012,274028,0.000,0.000,0.0,0.000,0.000,0.0,0.000,0.000,0.0
21.7597,22013,274033,0.000,0.000,0.0,0.000,0.000,0.0,0.000,0.000,0.0
21.7597,22014,274038,0.000,0.000,0.0,0.000,0.000,0.0,0.000,0.000,0.0
21.7597,22015,274043,0.000,0.000,0.0,0.000,0.000,0.0,0.000,0.000,0.0
21.7597,22016,274048,0.000,0.000,0.0,0.000,0.000,0.0,0.000,0.000,0.0
21.7597,22017,274053,0.000,0.000,0.0,0.000,0.000,0.0,0.000,0.000,0.0
21.7597,22018,274058,0.000,0.000,0.0,0.000,0.000,0.0,0.000,0.000,0.0
21.7597,22019,274063,0.000,0.000,0.0,0.000,0.000,0.0,0.000,0.000,0.0
21.7597,22020,274068,0.000,0.000,0.0,0.000,0.000,0.0,0.000,0.000,0.0
21.7597,22021,274073,0.000,0.000,0.0,0.000,0.000,0.0,0.000,0.000,0.0
21.8657,22022,274078,0.000,0.000,0.0,0.000,0.000,0.0,0.000,0.000,0.0
21.8657,22023,274083,0.000,0.000,0.0,0.000,0.000,0.0,0.000,0.000,0.0
21.8657,22024,274088,0.000,0.000,0.0,0.000,0.000,0.0,0.000,0.000,0.0
21.8657,22025,274093,0.000,0.000,0.0,0.000,0.000,0.0,0.000,0.000,0.0
21.8657,22026,274098,0.000,0.000,0.0,0.000,0.000,0.0,0.000,0.000,0.0
21.8657,22027,274103,0.000,0.000,0.0,0.000,0.000,0.0,0.000,0.000,0.0
21.8657,22028,274108,0.000,0.000,0.0,0.000,0.000,0.0,0.000,0.000,0.0
21.8657,22029,274113,0.000,0.000,0.0,0.000,0.000,0.0,0.000,0.000,0.0
21.8657,22030,274118,0.000,0.000,0.0,0.000,0.000,0.0,0.000,0.000,0.0
21.8657,22031,274123,0.000,0.000,0.0,0.000,0.000,0.0,0.000,0.000,0.0
21.8657,22032,274128,0.000,0.000,0.0,0.000,0.000,0.0,0.000,0.000,0.0
21.8657,22033,274133,0.000,0.000,0.0,0.000,0.000,0.0,0.000,0.000,0.0
21.8657,22034,274138,0.000,0.000,0.0,0.000,0.000,0.0,0.000,0.000,0.0
21.8657,22035,274143,0.000,0.000,0.0,0.000,0.000,0.0,0.000,0.000,0.0
21.8657,22036,274148,0.000,0.000,0.0,0.000,0.000,0.0,0.000,0.000,0.0
21.8657,22037,274153,0.000,0.000,0.0,0.000,0.000,0.0,0.000,0.000,0.0
21.9857,22038,274158,0.000,0.000,0.0,0.000,0.000,0.0,0.000,0.000,0.0
21.9857,22039,274163,0.000,0.000,0.0,0.000,0.000,0.0,0.000,0.000,0.0
21.9857,22040,274168,0.000,0.000,0.0,0.000,0.000,0.0,0.000,0.000,0.0
21.9857,22041,274173,0.000,0.000,0.0,0.000,0.000,0.0,0.000,0.000,0.0
21.9857,22042,274178,0.000,0.000,0.0,0.000,0.000,0.0,0.000,0.000,0.0
21.9857,22043,274183,0.000,0.000,0.0,0.000,0.000,0.0,0.000,0.000,0.0
21.9857,22044,274188,0.000,0.000,0.0,0.000,0.000,0.0,0.000,0.000,0.0
21.9857,22045,274193,0.000,0.000,0.0,0.000,0.000,0.0,0.000,0.000,0.0
21.9857,22046,274198,0.000,0.000,0.0,0.000,0.000,0.0,0.000,0.000,0.0
21.9857,22047,274203,0.000,0.000,0.0,0.000,0.000,0.0,0.000,0.000,0.0
21.9857,22048,274208,0.000,0.000,0.0,0.000,0.000,0.0,0.000,0.000,0.0
21.9857,22049,274213,0.000,0.000,0.0,0.000,0.000,0.0,0.000,0.000,0.0
21.9857,22050,274218,0.000,0.000,0.0,0.000,0.000,0.0,0.000,0.000,0.0
21.9857,22051,274223,0.000,0.000,0.0,0.000,0.000,0.0,0.000,0.000,0.0
21.9857,22052,274228,0.000,0.000,0.0,0.000,0.000,0.0,0.000,0.000,0.0
21.9857,22053,274233,0.000,0.000,0.0,0.000,0.000,0.0,0.000,0.000,0.0
21.9857,22054,274238,0.000,0.000,0.0,0.000,0.000,0.0,0.000,0.000,0.0
21.9857,22055,274243,0.000,0.000,0.0,0.000,0.000,0.0,0.000,0.000,0.0
21.9857,22056,274248,0.000,0.000,0.0,0.000,0.000,0.0,0.000,0.000,0.0
21.9857,22057,274253,0.000,0.000,0.0,0.000,0.000,0.0,0.000,0.000,0.0
21.9857,22058,274258,0.000,0.000,0.0,0.000,0.000,0.0,0.000,0.000,0.0
21.9857,22059,274263,0.000,0.000,0.0,0.000,0.000,0.0,0.000,0.000,0.0
21.9857,22060,274268,0.000,0.000,0.0,0.000,0.000,0.0,0.000,0.000,0.0
21.9857,22061,274273,0.000,0.000,0.0,0.000,0.000,0.0,0.000,0.000,0.0
22.0365,22062,274278,0.000,0.000,0.0,0.000,0.000,0.0,0.000,0.000,0.0
22.0365,22063,274283,0.000,0.000,0.0,0.000,0.000,0.0,0.000,0.000,0.0
22.0365,22064,274288,0.000,0.000,0.0,0.000,0.000,0.0,0.000,0.000,0.0
22.0365,22065,274293,0.000,0.000,0.0,0.000,0.000,0.0,0.000,0.000,0.0
22.0365,22066,274298,0.000,0.000,0.0,0.000,0.000,0.0,0.000,0.000,0.0
22.0365,22067,274303,0.000,0.000,0.0,0.000,0.000,0.0,0.000,0.000,0.0
22.0365,22068,274308,0.000,0.000,0.0,0.000,0.000,0.0,0.000,0.000,0.0
22.0365,22069,274313,0.000,0.000,0.0,0.000,0.000,0.0,0.000,0.000,0.0
22.0365,22070,274318,0.000,0.000,0.0,0.000,0.000,0.0,0.000,0.000,0.0
22.0365,22071,274323,0.000,0.000,0.0,0.000,0.000,0.0,0.000,0.000,0.0
22.0365,22072,274328,0.000,0.000,0.0,0.000,0.000,0.0,0.000,0.000,0.0
22.0365,22073,274333,0.000,0.000,0.0,0.000,0.000,0.0,0.000,0.000,0.0
22.0365,22074,274338,0.000,0.000,0.0,0.000,0.000,0.0,0.000,0.000,0.0
22.0365,22075,274343,0.000,0.000,0.0,0.000,0.000,0.0,0.000,0.000,0.0
22.0365,22076,274348,0.000,0.000,0.0,0.000,0.000,0.0,0.000,0.000,0.0
22.0365,22077,274353,0.000,0.000,0.0,0.000,0.000,0.0,0.000,0.000,0.0
22.1033,22078,274358,0.000,0.000,0.0,0.000,0.000,0.0,0.000,0.000,0.0
22.1033,22079,274363,0.000,0.000,0.0,0.000,0.000,0.0,0.000,0.000,0.0
22.1033,22080,274368,0.000,0.000,0.0,0.000,0.000,0.0,0.000,0.000,0.0
22.1033,22081,274373,0.000,0.000,0.0,0.000,0.000,0.0,0.000,0.000,0.0
22.1033,22082,274378,0.000,0.000,0.0,0.000,0.000,0.0,0.000,0.000,0.0
22.1033,22083,274383,0.000,0.000,0.0,0.000,0.000,0.0,0.000,0.000,0.0
22.1033,22084,274388,0.000,0.000,0.0,0.000,0.000,0.0,0.000,0.000,0.0
22.1033,22085,274393,0.000,0.000,0.0,0.000,0.000,0.0,0.000,0.000,0.0
22.1822,22086,274398,0.000,0.000,0.0,0.000,0.000,0.0,0.000,0.000,0.0
22.1822,22087,274403,0.000,0.000,0.0,0.000,0.000,0.0,0.000,0.000,0.0
22.1822,22088,274408,0.000,0.000,0.0,0.000,0.000,0.0,0.000,0.000,0.0
22.1822,22089,274413,0.000,0.000,0.0,0.000,0.000,0.0,0.000,0.000,0.0
22.1822,22090,274418,0.000,0.000,0.0,0.000,0.000,0.0,0.000,0.000,0.0
22.1822,22091,274423,0.000,0.000,0.0,0.000,0.000,0.0,0.000,0.000,0.0
22.1822,22092,274428,0.000,0.000,0.0,0.000,0.000,0.0,0.000,0.000,0.0
22.1822,22093,274433,0.000,0.000,0.0,0.000,0.000,0.0,0.000,0.000,0.0
22.1822,22094,274438,0.000,0.000,0.0,0.000,0.000,0.0,0.000,0.000,0.0
22.1822,22095,274443,0.000,0.000,0.0,0.000,0.000,0.0,0.000,0.000,0.0
22.1822,22096,274448,0.000,0.000,0.0,0.000,0.000,0.0,0.000,0.000,0.0
22.1822,22097,274453,0.000,0.000,0.0,0.000,0.000,0.0,0.000,0.000,0.0
22.1822,22098,274458,0.000,0.000,0.0,0.000,0.000,0.0,0.000,0.000,0.0
22.1822,22099,274463,0.000,0.000,0.0,0.000,0.000,0.0,0.000,0.000,0.0
22.1822,22100,274468,0.000,0.000,0.0,0.000,0.000,0.0,0.000,0.000,0.0
22.1822,22101,274473,0.000,0.000,0.0,0.000,0.000,0.0,0.000,0.000,0.0
22.2410,22102,274478,0.000,0.000,0.0,0.000,0.000,0.0,0.000,0.000,0.0
22.2410,22103,274483,0.000,0.000,0.0,0.000,0.000,0.0,0.000,0.000,0.0
22.2410,22104,274488,0.000,0.000,0.0,0.000,0.000,0.0,0.000,0.000,0.0
22.2410,22105,274493,0.000,0.000,0.0,0.000,0.000,0.0,0.000,0.000,0.0
22.2410,22106,274498,0.000,0.000,0.0,0.000,0.000,0.0,0.000,0.000,0.0
22.2410,22107,274503,0.000,0.000,0.0,0.000,0.000,0.0,0.000,0.000,0.0
22.2410,22108,274508,0.000,0.000,0.0,0.000,0.000,0.0,0.000,0.000,0.0
22.2410,22109,274513,0.000,0.000,0.0,0.000,0.000,0.0,0.000,0.000,0.0
22.2420,22110,274518,0.000,0.000,0.0,0.000,0.000,0.0,0.000,0.000,0.0
22.2420,22111,274523,0.000,0.000,0.0,0.000,0.000,0.0,0.000,0.000,0.0
22.2420,22112,274528,0.000,0.000,0.0,0.000,0.000,0.0,0.000,0.000,0.0
22.2420,22113,274533,0.000,0.000,0.0,0.000,0.000,0.0,0.000,0.000,0.0
22.2420,22114,274538,0.000,0.000,0.0,0.000,0.000,0.0,0.000,0.000,0.0
22.2420,22115,274543,0.000,0.000,0.0,0.000,0.000,0.0,0.000,0.000,0.0
22.2420,22116,274548,0.000,0.000,0.0,0.000,0.000,0.0,0.000,0.000,0.0
22.2420,22117,274553,0.000,0.000,0.0,0.000,0.000,0.0,0.000,0.000,0.0
22.3470,22118,274558,0.000,0.000,0.0,0.000,0.000,0.0,0.000,0.000,0.0
22.3470,22119,274563,0.000,0.000,0.0,0.000,0.000,0.0,0.000,0.000,0.0
22.3470,22120,274568,0.000,0.000,0.0,0.000,0.000,0.0,0.000,0.000,0.0
22.3470,22121,274573,0.000,0.000,0.0,0.000,0.000,0.0,0.000,0.000,0.0
22.3470,22122,274578,0.000,0.000,0.0,0.000,0.000,0.0,0.000,0.000,0.0
22.3470,22123,274583,0.000,0.000,0.0,0.000,0.000,0.0,0.000,0.000,0.0
22.3470,22124,274588,0.000,0.000,0.0,0.000,0.000,0.0,0.000,0.000,0.0
22.3470,22125,274593,0.000,0.000,0.0,0.000,0.000,0.0,0.000,0.000,0.0
22.3470,22126,274598,0.000,0.000,0.0,0.000,0.000,0.0,0.000,0.000,0.0
22.3470,22127,274603,0.000,0.000,0.0,0.000,0.000,0.0,0.000,0.000,0.0
22.3470,22128,274608,0.000,0.000,0.0,0.000,0.000,0.0,0.000,0.000,0.0
22.3470,22129,274613,0.000,0.000,0.0,0.000,0.000,0.0,0.000,0.000,0.0
22.3470,22130,274618,0.000,0.000,0.0,0.000,0.000,0.0,0.000,0.000,0.0
22.3470,22131,274623,0.000,0.000,0.0,0.000,0.000,0.0,0.000,0.000,0.0
22.3470,22132,274628,0.000,0.000,0.0,0.000,0.000,0.0,0.000,0.000,0.0
22.3470,22133,274633,0.000,0.000,0.0,0.000,0.000,0.0,0.000,0.000,0.0
22.4658,22134,274638,0.000,0.000,0.0,0.000,0.000,0.0,0.000,0.000,0.0
22.4658,22135,274643,0.000,0.000,0.0,0.000,0.000,0.0,0.000,0.000,0.0
22.4658,22136,274648,0.000,0.000,0.0,0.000,0.000,0.0,0.000,0.000,0.0
22.4658,22137,274653,0.000,0.000,0.0,0.000,0.000,0.0,0.000,0.000,0.0
22.4658,22138,274658,0.000,0.000,0.0,0.000,0.000,0.0,0.000,0.000,0.0
22.4658,22139,274663,0.000,0.000,0.0,0.000,0.000,0.0,0.000,0.000,0.0
22.4658,22140,274668,0.000,0.000,0.0,0.000,0.000,0.0,0.000,0.000,0.0
22.4658,22141,274673,0.000,0.000,0.0,0.000,0.000,0.0,0.000,0.000,0.0
22.4658,22142,274678,0.000,0.000,0.0,0.000,0.000,0.0,0.000,0.000,0.0
22.4658,22143,274683,0.000,0.000,0.0,0.000,0.000,0.0,0.000,0.000,0.0
22.4658,22144,274688,0.000,0.000,0.0,0.000,0.000,0.0,0.000,0.000,0.0
22.4658,22145,274693,0.000,0.000,0.0,0.000,0.000,0.0,0.000,0.000,0.0
22.4658,22146,274698,0.000,0.000,0.0,0.000,0.000,0.0,0.000,0.000,0.0
22.4658,22147,274703,0.000,0.000,0.0,0.000,0.000,0.0,0.000,0.000,0.0
22.4658,22148,274708,0.000,0.000,0.0,0.000,0.000,0.0,0.000,0.000,0.0
22.4658,22149,274713,0.000,0.000,0.0,0.000,0.000,0.0,0.000,0.000,0.0
22.4658,22150,274718,0.000,0.000,0.0,0.000,0.000,0.0,0.000,0.000,0.0
22.4658,22151,274723,0.000,0.000,0.0,0.000,0.000,0.0,0.000,0.000,0.0
22.4658,22152,274728,0.000,0.000,0.0,0.000,0.000,0.0,0.000,0.000,0.0
22.4658,22153,274733,0.000,0.000,0.0,0.000,0.000,0.0,0.000,0.000,0.0
22.4658,22154,274738,0.000,0.000,0.0,0.000,0.000,0.0,0.000,0.000,0.0
22.4658,22155,274743,0.000,0.000,0.0,0.000,0.000,0.0,0.000,0.000,0.0
22.4658,22156,274748,0.000,0.000,0.0,0.000,0.000,0.0,0.000,0.000,0.0
22.4658,22157,274753,0.000,0.000,0.0,0.000,0.000,0.0,0.000,0.000,0.0
22.5234,22158,274758,0.000,0.000,0.0,0.000,0.000,0.0,0.000,0.000,0.0
22.5234,22159,274763,0.000,0.000,0.0,0.000,0.000,0.0,0.000,0.000,0.0
22.5234,22160,274768,0.000,0.000,0.0,0.000,0.000,0.0,0.000,0.000,0.0
22.5234,22161,274773,0.000,0.000,0.0,0.000,0.000,0.0,0.000,0.000,0.0
22.5234,22162,274778,0.000,0.000,0.0,0.000,0.000,0.0,0.000,0.000,0.0
22.5234,22163,274783,0.000,0.000,0.0,0.000,0.000,0.0,0.000,0.000,0.0
22.5234,22164,274788,0.000,0.000,0.0,0.000,0.000,0.0,0.000,0.000,0.0
22.5234,22165,274793,0.000,0.000,0.0,0.000,0.000,0.0,0.000,0.000,0.0
22.5234,22166,274798,0.000,0.000,0.0,0.000,0.000,0.0,0.000,0.000,0.0
22.5234,22167,274803,0.000,0.000,0.0,0.000,0.000,0.0,0.000,0.000,0.0
22.5234,22168,274808,0.000,0.000,0.0,0.000,0.000,0.0,0.000,0.000,0.0
22.5234,22169,274813,0.000,0.000,0.0,0.000,0.000,0.0,0.000,0.000,0.0
22.5234,22170,274818,0.000,0.000,0.0,0.000,0.000,0.0,0.000,0.000,0.0
22.5234,22171,274823,0.000,0.000,0.0,0.000,0.000,0.0,0.000,0.000,0.0
22.5234,22172,274828,0.000,0.000,0.0,0.000,0.000,0.0,0.000,0.000,0.0
22.5234,22173,274833,0.000,0.000,0.0,0.000,0.000,0.0,0.000,0.000,0.0
22.5835,22174,274838,0.000,0.000,0.0,0.000,0.000,0.0,0.000,0.000,0.0
22.5835,22175,274843,0.000,0.000,0.0,0.000,0.000,0.0,0.000,0.000,0.0
22.5835,22176,274848,0.000,0.000,0.0,0.000,0.000,0.0,0.000,0.000,0.0
22.5835,22177,274853,0.000,0.000,0.0,0.000,0.000,0.0,0.000,0.000,0.0
22.5835,22178,274858,0.000,0.000,0.0,0.000,0.000,0.0,0.000,0.000,0.0
22.5835,22179,274863,0.000,0.000,0.0,0.000,0.000,0.0,0.000,0.000,0.0
22.5835,22180,274868,0.000,0.000,0.0,0.000,0.000,0.0,0.000,0.000,0.0
22.5835,22181,274873,0.000,0.000,0.0,0.000,0.000,0.0,0.000,0.000,0.0
22.6666,22182,274878,0.000,0.000,0.0,0.000,0.000,0.0,0.000,0.000,0.0
22.6666,22183,274883,0.000,0.000,0.0,0.000,0.000,0.0,0.000,0.000,0.0
22.6666,22184,274888,0.000,0.000,0.0,0.000,0.000,0.0,0.000,0.000,0.0
22.6666,22185,274893,0.000,0.000,0.0,0.000,0.000,0.0,0.000,0.000,0.0
22.6666,22186,274898,0.000,0.000,0.0,0.000,0.000,0.0,0.000,0.000,0.0
22.6666,22187,274903,0.000,0.000,0.0,0.000,0.000,0.0,0.000,0.000,0.0
22.6666,22188,274908,0.000,0.000,0.0,0.000,0.000,0.0,0.000,0.000,0.0
22.6666,22189,274913,0.000,0.000,0.0,0.000,0.000,0.0,0.000,0.000,0.0
22.6666,22190,274918,0.000,0.000,0.0,0.000,0.000,0.0,0.000,0.000,0.0
22.6666,22191,274923,0.000,0.000,0.0,0.000,0.000,0.0,0.000,0.000,0.0
22.6666,22192,274928,0.000,0.000,0.0,0.000,0.000,0.0,0.000,0.000,0.0
22.6666,22193,274933,0.000,0.000,0.0,0.000,0.000,0.0,0.000,0.000,0.0
22.6666,22194,274938,0.000,0.000,0.0,0.000,0.000,0.0,0.000,0.000,0.0
22.6666,22195,274943,0.000,0.000,0.0,0.000,0.000,0.0,0.000,0.000,0.0
22.6666,22196,274948,0.000,0.000,0.0,0.000,0.000,0.0,0.000,0.000,0.0
22.6666,22197,274953,0.000,0.000,0.0,0.000,0.000,0.0,0.000,0.000,0.0
22.7347,22198,274958,0.000,0.000,0.0,0.000,0.000,0.0,0.000,0.000,0.0
22.7347,22199,274963,0.000,0.000,0.0,0.000,0.000,0.0,0.000,0.000,0.0
22.7347,22200,274968,0.000,0.000,0.0,0.000,0.000,0.0,0.000,0.000,0.0
22.7347,22201,274973,0.000,0.000,0.0,0.000,0.000,0.0,0.000,0.000,0.0
22.7347,22202,274978,0.000,0.000,0.0,0.000,0.000,0.0,0.000,0.000,0.0
22.7347,22203,274983,0.000,0.000,0.0,0.000,0.000,0.0,0.000,0.000,0.0
22.7347,22204,274988,0.000,0.000,0.0,0.000,0.000,0.0,0.000,0.000,0.0
22.7347,22205,274993,0.000,0.000,0.0,0.000,0.000,0.0,0.000,0.000,0.0
22.7347,22206,274998,0.000,0.000,0.0,0.000,0.000,0.0,0.000,0.000,0.0
22.7347,22207,275003,0.000,0.000,0.0,0.000,0.000,0.0,0.000,0.000,0.0
22.7347,22208,275008,0.000,0.000,0.0,0.000,0.000,0.0,0.000,0.000,0.0
22.7347,22209,275013,0.000,0.000,0.0,0.000,0.000,0.0,0.000,0.000,0.0
22.7347,22210,275018,0.000,0.000,0.0,0.000,0.000,0.0,0.000,0.000,0.0
22.7347,22211,275023,0.000,0.000,0.0,0.000,0.000,0.0,0.000,0.000,0.0
22.7347,22212,275028,0.000,0.000,0.0,0.000,0.000,0.0,0.000,0.000,0.0
22.7347,22213,275033,0.000,0.000,0.0,0.000,0.000,0.0,0.000,0.000,0.0
22.8178,22214,275038,0.000,0.000,0.0,0.000,0.000,0.0,0.000,0.000,0.0
22.8178,22215,275043,0.000,0.000,0.0,0.000,0.000,0.0,0.000,0.000,0.0
22.8178,22216,275048,0.000,0.000,0.0,0.000,0.000,0.0,0.000,0.000,0.0
22.8178,22217,275053,0.000,0.000,0.0,0.000,0.000,0.0,0.000,0.000,0.0
22.8178,22218,275058,0.000,0.000,0.0,0.000,0.000,0.0,0.000,0.000,0.0
22.8178,22219,275063,0.000,0.000,0.0,0.000,0.000,0.0,0.000,0.000,0.0
22.8178,22220,275068,0.000,0.000,0.0,0.000,0.000,0.0,0.000,0.000,0.0
22.8178,22221,275073,0.000,0.000,0.0,0.000,0.000,0.0,0.000,0.000,0.0
22.8188,22222,275078,0.000,0.000,0.0,0.000,0.000,0.0,0.000,0.000,0.0
22.8188,22223,275083,0.000,0.000,0.0,0.000,0.000,0.0,0.000,0.000,0.0
22.8188,22224,275088,0.000,0.000,0.0,0.000,0.000,0.0,0.000,0.000,0.0
22.8188,22225,275093,0.000,0.000,0.0,0.000,0.000,0.0,0.000,0.000,0.0
22.8188,22226,275098,0.000,0.000,0.0,0.000,0.000,0.0,0.000,0.000,0.0
22.8188,22227,275103,0.000,0.000,0.0,0.000,0.000,0.0,0.000,0.000,0.0
22.8188,22228,275108,0.000,0.000,0.0,0.000,0.000,0.0,0.000,0.000,0.0
22.8188,22229,275113,0.000,0.000,0.0,0.000,0.000,0.0,0.000,0.000,0.0
22.9054,22230,275118,0.000,0.000,0.0,0.000,0.000,0.0,0.000,0.000,0.0
22.9054,22231,275123,0.000,0.000,0.0,0.000,0.000,0.0,0.000,0.000,0.0
22.9054,22232,275128,0.000,0.000,0.0,0.000,0.000,0.0,0.000,0.000,0.0
22.9054,22233,275133,0.000,0.000,0.0,0.000,0.000,0.0,0.000,0.000,0.0
22.9054,22234,275138,0.000,0.000,0.0,0.000,0.000,0.0,0.000,0.000,0.0
22.9054,22235,275143,0.000,0.000,0.0,0.000,0.000,0.0,0.000,0.000,0.0
22.9054,22236,275148,0.000,0.000,0.0,0.000,0.000,0.0,0.000,0.000,0.0
22.9054,22237,275153,0.000,0.000,0.0,0.000,0.000,0.0,0.000,0.000,0.0
22.9054,22238,275158,0.000,0.000,0.0,0.000,0.000,0.0,0.000,0.000,0.0
22.9054,22239,275163,0.000,0.000,0.0,0.000,0.000,0.0,0.000,0.000,0.0
22.9054,22240,275168,0.000,0.000,0.0,0.000,0.000,0.0,0.000,0.000,0.0
22.9054,22241,275173,0.000,0.000,0.0,0.000,0.000,0.0,0.000,0.000,0.0
22.9054,22242,275178,0.000,0.000,0.0,0.000,0.000,0.0,0.000,0.000,0.0
22.9054,22243,275183,0.000,0.000,0.0,0.000,0.000,0.0,0.000,0.000,0.0
22.9054,22244,275188,0.000,0.000,0.0,0.000,0.000,0.0,0.000,0.000,0.0
22.9054,22245,275193,0.000,0.000,0.0,0.000,0.000,0.0,0.000,0.000,0.0
23.0234,22246,275198,0.000,0.000,0.0,0.000,0.000,0.0,0.000,0.000,0.0
23.0234,22247,275203,0.000,0.000,0.0,0.000,0.000,0.0,0.000,0.000,0.0
23.0234,22248,275208,0.000,0.000,0.0,0.000,0.000,0.0,0.000,0.000,0.0
23.0234,22249,275213,0.000,0.000,0.0,0.000,0.000,0.0,0.000,0.000,0.0
23.0234,22250,275218,0.000,0.000,0.0,0.000,0.000,0.0,0.000,0.000,0.0
23.0234,22251,275223,0.000,0.000,0.0,0.000,0.000,0.0,0.000,0.000,0.0
23.0234,22252,275228,0.000,0.000,0.0,0.000,0.000,0.0,0.000,0.000,0.0
23.0234,22253,275233,0.000,0.000,0.0,0.000,0.000,0.0,0.000,0.000,0.0
23.0234,22254,275238,0.000,0.000,0.0,0.000,0.000,0.0,0.000,0.000,0.0
23.0234,22255,275243,0.000,0.000,0.0,0.000,0.000,0.0,0.000,0.000,0.0
23.0234,22256,275248,0.000,0.000,0.0,0.000,0.000,0.0,0.000,0.000,0.0
23.0234,22257,275253,0.000,0.000,0.0,0.000,0.000,0.0,0.000,0.000,0.0
23.0234,22258,275258,0.000,0.000,0.0,0.000,0.000,0.0,0.000,0.000,0.0
23.0234,22259,275263,0.000,0.000,0.0,0.000,0.000,0.0,0.000,0.000,0.0
23.0234,22260,275268,0.000,0.000,0.0,0.000,0.000,0.0,0.000,0.000,0.0
23.0234,22261,275273,0.000,0.000,0.0,0.000,0.000,0.0,0.000,0.000,0.0
23.0234,22262,275278,0.000,0.000,0.0,0.000,0.000,0.0,0.000,0.000,0.0
23.0234,22263,275283,0.000,0.000,0.0,0.000,0.000,0.0,0.000,0.000,0.0
23.0234,22264,275288,0.000,0.000,0.0,0.000,0.000,0.0,0.000,0.000,0.0
23.0234,22265,275293,0.000,0.000,0.0,0.000,0.000,0.0,0.000,0.000,0.0
23.0234,22266,275298,0.000,0.000,0.0,0.000,0.000,0.0,0.000,0.000,0.0
23.0234,22267,275303,0.000,0.000,0.0,0.000,0.000,0.0,0.000,0.000,0.0
23.0234,22268,275308,0.000,0.000,0.0,0.000,0.000,0.0,0.000,0.000,0.0
23.0234,22269,275313,0.000,0.000,0.0,0.000,0.000,0.0,0.000,0.000,0.0
23.1048,22270,275318,0.000,0.000,0.0,0.000,0.000,0.0,0.000,0.000,0.0
23.1048,22271,275323,0.000,0.000,0.0,0.000,0.000,0.0,0.000,0.000,0.0
23.1048,22272,275328,0.000,0.000,0.0,0.000,0.000,0.0,0.000,0.000,0.0
23.1048,22273,275333,0.000,0.000,0.0,0.000,0.000,0.0,0.000,0.000,0.0
23.1048,22274,275338,0.000,0.000,0.0,0.000,0.000,0.0,0.000,0.000,0.0
23.1048,22275,275343,0.000,0.000,0.0,0.000,0.000,0.0,0.000,0.000,0.0
23.1048,22276,275348,0.000,0.000,0.0,0.000,0.000,0.0,0.000,0.000,0.0
23.1048,22277,275353,0.000,0.000,0.0,0.000,0.000,0.0,0.000,0.000,0.0
23.1048,22278,275358,0.000,0.000,0.0,0.000,0.000,0.0,0.000,0.000,0.0
23.1048,22279,275363,0.000,0.000,0.0,0.000,0.000,0.0,0.000,0.000,0.0
23.1048,22280,275368,0.000,0.000,0.0,0.000,0.000,0.0,0.000,0.000,0.0
23.1048,22281,275373,0.000,0.000,0.0,0.000,0.000,0.0,0.000,0.000,0.0
23.1048,22282,275378,0.000,0.000,0.0,0.000,0.000,0.0,0.000,0.000,0.0
23.1048,22283,275383,0.000,0.000,0.0,0.000,0.000,0.0,0.000,0.000,0.0
23.1048,22284,275388,0.000,0.000,0.0,0.000,0.000,0.0,0.000,0.000,0.0
23.1048,22285,275393,0.000,0.000,0.0,0.000,0.000,0.0,0.000,0.000,0.0
23.1659,22286,275398,0.000,0.000,0.0,0.000,0.000,0.0,0.000,0.000,0.0
23.1659,22287,275403,0.000,0.000,0.0,0.000,0.000,0.0,0.000,0.000,0.0
23.1659,22288,275408,0.000,0.000,0.0,0.000,0.000,0.0,0.000,0.000,0.0
23.1659,22289,275413,0.000,0.000,0.0,0.000,0.000,0.0,0.000,0.000,0.0
23.1659,22290,275418,0.000,0.000,0.0,0.000,0.000,0.0,0.000,0.000,0.0
23.1659,22291,275423,0.000,0.000,0.0,0.000,0.000,0.0,0.000,0.000,0.0
23.1659,22292,275428,0.000,0.000,0.0,0.000,0.000,0.0,0.000,0.000,0.0
23.1659,22293,275433,0.000,0.000,0.0,0.000,0.000,0.0,0.000,0.000,0.0
23.1659,22294,275438,0.000,0.000,0.0,0.000,0.000,0.0,0.000,0.000,0.0
23.1659,22295,275443,0.000,0.000,0.0,0.000,0.000,0.0,0.000,0.000,0.0
23.1659,22296,275448,0.000,0.000,0.0,0.000,0.000,0.0,0.000,0.000,0.0
23.1659,22297,275453,0.000,0.000,0.0,0.000,0.000,0.0,0.000,0.000,0.0
23.1659,22298,275458,0.000,0.000,0.0,0.000,0.000,0.0,0.000,0.000,0.0
23.1659,22299,275463,0.000,0.000,0.0,0.000,0.000,0.0,0.000,0.000,0.0
23.1659,22300,275468,0.000,0.000,0.0,0.000,0.000,0.0,0.000,0.000,0.0
23.1659,22301,275473,0.000,0.000,0.0,0.000,0.000,0.0,0.000,0.000,0.0
23.3001,22302,275478,0.000,0.000,0.0,0.000,0.000,0.0,0.000,0.000,0.0
23.3001,22303,275483,0.000,0.000,0.0,0.000,0.000,0.0,0.000,0.000,0.0
23.3001,22304,275488,0.000,0.000,0.0,0.000,0.000,0.0,0.000,0.000,0.0
23.3001,22305,275493,0.000,0.000,0.0,0.000,0.000,0.0,0.000,0.000,0.0
23.3001,22306,275498,0.000,0.000,0.0,0.000,0.000,0.0,0.000,0.000,0.0
23.3001,22307,275503,0.000,0.000,0.0,0.000,0.000,0.0,0.000,0.000,0.0
23.3001,22308,275508,0.000,0.000,0.0,0.000,0.000,0.0,0.000,0.000,0.0
23.3001,22309,275513,0.000,0.000,0.0,0.000,0.000,0.0,0.000,0.000,0.0
23.3001,22310,275518,0.000,0.000,0.0,0.000,0.000,0.0,0.000,0.000,0.0
23.3011,22311,275523,0.000,0.000,0.0,0.000,0.000,0.0,0.000,0.000,0.0
23.3011,22312,275528,0.000,0.000,0.0,0.000,0.000,0.0,0.000,0.000,0.0
23.3011,22313,275533,0.000,0.000,0.0,0.000,0.000,0.0,0.000,0.000,0.0
23.3011,22314,275538,0.000,0.000,0.0,0.000,0.000,0.0,0.000,0.000,0.0
23.3011,22315,275543,0.000,0.000,0.0,0.000,0.000,0.0,0.000,0.000,0.0
23.3011,22316,275548,0.000,0.000,0.0,0.000,0.000,0.0,0.000,0.000,0.0
23.3011,22317,275553,0.000,0.000,0.0,0.000,0.000,0.0,0.000,0.000,0.0
23.3870,22318,275558,0.000,0.000,0.0,0.000,0.000,0.0,0.000,0.000,0.0
23.3870,22319,275563,0.000,0.000,0.0,0.000,0.000,0.0,0.000,0.000,0.0
23.3870,22320,275568,0.000,0.000,0.0,0.000,0.000,0.0,0.000,0.000,0.0
23.3870,22321,275573,0.000,0.000,0.0,0.000,0.000,0.0,0.000,0.000,0.0
23.3870,22322,275578,0.000,0.000,0.0,0.000,0.000,0.0,0.000,0.000,0.0
23.3870,22323,275583,0.000,0.000,0.0,0.000,0.000,0.0,0.000,0.000,0.0
23.3870,22324,275588,0.000,0.000,0.0,0.000,0.000,0.0,0.000,0.000,0.0
23.3870,22325,275593,0.000,0.000,0.0,0.000,0.000,0.0,0.000,0.000,0.0
23.3870,22326,275598,0.000,0.000,0.0,0.000,0.000,0.0,0.000,0.000,0.0
23.3870,22327,275603,0.000,0.000,0.0,0.000,0.000,0.0,0.000,0.000,0.0
23.3870,22328,275608,0.000,0.000,0.0,0.000,0.000,0.0,0.000,0.000,0.0
23.3870,22329,275613,0.000,0.000,0.0,0.000,0.000,0.0,0.000,0.000,0.0
23.3870,22330,275618,0.000,0.000,0.0,0.000,0.000,0.0,0.000,0.000,0.0
23.3870,22331,275623,0.000,0.000,0.0,0.000,0.000,0.0,0.000,0.000,0.0
23.3870,22332,275628,0.000,0.000,0.0,0.000,0.000,0.0,0.000,0.000,0.0
23.3870,22333,275633,0.000,0.000,0.0,0.000,0.000,0.0,0.000,0.000,0.0
23.3870,22334,275638,0.000,0.000,0.0,0.000,0.000,0.0,0.000,0.000,0.0
23.3870,22335,275643,0.000,0.000,0.0,0.000,0.000,0.0,0.000,0.000,0.0
23.3870,22336,275648,0.000,0.000,0.0,0.000,0.000,0.0,0.000,0.000,0.0
23.3870,22337,275653,0.000,0.000,0.0,0.000,0.000,0.0,0.000,0.000,0.0
23.3870,22338,275658,0.000,0.000,0.0,0.000,0.000,0.0,0.000,0.000,0.0
23.3870,22339,275663,0.000,0.000,0.0,0.000,0.000,0.0,0.000,0.000,0.0
23.3870,22340,275668,0.000,0.000,0.0,0.000,0.000,0.0,0.000,0.000,0.0
23.3870,22341,275673,0.000,0.000,0.0,0.000,0.000,0.0,0.000,0.000,0.0
23.4416,22342,275678,0.000,0.000,0.0,0.000,0.000,0.0,0.000,0.000,0.0
23.4416,22343,275683,0.000,0.000,0.0,0.000,0.000,0.0,0.000,0.000,0.0
23.4416,22344,275688,0.000,0.000,0.0,0.000,0.000,0.0,0.000,0.000,0.0
23.4416,22345,275693,0.000,0.000,0.0,0.000,0.000,0.0,0.000,0.000,0.0
23.4416,22346,275698,0.000,0.000,0.0,0.000,0.000,0.0,0.000,0.000,0.0
23.4416,22347,275703,0.000,0.000,0.0,0.000,0.000,0.0,0.000,0.000,0.0
23.4416,22348,275708,0.000,0.000,0.0,0.000,0.000,0.0,0.000,0.000,0.0
23.4416,22349,275713,0.000,0.000,0.0,0.000,0.000,0.0,0.000,0.000,0.0
23.4416,22350,275718,0.000,0.000,0.0,0.000,0.000,0.0,0.000,0.000,0.0
23.4416,22351,275723,0.000,0.000,0.0,0.000,0.000,0.0,0.000,0.000,0.0
23.4416,22352,275728,0.000,0.000,0.0,0.000,0.000,0.0,0.000,0.000,0.0
23.4416,22353,275733,0.000,0.000,0.0,0.000,0.000,0.0,0.000,0.000,0.0
23.4416,22354,275738,0.000,0.000,0.0,0.000,0.000,0.0,0.000,0.000,0.0
23.4416,22355,275743,0.000,0.000,0.0,0.000,0.000,0.0,0.000,0.000,0.0
23.4416,22356,275748,0.000,0.000,0.0,0.000,0.000,0.0,0.000,0.000,0.0
23.4416,22357,275753,0.000,0.000,0.0,0.000,0.000,0.0,0.000,0.000,0.0
23.5569,22358,275758,0.000,0.000,0.0,0.000,0.000,0.0,0.000,0.000,0.0
23.5569,22359,275763,0.000,0.000,0.0,0.000,0.000,0.0,0.000,0.000,0.0
23.5569,22360,275768,0.000,0.000,0.0,0.000,0.000,0.0,0.000,0.000,0.0
23.5569,22361,275773,0.000,0.000,0.0,0.000,0.000,0.0,0.000,0.000,0.0
23.5569,22362,275778,0.000,0.000,0.0,0.000,0.000,0.0,0.000,0.000,0.0
23.5569,22363,275783,0.000,0.000,0.0,0.000,0.000,0.0,0.000,0.000,0.0
23.5569,22364,275788,0.000,0.000,0.0,0.000,0.000,0.0,0.000,0.000,0.0
23.5569,22365,275793,0.000,0.000,0.0,0.000,0.000,0.0,0.000,0.000,0.0
23.5569,22366,275798,0.000,0.000,0.0,0.000,0.000,0.0,0.000,0.000,0.0
23.5569,22367,275803,0.000,0.000,0.0,0.000,0.000,0.0,0.000,0.000,0.0
23.5569,22368,275808,0.000,0.000,0.0,0.000,0.000,0.0,0.000,0.000,0.0
23.5569,22369,275813,0.000,0.000,0.0,0.000,0.000,0.0,0.000,0.000,0.0
23.5569,22370,275818,0.000,0.000,0.0,0.000,0.000,0.0,0.000,0.000,0.0
23.5569,22371,275823,0.000,0.000,0.0,0.000,0.000,0.0,0.000,0.000,0.0
23.5569,22372,275828,0.000,0.000,0.0,0.000,0.000,0.0,0.000,0.000,0.0
23.5569,22373,275833,0.000,0.000,0.0,0.000,0.000,0.0,0.000,0.000,0.0
23.6096,22374,275838,0.000,0.000,0.0,0.000,0.000,0.0,0.000,0.000,0.0
23.6096,22375,275843,0.000,0.000,0.0,0.000,0.000,0.0,0.000,0.000,0.0
23.6096,22376,275848,0.000,0.000,0.0,0.000,0.000,0.0,0.000,0.000,0.0
23.6096,22377,275853,0.000,0.000,0.0,0.000,0.000,0.0,0.000,0.000,0.0
23.6096,22378,275858,0.000,0.000,0.0,0.000,0.000,0.0,0.000,0.000,0.0
23.6096,22379,275863,0.000,0.000,0.0,0.000,0.000,0.0,0.000,0.000,0.0
23.6096,22380,275868,0.000,0.000,0.0,0.000,0.000,0.0,0.000,0.000,0.0
23.6096,22381,275873,0.000,0.000,0.0,0.000,0.000,0.0,0.000,0.000,0.0
23.6096,22382,275878,0.000,0.000,0.0,0.000,0.000,0.0,0.000,0.000,0.0
23.6096,22383,275883,0.000,0.000,0.0,0.000,0.000,0.0,0.000,0.000,0.0
23.6096,22384,275888,0.000,0.000,0.0,0.000,0.000,0.0,0.000,0.000,0.0
23.6096,22385,275893,0.000,0.000,0.0,0.000,0.000,0.0,0.000,0.000,0.0
23.6096,22386,275898,0.000,0.000,0.0,0.000,0.000,0.0,0.000,0.000,0.0
23.6096,22387,275903,0.000,0.000,0.0,0.000,0.000,0.0,0.000,0.000,0.0
23.6096,22388,275908,0.000,0.000,0.0,0.000,0.000,0.0,0.000,0.000,0.0
23.6096,22389,275913,0.000,0.000,0.0,0.000,0.000,0.0,0.000,0.000,0.0
23.7259,22390,275918,0.000,0.000,0.0,0.000,0.000,0.0,0.000,0.000,0.0
23.7259,22391,275923,0.000,0.000,0.0,0.000,0.000,0.0,0.000,0.000,0.0
23.7259,22392,275928,0.000,0.000,0.0,0.000,0.000,0.0,0.000,0.000,0.0
23.7259,22393,275933,0.000,0.000,0.0,0.000,0.000,0.0,0.000,0.000,0.0
23.7259,22394,275938,0.000,0.000,0.0,0.000,0.000,0.0,0.000,0.000,0.0
23.7259,22395,275943,0.000,0.000,0.0,0.000,0.000,0.0,0.000,0.000,0.0
23.7259,22396,275948,0.000,0.000,0.0,0.000,0.000,0.0,0.000,0.000,0.0
23.7259,22397,275953,0.000,0.000,0.0,0.000,0.000,0.0,0.000,0.000,0.0
23.7259,22398,275958,0.000,0.000,0.0,0.000,0.000,0.0,0.000,0.000,0.0
23.7259,22399,275963,0.000,0.000,0.0,0.000,0.000,0.0,0.000,0.000,0.0
23.7259,22400,275968,0.000,0.000,0.0,0.000,0.000,0.0,0.000,0.000,0.0
23.7259,22401,275973,0.000,0.000,0.0,0.000,0.000,0.0,0.000,0.000,0.0
23.7259,22402,275978,0.000,0.000,0.0,0.000,0.000,0.0,0.000,0.000,0.0
23.7259,22403,275983,0.000,0.000,0.0,0.000,0.000,0.0,0.000,0.000,0.0
23.7259,22404,275988,0.000,0.000,0.0,0.000,0.000,0.0,0.000,0.000,0.0
23.7259,22405,275993,0.000,0.000,0.0,0.000,0.000,0.0,0.000,0.000,0.0
23.7818,22406,275998,0.000,0.000,0.0,0.000,0.000,0.0,0.000,0.000,0.0
23.7818,22407,276003,0.000,0.000,0.0,0.000,0.000,0.0,0.000,0.000,0.0
23.7818,22408,276008,0.000,0.000,0.0,0.000,0.000,0.0,0.000,0.000,0.0
23.7818,22409,276013,0.000,0.000,0.0,0.000,0.000,0.0,0.000,0.000,0.0
23.7818,22410,276018,0.000,0.000,0.0,0.000,0.000,0.0,0.000,0.000,0.0
23.7818,22411,276023,0.000,0.000,0.0,0.000,0.000,0.0,0.000,0.000,0.0
23.7818,22412,276028,0.000,0.000,0.0,0.000,0.000,0.0,0.000,0.000,0.0
23.7818,22413,276033,0.000,0.000,0.0,0.000,0.000,0.0,0.000,0.000,0.0
23.7818,22414,276038,0.000,0.000,0.0,0.000,0.000,0.0,0.000,0.000,0.0
23.7818,22415,276043,0.000,0.000,0.0,0.000,0.000,0.0,0.000,0.000,0.0
23.7818,22416,276048,0.000,0.000,0.0,0.000,0.000,0.0,0.000,0.000,0.0
23.7818,22417,276053,0.000,0.000,0.0,0.000,0.000,0.0,0.000,0.000,0.0
23.7818,22418,276058,0.000,0.000,0.0,0.000,0.000,0.0,0.000,0.000,0.0
23.7818,22419,276063,0.000,0.000,0.0,0.000,0.000,0.0,0.000,0.000,0.0
23.7818,22420,276068,0.000,0.000,0.0,0.000,0.000,0.0,0.000,0.000,0.0
23.7818,22421,276073,0.000,0.000,0.0,0.000,0.000,0.0,0.000,0.000,0.0
23.8650,22422,276078,0.000,0.000,0.0,0.000,0.000,0.0,0.000,0.000,0.0
23.8650,22423,276083,0.000,0.000,0.0,0.000,0.000,0.0,0.000,0.000,0.0
23.8650,22424,276088,0.000,0.000,0.0,0.000,0.000,0.0,0.000,0.000,0.0
23.8650,22425,276093,0.000,0.000,0.0,0.000,0.000,0.0,0.000,0.000,0.0
23.8650,22426,276098,0.000,0.000,0.0,0.000,0.000,0.0,0.000,0.000,0.0
23.8650,22427,276103,0.000,0.000,0.0,0.000,0.000,0.0,0.000,0.000,0.0
23.8650,22428,276108,0.000,0.000,0.0,0.000,0.000,0.0,0.000,0.000,0.0
23.8650,22429,276113,0.000,0.000,0.0,0.000,0.000,0.0,0.000,0.000,0.0
23.8650,22430,276118,0.000,0.000,0.0,0.000,0.000,0.0,0.000,0.000,0.0
23.8650,22431,276123,0.000,0.000,0.0,0.000,0.000,0.0,0.000,0.000,0.0
23.8650,22432,276128,0.000,0.000,0.0,0.000,0.000,0.0,0.000,0.000,0.0
23.8650,22433,276133,0.000,0.000,0.0,0.000,0.000,0.0,0.000,0.000,0.0
23.8650,22434,276138,0.000,0.000,0.0,0.000,0.000,0.0,0.000,0.000,0.0
23.8650,22435,276143,0.000,0.000,0.0,0.000,0.000,0.0,0.000,0.000,0.0
23.8650,22436,276148,0.000,0.000,0.0,0.000,0.000,0.0,0.000,0.000,0.0
23.8650,22437,276153,0.000,0.000,0.0,0.000,0.000,0.0,0.000,0.000,0.0
23.9244,22438,276158,0.000,0.000,0.0,0.000,0.000,0.0,0.000,0.000,0.0
23.9244,22439,276163,0.000,0.000,0.0,0.000,0.000,0.0,0.000,0.000,0.0
23.9244,22440,276168,0.000,0.000,0.0,0.000,0.000,0.0,0.000,0.000,0.0
23.9244,22441,276173,0.000,0.000,0.0,0.000,0.000,0.0,0.000,0.000,0.0
23.9244,22442,276178,0.000,0.000,0.0,0.000,0.000,0.0,0.000,0.000,0.0
23.9244,22443,276183,0.000,0.000,0.0,0.000,0.000,0.0,0.000,0.000,0.0
23.9244,22444,276188,0.000,0.000,0.0,0.000,0.000,0.0,0.000,0.000,0.0
23.9244,22445,276193,0.000,0.000,0.0,0.000,0.000,0.0,0.000,0.000,0.0
23.9244,22446,276198,0.000,0.000,0.0,0.000,0.000,0.0,0.000,0.000,0.0
23.9244,22447,276203,0.000,0.000,0.0,0.000,0.000,0.0,0.000,0.000,0.0
23.9244,22448,276208,0.000,0.000,0.0,0.000,0.000,0.0,0.000,0.000,0.0
23.9244,22449,276213,0.000,0.000,0.0,0.000,0.000,0.0,0.000,0.000,0.0
23.9244,22450,276218,0.000,0.000,0.0,0.000,0.000,0.0,0.000,0.000,0.0
23.9244,22451,276223,0.000,0.000,0.0,0.000,0.000,0.0,0.000,0.000,0.0
23.9244,22452,276228,0.000,0.000,0.0,0.000,0.000,0.0,0.000,0.000,0.0
23.9244,22453,276233,0.000,0.000,0.0,0.000,0.000,0.0,0.000,0.000,0.0
24.0258,22454,276238,0.000,0.000,0.0,0.000,0.000,0.0,0.000,0.000,0.0
24.0258,22455,276243,0.000,0.000,0.0,0.000,0.000,0.0,0.000,0.000,0.0
24.0258,22456,276248,0.000,0.000,0.0,0.000,0.000,0.0,0.000,0.000,0.0
24.0258,22457,276253,0.000,0.000,0.0,0.000,0.000,0.0,0.000,0.000,0.0
24.0258,22458,276258,0.000,0.000,0.0,0.000,0.000,0.0,0.000,0.000,0.0
24.0258,22459,276263,0.000,0.000,0.0,0.000,0.000,0.0,0.000,0.000,0.0
24.0258,22460,276268,0.000,0.000,0.0,0.000,0.000,0.0,0.000,0.000,0.0
24.0258,22461,276273,0.000,0.000,0.0,0.000,0.000,0.0,0.000,0.000,0.0
24.0258,22462,276278,0.000,0.000,0.0,0.000,0.000,0.0,0.000,0.000,0.0
24.0258,22463,276283,0.000,0.000,0.0,0.000,0.000,0.0,0.000,0.000,0.0
24.0258,22464,276288,0.000,0.000,0.0,0.000,0.000,0.0,0.000,0.000,0.0
24.0258,22465,276293,0.000,0.000,0.0,0.000,0.000,0.0,0.000,0.000,0.0
24.0258,22466,276298,0.000,0.000,0.0,0.000,0.000,0.0,0.000,0.000,0.0
24.0258,22467,276303,0.000,0.000,0.0,0.000,0.000,0.0,0.000,0.000,0.0
24.0258,22468,276308,0.000,0.000,0.0,0.000,0.000,0.0,0.000,0.000,0.0
24.0258,22469,276313,0.000,0.000,0.0,0.000,0.000,0.0,0.000,0.000,0.0
24.0807,22470,276318,0.000,0.000,0.0,0.000,0.000,0.0,0.000,0.000,0.0
24.0807,22471,276323,0.000,0.000,0.0,0.000,0.000,0.0,0.000,0.000,0.0
24.0807,22472,276328,0.000,0.000,0.0,0.000,0.000,0.0,0.000,0.000,0.0
24.0807,22473,276333,0.000,0.000,0.0,0.000,0.000,0.0,0.000,0.000,0.0
24.0807,22474,276338,0.000,0.000,0.0,0.000,0.000,0.0,0.000,0.000,0.0
24.0807,22475,276343,0.000,0.000,0.0,0.000,0.000,0.0,0.000,0.000,0.0
24.0807,22476,276348,0.000,0.000,0.0,0.000,0.000,0.0,0.000,0.000,0.0
24.0807,22477,276353,0.000,0.000,0.0,0.000,0.000,0.0,0.000,0.000,0.0
24.0807,22478,276358,0.000,0.000,0.0,0.000,0.000,0.0,0.000,0.000,0.0
24.0807,22479,276363,0.000,0.000,0.0,0.000,0.000,0.0,0.000,0.000,0.0
24.0807,22480,276368,0.000,0.000,0.0,0.000,0.000,0.0,0.000,0.000,0.0
24.0807,22481,276373,0.000,0.000,0.0,0.000,0.000,0.0,0.000,0.000,0.0
24.0807,22482,276378,0.000,0.000,0.0,0.000,0.000,0.0,0.000,0.000,0.0
24.0807,22483,276383,0.000,0.000,0.0,0.000,0.000,0.0,0.000,0.000,0.0
24.0807,22484,276388,0.000,0.000,0.0,0.000,0.000,0.0,0.000,0.000,0.0
24.0807,22485,276393,0.000,0.000,0.0,0.000,0.000,0.0,0.000,0.000,0.0
24.1903,22486,276398,0.000,0.000,0.0,0.000,0.000,0.0,0.000,0.000,0.0
24.1903,22487,276403,0.000,0.000,0.0,0.000,0.000,0.0,0.000,0.000,0.0
24.1903,22488,276408,0.000,0.000,0.0,0.000,0.000,0.0,0.000,0.000,0.0
24.1903,22489,276413,0.000,0.000,0.0,0.000,0.000,0.0,0.000,0.000,0.0
24.1903,22490,276418,0.000,0.000,0.0,0.000,0.000,0.0,0.000,0.000,0.0
24.1903,22491,276423,0.000,0.000,0.0,0.000,0.000,0.0,0.000,0.000,0.0
24.1903,22492,276428,0.000,0.000,0.0,0.000,0.000,0.0,0.000,0.000,0.0
24.1903,22493,276433,0.000,0.000,0.0,0.000,0.000,0.0,0.000,0.000,0.0
24.1903,22494,276438,0.000,0.000,0.0,0.000,0.000,0.0,0.000,0.000,0.0
24.1903,22495,276443,0.000,0.000,0.0,0.000,0.000,0.0,0.000,0.000,0.0
24.1903,22496,276448,0.000,0.000,0.0,0.000,0.000,0.0,0.000,0.000,0.0
24.1903,22497,276453,0.000,0.000,0.0,0.000,0.000,0.0,0.000,0.000,0.0
24.1903,22498,276458,0.000,0.000,0.0,0.000,0.000,0.0,0.000,0.000,0.0
24.1903,22499,276463,0.000,0.000,0.0,0.000,0.000,0.0,0.000,0.000,0.0
24.1903,22500,276468,0.000,0.000,0.0,0.000,0.000,0.0,0.000,0.000,0.0
24.1903,22501,276473,0.000,0.000,0.0,0.000,0.000,0.0,0.000,0.000,0.0
24.3065,22502,276478,0.000,0.000,0.0,0.000,0.000,0.0,0.000,0.000,0.0
24.3065,22503,276483,0.000,0.000,0.0,0.000,0.000,0.0,0.000,0.000,0.0
24.3065,22504,276488,0.000,0.000,0.0,0.000,0.000,0.0,0.000,0.000,0.0
24.3065,22505,276493,0.000,0.000,0.0,0.000,0.000,0.0,0.000,0.000,0.0
24.3065,22506,276498,0.000,0.000,0.0,0.000,0.000,0.0,0.000,0.000,0.0
24.3065,22507,276503,0.000,0.000,0.0,0.000,0.000,0.0,0.000,0.000,0.0
24.3065,22508,276508,0.000,0.000,0.0,0.000,0.000,0.0,0.000,0.000,0.0
24.3065,22509,276513,0.000,0.000,0.0,0.000,0.000,0.0,0.000,0.000,0.0
24.3065,22510,276518,0.000,0.000,0.0,0.000,0.000,0.0,0.000,0.000,0.0
24.3065,22511,276523,0.000,0.000,0.0,0.000,0.000,0.0,0.000,0.000,0.0
24.3065,22512,276528,0.000,0.000,0.0,0.000,0.000,0.0,0.000,0.000,0.0
24.3065,22513,276533,0.000,0.000,0.0,0.000,0.000,0.0,0.000,0.000,0.0
24.3065,22514,276538,0.000,0.000,0.0,0.000,0.000,0.0,0.000,0.000,0.0
24.3065,22515,276543,0.000,0.000,0.0,0.000,0.000,0.0,0.000,0.000,0.0
24.3065,22516,276548,0.000,0.000,0.0,0.000,0.000,0.0,0.000,0.000,0.0
24.3065,22517,276553,0.000,0.000,0.0,0.000,0.000,0.0,0.000,0.000,0.0
24.3065,22518,276558,0.000,0.000,0.0,0.000,0.000,0.0,0.000,0.000,0.0
24.3065,22519,276563,0.000,0.000,0.0,0.000,0.000,0.0,0.000,0.000,0.0
24.3065,22520,276568,0.000,0.000,0.0,0.000,0.000,0.0,0.000,0.000,0.0
24.3065,22521,276573,0.000,0.000,0.0,0.000,0.000,0.0,0.000,0.000,0.0
24.3065,22522,276578,0.000,0.000,0.0,0.000,0.000,0.0,0.000,0.000,0.0
24.3065,22523,276583,0.000,0.000,0.0,0.000,0.000,0.0,0.000,0.000,0.0
24.3065,22524,276588,0.000,0.000,0.0,0.000,0.000,0.0,0.000,0.000,0.0
24.3065,22525,276593,0.000,0.000,0.0,0.000,0.000,0.0,0.000,0.000,0.0
24.3674,22526,276598,0.000,0.000,0.0,0.000,0.000,0.0,0.000,0.000,0.0
24.3674,22527,276603,0.000,0.000,0.0,0.000,0.000,0.0,0.000,0.000,0.0
24.3674,22528,276608,0.000,0.000,0.0,0.000,0.000,0.0,0.000,0.000,0.0
24.3674,22529,276613,0.000,0.000,0.0,0.000,0.000,0.0,0.000,0.000,0.0
24.3674,22530,276618,0.000,0.000,0.0,0.000,0.000,0.0,0.000,0.000,0.0
24.3674,22531,276623,0.000,0.000,0.0,0.000,0.000,0.0,0.000,0.000,0.0
24.3674,22532,276628,0.000,0.000,0.0,0.000,0.000,0.0,0.000,0.000,0.0
24.3674,22533,276633,0.000,0.000,0.0,0.000,0.000,0.0,0.000,0.000,0.0
24.3674,22534,276638,0.000,0.000,0.0,0.000,0.000,0.0,0.000,0.000,0.0
24.3674,22535,276643,0.000,0.000,0.0,0.000,0.000,0.0,0.000,0.000,0.0
24.3674,22536,276648,0.000,0.000,0.0,0.000,0.000,0.0,0.000,0.000,0.0
24.3674,22537,276653,0.000,0.000,0.0,0.000,0.000,0.0,0.000,0.000,0.0
24.3674,22538,276658,0.000,0.000,0.0,0.000,0.000,0.0,0.000,0.000,0.0
24.3674,22539,276663,0.000,0.000,0.0,0.000,0.000,0.0,0.000,0.000,0.0
24.3674,22540,276668,0.000,0.000,0.0,0.000,0.000,0.0,0.000,0.000,0.0
24.3674,22541,276673,0.000,0.000,0.0,0.000,0.000,0.0,0.000,0.000,0.0
24.4579,22542,276678,0.000,0.000,0.0,0.000,0.000,0.0,0.000,0.000,0.0
24.4579,22543,276683,0.000,0.000,0.0,0.000,0.000,0.0,0.000,0.000,0.0
24.4579,22544,276688,0.000,0.000,0.0,0.000,0.000,0.0,0.000,0.000,0.0
24.4579,22545,276693,0.000,0.000,0.0,0.000,0.000,0.0,0.000,0.000,0.0
24.4579,22546,276698,0.000,0.000,0.0,0.000,0.000,0.0,0.000,0.000,0.0
24.4579,22547,276703,0.000,0.000,0.0,0.000,0.000,0.0,0.000,0.000,0.0
24.4579,22548,276708,0.000,0.000,0.0,0.000,0.000,0.0,0.000,0.000,0.0
24.4579,22549,276713,0.000,0.000,0.0,0.000,0.000,0.0,0.000,0.000,0.0
24.4579,22550,276718,0.000,0.000,0.0,0.000,0.000,0.0,0.000,0.000,0.0
24.4579,22551,276723,0.000,0.000,0.0,0.000,0.000,0.0,0.000,0.000,0.0
24.4579,22552,276728,0.000,0.000,0.0,0.000,0.000,0.0,0.000,0.000,0.0
24.4579,22553,276733,0.000,0.000,0.0,0.000,0.000,0.0,0.000,0.000,0.0
24.4579,22554,276738,0.000,0.000,0.0,0.000,0.000,0.0,0.000,0.000,0.0
24.4579,22555,276743,0.000,0.000,0.0,0.000,0.000,0.0,0.000,0.000,0.0
24.4579,22556,276748,0.000,0.000,0.0,0.000,0.000,0.0,0.000,0.000,0.0
24.4579,22557,276753,0.000,0.000,0.0,0.000,0.000,0.0,0.000,0.000,0.0
24.5472,22558,276758,0.000,0.000,0.0,0.000,0.000,0.0,0.000,0.000,0.0
24.5472,22559,276763,0.000,0.000,0.0,0.000,0.000,0.0,0.000,0.000,0.0
24.5472,22560,276768,0.000,0.000,0.0,0.000,0.000,0.0,0.000,0.000,0.0
24.5472,22561,276773,0.000,0.000,0.0,0.000,0.000,0.0,0.000,0.000,0.0
24.5472,22562,276778,0.000,0.000,0.0,0.000,0.000,0.0,0.000,0.000,0.0
24.5472,22563,276783,0.000,0.000,0.0,0.000,0.000,0.0,0.000,0.000,0.0
24.5472,22564,276788,0.000,0.000,0.0,0.000,0.000,0.0,0.000,0.000,0.0
24.5472,22565,276793,0.000,0.000,0.0,0.000,0.000,0.0,0.000,0.000,0.0
24.5472,22566,276798,0.000,0.000,0.0,0.000,0.000,0.0,0.000,0.000,0.0
24.5472,22567,276803,0.000,0.000,0.0,0.000,0.000,0.0,0.000,0.000,0.0
24.5472,22568,276808,0.000,0.000,0.0,0.000,0.000,0.0,0.000,0.000,0.0
24.5472,22569,276813,0.000,0.000,0.0,0.000,0.000,0.0,0.000,0.000,0.0
24.5472,22570,276818,0.000,0.000,0.0,0.000,0.000,0.0,0.000,0.000,0.0
24.5472,22571,276823,0.000,0.000,0.0,0.000,0.000,0.0,0.000,0.000,0.0
24.5472,22572,276828,0.000,0.000,0.0,0.000,0.000,0.0,0.000,0.000,0.0
24.5472,22573,276833,0.000,0.000,0.0,0.000,0.000,0.0,0.000,0.000,0.0
24.6622,22574,276838,0.000,0.000,0.0,0.000,0.000,0.0,0.000,0.000,0.0
24.6622,22575,276843,0.000,0.000,0.0,0.000,0.000,0.0,0.000,0.000,0.0
24.6622,22576,276848,0.000,0.000,0.0,0.000,0.000,0.0,0.000,0.000,0.0
24.6622,22577,276853,0.000,0.000,0.0,0.000,0.000,0.0,0.000,0.000,0.0
24.6622,22578,276858,0.000,0.000,0.0,0.000,0.000,0.0,0.000,0.000,0.0
24.6622,22579,276863,0.000,0.000,0.0,0.000,0.000,0.0,0.000,0.000,0.0
24.6622,22580,276868,0.000,0.000,0.0,0.000,0.000,0.0,0.000,0.000,0.0
24.6622,22581,276873,0.000,0.000,0.0,0.000,0.000,0.0,0.000,0.000,0.0
24.6622,22582,276878,0.000,0.000,0.0,0.000,0.000,0.0,0.000,0.000,0.0
24.6622,22583,276883,0.000,0.000,0.0,0.000,0.000,0.0,0.000,0.000,0.0
24.6622,22584,276888,0.000,0.000,0.0,0.000,0.000,0.0,0.000,0.000,0.0
24.6622,22585,276893,0.000,0.000,0.0,0.000,0.000,0.0,0.000,0.000,0.0
24.6622,22586,276898,0.000,0.000,0.0,0.000,0.000,0.0,0.000,0.000,0.0
24.6622,22587,276903,0.000,0.000,0.0,0.000,0.000,0.0,0.000,0.000,0.0
24.6622,22588,276908,0.000,0.000,0.0,0.000,0.000,0.0,0.000,0.000,0.0
24.6622,22589,276913,0.000,0.000,0.0,0.000,0.000,0.0,0.000,0.000,0.0
24.6622,22590,276918,0.000,0.000,0.0,0.000,0.000,0.0,0.000,0.000,0.0
24.6622,22591,276923,0.000,0.000,0.0,0.000,0.000,0.0,0.000,0.000,0.0
24.6622,22592,276928,0.000,0.000,0.0,0.000,0.000,0.0,0.000,0.000,0.0
24.6622,22593,276933,0.000,0.000,0.0,0.000,0.000,0.0,0.000,0.000,0.0
24.6622,22594,276938,0.000,0.000,0.0,0.000,0.000,0.0,0.000,0.000,0.0
24.6622,22595,276943,0.000,0.000,0.0,0.000,0.000,0.0,0.000,0.000,0.0
24.6622,22596,276948,0.000,0.000,0.0,0.000,0.000,0.0,0.000,0.000,0.0
24.6622,22597,276953,0.000,0.000,0.0,0.000,0.000,0.0,0.000,0.000,0.0
24.7448,22598,276958,0.000,0.000,0.0,0.000,0.000,0.0,0.000,0.000,0.0
24.7448,22599,276963,0.000,0.000,0.0,0.000,0.000,0.0,0.000,0.000,0.0
24.7448,22600,276968,0.000,0.000,0.0,0.000,0.000,0.0,0.000,0.000,0.0
24.7448,22601,276973,0.000,0.000,0.0,0.000,0.000,0.0,0.000,0.000,0.0
24.7448,22602,276978,0.000,0.000,0.0,0.000,0.000,0.0,0.000,0.000,0.0
24.7448,22603,276983,0.000,0.000,0.0,0.000,0.000,0.0,0.000,0.000,0.0
24.7448,22604,276988,0.000,0.000,0.0,0.000,0.000,0.0,0.000,0.000,0.0
24.7448,22605,276993,0.000,0.000,0.0,0.000,0.000,0.0,0.000,0.000,0.0
24.7448,22606,276998,0.000,0.000,0.0,0.000,0.000,0.0,0.000,0.000,0.0
24.7448,22607,277003,0.000,0.000,0.0,0.000,0.000,0.0,0.000,0.000,0.0
24.7448,22608,277008,0.000,0.000,0.0,0.000,0.000,0.0,0.000,0.000,0.0
24.7448,22609,277013,0.000,0.000,0.0,0.000,0.000,0.0,0.000,0.000,0.0
24.7448,22610,277018,0.000,0.000,0.0,0.000,0.000,0.0,0.000,0.000,0.0
24.7448,22611,277023,0.000,0.000,0.0,0.000,0.000,0.0,0.000,0.000,0.0
24.7448,22612,277028,0.000,0.000,0.0,0.000,0.000,0.0,0.000,0.000,0.0
24.7448,22613,277033,0.000,0.000,0.0,0.000,0.000,0.0,0.000,0.000,0.0
24.8014,22614,277038,0.000,0.000,0.0,0.000,0.000,0.0,0.000,0.000,0.0
24.8014,22615,277043,0.000,0.000,0.0,0.000,0.000,0.0,0.000,0.000,0.0
24.8014,22616,277048,0.000,0.000,0.0,0.000,0.000,0.0,0.000,0.000,0.0
24.8014,22617,277053,0.000,0.000,0.0,0.000,0.000,0.0,0.000,0.000,0.0
24.8014,22618,277058,0.000,0.000,0.0,0.000,0.000,0.0,0.000,0.000,0.0
24.8014,22619,277063,0.000,0.000,0.0,0.000,0.000,0.0,0.000,0.000,0.0
24.8014,22620,277068,0.000,0.000,0.0,0.000,0.000,0.0,0.000,0.000,0.0
24.8014,22621,277073,0.000,0.000,0.0,0.000,0.000,0.0,0.000,0.000,0.0
24.8014,22622,277078,0.000,0.000,0.0,0.000,0.000,0.0,0.000,0.000,0.0
24.8014,22623,277083,0.000,0.000,0.0,0.000,0.000,0.0,0.000,0.000,0.0
24.8014,22624,277088,0.000,0.000,0.0,0.000,0.000,0.0,0.000,0.000,0.0
24.8014,22625,277093,0.000,0.000,0.0,0.000,0.000,0.0,0.000,0.000,0.0
24.8014,22626,277098,0.000,0.000,0.0,0.000,0.000,0.0,0.000,0.000,0.0
24.8014,22627,277103,0.000,0.000,0.0,0.000,0.000,0.0,0.000,0.000,0.0
24.8014,22628,277108,0.000,0.000,0.0,0.000,0.000,0.0,0.000,0.000,0.0
24.8014,22629,277113,0.000,0.000,0.0,0.000,0.000,0.0,0.000,0.000,0.0
24.9061,22630,277118,0.000,0.000,0.0,0.000,0.000,0.0,0.000,0.000,0.0
24.9061,22631,277123,0.000,0.000,0.0,0.000,0.000,0.0,0.000,0.000,0.0
24.9061,22632,277128,0.000,0.000,0.0,0.000,0.000,0.0,0.000,0.000,0.0
24.9061,22633,277133,0.000,0.000,0.0,0.000,0.000,0.0,0.000,0.000,0.0
24.9061,22634,277138,0.000,0.000,0.0,0.000,0.000,0.0,0.000,0.000,0.0
24.9061,22635,277143,0.000,0.000,0.0,0.000,0.000,0.0,0.000,0.000,0.0
24.9061,22636,277148,0.000,0.000,0.0,0.000,0.000,0.0,0.000,0.000,0.0
24.9061,22637,277153,0.000,0.000,0.0,0.000,0.000,0.0,0.000,0.000,0.0
24.9061,22638,277158,0.000,0.000,0.0,0.000,0.000,0.0,0.000,0.000,0.0
24.9061,22639,277163,0.000,0.000,0.0,0.000,0.000,0.0,0.000,0.000,0.0
24.9061,22640,277168,0.000,0.000,0.0,0.000,0.000,0.0,0.000,0.000,0.0
24.9061,22641,277173,0.000,0.000,0.0,0.000,0.000,0.0,0.000,0.000,0.0
24.9061,22642,277178,0.000,0.000,0.0,0.000,0.000,0.0,0.000,0.000,0.0
24.9061,22643,277183,0.000,0.000,0.0,0.000,0.000,0.0,0.000,0.000,0.0
24.9061,22644,277188,0.000,0.000,0.0,0.000,0.000,0.0,0.000,0.000,0.0
24.9061,22645,277193,0.000,0.000,0.0,0.000,0.000,0.0,0.000,0.000,0.0
24.9536,22646,277198,0.000,0.000,0.0,0.000,0.000,0.0,0.000,0.000,0.0
24.9536,22647,277203,0.000,0.000,0.0,0.000,0.000,0.0,0.000,0.000,0.0
24.9536,22648,277208,0.000,0.000,0.0,0.000,0.000,0.0,0.000,0.000,0.0
24.9536,22649,277213,0.000,0.000,0.0,0.000,0.000,0.0,0.000,0.000,0.0
24.9536,22650,277218,0.000,0.000,0.0,0.000,0.000,0.0,0.000,0.000,0.0
24.9536,22651,277223,0.000,0.000,0.0,0.000,0.000,0.0,0.000,0.000,0.0
24.9536,22652,277228,0.000,0.000,0.0,0.000,0.000,0.0,0.000,0.000,0.0
24.9536,22653,277233,0.000,0.000,0.0,0.000,0.000,0.0,0.000,0.000,0.0
24.9536,22654,277238,0.000,0.000,0.0,0.000,0.000,0.0,0.000,0.000,0.0
24.9536,22655,277243,0.000,0.000,0.0,0.000,0.000,0.0,0.000,0.000,0.0
24.9536,22656,277248,0.000,0.000,0.0,0.000,0.000,0.0,0.000,0.000,0.0
24.9536,22657,277253,0.000,0.000,0.0,0.000,0.000,0.0,0.000,0.000,0.0
24.9536,22658,277258,0.000,0.000,0.0,0.000,0.000,0.0,0.000,0.000,0.0
24.9536,22659,277263,0.000,0.000,0.0,0.000,0.000,0.0,0.000,0.000,0.0
24.9536,22660,277268,0.000,0.000,0.0,0.000,0.000,0.0,0.000,0.000,0.0
24.9536,22661,277273,0.000,0.000,0.0,0.000,0.000,0.0,0.000,0.000,0.0
25.0699,22662,277278,0.000,0.000,0.0,0.000,0.000,0.0,0.000,0.000,0.0
25.0699,22663,277283,0.000,0.000,0.0,0.000,0.000,0.0,0.000,0.000,0.0
25.0699,22664,277288,0.000,0.000,0.0,0.000,0.000,0.0,0.000,0.000,0.0
25.0699,22665,277293,0.000,0.000,0.0,0.000,0.000,0.0,0.000,0.000,0.0
25.0699,22666,277298,0.000,0.000,0.0,0.000,0.000,0.0,0.000,0.000,0.0
25.0699,22667,277303,0.000,0.000,0.0,0.000,0.000,0.0,0.000,0.000,0.0
25.0699,22668,277308,0.000,0.000,0.0,0.000,0.000,0.0,0.000,0.000,0.0
25.0699,22669,277313,0.000,0.000,0.0,0.000,0.000,0.0,0.000,0.000,0.0
25.0699,22670,277318,0.000,0.000,0.0,0.000,0.000,0.0,0.000,0.000,0.0
25.0699,22671,277323,0.000,0.000,0.0,0.000,0.000,0.0,0.000,0.000,0.0
25.0699,22672,277328,0.000,0.000,0.0,0.000,0.000,0.0,0.000,0.000,0.0
25.0699,22673,277333,0.000,0.000,0.0,0.000,0.000,0.0,0.000,0.000,0.0
25.0699,22674,277338,0.000,0.000,0.0,0.000,0.000,0.0,0.000,0.000,0.0
25.0699,22675,277343,0.000,0.000,0.0,0.000,0.000,0.0,0.000,0.000,0.0
25.0699,22676,277348,0.000,0.000,0.0,0.000,0.000,0.0,0.000,0.000,0.0
25.0699,22677,277353,0.000,0.000,0.0,0.000,0.000,0.0,0.000,0.000,0.0
25.1873,22678,277358,0.000,0.000,0.0,0.000,0.000,0.0,0.000,0.000,0.0
25.1873,22679,277363,0.000,0.000,0.0,0.000,0.000,0.0,0.000,0.000,0.0
25.1873,22680,277368,0.000,0.000,0.0,0.000,0.000,0.0,0.000,0.000,0.0
25.1873,22681,277373,0.000,0.000,0.0,0.000,0.000,0.0,0.000,0.000,0.0
25.1873,22682,277378,0.000,0.000,0.0,0.000,0.000,0.0,0.000,0.000,0.0
25.1873,22683,277383,0.000,0.000,0.0,0.000,0.000,0.0,0.000,0.000,0.0
25.1873,22684,277388,0.000,0.000,0.0,0.000,0.000,0.0,0.000,0.000,0.0
25.1873,22685,277393,0.000,0.000,0.0,0.000,0.000,0.0,0.000,0.000,0.0
25.1873,22686,277398,0.000,0.000,0.0,0.000,0.000,0.0,0.000,0.000,0.0
25.1873,22687,277403,0.000,0.000,0.0,0.000,0.000,0.0,0.000,0.000,0.0
25.1873,22688,277408,0.000,0.000,0.0,0.000,0.000,0.0,0.000,0.000,0.0
25.1873,22689,277413,0.000,0.000,0.0,0.000,0.000,0.0,0.000,0.000,0.0
25.1873,22690,277418,0.000,0.000,0.0,0.000,0.000,0.0,0.000,0.000,0.0
25.1873,22691,277423,0.000,0.000,0.0,0.000,0.000,0.0,0.000,0.000,0.0
25.1873,22692,277428,0.000,0.000,0.0,0.000,0.000,0.0,0.000,0.000,0.0
25.1873,22693,277433,0.000,0.000,0.0,0.000,0.000,0.0,0.000,0.000,0.0
25.1873,22694,277438,0.000,0.000,0.0,0.000,0.000,0.0,0.000,0.000,0.0
25.1873,22695,277443,0.000,0.000,0.0,0.000,0.000,0.0,0.000,0.000,0.0
25.1873,22696,277448,0.000,0.000,0.0,0.000,0.000,0.0,0.000,0.000,0.0
25.1873,22697,277453,0.000,0.000,0.0,0.000,0.000,0.0,0.000,0.000,0.0
25.1873,22698,277458,0.000,0.000,0.0,0.000,0.000,0.0,0.000,0.000,0.0
25.1873,22699,277463,0.000,0.000,0.0,0.000,0.000,0.0,0.000,0.000,0.0
25.1873,22700,277468,0.000,0.000,0.0,0.000,0.000,0.0,0.000,0.000,0.0
25.1873,22701,277473,0.000,0.000,0.0,0.000,0.000,0.0,0.000,0.000,0.0
25.2764,22702,277478,0.000,0.000,0.0,0.000,0.000,0.0,0.000,0.000,0.0
25.2764,22703,277483,0.000,0.000,0.0,0.000,0.000,0.0,0.000,0.000,0.0
25.2764,22704,277488,0.000,0.000,0.0,0.000,0.000,0.0,0.000,0.000,0.0
25.2764,22705,277493,0.000,0.000,0.0,0.000,0.000,0.0,0.000,0.000,0.0
25.2764,22706,277498,0.000,0.000,0.0,0.000,0.000,0.0,0.000,0.000,0.0
25.2764,22707,277503,0.000,0.000,0.0,0.000,0.000,0.0,0.000,0.000,0.0
25.2764,22708,277508,0.000,0.000,0.0,0.000,0.000,0.0,0.000,0.000,0.0
25.2764,22709,277513,0.000,0.000,0.0,0.000,0.000,0.0,0.000,0.000,0.0
25.2764,22710,277518,0.000,0.000,0.0,0.000,0.000,0.0,0.000,0.000,0.0
25.2764,22711,277523,0.000,0.000,0.0,0.000,0.000,0.0,0.000,0.000,0.0
25.2764,22712,277528,0.000,0.000,0.0,0.000,0.000,0.0,0.000,0.000,0.0
25.2764,22713,277533,0.000,0.000,0.0,0.000,0.000,0.0,0.000,0.000,0.0
25.2764,22714,277538,0.000,0.000,0.0,0.000,0.000,0.0,0.000,0.000,0.0
25.2764,22715,277543,0.000,0.000,0.0,0.000,0.000,0.0,0.000,0.000,0.0
25.2764,22716,277548,0.000,0.000,0.0,0.000,0.000,0.0,0.000,0.000,0.0
25.2764,22717,277553,0.000,0.000,0.0,0.000,0.000,0.0,0.000,0.000,0.0
25.2764,22718,277558,0.000,0.000,0.0,0.000,0.000,0.0,0.000,0.000,0.0
25.2764,22719,277563,0.000,0.000,0.0,0.000,0.000,0.0,0.000,0.000,0.0
25.2764,22720,277568,0.000,0.000,0.0,0.000,0.000,0.0,0.000,0.000,0.0
25.2764,22721,277573,0.000,0.000,0.0,0.000,0.000,0.0,0.000,0.000,0.0
25.2764,22722,277578,0.000,0.000,0.0,0.000,0.000,0.0,0.000,0.000,0.0
25.2764,22723,277583,0.000,0.000,0.0,0.000,0.000,0.0,0.000,0.000,0.0
25.2764,22724,277588,0.000,0.000,0.0,0.000,0.000,0.0,0.000,0.000,0.0
25.2764,22725,277593,0.000,0.000,0.0,0.000,0.000,0.0,0.000,0.000,0.0
25.3302,22726,277598,0.000,0.000,0.0,0.000,0.000,0.0,0.000,0.000,0.0
25.3302,22727,277603,0.000,0.000,0.0,0.000,0.000,0.0,0.000,0.000,0.0
25.3302,22728,277608,0.000,0.000,0.0,0.000,0.000,0.0,0.000,0.000,0.0
25.3302,22729,277613,0.000,0.000,0.0,0.000,0.000,0.0,0.000,0.000,0.0
25.3302,22730,277618,0.000,0.000,0.0,0.000,0.000,0.0,0.000,0.000,0.0
25.3302,22731,277623,0.000,0.000,0.0,0.000,0.000,0.0,0.000,0.000,0.0
25.3302,22732,277628,0.000,0.000,0.0,0.000,0.000,0.0,0.000,0.000,0.0
25.3302,22733,277633,0.000,0.000,0.0,0.000,0.000,0.0,0.000,0.000,0.0
25.3919,22734,277638,0.000,0.000,0.0,0.000,0.000,0.0,0.000,0.000,0.0
25.3919,22735,277643,0.000,0.000,0.0,0.000,0.000,0.0,0.000,0.000,0.0
25.3919,22736,277648,0.000,0.000,0.0,0.000,0.000,0.0,0.000,0.000,0.0
25.3919,22737,277653,0.000,0.000,0.0,0.000,0.000,0.0,0.000,0.000,0.0
25.3919,22738,277658,0.000,0.000,0.0,0.000,0.000,0.0,0.000,0.000,0.0
25.3919,22739,277663,0.000,0.000,0.0,0.000,0.000,0.0,0.000,0.000,0.0
25.3919,22740,277668,0.000,0.000,0.0,0.000,0.000,0.0,0.000,0.000,0.0
25.3919,22741,277673,0.000,0.000,0.0,0.000,0.000,0.0,0.000,0.000,0.0
25.3919,22742,277678,0.000,0.000,0.0,0.000,0.000,0.0,0.000,0.000,0.0
25.3919,22743,277683,0.000,0.000,0.0,0.000,0.000,0.0,0.000,0.000,0.0
25.3919,22744,277688,0.000,0.000,0.0,0.000,0.000,0.0,0.000,0.000,0.0
25.3919,22745,277693,0.000,0.000,0.0,0.000,0.000,0.0,0.000,0.000,0.0
25.3919,22746,277698,0.000,0.000,0.0,0.000,0.000,0.0,0.000,0.000,0.0
25.3919,22747,277703,0.000,0.000,0.0,0.000,0.000,0.0,0.000,0.000,0.0
25.3919,22748,277708,0.000,0.000,0.0,0.000,0.000,0.0,0.000,0.000,0.0
25.3919,22749,277713,0.000,0.000,0.0,0.000,0.000,0.0,0.000,0.000,0.0
25.4847,22750,277718,0.000,0.000,0.0,0.000,0.000,0.0,0.000,0.000,0.0
25.4847,22751,277723,0.000,0.000,0.0,0.000,0.000,0.0,0.000,0.000,0.0
25.4847,22752,277728,0.000,0.000,0.0,0.000,0.000,0.0,0.000,0.000,0.0
25.4847,22753,277733,0.000,0.000,0.0,0.000,0.000,0.0,0.000,0.000,0.0
25.4847,22754,277738,0.000,0.000,0.0,0.000,0.000,0.0,0.000,0.000,0.0
25.4847,22755,277743,0.000,0.000,0.0,0.000,0.000,0.0,0.000,0.000,0.0
25.4847,22756,277748,0.000,0.000,0.0,0.000,0.000,0.0,0.000,0.000,0.0
25.4847,22757,277753,0.000,0.000,0.0,0.000,0.000,0.0,0.000,0.000,0.0
25.4847,22758,277758,0.000,0.000,0.0,0.000,0.000,0.0,0.000,0.000,0.0
25.4847,22759,277763,0.000,0.000,0.0,0.000,0.000,0.0,0.000,0.000,0.0
25.4847,22760,277768,0.000,0.000,0.0,0.000,0.000,0.0,0.000,0.000,0.0
25.4847,22761,277773,0.000,0.000,0.0,0.000,0.000,0.0,0.000,0.000,0.0
25.4847,22762,277778,0.000,0.000,0.0,0.000,0.000,0.0,0.000,0.000,0.0
25.4847,22763,277783,0.000,0.000,0.0,0.000,0.000,0.0,0.000,0.000,0.0
25.4847,22764,277788,0.000,0.000,0.0,0.000,0.000,0.0,0.000,0.000,0.0
25.4847,22765,277793,0.000,0.000,0.0,0.000,0.000,0.0,0.000,0.000,0.0
25.5967,22766,277798,0.000,0.000,0.0,0.000,0.000,0.0,0.000,0.000,0.0
25.5967,22767,277803,0.000,0.000,0.0,0.000,0.000,0.0,0.000,0.000,0.0
25.5967,22768,277808,0.000,0.000,0.0,0.000,0.000,0.0,0.000,0.000,0.0
25.5967,22769,277813,0.000,0.000,0.0,0.000,0.000,0.0,0.000,0.000,0.0
25.5967,22770,277818,0.000,0.000,0.0,0.000,0.000,0.0,0.000,0.000,0.0
25.5967,22771,277823,0.000,0.000,0.0,0.000,0.000,0.0,0.000,0.000,0.0
25.5967,22772,277828,0.000,0.000,0.0,0.000,0.000,0.0,0.000,0.000,0.0
25.5967,22773,277833,0.000,0.000,0.0,0.000,0.000,0.0,0.000,0.000,0.0
25.5967,22774,277838,0.000,0.000,0.0,0.000,0.000,0.0,0.000,0.000,0.0
25.5967,22775,277843,0.000,0.000,0.0,0.000,0.000,0.0,0.000,0.000,0.0
25.5977,22776,277848,0.000,0.000,0.0,0.000,0.000,0.0,0.000,0.000,0.0
25.5977,22777,277853,0.000,0.000,0.0,0.000,0.000,0.0,0.000,0.000,0.0
25.5977,22778,277858,0.000,0.000,0.0,0.000,0.000,0.0,0.000,0.000,0.0
25.5977,22779,277863,0.000,0.000,0.0,0.000,0.000,0.0,0.000,0.000,0.0
25.5977,22780,277868,0.000,0.000,0.0,0.000,0.000,0.0,0.000,0.000,0.0
25.5977,22781,277873,0.000,0.000,0.0,0.000,0.000,0.0,0.000,0.000,0.0
25.6588,22782,277878,0.000,0.000,0.0,0.000,0.000,0.0,0.000,0.000,0.0
25.6588,22783,277883,0.000,0.000,0.0,0.000,0.000,0.0,0.000,0.000,0.0
25.6588,22784,277888,0.000,0.000,0.0,0.000,0.000,0.0,0.000,0.000,0.0
25.6588,22785,277893,0.000,0.000,0.0,0.000,0.000,0.0,0.000,0.000,0.0
25.6588,22786,277898,0.000,0.000,0.0,0.000,0.000,0.0,0.000,0.000,0.0
25.6588,22787,277903,0.000,0.000,0.0,0.000,0.000,0.0,0.000,0.000,0.0
25.6588,22788,277908,0.000,0.000,0.0,0.000,0.000,0.0,0.000,0.000,0.0
25.6588,22789,277913,0.000,0.000,0.0,0.000,0.000,0.0,0.000,0.000,0.0
25.6595,22790,277918,0.000,0.000,0.0,0.000,0.000,0.0,0.000,0.000,0.0
25.6595,22791,277923,0.000,0.000,0.0,0.000,0.000,0.0,0.000,0.000,0.0
25.6595,22792,277928,0.000,0.000,0.0,0.000,0.000,0.0,0.000,0.000,0.0
25.6595,22793,277933,0.000,0.000,0.0,0.000,0.000,0.0,0.000,0.000,0.0
25.6595,22794,277938,0.000,0.000,0.0,0.000,0.000,0.0,0.000,0.000,0.0
25.6595,22795,277943,0.000,0.000,0.0,0.000,0.000,0.0,0.000,0.000,0.0
25.6595,22796,277948,0.000,0.000,0.0,0.000,0.000,0.0,0.000,0.000,0.0
25.6595,22797,277953,0.000,0.000,0.0,0.000,0.000,0.0,0.000,0.000,0.0
25.7245,22798,277958,0.000,0.000,0.0,0.000,0.000,0.0,0.000,0.000,0.0
25.7245,22799,277963,0.000,0.000,0.0,0.000,0.000,0.0,0.000,0.000,0.0
25.7245,22800,277968,0.000,0.000,0.0,0.000,0.000,0.0,0.000,0.000,0.0
25.7245,22801,277973,0.000,0.000,0.0,0.000,0.000,0.0,0.000,0.000,0.0
25.7245,22802,277978,0.000,0.000,0.0,0.000,0.000,0.0,0.000,0.000,0.0
25.7245,22803,277983,0.000,0.000,0.0,0.000,0.000,0.0,0.000,0.000,0.0
25.7245,22804,277988,0.000,0.000,0.0,0.000,0.000,0.0,0.000,0.000,0.0
25.7245,22805,277993,0.000,0.000,0.0,0.000,0.000,0.0,0.000,0.000,0.0
25.7245,22806,277998,0.000,0.000,0.0,0.000,0.000,0.0,0.000,0.000,0.0
25.7245,22807,278003,0.000,0.000,0.0,0.000,0.000,0.0,0.000,0.000,0.0
25.7245,22808,278008,0.000,0.000,0.0,0.000,0.000,0.0,0.000,0.000,0.0
25.7245,22809,278013,0.000,0.000,0.0,0.000,0.000,0.0,0.000,0.000,0.0
25.7245,22810,278018,0.000,0.000,0.0,0.000,0.000,0.0,0.000,0.000,0.0
25.7245,22811,278023,0.000,0.000,0.0,0.000,0.000,0.0,0.000,0.000,0.0
25.7245,22812,278028,0.000,0.000,0.0,0.000,0.000,0.0,0.000,0.000,0.0
25.7245,22813,278033,0.000,0.000,0.0,0.000,0.000,0.0,0.000,0.000,0.0
25.7848,22814,278038,0.000,0.000,0.0,0.000,0.000,0.0,0.000,0.000,0.0
25.7848,22815,278043,0.000,0.000,0.0,0.000,0.000,0.0,0.000,0.000,0.0
25.7848,22816,278048,0.000,0.000,0.0,0.000,0.000,0.0,0.000,0.000,0.0
25.7848,22817,278053,0.000,0.000,0.0,0.000,0.000,0.0,0.000,0.000,0.0
25.7848,22818,278058,0.000,0.000,0.0,0.000,0.000,0.0,0.000,0.000,0.0
25.7848,22819,278063,0.000,0.000,0.0,0.000,0.000,0.0,0.000,0.000,0.0
25.7848,22820,278068,0.000,0.000,0.0,0.000,0.000,0.0,0.000,0.000,0.0
25.7848,22821,278073,0.000,0.000,0.0,0.000,0.000,0.0,0.000,0.000,0.0
25.8440,22822,278078,0.000,0.000,0.0,0.000,0.000,0.0,0.000,0.000,0.0
25.8440,22823,278083,0.000,0.000,0.0,0.000,0.000,0.0,0.000,0.000,0.0
25.8440,22824,278088,0.000,0.000,0.0,0.000,0.000,0.0,0.000,0.000,0.0
25.8440,22825,278093,0.000,0.000,0.0,0.000,0.000,0.0,0.000,0.000,0.0
25.8440,22826,278098,0.000,0.000,0.0,0.000,0.000,0.0,0.000,0.000,0.0
25.8440,22827,278103,0.000,0.000,0.0,0.000,0.000,0.0,0.000,0.000,0.0
25.8440,22828,278108,0.000,0.000,0.0,0.000,0.000,0.0,0.000,0.000,0.0
25.8440,22829,278113,0.000,0.000,0.0,0.000,0.000,0.0,0.000,0.000,0.0
25.8440,22830,278118,0.000,0.000,0.0,0.000,0.000,0.0,0.000,0.000,0.0
25.8440,22831,278123,0.000,0.000,0.0,0.000,0.000,0.0,0.000,0.000,0.0
25.8440,22832,278128,0.000,0.000,0.0,0.000,0.000,0.0,0.000,0.000,0.0
25.8440,22833,278133,0.000,0.000,0.0,0.000,0.000,0.0,0.000,0.000,0.0
25.8440,22834,278138,0.000,0.000,0.0,0.000,0.000,0.0,0.000,0.000,0.0
25.8440,22835,278143,0.000,0.000,0.0,0.000,0.000,0.0,0.000,0.000,0.0
25.8440,22836,278148,0.000,0.000,0.0,0.000,0.000,0.0,0.000,0.000,0.0
25.8440,22837,278153,0.000,0.000,0.0,0.000,0.000,0.0,0.000,0.000,0.0
25.9448,22838,278158,0.000,0.000,0.0,0.000,0.000,0.0,0.000,0.000,0.0
25.9448,22839,278163,0.000,0.000,0.0,0.000,0.000,0.0,0.000,0.000,0.0
25.9448,22840,278168,0.000,0.000,0.0,0.000,0.000,0.0,0.000,0.000,0.0
25.9448,22841,278173,0.000,0.000,0.0,0.000,0.000,0.0,0.000,0.000,0.0
25.9448,22842,278178,0.000,0.000,0.0,0.000,0.000,0.0,0.000,0.000,0.0
25.9448,22843,278183,0.000,0.000,0.0,0.000,0.000,0.0,0.000,0.000,0.0
25.9448,22844,278188,0.000,0.000,0.0,0.000,0.000,0.0,0.000,0.000,0.0
25.9448,22845,278193,0.000,0.000,0.0,0.000,0.000,0.0,0.000,0.000,0.0
25.9448,22846,278198,0.000,0.000,0.0,0.000,0.000,0.0,0.000,0.000,0.0
25.9448,22847,278203,0.000,0.000,0.0,0.000,0.000,0.0,0.000,0.000,0.0
25.9448,22848,278208,0.000,0.000,0.0,0.000,0.000,0.0,0.000,0.000,0.0
25.9448,22849,278213,0.000,0.000,0.0,0.000,0.000,0.0,0.000,0.000,0.0
25.9448,22850,278218,0.000,0.000,0.0,0.000,0.000,0.0,0.000,0.000,0.0
25.9448,22851,278223,0.000,0.000,0.0,0.000,0.000,0.0,0.000,0.000,0.0
25.9448,22852,278228,0.000,0.000,0.0,0.000,0.000,0.0,0.000,0.000,0.0
25.9448,22853,278233,0.000,0.000,0.0,0.000,0.000,0.0,0.000,0.000,0.0
26.0020,22854,278238,0.000,0.000,0.0,0.000,0.000,0.0,0.000,0.000,0.0
26.0020,22855,278243,0.000,0.000,0.0,0.000,0.000,0.0,0.000,0.000,0.0
26.0020,22856,278248,0.000,0.000,0.0,0.000,0.000,0.0,0.000,0.000,0.0
26.0020,22857,278253,0.000,0.000,0.0,0.000,0.000,0.0,0.000,0.000,0.0
26.0020,22858,278258,0.000,0.000,0.0,0.000,0.000,0.0,0.000,0.000,0.0
26.0020,22859,278263,0.000,0.000,0.0,0.000,0.000,0.0,0.000,0.000,0.0
26.0020,22860,278268,0.000,0.000,0.0,0.000,0.000,0.0,0.000,0.000,0.0
26.0020,22861,278273,0.000,0.000,0.0,0.000,0.000,0.0,0.000,0.000,0.0
26.0020,22862,278278,0.000,0.000,0.0,0.000,0.000,0.0,0.000,0.000,0.0
26.0030,22863,278283,0.000,0.000,0.0,0.000,0.000,0.0,0.000,0.000,0.0
26.0030,22864,278288,0.000,0.000,0.0,0.000,0.000,0.0,0.000,0.000,0.0
26.0030,22865,278293,0.000,0.000,0.0,0.000,0.000,0.0,0.000,0.000,0.0
26.0030,22866,278298,0.000,0.000,0.0,0.000,0.000,0.0,0.000,0.000,0.0
26.0030,22867,278303,0.000,0.000,0.0,0.000,0.000,0.0,0.000,0.000,0.0
26.0030,22868,278308,0.000,0.000,0.0,0.000,0.000,0.0,0.000,0.000,0.0
26.0030,22869,278313,0.000,0.000,0.0,0.000,0.000,0.0,0.000,0.000,0.0
26.0638,22870,278318,0.000,0.000,0.0,0.000,0.000,0.0,0.000,0.000,0.0
26.0638,22871,278323,0.000,0.000,0.0,0.000,0.000,0.0,0.000,0.000,0.0
26.0638,22872,278328,0.000,0.000,0.0,0.000,0.000,0.0,0.000,0.000,0.0
26.0638,22873,278333,0.000,0.000,0.0,0.000,0.000,0.0,0.000,0.000,0.0
26.0638,22874,278338,0.000,0.000,0.0,0.000,0.000,0.0,0.000,0.000,0.0
26.0638,22875,278343,0.000,0.000,0.0,0.000,0.000,0.0,0.000,0.000,0.0
26.0638,22876,278348,0.000,0.000,0.0,0.000,0.000,0.0,0.000,0.000,0.0
26.0638,22877,278353,0.000,0.000,0.0,0.000,0.000,0.0,0.000,0.000,0.0
26.1450,22878,278358,0.000,0.000,0.0,0.000,0.000,0.0,0.000,0.000,0.0
26.1450,22879,278363,0.000,0.000,0.0,0.000,0.000,0.0,0.000,0.000,0.0
26.1450,22880,278368,0.000,0.000,0.0,0.000,0.000,0.0,0.000,0.000,0.0
26.1450,22881,278373,0.000,0.000,0.0,0.000,0.000,0.0,0.000,0.000,0.0
26.1450,22882,278378,0.000,0.000,0.0,0.000,0.000,0.0,0.000,0.000,0.0
26.1450,22883,278383,0.000,0.000,0.0,0.000,0.000,0.0,0.000,0.000,0.0
26.1450,22884,278388,0.000,0.000,0.0,0.000,0.000,0.0,0.000,0.000,0.0
26.1450,22885,278393,0.000,0.000,0.0,0.000,0.000,0.0,0.000,0.000,0.0
26.1450,22886,278398,0.000,0.000,0.0,0.000,0.000,0.0,0.000,0.000,0.0
26.1450,22887,278403,0.000,0.000,0.0,0.000,0.000,0.0,0.000,0.000,0.0
26.1450,22888,278408,0.000,0.000,0.0,0.000,0.000,0.0,0.000,0.000,0.0
26.1450,22889,278413,0.000,0.000,0.0,0.000,0.000,0.0,0.000,0.000,0.0
26.1450,22890,278418,0.000,0.000,0.0,0.000,0.000,0.0,0.000,0.000,0.0
26.1450,22891,278423,0.000,0.000,0.0,0.000,0.000,0.0,0.000,0.000,0.0
26.1450,22892,278428,0.000,0.000,0.0,0.000,0.000,0.0,0.000,0.000,0.0
26.1450,22893,278433,0.000,0.000,0.0,0.000,0.000,0.0,0.000,0.000,0.0
26.1963,22894,278438,0.000,0.000,0.0,0.000,0.000,0.0,0.000,0.000,0.0
26.1963,22895,278443,0.000,0.000,0.0,0.000,0.000,0.0,0.000,0.000,0.0
26.1963,22896,278448,0.000,0.000,0.0,0.000,0.000,0.0,0.000,0.000,0.0
26.1963,22897,278453,0.000,0.000,0.0,0.000,0.000,0.0,0.000,0.000,0.0
26.1963,22898,278458,0.000,0.000,0.0,0.000,0.000,0.0,0.000,0.000,0.0
26.1963,22899,278463,0.000,0.000,0.0,0.000,0.000,0.0,0.000,0.000,0.0
26.1963,22900,278468,0.000,0.000,0.0,0.000,0.000,0.0,0.000,0.000,0.0
26.1963,22901,278473,0.000,0.000,0.0,0.000,0.000,0.0,0.000,0.000,0.0
26.1963,22902,278478,0.000,0.000,0.0,0.000,0.000,0.0,0.000,0.000,0.0
26.1963,22903,278483,0.000,0.000,0.0,0.000,0.000,0.0,0.000,0.000,0.0
26.1963,22904,278488,0.000,0.000,0.0,0.000,0.000,0.0,0.000,0.000,0.0
26.1963,22905,278493,0.000,0.000,0.0,0.000,0.000,0.0,0.000,0.000,0.0
26.1963,22906,278498,0.000,0.000,0.0,0.000,0.000,0.0,0.000,0.000,0.0
26.1963,22907,278503,0.000,0.000,0.0,0.000,0.000,0.0,0.000,0.000,0.0
26.1963,22908,278508,0.000,0.000,0.0,0.000,0.000,0.0,0.000,0.000,0.0
26.1963,22909,278513,0.000,0.000,0.0,0.000,0.000,0.0,0.000,0.000,0.0
27.7066,22910,278518,0.000,0.000,0.0,0.000,0.000,0.0,0.000,0.000,0.0
27.7066,22911,278523,0.000,0.000,0.0,0.000,0.000,0.0,0.000,0.000,0.0
27.7066,22912,278528,0.000,0.000,0.0,0.000,0.000,0.0,0.000,0.000,0.0
27.7066,22913,278533,0.000,0.000,0.0,0.000,0.000,0.0,0.000,0.000,0.0
27.7066,22914,278538,0.000,0.000,0.0,0.000,0.000,0.0,0.000,0.000,0.0
27.7066,22915,278543,0.000,0.000,0.0,0.000,0.000,0.0,0.000,0.000,0.0
27.7066,22916,278548,0.000,0.000,0.0,0.000,0.000,0.0,0.000,0.000,0.0
27.7066,22917,278553,0.000,0.000,0.0,0.000,0.000,0.0,0.000,0.000,0.0
27.7955,22918,278558,0.000,0.000,0.0,0.000,0.000,0.0,0.000,0.000,0.0
27.7955,22919,278563,0.000,0.000,0.0,0.000,0.000,0.0,0.000,0.000,0.0
27.7955,22920,278568,0.000,0.000,0.0,0.000,0.000,0.0,0.000,0.000,0.0
27.7955,22921,278573,0.000,0.000,0.0,0.000,0.000,0.0,0.000,0.000,0.0
27.7955,22922,278578,0.000,0.000,0.0,0.000,0.000,0.0,0.000,0.000,0.0
27.7955,22923,278583,0.000,0.000,0.0,0.000,0.000,0.0,0.000,0.000,0.0
27.7955,22924,278588,0.000,0.000,0.0,0.000,0.000,0.0,0.000,0.000,0.0
27.7955,22925,278593,0.000,0.000,0.0,0.000,0.000,0.0,0.000,0.000,0.0
27.7955,22926,278598,0.000,0.000,0.0,0.000,0.000,0.0,0.000,0.000,0.0
27.7955,22927,278603,0.000,0.000,0.0,0.000,0.000,0.0,0.000,0.000,0.0
27.7955,22928,278608,0.000,0.000,0.0,0.000,0.000,0.0,0.000,0.000,0.0
27.7955,22929,278613,0.000,0.000,0.0,0.000,0.000,0.0,0.000,0.000,0.0
27.7955,22930,278618,0.000,0.000,0.0,0.000,0.000,0.0,0.000,0.000,0.0
27.7955,22931,278623,0.000,0.000,0.0,0.000,0.000,0.0,0.000,0.000,0.0
27.7955,22932,278628,0.000,0.000,0.0,0.000,0.000,0.0,0.000,0.000,0.0
27.7955,22933,278633,0.000,0.000,0.0,0.000,0.000,0.0,0.000,0.000,0.0
27.9353,22934,278638,0.000,0.000,0.0,0.000,0.000,0.0,0.000,0.000,0.0
27.9353,22935,278643,0.000,0.000,0.0,0.000,0.000,0.0,0.000,0.000,0.0
27.9353,22936,278648,0.000,0.000,0.0,0.000,0.000,0.0,0.000,0.000,0.0
27.9353,22937,278653,0.000,0.000,0.0,0.000,0.000,0.0,0.000,0.000,0.0
27.9353,22938,278658,0.000,0.000,0.0,0.000,0.000,0.0,0.000,0.000,0.0
27.9353,22939,278663,0.000,0.000,0.0,0.000,0.000,0.0,0.000,0.000,0.0
27.9353,22940,278668,0.000,0.000,0.0,0.000,0.000,0.0,0.000,0.000,0.0
27.9353,22941,278673,0.000,0.000,0.0,0.000,0.000,0.0,0.000,0.000,0.0
27.9353,22942,278678,0.000,0.000,0.0,0.000,0.000,0.0,0.000,0.000,0.0
27.9353,22943,278683,0.000,0.000,0.0,0.000,0.000,0.0,0.000,0.000,0.0
27.9353,22944,278688,0.000,0.000,0.0,0.000,0.000,0.0,0.000,0.000,0.0
27.9353,22945,278693,0.000,0.000,0.0,0.000,0.000,0.0,0.000,0.000,0.0
27.9353,22946,278698,0.000,0.000,0.0,0.000,0.000,0.0,0.000,0.000,0.0
27.9353,22947,278703,0.000,0.000,0.0,0.000,0.000,0.0,0.000,0.000,0.0
27.9353,22948,278708,0.000,0.000,0.0,0.000,0.000,0.0,0.000,0.000,0.0
27.9353,22949,278713,0.000,0.000,0.0,0.000,0.000,0.0,0.000,0.000,0.0
27.9353,22950,278718,0.000,0.000,0.0,0.000,0.000,0.0,0.000,0.000,0.0
27.9353,22951,278723,0.000,0.000,0.0,0.000,0.000,0.0,0.000,0.000,0.0
27.9353,22952,278728,0.000,0.000,0.0,0.000,0.000,0.0,0.000,0.000,0.0
27.9353,22953,278733,0.000,0.000,0.0,0.000,0.000,0.0,0.000,0.000,0.0
27.9353,22954,278738,0.000,0.000,0.0,0.000,0.000,0.0,0.000,0.000,0.0
27.9353,22955,278743,0.000,0.000,0.0,0.000,0.000,0.0,0.000,0.000,0.0
27.9353,22956,278748,0.000,0.000,0.0,0.000,0.000,0.0,0.000,0.000,0.0
27.9353,22957,278753,0.000,0.000,0.0,0.000,0.000,0.0,0.000,0.000,0.0
28.0556,22958,278758,0.000,0.000,0.0,0.000,0.000,0.0,0.000,0.000,0.0
28.0556,22959,278763,0.000,0.000,0.0,0.000,0.000,0.0,0.000,0.000,0.0
28.0556,22960,278768,0.000,0.000,0.0,0.000,0.000,0.0,0.000,0.000,0.0
28.0556,22961,278773,0.000,0.000,0.0,0.000,0.000,0.0,0.000,0.000,0.0
28.0556,22962,278778,0.000,0.000,0.0,0.000,0.000,0.0,0.000,0.000,0.0
28.0556,22963,278783,0.000,0.000,0.0,0.000,0.000,0.0,0.000,0.000,0.0
28.0556,22964,278788,0.000,0.000,0.0,0.000,0.000,0.0,0.000,0.000,0.0
28.0556,22965,278793,0.000,0.000,0.0,0.000,0.000,0.0,0.000,0.000,0.0
28.0556,22966,280097,0.000,0.000,0.0,0.000,0.000,0.0,0.000,0.000,0.0
28.0556,22967,280266,0.000,0.000,0.0,0.000,0.000,0.0,0.000,0.000,0.0
28.0556,22968,280271,0.000,0.000,0.0,0.000,0.000,0.0,0.000,0.000,0.0
28.0556,22969,280276,0.000,0.000,0.0,0.000,0.000,0.0,0.000,0.000,0.0
28.0556,22970,280281,0.000,0.000,0.0,0.000,0.000,0.0,0.000,0.000,0.0
28.0556,22971,280286,0.000,0.000,0.0,0.000,0.000,0.0,0.000,0.000,0.0
28.0556,22972,280291,0.000,0.000,0.0,0.000,0.000,0.0,0.000,0.000,0.0
28.0556,22973,280296,0.000,0.000,0.0,0.000,0.000,0.0,0.000,0.000,0.0
28.0556,22974,280301,0.000,0.000,0.0,0.000,0.000,0.0,0.000,0.000,0.0
28.0556,22975,280306,0.000,0.000,0.0,0.000,0.000,0.0,0.000,0.000,0.0
28.0556,22976,280311,0.000,0.000,0.0,0.000,0.000,0.0,0.000,0.000,0.0
28.0556,22977,280316,0.000,0.000,0.0,0.000,0.000,0.0,0.000,0.000,0.0
28.0556,22978,280321,0.000,0.000,0.0,0.000,0.000,0.0,0.000,0.000,0.0
28.0556,22979,280326,0.000,0.000,0.0,0.000,0.000,0.0,0.000,0.000,0.0
28.0556,22980,280331,0.000,0.000,0.0,0.000,0.000,0.0,0.000,0.000,0.0
28.0556,22981,280336,0.000,0.000,0.0,0.000,0.000,0.0,0.000,0.000,0.0
28.0556,22982,280341,0.000,0.000,0.0,0.000,0.000,0.0,0.000,0.000,0.0
28.1260,22983,280346,0.000,0.000,0.0,0.000,0.000,0.0,0.000,0.000,0.0
28.1260,22984,280351,0.000,0.000,0.0,0.000,0.000,0.0,0.000,0.000,0.0
28.1260,22985,280356,0.000,0.000,0.0,0.000,0.000,0.0,0.000,0.000,0.0
28.1260,22986,280361,0.000,0.000,0.0,0.000,0.000,0.0,0.000,0.000,0.0
28.1260,22987,280366,0.000,0.000,0.0,0.000,0.000,0.0,0.000,0.000,0.0
28.1260,22988,280371,0.000,0.000,0.0,0.000,0.000,0.0,0.000,0.000,0.0
28.1260,22989,280376,0.000,0.000,0.0,0.000,0.000,0.0,0.000,0.000,0.0
28.1260,22990,280381,0.000,0.000,0.0,0.000,0.000,0.0,0.000,0.000,0.0
28.1260,22991,280386,0.000,0.000,0.0,0.000,0.000,0.0,0.000,0.000,0.0
28.1260,22992,280391,0.000,0.000,0.0,0.000,0.000,0.0,0.000,0.000,0.0
28.1260,22993,280396,0.000,0.000,0.0,0.000,0.000,0.0,0.000,0.000,0.0
28.1260,22994,280401,0.000,0.000,0.0,0.000,0.000,0.0,0.000,0.000,0.0
28.1260,22995,280406,0.000,0.000,0.0,0.000,0.000,0.0,0.000,0.000,0.0
28.1260,22996,280411,0.000,0.000,0.0,0.000,0.000,0.0,0.000,0.000,0.0
28.1260,22997,280416,0.000,0.000,0.0,0.000,0.000,0.0,0.000,0.000,0.0
28.1260,22998,280421,0.000,0.000,0.0,0.000,0.000,0.0,0.000,0.000,0.0
28.2170,22999,280426,0.000,0.000,0.0,0.000,0.000,0.0,0.000,0.000,0.0
28.2170,23000,280431,0.000,0.000,0.0,0.000,0.000,0.0,0.000,0.000,0.0
28.2170,23001,280436,0.000,0.000,0.0,0.000,0.000,0.0,0.000,0.000,0.0
28.2170,23002,280441,0.000,0.000,0.0,0.000,0.000,0.0,0.000,0.000,0.0
28.2170,23003,280446,0.000,0.000,0.0,0.000,0.000,0.0,0.000,0.000,0.0
28.2170,23004,280451,0.000,0.000,0.0,0.000,0.000,0.0,0.000,0.000,0.0
28.2170,23005,280456,0.000,0.000,0.0,0.000,0.000,0.0,0.000,0.000,0.0
28.2170,23006,280461,0.000,0.000,0.0,0.000,0.000,0.0,0.000,0.000,0.0
28.2170,23007,280466,0.000,0.000,0.0,0.000,0.000,0.0,0.000,0.000,0.0
28.2170,23008,280471,0.000,0.000,0.0,0.000,0.000,0.0,0.000,0.000,0.0
28.2170,23009,280476,0.000,0.000,0.0,0.000,0.000,0.0,0.000,0.000,0.0
28.2170,23010,280481,0.000,0.000,0.0,0.000,0.000,0.0,0.000,0.000,0.0
28.2170,23011,280486,0.000,0.000,0.0,0.000,0.000,0.0,0.000,0.000,0.0
28.2170,23012,280491,0.000,0.000,0.0,0.000,0.000,0.0,0.000,0.000,0.0
28.2170,23013,280496,0.000,0.000,0.0,0.000,0.000,0.0,0.000,0.000,0.0
28.2170,23014,280501,0.000,0.000,0.0,0.000,0.000,0.0,0.000,0.000,0.0
28.2835,23015,280506,0.000,0.000,0.0,0.000,0.000,0.0,0.000,0.000,0.0
28.2835,23016,280511,0.000,0.000,0.0,0.000,0.000,0.0,0.000,0.000,0.0
28.2835,23017,280516,0.000,0.000,0.0,0.000,0.000,0.0,0.000,0.000,0.0
28.2835,23018,280521,0.000,0.000,0.0,0.000,0.000,0.0,0.000,0.000,0.0
28.2835,23019,280526,0.000,0.000,0.0,0.000,0.000,0.0,0.000,0.000,0.0
28.2835,23020,280531,0.000,0.000,0.0,0.000,0.000,0.0,0.000,0.000,0.0
28.2835,23021,280536,0.000,0.000,0.0,0.000,0.000,0.0,0.000,0.000,0.0
28.2835,23022,280541,0.000,0.000,0.0,0.000,0.000,0.0,0.000,0.000,0.0
28.2835,23023,280546,0.000,0.000,0.0,0.000,0.000,0.0,0.000,0.000,0.0
28.2835,23024,280551,0.000,0.000,0.0,0.000,0.000,0.0,0.000,0.000,0.0
28.2835,23025,280556,0.000,0.000,0.0,0.000,0.000,0.0,0.000,0.000,0.0
28.2835,23026,280561,0.000,0.000,0.0,0.000,0.000,0.0,0.000,0.000,0.0
28.2835,23027,280566,0.000,0.000,0.0,0.000,0.000,0.0,0.000,0.000,0.0
28.2835,23028,280571,0.000,0.000,0.0,0.000,0.000,0.0,0.000,0.000,0.0
28.2835,23029,280576,0.000,0.000,0.0,0.000,0.000,0.0,0.000,0.000,0.0
28.2835,23030,280581,0.000,0.000,0.0,0.000,0.000,0.0,0.000,0.000,0.0
28.3734,23031,280586,0.000,0.000,0.0,0.000,0.000,0.0,0.000,0.000,0.0
28.3734,23032,280591,0.000,0.000,0.0,0.000,0.000,0.0,0.000,0.000,0.0
28.3734,23033,280596,0.000,0.000,0.0,0.000,0.000,0.0,0.000,0.000,0.0
28.3734,23034,280601,0.000,0.000,0.0,0.000,0.000,0.0,0.000,0.000,0.0
28.3734,23035,280606,0.000,0.000,0.0,0.000,0.000,0.0,0.000,0.000,0.0
28.3734,23036,280611,0.000,0.000,0.0,0.000,0.000,0.0,0.000,0.000,0.0
28.3734,23037,280616,0.000,0.000,0.0,0.000,0.000,0.0,0.000,0.000,0.0
28.3734,23038,280621,0.000,0.000,0.0,0.000,0.000,0.0,0.000,0.000,0.0
28.3734,23039,280626,0.000,0.000,0.0,0.000,0.000,0.0,0.000,0.000,0.0
28.3734,23040,280631,0.000,0.000,0.0,0.000,0.000,0.0,0.000,0.000,0.0
28.3734,23041,280636,0.000,0.000,0.0,0.000,0.000,0.0,0.000,0.000,0.0
28.3734,23042,280641,0.000,0.000,0.0,0.000,0.000,0.0,0.000,0.000,0.0
28.3734,23043,280646,0.000,0.000,0.0,0.000,0.000,0.0,0.000,0.000,0.0
28.3734,23044,280651,0.000,0.000,0.0,0.000,0.000,0.0,0.000,0.000,0.0
28.3734,23045,280656,0.000,0.000,0.0,0.000,0.000,0.0,0.000,0.000,0.0
28.3734,23046,280661,0.000,0.000,0.0,0.000,0.000,0.0,0.000,0.000,0.0
28.5338,23047,280666,0.000,0.000,0.0,0.000,0.000,0.0,0.000,0.000,0.0
28.5338,23048,280671,0.000,0.000,0.0,0.000,0.000,0.0,0.000,0.000,0.0
28.5338,23049,280676,0.000,0.000,0.0,0.000,0.000,0.0,0.000,0.000,0.0
28.5338,23050,280681,0.000,0.000,0.0,0.000,0.000,0.0,0.000,0.000,0.0
28.5338,23051,280686,0.000,0.000,0.0,0.000,0.000,0.0,0.000,0.000,0.0
28.5338,23052,280691,0.000,0.000,0.0,0.000,0.000,0.0,0.000,0.000,0.0
28.5338,23053,280696,0.000,0.000,0.0,0.000,0.000,0.0,0.000,0.000,0.0
28.5338,23054,280701,0.000,0.000,0.0,0.000,0.000,0.0,0.000,0.000,0.0
28.5338,23055,280706,0.000,0.000,0.0,0.000,0.000,0.0,0.000,0.000,0.0
28.5338,23056,280711,0.000,0.000,0.0,0.000,0.000,0.0,0.000,0.000,0.0
28.5338,23057,280716,0.000,0.000,0.0,0.000,0.000,0.0,0.000,0.000,0.0
28.5338,23058,280721,0.000,0.000,0.0,0.000,0.000,0.0,0.000,0.000,0.0
28.5338,23059,280726,0.000,0.000,0.0,0.000,0.000,0.0,0.000,0.000,0.0
28.5338,23060,280731,0.000,0.000,0.0,0.000,0.000,0.0,0.000,0.000,0.0
28.5338,23061,280736,0.000,0.000,0.0,0.000,0.000,0.0,0.000,0.000,0.0
28.5338,23062,280741,0.000,0.000,0.0,0.000,0.000,0.0,0.000,0.000,0.0
28.5338,23063,280746,0.000,0.000,0.0,0.000,0.000,0.0,0.000,0.000,0.0
28.5338,23064,280751,0.000,0.000,0.0,0.000,0.000,0.0,0.000,0.000,0.0
28.5338,23065,280756,0.000,0.000,0.0,0.000,0.000,0.0,0.000,0.000,0.0
28.5338,23066,280761,0.000,0.000,0.0,0.000,0.000,0.0,0.000,0.000,0.0
28.5338,23067,280766,0.000,0.000,0.0,0.000,0.000,0.0,0.000,0.000,0.0
28.5338,23068,280771,0.000,0.000,0.0,0.000,0.000,0.0,0.000,0.000,0.0
28.5338,23069,280776,0.000,0.000,0.0,0.000,0.000,0.0,0.000,0.000,0.0
28.5338,23070,280781,0.000,0.000,0.0,0.000,0.000,0.0,0.000,0.000,0.0
28.6147,23071,280786,0.000,0.000,0.0,0.000,0.000,0.0,0.000,0.000,0.0
28.6147,23072,280791,0.000,0.000,0.0,0.000,0.000,0.0,0.000,0.000,0.0
28.6147,23073,280796,0.000,0.000,0.0,0.000,0.000,0.0,0.000,0.000,0.0
28.6147,23074,280801,0.000,0.000,0.0,0.000,0.000,0.0,0.000,0.000,0.0
28.6147,23075,280806,0.000,0.000,0.0,0.000,0.000,0.0,0.000,0.000,0.0
28.6147,23076,280811,0.000,0.000,0.0,0.000,0.000,0.0,0.000,0.000,0.0
28.6147,23077,280816,0.000,0.000,0.0,0.000,0.000,0.0,0.000,0.000,0.0
28.6147,23078,280821,0.000,0.000,0.0,0.000,0.000,0.0,0.000,0.000,0.0
28.6147,23079,280826,0.000,0.000,0.0,0.000,0.000,0.0,0.000,0.000,0.0
28.6147,23080,280831,0.000,0.000,0.0,0.000,0.000,0.0,0.000,0.000,0.0
28.6153,23081,280836,0.000,0.000,0.0,0.000,0.000,0.0,0.000,0.000,0.0
28.6153,23082,280841,0.000,0.000,0.0,0.000,0.000,0.0,0.000,0.000,0.0
28.6153,23083,280846,0.000,0.000,0.0,0.000,0.000,0.0,0.000,0.000,0.0
28.6153,23084,280851,0.000,0.000,0.0,0.000,0.000,0.0,0.000,0.000,0.0
28.6153,23085,280856,0.000,0.000,0.0,0.000,0.000,0.0,0.000,0.000,0.0
28.6153,23086,280861,0.000,0.000,0.0,0.000,0.000,0.0,0.000,0.000,0.0
28.6153,23087,280866,0.000,0.000,0.0,0.000,0.000,0.0,0.000,0.000,0.0
28.6153,23088,280871,0.000,0.000,0.0,0.000,0.000,0.0,0.000,0.000,0.0
28.6153,23089,280876,0.000,0.000,0.0,0.000,0.000,0.0,0.000,0.000,0.0
28.6153,23090,280881,0.000,0.000,0.0,0.000,0.000,0.0,0.000,0.000,0.0
28.6153,23091,280886,0.000,0.000,0.0,0.000,0.000,0.0,0.000,0.000,0.0
28.6153,23092,280891,0.000,0.000,0.0,0.000,0.000,0.0,0.000,0.000,0.0
28.6153,23093,280896,0.000,0.000,0.0,0.000,0.000,0.0,0.000,0.000,0.0
28.6153,23094,280901,0.000,0.000,0.0,0.000,0.000,0.0,0.000,0.000,0.0
28.7383,23095,280906,0.000,0.000,0.0,0.000,0.000,0.0,0.000,0.000,0.0
28.7383,23096,280911,0.000,0.000,0.0,0.000,0.000,0.0,0.000,0.000,0.0
28.7383,23097,280916,0.000,0.000,0.0,0.000,0.000,0.0,0.000,0.000,0.0
28.7383,23098,280921,0.000,0.000,0.0,0.000,0.000,0.0,0.000,0.000,0.0
28.7383,23099,280926,0.000,0.000,0.0,0.000,0.000,0.0,0.000,0.000,0.0
28.7383,23100,280931,0.000,0.000,0.0,0.000,0.000,0.0,0.000,0.000,0.0
28.7383,23101,280936,0.000,0.000,0.0,0.000,0.000,0.0,0.000,0.000,0.0
28.7383,23102,280941,0.000,0.000,0.0,0.000,0.000,0.0,0.000,0.000,0.0
28.7383,23103,280946,0.000,0.000,0.0,0.000,0.000,0.0,0.000,0.000,0.0
28.7383,23104,280951,0.000,0.000,0.0,0.000,0.000,0.0,0.000,0.000,0.0
28.7383,23105,280956,0.000,0.000,0.0,0.000,0.000,0.0,0.000,0.000,0.0
28.7383,23106,280961,0.000,0.000,0.0,0.000,0.000,0.0,0.000,0.000,0.0
28.7383,23107,280966,0.000,0.000,0.0,0.000,0.000,0.0,0.000,0.000,0.0
28.7383,23108,280971,0.000,0.000,0.0,0.000,0.000,0.0,0.000,0.000,0.0
28.7383,23109,280976,0.000,0.000,0.0,0.000,0.000,0.0,0.000,0.000,0.0
28.7383,23110,280981,0.000,0.000,0.0,0.000,0.000,0.0,0.000,0.000,0.0
28.8137,23111,280986,0.000,0.000,0.0,0.000,0.000,0.0,0.000,0.000,0.0
28.8137,23112,280991,0.000,0.000,0.0,0.000,0.000,0.0,0.000,0.000,0.0
28.8137,23113,280996,0.000,0.000,0.0,0.000,0.000,0.0,0.000,0.000,0.0
28.8137,23114,281001,0.000,0.000,0.0,0.000,0.000,0.0,0.000,0.000,0.0
28.8137,23115,281006,0.000,0.000,0.0,0.000,0.000,0.0,0.000,0.000,0.0
28.8137,23116,281011,0.000,0.000,0.0,0.000,0.000,0.0,0.000,0.000,0.0
28.8137,23117,281016,0.000,0.000,0.0,0.000,0.000,0.0,0.000,0.000,0.0
28.8137,23118,281021,0.000,0.000,0.0,0.000,0.000,0.0,0.000,0.000,0.0
28.8137,23119,281026,0.000,0.000,0.0,0.000,0.000,0.0,0.000,0.000,0.0
28.8137,23120,281031,0.000,0.000,0.0,0.000,0.000,0.0,0.000,0.000,0.0
28.8137,23121,281036,0.000,0.000,0.0,0.000,0.000,0.0,0.000,0.000,0.0
28.8137,23122,281041,0.000,0.000,0.0,0.000,0.000,0.0,0.000,0.000,0.0
28.8137,23123,281046,0.000,0.000,0.0,0.000,0.000,0.0,0.000,0.000,0.0
28.8137,23124,281051,0.000,0.000,0.0,0.000,0.000,0.0,0.000,0.000,0.0
28.8137,23125,281056,0.000,0.000,0.0,0.000,0.000,0.0,0.000,0.000,0.0
28.8137,23126,281061,0.000,0.000,0.0,0.000,0.000,0.0,0.000,0.000,0.0
28.8137,23127,281066,0.000,0.000,0.0,0.000,0.000,0.0,0.000,0.000,0.0
28.8137,23128,281071,0.000,0.000,0.0,0.000,0.000,0.0,0.000,0.000,0.0
28.8137,23129,281076,0.000,0.000,0.0,0.000,0.000,0.0,0.000,0.000,0.0
28.8137,23130,281081,0.000,0.000,0.0,0.000,0.000,0.0,0.000,0.000,0.0
28.8137,23131,281086,0.000,0.000,0.0,0.000,0.000,0.0,0.000,0.000,0.0
28.8137,23132,281091,0.000,0.000,0.0,0.000,0.000,0.0,0.000,0.000,0.0
28.8137,23133,281096,0.000,0.000,0.0,0.000,0.000,0.0,0.000,0.000,0.0
28.8137,23134,281101,0.000,0.000,0.0,0.000,0.000,0.0,0.000,0.000,0.0
28.8731,23135,281106,0.000,0.000,0.0,0.000,0.000,0.0,0.000,0.000,0.0
28.8731,23136,281111,0.000,0.000,0.0,0.000,0.000,0.0,0.000,0.000,0.0
28.8731,23137,281116,0.000,0.000,0.0,0.000,0.000,0.0,0.000,0.000,0.0
28.8731,23138,281121,0.000,0.000,0.0,0.000,0.000,0.0,0.000,0.000,0.0
28.8731,23139,281126,0.000,0.000,0.0,0.000,0.000,0.0,0.000,0.000,0.0
28.8731,23140,281131,0.000,0.000,0.0,0.000,0.000,0.0,0.000,0.000,0.0
28.8731,23141,281136,0.000,0.000,0.0,0.000,0.000,0.0,0.000,0.000,0.0
28.8731,23142,281141,0.000,0.000,0.0,0.000,0.000,0.0,0.000,0.000,0.0
28.8731,23143,281146,0.000,0.000,0.0,0.000,0.000,0.0,0.000,0.000,0.0
28.8731,23144,281151,0.000,0.000,0.0,0.000,0.000,0.0,0.000,0.000,0.0
28.8731,23145,281156,0.000,0.000,0.0,0.000,0.000,0.0,0.000,0.000,0.0
28.8731,23146,281161,0.000,0.000,0.0,0.000,0.000,0.0,0.000,0.000,0.0
28.8731,23147,281166,0.000,0.000,0.0,0.000,0.000,0.0,0.000,0.000,0.0
28.8731,23148,281171,0.000,0.000,0.0,0.000,0.000,0.0,0.000,0.000,0.0
28.8731,23149,281176,0.000,0.000,0.0,0.000,0.000,0.0,0.000,0.000,0.0
28.8731,23150,281181,0.000,0.000,0.0,0.000,0.000,0.0,0.000,0.000,0.0
28.9656,23151,281186,0.000,0.000,0.0,0.000,0.000,0.0,0.000,0.000,0.0
28.9656,23152,281191,0.000,0.000,0.0,0.000,0.000,0.0,0.000,0.000,0.0
28.9656,23153,281196,0.000,0.000,0.0,0.000,0.000,0.0,0.000,0.000,0.0
28.9656,23154,281201,0.000,0.000,0.0,0.000,0.000,0.0,0.000,0.000,0.0
28.9656,23155,281206,0.000,0.000,0.0,0.000,0.000,0.0,0.000,0.000,0.0
28.9656,23156,281211,0.000,0.000,0.0,0.000,0.000,0.0,0.000,0.000,0.0
28.9656,23157,281216,0.000,0.000,0.0,0.000,0.000,0.0,0.000,0.000,0.0
28.9656,23158,281221,0.000,0.000,0.0,0.000,0.000,0.0,0.000,0.000,0.0
28.9656,23159,281226,0.000,0.000,0.0,0.000,0.000,0.0,0.000,0.000,0.0
28.9656,23160,281231,0.000,0.000,0.0,0.000,0.000,0.0,0.000,0.000,0.0
28.9656,23161,281236,0.000,0.000,0.0,0.000,0.000,0.0,0.000,0.000,0.0
28.9656,23162,281241,0.000,0.000,0.0,0.000,0.000,0.0,0.000,0.000,0.0
28.9656,23163,281246,0.000,0.000,0.0,0.000,0.000,0.0,0.000,0.000,0.0
28.9656,23164,281251,0.000,0.000,0.0,0.000,0.000,0.0,0.000,0.000,0.0
28.9656,23165,281256,0.000,0.000,0.0,0.000,0.000,0.0,0.000,0.000,0.0
28.9656,23166,281261,0.000,0.000,0.0,0.000,0.000,0.0,0.000,0.000,0.0
29.0521,23167,281266,0.000,0.000,0.0,0.000,0.000,0.0,0.000,0.000,0.0
29.0521,23168,281271,0.000,0.000,0.0,0.000,0.000,0.0,0.000,0.000,0.0
29.0521,23169,281276,0.000,0.000,0.0,0.000,0.000,0.0,0.000,0.000,0.0
29.0521,23170,281281,0.000,0.000,0.0,0.000,0.000,0.0,0.000,0.000,0.0
29.0521,23171,281286,0.000,0.000,0.0,0.000,0.000,0.0,0.000,0.000,0.0
29.0521,23172,281291,0.000,0.000,0.0,0.000,0.000,0.0,0.000,0.000,0.0
29.0521,23173,281296,0.000,0.000,0.0,0.000,0.000,0.0,0.000,0.000,0.0
29.0521,23174,281301,0.000,0.000,0.0,0.000,0.000,0.0,0.000,0.000,0.0
29.0521,23175,281306,0.000,0.000,0.0,0.000,0.000,0.0,0.000,0.000,0.0
29.0521,23176,281311,0.000,0.000,0.0,0.000,0.000,0.0,0.000,0.000,0.0
29.0521,23177,281316,0.000,0.000,0.0,0.000,0.000,0.0,0.000,0.000,0.0
29.0521,23178,281321,0.000,0.000,0.0,0.000,0.000,0.0,0.000,0.000,0.0
29.0521,23179,281326,0.000,0.000,0.0,0.000,0.000,0.0,0.000,0.000,0.0
29.0521,23180,281331,0.000,0.000,0.0,0.000,0.000,0.0,0.000,0.000,0.0
29.0521,23181,281336,0.000,0.000,0.0,0.000,0.000,0.0,0.000,0.000,0.0
29.0521,23182,281341,0.000,0.000,0.0,0.000,0.000,0.0,0.000,0.000,0.0
29.1151,23183,281346,0.000,0.000,0.0,0.000,0.000,0.0,0.000,0.000,0.0
29.1151,23184,281351,0.000,0.000,0.0,0.000,0.000,0.0,0.000,0.000,0.0
29.1151,23185,281356,0.000,0.000,0.0,0.000,0.000,0.0,0.000,0.000,0.0
29.1151,23186,281361,0.000,0.000,0.0,0.000,0.000,0.0,0.000,0.000,0.0
29.1151,23187,281366,0.000,0.000,0.0,0.000,0.000,0.0,0.000,0.000,0.0
29.1151,23188,281371,0.000,0.000,0.0,0.000,0.000,0.0,0.000,0.000,0.0
29.1151,23189,281376,0.000,0.000,0.0,0.000,0.000,0.0,0.000,0.000,0.0
29.1151,23190,281381,0.000,0.000,0.0,0.000,0.000,0.0,0.000,0.000,0.0
29.1151,23191,281386,0.000,0.000,0.0,0.000,0.000,0.0,0.000,0.000,0.0
29.1151,23192,281391,0.000,0.000,0.0,0.000,0.000,0.0,0.000,0.000,0.0
29.1151,23193,281396,0.000,0.000,0.0,0.000,0.000,0.0,0.000,0.000,0.0
29.1151,23194,281401,0.000,0.000,0.0,0.000,0.000,0.0,0.000,0.000,0.0
29.1151,23195,281406,0.000,0.000,0.0,0.000,0.000,0.0,0.000,0.000,0.0
29.1151,23196,281411,0.000,0.000,0.0,0.000,0.000,0.0,0.000,0.000,0.0
29.1151,23197,281416,0.000,0.000,0.0,0.000,0.000,0.0,0.000,0.000,0.0
29.1151,23198,281421,0.000,0.000,0.0,0.000,0.000,0.0,0.000,0.000,0.0
29.2121,23199,281426,0.000,0.000,0.0,0.000,0.000,0.0,0.000,0.000,0.0
29.2121,23200,281431,0.000,0.000,0.0,0.000,0.000,0.0,0.000,0.000,0.0
29.2121,23201,281436,0.000,0.000,0.0,0.000,0.000,0.0,0.000,0.000,0.0
29.2121,23202,281441,0.000,0.000,0.0,0.000,0.000,0.0,0.000,0.000,0.0
29.2121,23203,281446,0.000,0.000,0.0,0.000,0.000,0.0,0.000,0.000,0.0
29.2121,23204,281451,0.000,0.000,0.0,0.000,0.000,0.0,0.000,0.000,0.0
29.2121,23205,281456,0.000,0.000,0.0,0.000,0.000,0.0,0.000,0.000,0.0
29.2121,23206,281461,0.000,0.000,0.0,0.000,0.000,0.0,0.000,0.000,0.0
29.2121,23207,281466,0.000,0.000,0.0,0.000,0.000,0.0,0.000,0.000,0.0
29.2121,23208,281471,0.000,0.000,0.0,0.000,0.000,0.0,0.000,0.000,0.0
29.2121,23209,281476,0.000,0.000,0.0,0.000,0.000,0.0,0.000,0.000,0.0
29.2121,23210,281481,0.000,0.000,0.0,0.000,0.000,0.0,0.000,0.000,0.0
29.2121,23211,281486,0.000,0.000,0.0,0.000,0.000,0.0,0.000,0.000,0.0
29.2121,23212,281491,0.000,0.000,0.0,0.000,0.000,0.0,0.000,0.000,0.0
29.2121,23213,281496,0.000,0.000,0.0,0.000,0.000,0.0,0.000,0.000,0.0
29.2121,23214,281501,0.000,0.000,0.0,0.000,0.000,0.0,0.000,0.000,0.0
29.2846,23215,281506,0.000,0.000,0.0,0.000,0.000,0.0,0.000,0.000,0.0
29.2846,23216,281511,0.000,0.000,0.0,0.000,0.000,0.0,0.000,0.000,0.0
29.2846,23217,281516,0.000,0.000,0.0,0.000,0.000,0.0,0.000,0.000,0.0
29.2846,23218,281521,0.000,0.000,0.0,0.000,0.000,0.0,0.000,0.000,0.0
29.2846,23219,281526,0.000,0.000,0.0,0.000,0.000,0.0,0.000,0.000,0.0
29.2846,23220,281531,0.000,0.000,0.0,0.000,0.000,0.0,0.000,0.000,0.0
29.2846,23221,281536,0.000,0.000,0.0,0.000,0.000,0.0,0.000,0.000,0.0
29.2846,23222,281541,0.000,0.000,0.0,0.000,0.000,0.0,0.000,0.000,0.0
29.2846,23223,281546,0.000,0.000,0.0,0.000,0.000,0.0,0.000,0.000,0.0
29.2846,23224,281551,0.000,0.000,0.0,0.000,0.000,0.0,0.000,0.000,0.0
29.2846,23225,281556,0.000,0.000,0.0,0.000,0.000,0.0,0.000,0.000,0.0
29.2846,23226,281561,0.000,0.000,0.0,0.000,0.000,0.0,0.000,0.000,0.0
29.2846,23227,281566,0.000,0.000,0.0,0.000,0.000,0.0,0.000,0.000,0.0
29.2846,23228,281571,0.000,0.000,0.0,0.000,0.000,0.0,0.000,0.000,0.0
29.2846,23229,281576,0.000,0.000,0.0,0.000,0.000,0.0,0.000,0.000,0.0
29.2846,23230,281581,0.000,0.000,0.0,0.000,0.000,0.0,0.000,0.000,0.0
29.3490,23231,281586,0.000,0.000,0.0,0.000,0.000,0.0,0.000,0.000,0.0
29.3490,23232,281591,0.000,0.000,0.0,0.000,0.000,0.0,0.000,0.000,0.0
29.3490,23233,281596,0.000,0.000,0.0,0.000,0.000,0.0,0.000,0.000,0.0
29.3490,23234,281601,0.000,0.000,0.0,0.000,0.000,0.0,0.000,0.000,0.0
29.3490,23235,281606,0.000,0.000,0.0,0.000,0.000,0.0,0.000,0.000,0.0
29.3490,23236,281611,0.000,0.000,0.0,0.000,0.000,0.0,0.000,0.000,0.0
29.3490,23237,281616,0.000,0.000,0.0,0.000,0.000,0.0,0.000,0.000,0.0
29.3490,23238,281621,0.000,0.000,0.0,0.000,0.000,0.0,0.000,0.000,0.0
29.3490,23239,281626,0.000,0.000,0.0,0.000,0.000,0.0,0.000,0.000,0.0
29.3490,23240,281631,0.000,0.000,0.0,0.000,0.000,0.0,0.000,0.000,0.0
29.3490,23241,281636,0.000,0.000,0.0,0.000,0.000,0.0,0.000,0.000,0.0
29.3490,23242,281641,0.000,0.000,0.0,0.000,0.000,0.0,0.000,0.000,0.0
29.3490,23243,281646,0.000,0.000,0.0,0.000,0.000,0.0,0.000,0.000,0.0
29.3490,23244,281651,0.000,0.000,0.0,0.000,0.000,0.0,0.000,0.000,0.0
29.3490,23245,281656,0.000,0.000,0.0,0.000,0.000,0.0,0.000,0.000,0.0
29.3490,23246,281661,0.000,0.000,0.0,0.000,0.000,0.0,0.000,0.000,0.0
29.4103,23247,281666,0.000,0.000,0.0,0.000,0.000,0.0,0.000,0.000,0.0
29.4103,23248,281671,0.000,0.000,0.0,0.000,0.000,0.0,0.000,0.000,0.0
29.4103,23249,281676,0.000,0.000,0.0,0.000,0.000,0.0,0.000,0.000,0.0
29.4103,23250,281681,0.000,0.000,0.0,0.000,0.000,0.0,0.000,0.000,0.0
29.4103,23251,281686,0.000,0.000,0.0,0.000,0.000,0.0,0.000,0.000,0.0
29.4103,23252,281691,0.000,0.000,0.0,0.000,0.000,0.0,0.000,0.000,0.0
29.4103,23253,281696,0.000,0.000,0.0,0.000,0.000,0.0,0.000,0.000,0.0
29.4103,23254,281701,0.000,0.000,0.0,0.000,0.000,0.0,0.000,0.000,0.0
29.4727,23255,281706,0.000,0.000,0.0,0.000,0.000,0.0,0.000,0.000,0.0
29.4727,23256,281711,0.000,0.000,0.0,0.000,0.000,0.0,0.000,0.000,0.0
29.4727,23257,281716,0.000,0.000,0.0,0.000,0.000,0.0,0.000,0.000,0.0
29.4727,23258,281721,0.000,0.000,0.0,0.000,0.000,0.0,0.000,0.000,0.0
29.4727,23259,281726,0.000,0.000,0.0,0.000,0.000,0.0,0.000,0.000,0.0
29.4727,23260,281731,0.000,0.000,0.0,0.000,0.000,0.0,0.000,0.000,0.0
29.4727,23261,281736,0.000,0.000,0.0,0.000,0.000,0.0,0.000,0.000,0.0
29.4727,23262,281741,0.000,0.000,0.0,0.000,0.000,0.0,0.000,0.000,0.0
29.4727,23263,281746,0.000,0.000,0.0,0.000,0.000,0.0,0.000,0.000,0.0
29.4727,23264,281751,0.000,0.000,0.0,0.000,0.000,0.0,0.000,0.000,0.0
29.4727,23265,281756,0.000,0.000,0.0,0.000,0.000,0.0,0.000,0.000,0.0
29.4727,23266,281761,0.000,0.000,0.0,0.000,0.000,0.0,0.000,0.000,0.0
29.4727,23267,281766,0.000,0.000,0.0,0.000,0.000,0.0,0.000,0.000,0.0
29.4727,23268,281771,0.000,0.000,0.0,0.000,0.000,0.0,0.000,0.000,0.0
29.4727,23269,281776,0.000,0.000,0.0,0.000,0.000,0.0,0.000,0.000,0.0
29.4727,23270,281781,0.000,0.000,0.0,0.000,0.000,0.0,0.000,0.000,0.0
29.5286,23271,281786,0.000,0.000,0.0,0.000,0.000,0.0,0.000,0.000,0.0
29.5286,23272,281791,0.000,0.000,0.0,0.000,0.000,0.0,0.000,0.000,0.0
29.5286,23273,281796,0.000,0.000,0.0,0.000,0.000,0.0,0.000,0.000,0.0
29.5286,23274,281801,0.000,0.000,0.0,0.000,0.000,0.0,0.000,0.000,0.0
29.5286,23275,281806,0.000,0.000,0.0,0.000,0.000,0.0,0.000,0.000,0.0
29.5286,23276,281811,0.000,0.000,0.0,0.000,0.000,0.0,0.000,0.000,0.0
29.5286,23277,281816,0.000,0.000,0.0,0.000,0.000,0.0,0.000,0.000,0.0
29.5286,23278,281821,0.000,0.000,0.0,0.000,0.000,0.0,0.000,0.000,0.0
29.5909,23279,281826,0.000,0.000,0.0,0.000,0.000,0.0,0.000,0.000,0.0
29.5909,23280,281831,0.000,0.000,0.0,0.000,0.000,0.0,0.000,0.000,0.0
29.5909,23281,281836,0.000,0.000,0.0,0.000,0.000,0.0,0.000,0.000,0.0
29.5909,23282,281841,0.000,0.000,0.0,0.000,0.000,0.0,0.000,0.000,0.0
29.5909,23283,281846,0.000,0.000,0.0,0.000,0.000,0.0,0.000,0.000,0.0
29.5909,23284,281851,0.000,0.000,0.0,0.000,0.000,0.0,0.000,0.000,0.0
29.5909,23285,281856,0.000,0.000,0.0,0.000,0.000,0.0,0.000,0.000,0.0
29.5909,23286,281861,0.000,0.000,0.0,0.000,0.000,0.0,0.000,0.000,0.0
29.5909,23287,281866,0.000,0.000,0.0,0.000,0.000,0.0,0.000,0.000,0.0
29.5909,23288,281871,0.000,0.000,0.0,0.000,0.000,0.0,0.000,0.000,0.0
29.5909,23289,281876,0.000,0.000,0.0,0.000,0.000,0.0,0.000,0.000,0.0
29.5909,23290,281881,0.000,0.000,0.0,0.000,0.000,0.0,0.000,0.000,0.0
29.5909,23291,281886,0.000,0.000,0.0,0.000,0.000,0.0,0.000,0.000,0.0
29.5909,23292,281891,0.000,0.000,0.0,0.000,0.000,0.0,0.000,0.000,0.0
29.5909,23293,281896,0.000,0.000,0.0,0.000,0.000,0.0,0.000,0.000,0.0
29.5909,23294,281901,0.000,0.000,0.0,0.000,0.000,0.0,0.000,0.000,0.0
29.7243,23295,281906,0.000,0.000,0.0,0.000,0.000,0.0,0.000,0.000,0.0
29.7243,23296,281911,0.000,0.000,0.0,0.000,0.000,0.0,0.000,0.000,0.0
29.7243,23297,281916,0.000,0.000,0.0,0.000,0.000,0.0,0.000,0.000,0.0
29.7243,23298,281921,0.000,0.000,0.0,0.000,0.000,0.0,0.000,0.000,0.0
29.7243,23299,281926,0.000,0.000,0.0,0.000,0.000,0.0,0.000,0.000,0.0
29.7243,23300,281931,0.000,0.000,0.0,0.000,0.000,0.0,0.000,0.000,0.0
29.7243,23301,281936,0.000,0.000,0.0,0.000,0.000,0.0,0.000,0.000,0.0
29.7243,23302,281941,0.000,0.000,0.0,0.000,0.000,0.0,0.000,0.000,0.0
29.7243,23303,281946,0.000,0.000,0.0,0.000,0.000,0.0,0.000,0.000,0.0
29.7243,23304,281951,0.000,0.000,0.0,0.000,0.000,0.0,0.000,0.000,0.0
29.7243,23305,281956,0.000,0.000,0.0,0.000,0.000,0.0,0.000,0.000,0.0
29.7243,23306,281961,0.000,0.000,0.0,0.000,0.000,0.0,0.000,0.000,0.0
29.7243,23307,281966,0.000,0.000,0.0,0.000,0.000,0.0,0.000,0.000,0.0
29.7243,23308,281971,0.000,0.000,0.0,0.000,0.000,0.0,0.000,0.000,0.0
29.7243,23309,281976,0.000,0.000,0.0,0.000,0.000,0.0,0.000,0.000,0.0
29.7243,23310,281981,0.000,0.000,0.0,0.000,0.000,0.0,0.000,0.000,0.0
29.7925,23311,281986,0.000,0.000,0.0,0.000,0.000,0.0,0.000,0.000,0.0
29.7925,23312,281991,0.000,0.000,0.0,0.000,0.000,0.0,0.000,0.000,0.0
29.7925,23313,281996,0.000,0.000,0.0,0.000,0.000,0.0,0.000,0.000,0.0
29.7925,23314,282001,0.000,0.000,0.0,0.000,0.000,0.0,0.000,0.000,0.0
29.7925,23315,282006,0.000,0.000,0.0,0.000,0.000,0.0,0.000,0.000,0.0
29.7925,23316,282011,0.000,0.000,0.0,0.000,0.000,0.0,0.000,0.000,0.0
29.7931,23317,282016,0.000,0.000,0.0,0.000,0.000,0.0,0.000,0.000,0.0
29.7931,23318,282021,0.000,0.000,0.0,0.000,0.000,0.0,0.000,0.000,0.0
29.7931,23319,282026,0.000,0.000,0.0,0.000,0.000,0.0,0.000,0.000,0.0
29.7931,23320,282031,0.000,0.000,0.0,0.000,0.000,0.0,0.000,0.000,0.0
29.7931,23321,282036,0.000,0.000,0.0,0.000,0.000,0.0,0.000,0.000,0.0
29.7931,23322,282041,0.000,0.000,0.0,0.000,0.000,0.0,0.000,0.000,0.0
29.7931,23323,282046,0.000,0.000,0.0,0.000,0.000,0.0,0.000,0.000,0.0
29.7931,23324,282051,0.000,0.000,0.0,0.000,0.000,0.0,0.000,0.000,0.0
29.7931,23325,282056,0.000,0.000,0.0,0.000,0.000,0.0,0.000,0.000,0.0
29.7931,23326,282061,0.000,0.000,0.0,0.000,0.000,0.0,0.000,0.000,0.0
29.7931,23327,282066,0.000,0.000,0.0,0.000,0.000,0.0,0.000,0.000,0.0
29.7931,23328,282071,0.000,0.000,0.0,0.000,0.000,0.0,0.000,0.000,0.0
29.7931,23329,282076,0.000,0.000,0.0,0.000,0.000,0.0,0.000,0.000,0.0
29.7931,23330,282081,0.000,0.000,0.0,0.000,0.000,0.0,0.000,0.000,0.0
29.7931,23331,282086,0.000,0.000,0.0,0.000,0.000,0.0,0.000,0.000,0.0
29.7931,23332,282091,0.000,0.000,0.0,0.000,0.000,0.0,0.000,0.000,0.0
29.7931,23333,282096,0.000,0.000,0.0,0.000,0.000,0.0,0.000,0.000,0.0
29.7931,23334,282101,0.000,0.000,0.0,0.000,0.000,0.0,0.000,0.000,0.0
29.8565,23335,282106,0.000,0.000,0.0,0.000,0.000,0.0,0.000,0.000,0.0
29.8565,23336,282111,0.000,0.000,0.0,0.000,0.000,0.0,0.000,0.000,0.0
29.8565,23337,282116,0.000,0.000,0.0,0.000,0.000,0.0,0.000,0.000,0.0
29.8565,23338,282121,0.000,0.000,0.0,0.000,0.000,0.0,0.000,0.000,0.0
29.8565,23339,282126,0.000,0.000,0.0,0.000,0.000,0.0,0.000,0.000,0.0
29.8565,23340,282131,0.000,0.000,0.0,0.000,0.000,0.0,0.000,0.000,0.0
29.8565,23341,282136,0.000,0.000,0.0,0.000,0.000,0.0,0.000,0.000,0.0
29.8565,23342,282141,0.000,0.000,0.0,0.000,0.000,0.0,0.000,0.000,0.0
29.8565,23343,282146,0.000,0.000,0.0,0.000,0.000,0.0,0.000,0.000,0.0
29.8565,23344,282151,0.000,0.000,0.0,0.000,0.000,0.0,0.000,0.000,0.0
29.8565,23345,282156,0.000,0.000,0.0,0.000,0.000,0.0,0.000,0.000,0.0
29.8565,23346,282161,0.000,0.000,0.0,0.000,0.000,0.0,0.000,0.000,0.0
29.8565,23347,282166,0.000,0.000,0.0,0.000,0.000,0.0,0.000,0.000,0.0
29.8565,23348,282171,0.000,0.000,0.0,0.000,0.000,0.0,0.000,0.000,0.0
29.8565,23349,282176,0.000,0.000,0.0,0.000,0.000,0.0,0.000,0.000,0.0
29.8565,23350,282181,0.000,0.000,0.0,0.000,0.000,0.0,0.000,0.000,0.0
29.9723,23351,282186,0.000,0.000,0.0,0.000,0.000,0.0,0.000,0.000,0.0
29.9723,23352,282191,0.000,0.000,0.0,0.000,0.000,0.0,0.000,0.000,0.0
29.9723,23353,282196,0.000,0.000,0.0,0.000,0.000,0.0,0.000,0.000,0.0
29.9723,23354,282201,0.000,0.000,0.0,0.000,0.000,0.0,0.000,0.000,0.0
29.9723,23355,282206,0.000,0.000,0.0,0.000,0.000,0.0,0.000,0.000,0.0
29.9723,23356,282211,0.000,0.000,0.0,0.000,0.000,0.0,0.000,0.000,0.0
29.9723,23357,282216,0.000,0.000,0.0,0.000,0.000,0.0,0.000,0.000,0.0
29.9723,23358,282221,0.000,0.000,0.0,0.000,0.000,0.0,0.000,0.000,0.0
29.9723,23359,282226,0.000,0.000,0.0,0.000,0.000,0.0,0.000,0.000,0.0
29.9723,23360,282231,0.000,0.000,0.0,0.000,0.000,0.0,0.000,0.000,0.0
29.9723,23361,282236,0.000,0.000,0.0,0.000,0.000,0.0,0.000,0.000,0.0
29.9723,23362,282241,0.000,0.000,0.0,0.000,0.000,0.0,0.000,0.000,0.0
29.9723,23363,282246,0.000,0.000,0.0,0.000,0.000,0.0,0.000,0.000,0.0
29.9723,23364,282251,0.000,0.000,0.0,0.000,0.000,0.0,0.000,0.000,0.0
29.9723,23365,282256,0.000,0.000,0.0,0.000,0.000,0.0,0.000,0.000,0.0
29.9723,23366,282261,0.000,0.000,0.0,0.000,0.000,0.0,0.000,0.000,0.0
30.0260,23367,282266,0.000,0.000,0.0,0.000,0.000,0.0,0.000,0.000,0.0
30.0260,23368,282271,0.000,0.000,0.0,0.000,0.000,0.0,0.000,0.000,0.0
30.0260,23369,282276,0.000,0.000,0.0,0.000,0.000,0.0,0.000,0.000,0.0
30.0260,23370,282281,0.000,0.000,0.0,0.000,0.000,0.0,0.000,0.000,0.0
30.0260,23371,282286,0.000,0.000,0.0,0.000,0.000,0.0,0.000,0.000,0.0
30.0260,23372,282291,0.000,0.000,0.0,0.000,0.000,0.0,0.000,0.000,0.0
30.0260,23373,282296,0.000,0.000,0.0,0.000,0.000,0.0,0.000,0.000,0.0
30.0260,23374,282301,0.000,0.000,0.0,0.000,0.000,0.0,0.000,0.000,0.0
30.0260,23375,282306,0.000,0.000,0.0,0.000,0.000,0.0,0.000,0.000,0.0
30.0260,23376,282311,0.000,0.000,0.0,0.000,0.000,0.0,0.000,0.000,0.0
30.0260,23377,282316,0.000,0.000,0.0,0.000,0.000,0.0,0.000,0.000,0.0
30.0260,23378,282321,0.000,0.000,0.0,0.000,0.000,0.0,0.000,0.000,0.0
30.0260,23379,282326,0.000,0.000,0.0,0.000,0.000,0.0,0.000,0.000,0.0
30.0260,23380,282331,0.000,0.000,0.0,0.000,0.000,0.0,0.000,0.000,0.0
30.0260,23381,282336,0.000,0.000,0.0,0.000,0.000,0.0,0.000,0.000,0.0
30.0260,23382,282341,0.000,0.000,0.0,0.000,0.000,0.0,0.000,0.000,0.0
30.1346,23383,282346,0.000,0.000,0.0,0.000,0.000,0.0,0.000,0.000,0.0
30.1346,23384,282351,0.000,0.000,0.0,0.000,0.000,0.0,0.000,0.000,0.0
30.1346,23385,282356,0.000,0.000,0.0,0.000,0.000,0.0,0.000,0.000,0.0
30.1346,23386,282361,0.000,0.000,0.0,0.000,0.000,0.0,0.000,0.000,0.0
30.1346,23387,282366,0.000,0.000,0.0,0.000,0.000,0.0,0.000,0.000,0.0
30.1346,23388,282371,0.000,0.000,0.0,0.000,0.000,0.0,0.000,0.000,0.0
30.1346,23389,282376,0.000,0.000,0.0,0.000,0.000,0.0,0.000,0.000,0.0
30.1346,23390,282381,0.000,0.000,0.0,0.000,0.000,0.0,0.000,0.000,0.0
30.1346,23391,282386,0.000,0.000,0.0,0.000,0.000,0.0,0.000,0.000,0.0
30.1346,23392,282391,0.000,0.000,0.0,0.000,0.000,0.0,0.000,0.000,0.0
30.1346,23393,282396,0.000,0.000,0.0,0.000,0.000,0.0,0.000,0.000,0.0
30.1346,23394,282401,0.000,0.000,0.0,0.000,0.000,0.0,0.000,0.000,0.0
30.1346,23395,282406,0.000,0.000,0.0,0.000,0.000,0.0,0.000,0.000,0.0
30.1346,23396,282411,0.000,0.000,0.0,0.000,0.000,0.0,0.000,0.000,0.0
30.1346,23397,282416,0.000,0.000,0.0,0.000,0.000,0.0,0.000,0.000,0.0
30.1346,23398,282421,0.000,0.000,0.0,0.000,0.000,0.0,0.000,0.000,0.0
30.2516,23399,282426,0.000,0.000,0.0,0.000,0.000,0.0,0.000,0.000,0.0
30.2516,23400,282431,0.000,0.000,0.0,0.000,0.000,0.0,0.000,0.000,0.0
30.2516,23401,282436,0.000,0.000,0.0,0.000,0.000,0.0,0.000,0.000,0.0
30.2516,23402,282441,0.000,0.000,0.0,0.000,0.000,0.0,0.000,0.000,0.0
30.2516,23403,282446,0.000,0.000,0.0,0.000,0.000,0.0,0.000,0.000,0.0
30.2516,23404,282451,0.000,0.000,0.0,0.000,0.000,0.0,0.000,0.000,0.0
30.2516,23405,282456,0.000,0.000,0.0,0.000,0.000,0.0,0.000,0.000,0.0
30.2516,23406,282461,0.000,0.000,0.0,0.000,0.000,0.0,0.000,0.000,0.0
30.2516,23407,282466,0.000,0.000,0.0,0.000,0.000,0.0,0.000,0.000,0.0
30.2516,23408,282471,0.000,0.000,0.0,0.000,0.000,0.0,0.000,0.000,0.0
30.2516,23409,282476,0.000,0.000,0.0,0.000,0.000,0.0,0.000,0.000,0.0
30.2516,23410,282481,0.000,0.000,0.0,0.000,0.000,0.0,0.000,0.000,0.0
30.2516,23411,282486,0.000,0.000,0.0,0.000,0.000,0.0,0.000,0.000,0.0
30.2516,23412,282491,0.000,0.000,0.0,0.000,0.000,0.0,0.000,0.000,0.0
30.2516,23413,282496,0.000,0.000,0.0,0.000,0.000,0.0,0.000,0.000,0.0
30.2516,23414,282501,0.000,0.000,0.0,0.000,0.000,0.0,0.000,0.000,0.0
30.2516,23415,282506,0.000,0.000,0.0,0.000,0.000,0.0,0.000,0.000,0.0
30.2516,23416,282511,0.000,0.000,0.0,0.000,0.000,0.0,0.000,0.000,0.0
30.2516,23417,282516,0.000,0.000,0.0,0.000,0.000,0.0,0.000,0.000,0.0
30.2516,23418,282521,0.000,0.000,0.0,0.000,0.000,0.0,0.000,0.000,0.0
30.2516,23419,282526,0.000,0.000,0.0,0.000,0.000,0.0,0.000,0.000,0.0
30.2516,23420,282531,0.000,0.000,0.0,0.000,0.000,0.0,0.000,0.000,0.0
30.2516,23421,282536,0.000,0.000,0.0,0.000,0.000,0.0,0.000,0.000,0.0
30.2516,23422,282541,0.000,0.000,0.0,0.000,0.000,0.0,0.000,0.000,0.0
30.3062,23423,282546,0.000,0.000,0.0,0.000,0.000,0.0,0.000,0.000,0.0
30.3062,23424,282551,0.000,0.000,0.0,0.000,0.000,0.0,0.000,0.000,0.0
30.3062,23425,282556,0.000,0.000,0.0,0.000,0.000,0.0,0.000,0.000,0.0
30.3062,23426,282561,0.000,0.000,0.0,0.000,0.000,0.0,0.000,0.000,0.0
30.3062,23427,282566,0.000,0.000,0.0,0.000,0.000,0.0,0.000,0.000,0.0
30.3062,23428,282571,0.000,0.000,0.0,0.000,0.000,0.0,0.000,0.000,0.0
30.3062,23429,282576,0.000,0.000,0.0,0.000,0.000,0.0,0.000,0.000,0.0
30.3062,23430,282581,0.000,0.000,0.0,0.000,0.000,0.0,0.000,0.000,0.0
30.3062,23431,282586,0.000,0.000,0.0,0.000,0.000,0.0,0.000,0.000,0.0
30.3062,23432,282591,0.000,0.000,0.0,0.000,0.000,0.0,0.000,0.000,0.0
30.3062,23433,282596,0.000,0.000,0.0,0.000,0.000,0.0,0.000,0.000,0.0
30.3062,23434,282601,0.000,0.000,0.0,0.000,0.000,0.0,0.000,0.000,0.0
30.3062,23435,282606,0.000,0.000,0.0,0.000,0.000,0.0,0.000,0.000,0.0
30.3062,23436,282611,0.000,0.000,0.0,0.000,0.000,0.0,0.000,0.000,0.0
30.3062,23437,282616,0.000,0.000,0.0,0.000,0.000,0.0,0.000,0.000,0.0
30.3062,23438,282621,0.000,0.000,0.0,0.000,0.000,0.0,0.000,0.000,0.0
30.4140,23439,282626,0.000,0.000,0.0,0.000,0.000,0.0,0.000,0.000,0.0
30.4140,23440,282631,0.000,0.000,0.0,0.000,0.000,0.0,0.000,0.000,0.0
30.4140,23441,282636,0.000,0.000,0.0,0.000,0.000,0.0,0.000,0.000,0.0
30.4140,23442,282641,0.000,0.000,0.0,0.000,0.000,0.0,0.000,0.000,0.0
30.4140,23443,282646,0.000,0.000,0.0,0.000,0.000,0.0,0.000,0.000,0.0
30.4140,23444,282651,0.000,0.000,0.0,0.000,0.000,0.0,0.000,0.000,0.0
30.4140,23445,282656,0.000,0.000,0.0,0.000,0.000,0.0,0.000,0.000,0.0
30.4140,23446,282661,0.000,0.000,0.0,0.000,0.000,0.0,0.000,0.000,0.0
30.4140,23447,282666,0.000,0.000,0.0,0.000,0.000,0.0,0.000,0.000,0.0
30.4140,23448,282671,0.000,0.000,0.0,0.000,0.000,0.0,0.000,0.000,0.0
30.4140,23449,282676,0.000,0.000,0.0,0.000,0.000,0.0,0.000,0.000,0.0
30.4140,23450,282681,0.000,0.000,0.0,0.000,0.000,0.0,0.000,0.000,0.0
30.4140,23451,282686,0.000,0.000,0.0,0.000,0.000,0.0,0.000,0.000,0.0
30.4140,23452,282691,0.000,0.000,0.0,0.000,0.000,0.0,0.000,0.000,0.0
30.4140,23453,282696,0.000,0.000,0.0,0.000,0.000,0.0,0.000,0.000,0.0
30.4140,23454,282701,0.000,0.000,0.0,0.000,0.000,0.0,0.000,0.000,0.0
30.5492,23455,282706,0.000,0.000,0.0,0.000,0.000,0.0,0.000,0.000,0.0
30.5492,23456,282711,0.000,0.000,0.0,0.000,0.000,0.0,0.000,0.000,0.0
30.5492,23457,282716,0.000,0.000,0.0,0.000,0.000,0.0,0.000,0.000,0.0
30.5492,23458,282721,0.000,0.000,0.0,0.000,0.000,0.0,0.000,0.000,0.0
30.5492,23459,282726,0.000,0.000,0.0,0.000,0.000,0.0,0.000,0.000,0.0
30.5492,23460,282731,0.000,0.000,0.0,0.000,0.000,0.0,0.000,0.000,0.0
30.5492,23461,282736,0.000,0.000,0.0,0.000,0.000,0.0,0.000,0.000,0.0
30.5492,23462,282741,0.000,0.000,0.0,0.000,0.000,0.0,0.000,0.000,0.0
30.5492,23463,282746,0.000,0.000,0.0,0.000,0.000,0.0,0.000,0.000,0.0
30.5492,23464,282751,0.000,0.000,0.0,0.000,0.000,0.0,0.000,0.000,0.0
30.5492,23465,282756,0.000,0.000,0.0,0.000,0.000,0.0,0.000,0.000,0.0
30.5492,23466,282761,0.000,0.000,0.0,0.000,0.000,0.0,0.000,0.000,0.0
30.5492,23467,282766,0.000,0.000,0.0,0.000,0.000,0.0,0.000,0.000,0.0
30.5492,23468,282771,0.000,0.000,0.0,0.000,0.000,0.0,0.000,0.000,0.0
30.5492,23469,282776,0.000,0.000,0.0,0.000,0.000,0.0,0.000,0.000,0.0
30.5492,23470,282781,0.000,0.000,0.0,0.000,0.000,0.0,0.000,0.000,0.0
30.5492,23471,282786,0.000,0.000,0.0,0.000,0.000,0.0,0.000,0.000,0.0
30.5492,23472,282791,0.000,0.000,0.0,0.000,0.000,0.0,0.000,0.000,0.0
30.5492,23473,282796,0.000,0.000,0.0,0.000,0.000,0.0,0.000,0.000,0.0
30.5492,23474,282801,0.000,0.000,0.0,0.000,0.000,0.0,0.000,0.000,0.0
30.5492,23475,282806,0.000,0.000,0.0,0.000,0.000,0.0,0.000,0.000,0.0
30.5492,23476,282811,0.000,0.000,0.0,0.000,0.000,0.0,0.000,0.000,0.0
30.5492,23477,282816,0.000,0.000,0.0,0.000,0.000,0.0,0.000,0.000,0.0
30.5492,23478,282821,0.000,0.000,0.0,0.000,0.000,0.0,0.000,0.000,0.0
30.6048,23479,282826,0.000,0.000,0.0,0.000,0.000,0.0,0.000,0.000,0.0
30.6048,23480,282831,0.000,0.000,0.0,0.000,0.000,0.0,0.000,0.000,0.0
30.6048,23481,282836,0.000,0.000,0.0,0.000,0.000,0.0,0.000,0.000,0.0
30.6048,23482,282841,0.000,0.000,0.0,0.000,0.000,0.0,0.000,0.000,0.0
30.6048,23483,282846,0.000,0.000,0.0,0.000,0.000,0.0,0.000,0.000,0.0
30.6048,23484,282851,0.000,0.000,0.0,0.000,0.000,0.0,0.000,0.000,0.0
30.6048,23485,282856,0.000,0.000,0.0,0.000,0.000,0.0,0.000,0.000,0.0
30.6048,23486,282861,0.000,0.000,0.0,0.000,0.000,0.0,0.000,0.000,0.0
30.6048,23487,282866,0.000,0.000,0.0,0.000,0.000,0.0,0.000,0.000,0.0
30.6048,23488,282871,0.000,0.000,0.0,0.000,0.000,0.0,0.000,0.000,0.0
30.6048,23489,282876,0.000,0.000,0.0,0.000,0.000,0.0,0.000,0.000,0.0
30.6048,23490,282881,0.000,0.000,0.0,0.000,0.000,0.0,0.000,0.000,0.0
30.6048,23491,282886,0.000,0.000,0.0,0.000,0.000,0.0,0.000,0.000,0.0
30.6048,23492,282891,0.000,0.000,0.0,0.000,0.000,0.0,0.000,0.000,0.0
30.6048,23493,282896,0.000,0.000,0.0,0.000,0.000,0.0,0.000,0.000,0.0
30.6048,23494,282901,0.000,0.000,0.0,0.000,0.000,0.0,0.000,0.000,0.0
30.7190,23495,282906,0.000,0.000,0.0,0.000,0.000,0.0,0.000,0.000,0.0
30.7190,23496,282911,0.000,0.000,0.0,0.000,0.000,0.0,0.000,0.000,0.0
30.7190,23497,282916,0.000,0.000,0.0,0.000,0.000,0.0,0.000,0.000,0.0
30.7190,23498,282921,0.000,0.000,0.0,0.000,0.000,0.0,0.000,0.000,0.0
30.7190,23499,282926,0.000,0.000,0.0,0.000,0.000,0.0,0.000,0.000,0.0
30.7190,23500,282931,0.000,0.000,0.0,0.000,0.000,0.0,0.000,0.000,0.0
30.7190,23501,282936,0.000,0.000,0.0,0.000,0.000,0.0,0.000,0.000,0.0
30.7190,23502,282941,0.000,0.000,0.0,0.000,0.000,0.0,0.000,0.000,0.0
30.7190,23503,282946,0.000,0.000,0.0,0.000,0.000,0.0,0.000,0.000,0.0
30.7190,23504,282951,0.000,0.000,0.0,0.000,0.000,0.0,0.000,0.000,0.0
30.7190,23505,282956,0.000,0.000,0.0,0.000,0.000,0.0,0.000,0.000,0.0
30.7190,23506,282961,0.000,0.000,0.0,0.000,0.000,0.0,0.000,0.000,0.0
30.7190,23507,282966,0.000,0.000,0.0,0.000,0.000,0.0,0.000,0.000,0.0
30.7190,23508,282971,0.000,0.000,0.0,0.000,0.000,0.0,0.000,0.000,0.0
30.7190,23509,282976,0.000,0.000,0.0,0.000,0.000,0.0,0.000,0.000,0.0
30.7190,23510,282981,0.000,0.000,0.0,0.000,0.000,0.0,0.000,0.000,0.0
30.7774,23511,282986,0.000,0.000,0.0,0.000,0.000,0.0,0.000,0.000,0.0
30.7774,23512,282991,0.000,0.000,0.0,0.000,0.000,0.0,0.000,0.000,0.0
30.7774,23513,282996,0.000,0.000,0.0,0.000,0.000,0.0,0.000,0.000,0.0
30.7774,23514,283001,0.000,0.000,0.0,0.000,0.000,0.0,0.000,0.000,0.0
30.7774,23515,283006,0.000,0.000,0.0,0.000,0.000,0.0,0.000,0.000,0.0
30.7774,23516,283011,0.000,0.000,0.0,0.000,0.000,0.0,0.000,0.000,0.0
30.7774,23517,283016,0.000,0.000,0.0,0.000,0.000,0.0,0.000,0.000,0.0
30.7774,23518,283021,0.000,0.000,0.0,0.000,0.000,0.0,0.000,0.000,0.0
30.7774,23519,283026,0.000,0.000,0.0,0.000,0.000,0.0,0.000,0.000,0.0
30.7774,23520,283031,0.000,0.000,0.0,0.000,0.000,0.0,0.000,0.000,0.0
30.7774,23521,283036,0.000,0.000,0.0,0.000,0.000,0.0,0.000,0.000,0.0
30.7774,23522,283041,0.000,0.000,0.0,0.000,0.000,0.0,0.000,0.000,0.0
30.7774,23523,283046,0.000,0.000,0.0,0.000,0.000,0.0,0.000,0.000,0.0
30.7774,23524,283051,0.000,0.000,0.0,0.000,0.000,0.0,0.000,0.000,0.0
30.7774,23525,283056,0.000,0.000,0.0,0.000,0.000,0.0,0.000,0.000,0.0
30.7774,23526,283061,0.000,0.000,0.0,0.000,0.000,0.0,0.000,0.000,0.0
30.7774,23527,283066,0.000,0.000,0.0,0.000,0.000,0.0,0.000,0.000,0.0
30.7774,23528,283071,0.000,0.000,0.0,0.000,0.000,0.0,0.000,0.000,0.0
30.7774,23529,283076,0.000,0.000,0.0,0.000,0.000,0.0,0.000,0.000,0.0
30.7774,23530,283081,0.000,0.000,0.0,0.000,0.000,0.0,0.000,0.000,0.0
30.7774,23531,283086,0.000,0.000,0.0,0.000,0.000,0.0,0.000,0.000,0.0
30.7774,23532,283091,0.000,0.000,0.0,0.000,0.000,0.0,0.000,0.000,0.0
30.7774,23533,283096,0.000,0.000,0.0,0.000,0.000,0.0,0.000,0.000,0.0
30.7774,23534,283101,0.000,0.000,0.0,0.000,0.000,0.0,0.000,0.000,0.0
30.8928,23535,283106,0.000,0.000,0.0,0.000,0.000,0.0,0.000,0.000,0.0
30.8928,23536,283111,0.000,0.000,0.0,0.000,0.000,0.0,0.000,0.000,0.0
30.8928,23537,283116,0.000,0.000,0.0,0.000,0.000,0.0,0.000,0.000,0.0
30.8928,23538,283121,0.000,0.000,0.0,0.000,0.000,0.0,0.000,0.000,0.0
30.8928,23539,283126,0.000,0.000,0.0,0.000,0.000,0.0,0.000,0.000,0.0
30.8928,23540,283131,0.000,0.000,0.0,0.000,0.000,0.0,0.000,0.000,0.0
30.8928,23541,283136,0.000,0.000,0.0,0.000,0.000,0.0,0.000,0.000,0.0
30.8928,23542,283141,0.000,0.000,0.0,0.000,0.000,0.0,0.000,0.000,0.0
30.8928,23543,283146,0.000,0.000,0.0,0.000,0.000,0.0,0.000,0.000,0.0
30.8928,23544,283151,0.000,0.000,0.0,0.000,0.000,0.0,0.000,0.000,0.0
30.8928,23545,283156,0.000,0.000,0.0,0.000,0.000,0.0,0.000,0.000,0.0
30.8928,23546,283161,0.000,0.000,0.0,0.000,0.000,0.0,0.000,0.000,0.0
30.8928,23547,283166,0.000,0.000,0.0,0.000,0.000,0.0,0.000,0.000,0.0
30.8928,23548,283171,0.000,0.000,0.0,0.000,0.000,0.0,0.000,0.000,0.0
30.8928,23549,283176,0.000,0.000,0.0,0.000,0.000,0.0,0.000,0.000,0.0
30.8928,23550,283181,0.000,0.000,0.0,0.000,0.000,0.0,0.000,0.000,0.0
30.9466,23551,283186,0.000,0.000,0.0,0.000,0.000,0.0,0.000,0.000,0.0
30.9466,23552,283191,0.000,0.000,0.0,0.000,0.000,0.0,0.000,0.000,0.0
30.9466,23553,283196,0.000,0.000,0.0,0.000,0.000,0.0,0.000,0.000,0.0
30.9466,23554,283201,0.000,0.000,0.0,0.000,0.000,0.0,0.000,0.000,0.0
30.9466,23555,283206,0.000,0.000,0.0,0.000,0.000,0.0,0.000,0.000,0.0
30.9466,23556,283211,0.000,0.000,0.0,0.000,0.000,0.0,0.000,0.000,0.0
30.9466,23557,283216,0.000,0.000,0.0,0.000,0.000,0.0,0.000,0.000,0.0
30.9466,23558,283221,0.000,0.000,0.0,0.000,0.000,0.0,0.000,0.000,0.0
30.9466,23559,283226,0.000,0.000,0.0,0.000,0.000,0.0,0.000,0.000,0.0
30.9466,23560,283231,0.000,0.000,0.0,0.000,0.000,0.0,0.000,0.000,0.0
30.9466,23561,283236,0.000,0.000,0.0,0.000,0.000,0.0,0.000,0.000,0.0
30.9466,23562,283241,0.000,0.000,0.0,0.000,0.000,0.0,0.000,0.000,0.0
30.9466,23563,283246,0.000,0.000,0.0,0.000,0.000,0.0,0.000,0.000,0.0
30.9466,23564,283251,0.000,0.000,0.0,0.000,0.000,0.0,0.000,0.000,0.0
30.9466,23565,283256,0.000,0.000,0.0,0.000,0.000,0.0,0.000,0.000,0.0
30.9466,23566,283261,0.000,0.000,0.0,0.000,0.000,0.0,0.000,0.000,0.0
31.0557,23567,283266,0.000,0.000,0.0,0.000,0.000,0.0,0.000,0.000,0.0
31.0557,23568,283271,0.000,0.000,0.0,0.000,0.000,0.0,0.000,0.000,0.0
31.0557,23569,283276,0.000,0.000,0.0,0.000,0.000,0.0,0.000,0.000,0.0
31.0557,23570,283281,0.000,0.000,0.0,0.000,0.000,0.0,0.000,0.000,0.0
31.0557,23571,283286,0.000,0.000,0.0,0.000,0.000,0.0,0.000,0.000,0.0
31.0557,23572,283291,0.000,0.000,0.0,0.000,0.000,0.0,0.000,0.000,0.0
31.0557,23573,283296,0.000,0.000,0.0,0.000,0.000,0.0,0.000,0.000,0.0
31.0557,23574,283301,0.000,0.000,0.0,0.000,0.000,0.0,0.000,0.000,0.0
31.0557,23575,283306,0.000,0.000,0.0,0.000,0.000,0.0,0.000,0.000,0.0
31.0557,23576,283311,0.000,0.000,0.0,0.000,0.000,0.0,0.000,0.000,0.0
31.0557,23577,283316,0.000,0.000,0.0,0.000,0.000,0.0,0.000,0.000,0.0
31.0557,23578,283321,0.000,0.000,0.0,0.000,0.000,0.0,0.000,0.000,0.0
31.0557,23579,283326,0.000,0.000,0.0,0.000,0.000,0.0,0.000,0.000,0.0
31.0557,23580,283331,0.000,0.000,0.0,0.000,0.000,0.0,0.000,0.000,0.0
31.0557,23581,283336,0.000,0.000,0.0,0.000,0.000,0.0,0.000,0.000,0.0
31.0557,23582,283341,0.000,0.000,0.0,0.000,0.000,0.0,0.000,0.000,0.0
31.1965,23583,283346,0.000,0.000,0.0,0.000,0.000,0.0,0.000,0.000,0.0
31.1965,23584,283351,0.000,0.000,0.0,0.000,0.000,0.0,0.000,0.000,0.0
31.1965,23585,283356,0.000,0.000,0.0,0.000,0.000,0.0,0.000,0.000,0.0
31.1965,23586,283361,0.000,0.000,0.0,0.000,0.000,0.0,0.000,0.000,0.0
31.1965,23587,283366,0.000,0.000,0.0,0.000,0.000,0.0,0.000,0.000,0.0
31.1965,23588,283371,0.000,0.000,0.0,0.000,0.000,0.0,0.000,0.000,0.0
31.1965,23589,283376,0.000,0.000,0.0,0.000,0.000,0.0,0.000,0.000,0.0
31.1965,23590,283381,0.000,0.000,0.0,0.000,0.000,0.0,0.000,0.000,0.0
31.1965,23591,283386,0.000,0.000,0.0,0.000,0.000,0.0,0.000,0.000,0.0
31.1965,23592,283391,0.000,0.000,0.0,0.000,0.000,0.0,0.000,0.000,0.0
31.1965,23593,283396,0.000,0.000,0.0,0.000,0.000,0.0,0.000,0.000,0.0
31.1965,23594,283401,0.000,0.000,0.0,0.000,0.000,0.0,0.000,0.000,0.0
31.1965,23595,283406,0.000,0.000,0.0,0.000,0.000,0.0,0.000,0.000,0.0
31.1965,23596,283411,0.000,0.000,0.0,0.000,0.000,0.0,0.000,0.000,0.0
31.1965,23597,283416,0.000,0.000,0.0,0.000,0.000,0.0,0.000,0.000,0.0
31.1965,23598,283421,0.000,0.000,0.0,0.000,0.000,0.0,0.000,0.000,0.0
31.1965,23599,283426,0.000,0.000,0.0,0.000,0.000,0.0,0.000,0.000,0.0
31.1965,23600,283431,0.000,0.000,0.0,0.000,0.000,0.0,0.000,0.000,0.0
31.1965,23601,283436,0.000,0.000,0.0,0.000,0.000,0.0,0.000,0.000,0.0
31.1965,23602,283441,0.000,0.000,0.0,0.000,0.000,0.0,0.000,0.000,0.0
31.1965,23603,283446,0.000,0.000,0.0,0.000,0.000,0.0,0.000,0.000,0.0
31.1965,23604,283451,0.000,0.000,0.0,0.000,0.000,0.0,0.000,0.000,0.0
31.1965,23605,283456,0.000,0.000,0.0,0.000,0.000,0.0,0.000,0.000,0.0
31.1965,23606,283461,0.000,0.000,0.0,0.000,0.000,0.0,0.000,0.000,0.0
31.2935,23607,283466,0.000,0.000,0.0,0.000,0.000,0.0,0.000,0.000,0.0
31.2935,23608,283471,0.000,0.000,0.0,0.000,0.000,0.0,0.000,0.000,0.0
31.2935,23609,283476,0.000,0.000,0.0,0.000,0.000,0.0,0.000,0.000,0.0
31.2935,23610,283481,0.000,0.000,0.0,0.000,0.000,0.0,0.000,0.000,0.0
31.2935,23611,283486,0.000,0.000,0.0,0.000,0.000,0.0,0.000,0.000,0.0
31.2935,23612,283491,0.000,0.000,0.0,0.000,0.000,0.0,0.000,0.000,0.0
31.2935,23613,283496,0.000,0.000,0.0,0.000,0.000,0.0,0.000,0.000,0.0
31.2935,23614,283501,0.000,0.000,0.0,0.000,0.000,0.0,0.000,0.000,0.0
31.2935,23615,283506,0.000,0.000,0.0,0.000,0.000,0.0,0.000,0.000,0.0
31.2935,23616,283511,0.000,0.000,0.0,0.000,0.000,0.0,0.000,0.000,0.0
31.2935,23617,283516,0.000,0.000,0.0,0.000,0.000,0.0,0.000,0.000,0.0
31.2935,23618,283521,0.000,0.000,0.0,0.000,0.000,0.0,0.000,0.000,0.0
31.2935,23619,283526,0.000,0.000,0.0,0.000,0.000,0.0,0.000,0.000,0.0
31.2935,23620,283531,0.000,0.000,0.0,0.000,0.000,0.0,0.000,0.000,0.0
31.2935,23621,283536,0.000,0.000,0.0,0.000,0.000,0.0,0.000,0.000,0.0
31.2935,23622,283541,0.000,0.000,0.0,0.000,0.000,0.0,0.000,0.000,0.0
31.2935,23623,283546,0.000,0.000,0.0,0.000,0.000,0.0,0.000,0.000,0.0
31.2935,23624,283551,0.000,0.000,0.0,0.000,0.000,0.0,0.000,0.000,0.0
31.2935,23625,283556,0.000,0.000,0.0,0.000,0.000,0.0,0.000,0.000,0.0
31.2935,23626,283561,0.000,0.000,0.0,0.000,0.000,0.0,0.000,0.000,0.0
31.2935,23627,283566,0.000,0.000,0.0,0.000,0.000,0.0,0.000,0.000,0.0
31.2935,23628,283571,0.000,0.000,0.0,0.000,0.000,0.0,0.000,0.000,0.0
31.2935,23629,283576,0.000,0.000,0.0,0.000,0.000,0.0,0.000,0.000,0.0
31.2935,23630,283581,0.000,0.000,0.0,0.000,0.000,0.0,0.000,0.000,0.0
31.3651,23631,283586,0.000,0.000,0.0,0.000,0.000,0.0,0.000,0.000,0.0
31.3651,23632,283591,0.000,0.000,0.0,0.000,0.000,0.0,0.000,0.000,0.0
31.3651,23633,283596,0.000,0.000,0.0,0.000,0.000,0.0,0.000,0.000,0.0
31.3651,23634,283601,0.000,0.000,0.0,0.000,0.000,0.0,0.000,0.000,0.0
31.3651,23635,283606,0.000,0.000,0.0,0.000,0.000,0.0,0.000,0.000,0.0
31.3651,23636,283611,0.000,0.000,0.0,0.000,0.000,0.0,0.000,0.000,0.0
31.3651,23637,283616,0.000,0.000,0.0,0.000,0.000,0.0,0.000,0.000,0.0
31.3651,23638,283621,0.000,0.000,0.0,0.000,0.000,0.0,0.000,0.000,0.0
31.3651,23639,283626,0.000,0.000,0.0,0.000,0.000,0.0,0.000,0.000,0.0
31.3651,23640,283631,0.000,0.000,0.0,0.000,0.000,0.0,0.000,0.000,0.0
31.3651,23641,283636,0.000,0.000,0.0,0.000,0.000,0.0,0.000,0.000,0.0
31.3651,23642,283641,0.000,0.000,0.0,0.000,0.000,0.0,0.000,0.000,0.0
31.3651,23643,283646,0.000,0.000,0.0,0.000,0.000,0.0,0.000,0.000,0.0
31.3651,23644,283651,0.000,0.000,0.0,0.000,0.000,0.0,0.000,0.000,0.0
31.3651,23645,283656,0.000,0.000,0.0,0.000,0.000,0.0,0.000,0.000,0.0
31.3651,23646,283661,0.000,0.000,0.0,0.000,0.000,0.0,0.000,0.000,0.0
31.4327,23647,283666,0.000,0.000,0.0,0.000,0.000,0.0,0.000,0.000,0.0
31.4327,23648,283671,0.000,0.000,0.0,0.000,0.000,0.0,0.000,0.000,0.0
31.4327,23649,283676,0.000,0.000,0.0,0.000,0.000,0.0,0.000,0.000,0.0
31.4327,23650,283681,0.000,0.000,0.0,0.000,0.000,0.0,0.000,0.000,0.0
31.4327,23651,283686,0.000,0.000,0.0,0.000,0.000,0.0,0.000,0.000,0.0
31.4327,23652,283691,0.000,0.000,0.0,0.000,0.000,0.0,0.000,0.000,0.0
31.4327,23653,283696,0.000,0.000,0.0,0.000,0.000,0.0,0.000,0.000,0.0
31.4327,23654,283701,0.000,0.000,0.0,0.000,0.000,0.0,0.000,0.000,0.0
31.4327,23655,283706,0.000,0.000,0.0,0.000,0.000,0.0,0.000,0.000,0.0
31.4327,23656,283711,0.000,0.000,0.0,0.000,0.000,0.0,0.000,0.000,0.0
31.4327,23657,283716,0.000,0.000,0.0,0.000,0.000,0.0,0.000,0.000,0.0
31.4327,23658,283721,0.000,0.000,0.0,0.000,0.000,0.0,0.000,0.000,0.0
31.4327,23659,283726,0.000,0.000,0.0,0.000,0.000,0.0,0.000,0.000,0.0
31.4327,23660,283731,0.000,0.000,0.0,0.000,0.000,0.0,0.000,0.000,0.0
31.4327,23661,283736,0.000,0.000,0.0,0.000,0.000,0.0,0.000,0.000,0.0
31.4327,23662,283741,0.000,0.000,0.0,0.000,0.000,0.0,0.000,0.000,0.0
31.4951,23663,283746,0.000,0.000,0.0,0.000,0.000,0.0,0.000,0.000,0.0
31.4951,23664,283751,0.000,0.000,0.0,0.000,0.000,0.0,0.000,0.000,0.0
31.4951,23665,283756,0.000,0.000,0.0,0.000,0.000,0.0,0.000,0.000,0.0
31.4951,23666,283761,0.000,0.000,0.0,0.000,0.000,0.0,0.000,0.000,0.0
31.4951,23667,283766,0.000,0.000,0.0,0.000,0.000,0.0,0.000,0.000,0.0
31.4951,23668,283771,0.000,0.000,0.0,0.000,0.000,0.0,0.000,0.000,0.0
31.4951,23669,283776,0.000,0.000,0.0,0.000,0.000,0.0,0.000,0.000,0.0
31.4951,23670,283781,0.000,0.000,0.0,0.000,0.000,0.0,0.000,0.000,0.0
31.4951,23671,283786,0.000,0.000,0.0,0.000,0.000,0.0,0.000,0.000,0.0
31.4951,23672,283791,0.000,0.000,0.0,0.000,0.000,0.0,0.000,0.000,0.0
31.4951,23673,283796,0.000,0.000,0.0,0.000,0.000,0.0,0.000,0.000,0.0
31.4951,23674,283801,0.000,0.000,0.0,0.000,0.000,0.0,0.000,0.000,0.0
31.4951,23675,283806,0.000,0.000,0.0,0.000,0.000,0.0,0.000,0.000,0.0
31.4951,23676,283811,0.000,0.000,0.0,0.000,0.000,0.0,0.000,0.000,0.0
31.4951,23677,283816,0.000,0.000,0.0,0.000,0.000,0.0,0.000,0.000,0.0
31.4951,23678,283821,0.000,0.000,0.0,0.000,0.000,0.0,0.000,0.000,0.0
31.6134,23679,283826,0.000,0.000,0.0,0.000,0.000,0.0,0.000,0.000,0.0
31.6134,23680,283831,0.000,0.000,0.0,0.000,0.000,0.0,0.000,0.000,0.0
31.6134,23681,283836,0.000,0.000,0.0,0.000,0.000,0.0,0.000,0.000,0.0
31.6134,23682,283841,0.000,0.000,0.0,0.000,0.000,0.0,0.000,0.000,0.0
31.6134,23683,283846,0.000,0.000,0.0,0.000,0.000,0.0,0.000,0.000,0.0
31.6134,23684,283851,0.000,0.000,0.0,0.000,0.000,0.0,0.000,0.000,0.0
31.6134,23685,283856,0.000,0.000,0.0,0.000,0.000,0.0,0.000,0.000,0.0
31.6134,23686,283861,0.000,0.000,0.0,0.000,0.000,0.0,0.000,0.000,0.0
31.6134,23687,283866,0.000,0.000,0.0,0.000,0.000,0.0,0.000,0.000,0.0
31.6134,23688,283871,0.000,0.000,0.0,0.000,0.000,0.0,0.000,0.000,0.0
31.6134,23689,283876,0.000,0.000,0.0,0.000,0.000,0.0,0.000,0.000,0.0
31.6134,23690,283881,0.000,0.000,0.0,0.000,0.000,0.0,0.000,0.000,0.0
31.6134,23691,283886,0.000,0.000,0.0,0.000,0.000,0.0,0.000,0.000,0.0
31.6134,23692,283891,0.000,0.000,0.0,0.000,0.000,0.0,0.000,0.000,0.0
31.6134,23693,283896,0.000,0.000,0.0,0.000,0.000,0.0,0.000,0.000,0.0
31.6134,23694,283901,0.000,0.000,0.0,0.000,0.000,0.0,0.000,0.000,0.0
31.6674,23695,283906,0.000,0.000,0.0,0.000,0.000,0.0,0.000,0.000,0.0
31.6674,23696,283911,0.000,0.000,0.0,0.000,0.000,0.0,0.000,0.000,0.0
31.6674,23697,283916,0.000,0.000,0.0,0.000,0.000,0.0,0.000,0.000,0.0
31.6674,23698,283921,0.000,0.000,0.0,0.000,0.000,0.0,0.000,0.000,0.0
31.6674,23699,283926,0.000,0.000,0.0,0.000,0.000,0.0,0.000,0.000,0.0
31.6674,23700,283931,0.000,0.000,0.0,0.000,0.000,0.0,0.000,0.000,0.0
31.6674,23701,283936,0.000,0.000,0.0,0.000,0.000,0.0,0.000,0.000,0.0
31.6674,23702,283941,0.000,0.000,0.0,0.000,0.000,0.0,0.000,0.000,0.0
31.6674,23703,283946,0.000,0.000,0.0,0.000,0.000,0.0,0.000,0.000,0.0
31.6674,23704,283951,0.000,0.000,0.0,0.000,0.000,0.0,0.000,0.000,0.0
31.6674,23705,283956,0.000,0.000,0.0,0.000,0.000,0.0,0.000,0.000,0.0
31.6674,23706,283961,0.000,0.000,0.0,0.000,0.000,0.0,0.000,0.000,0.0
31.6674,23707,283966,0.000,0.000,0.0,0.000,0.000,0.0,0.000,0.000,0.0
31.6674,23708,283971,0.000,0.000,0.0,0.000,0.000,0.0,0.000,0.000,0.0
31.6674,23709,283976,0.000,0.000,0.0,0.000,0.000,0.0,0.000,0.000,0.0
31.6674,23710,283981,0.000,0.000,0.0,0.000,0.000,0.0,0.000,0.000,0.0
31.7489,23711,283986,0.000,0.000,0.0,0.000,0.000,0.0,0.000,0.000,0.0
31.7489,23712,283991,0.000,0.000,0.0,0.000,0.000,0.0,0.000,0.000,0.0
31.7489,23713,283996,0.000,0.000,0.0,0.000,0.000,0.0,0.000,0.000,0.0
31.7489,23714,284001,0.000,0.000,0.0,0.000,0.000,0.0,0.000,0.000,0.0
31.7489,23715,284006,0.000,0.000,0.0,0.000,0.000,0.0,0.000,0.000,0.0
31.7489,23716,284011,0.000,0.000,0.0,0.000,0.000,0.0,0.000,0.000,0.0
31.7489,23717,284016,0.000,0.000,0.0,0.000,0.000,0.0,0.000,0.000,0.0
31.7489,23718,284021,0.000,0.000,0.0,0.000,0.000,0.0,0.000,0.000,0.0
31.8474,23719,284026,0.000,0.000,0.0,0.000,0.000,0.0,0.000,0.000,0.0
31.8474,23720,284031,0.000,0.000,0.0,0.000,0.000,0.0,0.000,0.000,0.0
31.8474,23721,284036,0.000,0.000,0.0,0.000,0.000,0.0,0.000,0.000,0.0
31.8474,23722,284041,0.000,0.000,0.0,0.000,0.000,0.0,0.000,0.000,0.0
31.8474,23723,284046,0.000,0.000,0.0,0.000,0.000,0.0,0.000,0.000,0.0
31.8474,23724,284051,0.000,0.000,0.0,0.000,0.000,0.0,0.000,0.000,0.0
31.8474,23725,284056,0.000,0.000,0.0,0.000,0.000,0.0,0.000,0.000,0.0
31.8474,23726,284061,0.000,0.000,0.0,0.000,0.000,0.0,0.000,0.000,0.0
31.8474,23727,284066,0.000,0.000,0.0,0.000,0.000,0.0,0.000,0.000,0.0
31.8474,23728,284071,0.000,0.000,0.0,0.000,0.000,0.0,0.000,0.000,0.0
31.8474,23729,284076,0.000,0.000,0.0,0.000,0.000,0.0,0.000,0.000,0.0
31.8474,23730,284081,0.000,0.000,0.0,0.000,0.000,0.0,0.000,0.000,0.0
31.8474,23731,284086,0.000,0.000,0.0,0.000,0.000,0.0,0.000,0.000,0.0
31.8474,23732,284091,0.000,0.000,0.0,0.000,0.000,0.0,0.000,0.000,0.0
31.8474,23733,284096,0.000,0.000,0.0,0.000,0.000,0.0,0.000,0.000,0.0
31.8474,23734,284101,0.000,0.000,0.0,0.000,0.000,0.0,0.000,0.000,0.0
31.9056,23735,284106,0.000,0.000,0.0,0.000,0.000,0.0,0.000,0.000,0.0
31.9056,23736,284111,0.000,0.000,0.0,0.000,0.000,0.0,0.000,0.000,0.0
31.9056,23737,284116,0.000,0.000,0.0,0.000,0.000,0.0,0.000,0.000,0.0
31.9056,23738,284121,0.000,0.000,0.0,0.000,0.000,0.0,0.000,0.000,0.0
31.9056,23739,284126,0.000,0.000,0.0,0.000,0.000,0.0,0.000,0.000,0.0
31.9056,23740,284131,0.000,0.000,0.0,0.000,0.000,0.0,0.000,0.000,0.0
31.9056,23741,284136,0.000,0.000,0.0,0.000,0.000,0.0,0.000,0.000,0.0
31.9056,23742,284141,0.000,0.000,0.0,0.000,0.000,0.0,0.000,0.000,0.0
31.9056,23743,284146,0.000,0.000,0.0,0.000,0.000,0.0,0.000,0.000,0.0
31.9056,23744,284151,0.000,0.000,0.0,0.000,0.000,0.0,0.000,0.000,0.0
31.9056,23745,284156,0.000,0.000,0.0,0.000,0.000,0.0,0.000,0.000,0.0
31.9056,23746,284161,0.000,0.000,0.0,0.000,0.000,0.0,0.000,0.000,0.0
31.9056,23747,284166,0.000,0.000,0.0,0.000,0.000,0.0,0.000,0.000,0.0
31.9056,23748,284171,0.000,0.000,0.0,0.000,0.000,0.0,0.000,0.000,0.0
31.9056,23749,284176,0.000,0.000,0.0,0.000,0.000,0.0,0.000,0.000,0.0
31.9056,23750,284181,0.000,0.000,0.0,0.000,0.000,0.0,0.000,0.000,0.0
31.9065,23751,284186,0.000,0.000,0.0,0.000,0.000,0.0,0.000,0.000,0.0
31.9065,23752,284191,0.000,0.000,0.0,0.000,0.000,0.0,0.000,0.000,0.0
31.9065,23753,284196,0.000,0.000,0.0,0.000,0.000,0.0,0.000,0.000,0.0
31.9065,23754,284201,0.000,0.000,0.0,0.000,0.000,0.0,0.000,0.000,0.0
31.9065,23755,284206,0.000,0.000,0.0,0.000,0.000,0.0,0.000,0.000,0.0
31.9065,23756,284211,0.000,0.000,0.0,0.000,0.000,0.0,0.000,0.000,0.0
31.9065,23757,284216,0.000,0.000,0.0,0.000,0.000,0.0,0.000,0.000,0.0
31.9065,23758,284221,0.000,0.000,0.0,0.000,0.000,0.0,0.000,0.000,0.0
32.0121,23759,284226,0.000,0.000,0.0,0.000,0.000,0.0,0.000,0.000,0.0
32.0121,23760,284231,0.000,0.000,0.0,0.000,0.000,0.0,0.000,0.000,0.0
32.0121,23761,284236,0.000,0.000,0.0,0.000,0.000,0.0,0.000,0.000,0.0
32.0121,23762,284241,0.000,0.000,0.0,0.000,0.000,0.0,0.000,0.000,0.0
32.0121,23763,284246,0.000,0.000,0.0,0.000,0.000,0.0,0.000,0.000,0.0
32.0121,23764,284251,0.000,0.000,0.0,0.000,0.000,0.0,0.000,0.000,0.0
32.0121,23765,284256,0.000,0.000,0.0,0.000,0.000,0.0,0.000,0.000,0.0
32.0121,23766,284261,0.000,0.000,0.0,0.000,0.000,0.0,0.000,0.000,0.0
32.0121,23767,284266,0.000,0.000,0.0,0.000,0.000,0.0,0.000,0.000,0.0
32.0121,23768,284271,0.000,0.000,0.0,0.000,0.000,0.0,0.000,0.000,0.0
32.0121,23769,284276,0.000,0.000,0.0,0.000,0.000,0.0,0.000,0.000,0.0
32.0121,23770,284281,0.000,0.000,0.0,0.000,0.000,0.0,0.000,0.000,0.0
32.0121,23771,284286,0.000,0.000,0.0,0.000,0.000,0.0,0.000,0.000,0.0
32.0121,23772,284291,0.000,0.000,0.0,0.000,0.000,0.0,0.000,0.000,0.0
32.0121,23773,284296,0.000,0.000,0.0,0.000,0.000,0.0,0.000,0.000,0.0
32.0121,23774,284301,0.000,0.000,0.0,0.000,0.000,0.0,0.000,0.000,0.0
32.1508,23775,284306,0.000,0.000,0.0,0.000,0.000,0.0,0.000,0.000,0.0
32.1508,23776,284311,0.000,0.000,0.0,0.000,0.000,0.0,0.000,0.000,0.0
32.1508,23777,284316,0.000,0.000,0.0,0.000,0.000,0.0,0.000,0.000,0.0
32.1508,23778,284321,0.000,0.000,0.0,0.000,0.000,0.0,0.000,0.000,0.0
32.1508,23779,284326,0.000,0.000,0.0,0.000,0.000,0.0,0.000,0.000,0.0
32.1508,23780,284331,0.000,0.000,0.0,0.000,0.000,0.0,0.000,0.000,0.0
32.1508,23781,284336,0.000,0.000,0.0,0.000,0.000,0.0,0.000,0.000,0.0
32.1508,23782,284341,0.000,0.000,0.0,0.000,0.000,0.0,0.000,0.000,0.0
32.1508,23783,284346,0.000,0.000,0.0,0.000,0.000,0.0,0.000,0.000,0.0
32.1508,23784,284351,0.000,0.000,0.0,0.000,0.000,0.0,0.000,0.000,0.0
32.1508,23785,284356,0.000,0.000,0.0,0.000,0.000,0.0,0.000,0.000,0.0
32.1508,23786,284361,0.000,0.000,0.0,0.000,0.000,0.0,0.000,0.000,0.0
32.1508,23787,284366,0.000,0.000,0.0,0.000,0.000,0.0,0.000,0.000,0.0
32.1508,23788,284371,0.000,0.000,0.0,0.000,0.000,0.0,0.000,0.000,0.0
32.1508,23789,284376,0.000,0.000,0.0,0.000,0.000,0.0,0.000,0.000,0.0
32.1508,23790,284381,0.000,0.000,0.0,0.000,0.000,0.0,0.000,0.000,0.0
32.1508,23791,284386,0.000,0.000,0.0,0.000,0.000,0.0,0.000,0.000,0.0
32.1508,23792,284391,0.000,0.000,0.0,0.000,0.000,0.0,0.000,0.000,0.0
32.1508,23793,284396,0.000,0.000,0.0,0.000,0.000,0.0,0.000,0.000,0.0
32.1508,23794,284401,0.000,0.000,0.0,0.000,0.000,0.0,0.000,0.000,0.0
32.1508,23795,284406,0.000,0.000,0.0,0.000,0.000,0.0,0.000,0.000,0.0
32.1508,23796,284411,0.000,0.000,0.0,0.000,0.000,0.0,0.000,0.000,0.0
32.1508,23797,284416,0.000,0.000,0.0,0.000,0.000,0.0,0.000,0.000,0.0
32.1508,23798,284421,0.000,0.000,0.0,0.000,0.000,0.0,0.000,0.000,0.0
32.2417,23799,284426,0.000,0.000,0.0,0.000,0.000,0.0,0.000,0.000,0.0
32.2417,23800,284431,0.000,0.000,0.0,0.000,0.000,0.0,0.000,0.000,0.0
32.2417,23801,284436,0.000,0.000,0.0,0.000,0.000,0.0,0.000,0.000,0.0
32.2417,23802,284441,0.000,0.000,0.0,0.000,0.000,0.0,0.000,0.000,0.0
32.2417,23803,284446,0.000,0.000,0.0,0.000,0.000,0.0,0.000,0.000,0.0
32.2417,23804,284451,0.000,0.000,0.0,0.000,0.000,0.0,0.000,0.000,0.0
32.2417,23805,284456,0.000,0.000,0.0,0.000,0.000,0.0,0.000,0.000,0.0
32.2417,23806,284461,0.000,0.000,0.0,0.000,0.000,0.0,0.000,0.000,0.0
32.2417,23807,284466,0.000,0.000,0.0,0.000,0.000,0.0,0.000,0.000,0.0
32.2417,23808,284471,0.000,0.000,0.0,0.000,0.000,0.0,0.000,0.000,0.0
32.2417,23809,284476,0.000,0.000,0.0,0.000,0.000,0.0,0.000,0.000,0.0
32.2417,23810,284481,0.000,0.000,0.0,0.000,0.000,0.0,0.000,0.000,0.0
32.2417,23811,284486,0.000,0.000,0.0,0.000,0.000,0.0,0.000,0.000,0.0
32.2417,23812,284491,0.000,0.000,0.0,0.000,0.000,0.0,0.000,0.000,0.0
32.2417,23813,284496,0.000,0.000,0.0,0.000,0.000,0.0,0.000,0.000,0.0
32.2417,23814,284501,0.000,0.000,0.0,0.000,0.000,0.0,0.000,0.000,0.0
32.2427,23815,284506,0.000,0.000,0.0,0.000,0.000,0.0,0.000,0.000,0.0
32.2427,23816,284511,0.000,0.000,0.0,0.000,0.000,0.0,0.000,0.000,0.0
32.2427,23817,284516,0.000,0.000,0.0,0.000,0.000,0.0,0.000,0.000,0.0
32.2427,23818,284521,0.000,0.000,0.0,0.000,0.000,0.0,0.000,0.000,0.0
32.2427,23819,284526,0.000,0.000,0.0,0.000,0.000,0.0,0.000,0.000,0.0
32.2427,23820,284531,0.000,0.000,0.0,0.000,0.000,0.0,0.000,0.000,0.0
32.2427,23821,284536,0.000,0.000,0.0,0.000,0.000,0.0,0.000,0.000,0.0
32.2427,23822,284541,0.000,0.000,0.0,0.000,0.000,0.0,0.000,0.000,0.0
32.3602,23823,284546,0.000,0.000,0.0,0.000,0.000,0.0,0.000,0.000,0.0
32.3602,23824,284551,0.000,0.000,0.0,0.000,0.000,0.0,0.000,0.000,0.0
32.3602,23825,284556,0.000,0.000,0.0,0.000,0.000,0.0,0.000,0.000,0.0
32.3602,23826,284561,0.000,0.000,0.0,0.000,0.000,0.0,0.000,0.000,0.0
32.3602,23827,284566,0.000,0.000,0.0,0.000,0.000,0.0,0.000,0.000,0.0
32.3602,23828,284571,0.000,0.000,0.0,0.000,0.000,0.0,0.000,0.000,0.0
32.3602,23829,284576,0.000,0.000,0.0,0.000,0.000,0.0,0.000,0.000,0.0
32.3602,23830,284581,0.000,0.000,0.0,0.000,0.000,0.0,0.000,0.000,0.0
32.3602,23831,284586,0.000,0.000,0.0,0.000,0.000,0.0,0.000,0.000,0.0
32.3602,23832,284591,0.000,0.000,0.0,0.000,0.000,0.0,0.000,0.000,0.0
32.3602,23833,284596,0.000,0.000,0.0,0.000,0.000,0.0,0.000,0.000,0.0
32.3602,23834,284601,0.000,0.000,0.0,0.000,0.000,0.0,0.000,0.000,0.0
32.3602,23835,284606,0.000,0.000,0.0,0.000,0.000,0.0,0.000,0.000,0.0
32.3602,23836,284611,0.000,0.000,0.0,0.000,0.000,0.0,0.000,0.000,0.0
32.3602,23837,284616,0.000,0.000,0.0,0.000,0.000,0.0,0.000,0.000,0.0
32.3602,23838,284621,0.000,0.000,0.0,0.000,0.000,0.0,0.000,0.000,0.0
32.3754,23839,284626,0.000,0.000,0.0,0.000,0.000,0.0,0.000,0.000,0.0
32.3754,23840,284631,0.000,0.000,0.0,0.000,0.000,0.0,0.000,0.000,0.0
32.3754,23841,284636,0.000,0.000,0.0,0.000,0.000,0.0,0.000,0.000,0.0
32.3754,23842,284641,0.000,0.000,0.0,0.000,0.000,0.0,0.000,0.000,0.0
32.3754,23843,284646,0.000,0.000,0.0,0.000,0.000,0.0,0.000,0.000,0.0
32.3754,23844,284651,0.000,0.000,0.0,0.000,0.000,0.0,0.000,0.000,0.0
32.3754,23845,284656,0.000,0.000,0.0,0.000,0.000,0.0,0.000,0.000,0.0
32.3754,23846,284661,0.000,0.000,0.0,0.000,0.000,0.0,0.000,0.000,0.0
32.4296,23847,284666,0.000,0.000,0.0,0.000,0.000,0.0,0.000,0.000,0.0
32.4296,23848,284671,0.000,0.000,0.0,0.000,0.000,0.0,0.000,0.000,0.0
32.4296,23849,284676,0.000,0.000,0.0,0.000,0.000,0.0,0.000,0.000,0.0
32.4296,23850,284681,0.000,0.000,0.0,0.000,0.000,0.0,0.000,0.000,0.0
32.4296,23851,284686,0.000,0.000,0.0,0.000,0.000,0.0,0.000,0.000,0.0
32.4306,23852,284691,0.000,0.000,0.0,0.000,0.000,0.0,0.000,0.000,0.0
32.4306,23853,284696,0.000,0.000,0.0,0.000,0.000,0.0,0.000,0.000,0.0
32.4306,23854,284701,0.000,0.000,0.0,0.000,0.000,0.0,0.000,0.000,0.0
32.4306,23855,284706,0.000,0.000,0.0,0.000,0.000,0.0,0.000,0.000,0.0
32.4306,23856,284711,0.000,0.000,0.0,0.000,0.000,0.0,0.000,0.000,0.0
32.4306,23857,284716,0.000,0.000,0.0,0.000,0.000,0.0,0.000,0.000,0.0
32.4306,23858,284721,0.000,0.000,0.0,0.000,0.000,0.0,0.000,0.000,0.0
32.4306,23859,284726,0.000,0.000,0.0,0.000,0.000,0.0,0.000,0.000,0.0
32.4306,23860,284731,0.000,0.000,0.0,0.000,0.000,0.0,0.000,0.000,0.0
32.4306,23861,284736,0.000,0.000,0.0,0.000,0.000,0.0,0.000,0.000,0.0
32.4306,23862,284741,0.000,0.000,0.0,0.000,0.000,0.0,0.000,0.000,0.0
32.4895,23863,284746,0.000,0.000,0.0,0.000,0.000,0.0,0.000,0.000,0.0
32.4895,23864,284751,0.000,0.000,0.0,0.000,0.000,0.0,0.000,0.000,0.0
32.4895,23865,284756,0.000,0.000,0.0,0.000,0.000,0.0,0.000,0.000,0.0
32.4903,23866,284761,0.000,0.000,0.0,0.000,0.000,0.0,0.000,0.000,0.0
32.4903,23867,284766,0.000,0.000,0.0,0.000,0.000,0.0,0.000,0.000,0.0
32.4903,23868,284771,0.000,0.000,0.0,0.000,0.000,0.0,0.000,0.000,0.0
32.4903,23869,284776,0.000,0.000,0.0,0.000,0.000,0.0,0.000,0.000,0.0
32.4903,23870,284781,0.000,0.000,0.0,0.000,0.000,0.0,0.000,0.000,0.0
32.5958,23871,284786,0.000,0.000,0.0,0.000,0.000,0.0,0.000,0.000,0.0
32.5958,23872,284791,0.000,0.000,0.0,0.000,0.000,0.0,0.000,0.000,0.0
32.5958,23873,284796,0.000,0.000,0.0,0.000,0.000,0.0,0.000,0.000,0.0
32.5958,23874,284801,0.000,0.000,0.0,0.000,0.000,0.0,0.000,0.000,0.0
32.5958,23875,284806,0.000,0.000,0.0,0.000,0.000,0.0,0.000,0.000,0.0
32.5958,23876,284811,0.000,0.000,0.0,0.000,0.000,0.0,0.000,0.000,0.0
32.5958,23877,284816,0.000,0.000,0.0,0.000,0.000,0.0,0.000,0.000,0.0
32.5958,23878,284821,0.000,0.000,0.0,0.000,0.000,0.0,0.000,0.000,0.0
32.5958,23879,284826,0.000,0.000,0.0,0.000,0.000,0.0,0.000,0.000,0.0
32.5958,23880,284831,0.000,0.000,0.0,0.000,0.000,0.0,0.000,0.000,0.0
32.5958,23881,284836,0.000,0.000,0.0,0.000,0.000,0.0,0.000,0.000,0.0
32.5958,23882,284841,0.000,0.000,0.0,0.000,0.000,0.0,0.000,0.000,0.0
32.5958,23883,284846,0.000,0.000,0.0,0.000,0.000,0.0,0.000,0.000,0.0
32.5958,23884,284851,0.000,0.000,0.0,0.000,0.000,0.0,0.000,0.000,0.0
32.5958,23885,284856,0.000,0.000,0.0,0.000,0.000,0.0,0.000,0.000,0.0
32.5958,23886,284861,0.000,0.000,0.0,0.000,0.000,0.0,0.000,0.000,0.0
32.6550,23887,284866,0.000,0.000,0.0,0.000,0.000,0.0,0.000,0.000,0.0
32.6550,23888,284871,0.000,0.000,0.0,0.000,0.000,0.0,0.000,0.000,0.0
32.6550,23889,284876,0.000,0.000,0.0,0.000,0.000,0.0,0.000,0.000,0.0
32.6550,23890,284881,0.000,0.000,0.0,0.000,0.000,0.0,0.000,0.000,0.0
32.6550,23891,284886,0.000,0.000,0.0,0.000,0.000,0.0,0.000,0.000,0.0
32.6550,23892,284891,0.000,0.000,0.0,0.000,0.000,0.0,0.000,0.000,0.0
32.6550,23893,284896,0.000,0.000,0.0,0.000,0.000,0.0,0.000,0.000,0.0
32.6550,23894,284901,0.000,0.000,0.0,0.000,0.000,0.0,0.000,0.000,0.0
32.6550,23895,284906,0.000,0.000,0.0,0.000,0.000,0.0,0.000,0.000,0.0
32.6550,23896,284911,0.000,0.000,0.0,0.000,0.000,0.0,0.000,0.000,0.0
32.6550,23897,284916,0.000,0.000,0.0,0.000,0.000,0.0,0.000,0.000,0.0
32.6550,23898,284921,0.000,0.000,0.0,0.000,0.000,0.0,0.000,0.000,0.0
32.6550,23899,284926,0.000,0.000,0.0,0.000,0.000,0.0,0.000,0.000,0.0
32.6550,23900,284931,0.000,0.000,0.0,0.000,0.000,0.0,0.000,0.000,0.0
32.6550,23901,284936,0.000,0.000,0.0,0.000,0.000,0.0,0.000,0.000,0.0
32.6550,23902,284941,0.000,0.000,0.0,0.000,0.000,0.0,0.000,0.000,0.0
32.7198,23903,284946,0.000,0.000,0.0,0.000,0.000,0.0,0.000,0.000,0.0
32.7198,23904,284951,0.000,0.000,0.0,0.000,0.000,0.0,0.000,0.000,0.0
32.7198,23905,284956,0.000,0.000,0.0,0.000,0.000,0.0,0.000,0.000,0.0
32.7198,23906,284961,0.000,0.000,0.0,0.000,0.000,0.0,0.000,0.000,0.0
32.7198,23907,284966,0.000,0.000,0.0,0.000,0.000,0.0,0.000,0.000,0.0
32.7198,23908,284971,0.000,0.000,0.0,0.000,0.000,0.0,0.000,0.000,0.0
32.7198,23909,284976,0.000,0.000,0.0,0.000,0.000,0.0,0.000,0.000,0.0
32.7198,23910,284981,0.000,0.000,0.0,0.000,0.000,0.0,0.000,0.000,0.0
32.7198,23911,284986,0.000,0.000,0.0,0.000,0.000,0.0,0.000,0.000,0.0
32.7198,23912,284991,0.000,0.000,0.0,0.000,0.000,0.0,0.000,0.000,0.0
32.7198,23913,284996,0.000,0.000,0.0,0.000,0.000,0.0,0.000,0.000,0.0
32.7208,23914,285001,0.000,0.000,0.0,0.000,0.000,0.0,0.000,0.000,0.0
32.7208,23915,285006,0.000,0.000,0.0,0.000,0.000,0.0,0.000,0.000,0.0
32.7208,23916,285011,0.000,0.000,0.0,0.000,0.000,0.0,0.000,0.000,0.0
32.7208,23917,285016,0.000,0.000,0.0,0.000,0.000,0.0,0.000,0.000,0.0
32.7208,23918,285021,0.000,0.000,0.0,0.000,0.000,0.0,0.000,0.000,0.0
32.7743,23919,285026,0.000,0.000,0.0,0.000,0.000,0.0,0.000,0.000,0.0
32.7743,23920,285031,0.000,0.000,0.0,0.000,0.000,0.0,0.000,0.000,0.0
32.7743,23921,285036,0.000,0.000,0.0,0.000,0.000,0.0,0.000,0.000,0.0
32.7743,23922,285041,0.000,0.000,0.0,0.000,0.000,0.0,0.000,0.000,0.0
32.7743,23923,285046,0.000,0.000,0.0,0.000,0.000,0.0,0.000,0.000,0.0
32.7743,23924,285051,0.000,0.000,0.0,0.000,0.000,0.0,0.000,0.000,0.0
32.7743,23925,285056,0.000,0.000,0.0,0.000,0.000,0.0,0.000,0.000,0.0
32.7743,23926,285061,0.000,0.000,0.0,0.000,0.000,0.0,0.000,0.000,0.0
32.7743,23927,285066,0.000,0.000,0.0,0.000,0.000,0.0,0.000,0.000,0.0
32.7743,23928,285071,0.000,0.000,0.0,0.000,0.000,0.0,0.000,0.000,0.0
32.7743,23929,285076,0.000,0.000,0.0,0.000,0.000,0.0,0.000,0.000,0.0
32.7743,23930,285081,0.000,0.000,0.0,0.000,0.000,0.0,0.000,0.000,0.0
32.7743,23931,285086,0.000,0.000,0.0,0.000,0.000,0.0,0.000,0.000,0.0
32.7743,23932,285091,0.000,0.000,0.0,0.000,0.000,0.0,0.000,0.000,0.0
32.7743,23933,285096,0.000,0.000,0.0,0.000,0.000,0.0,0.000,0.000,0.0
32.7743,23934,285101,0.000,0.000,0.0,0.000,0.000,0.0,0.000,0.000,0.0
32.8741,23935,285106,0.000,0.000,0.0,0.000,0.000,0.0,0.000,0.000,0.0
32.8741,23936,285111,0.000,0.000,0.0,0.000,0.000,0.0,0.000,0.000,0.0
32.8741,23937,285116,0.000,0.000,0.0,0.000,0.000,0.0,0.000,0.000,0.0
32.8741,23938,285121,0.000,0.000,0.0,0.000,0.000,0.0,0.000,0.000,0.0
32.8741,23939,285126,0.000,0.000,0.0,0.000,0.000,0.0,0.000,0.000,0.0
32.8741,23940,285131,0.000,0.000,0.0,0.000,0.000,0.0,0.000,0.000,0.0
32.8741,23941,285136,0.000,0.000,0.0,0.000,0.000,0.0,0.000,0.000,0.0
32.8741,23942,285141,0.000,0.000,0.0,0.000,0.000,0.0,0.000,0.000,0.0
32.8741,23943,285146,0.000,0.000,0.0,0.000,0.000,0.0,0.000,0.000,0.0
32.8741,23944,285151,0.000,0.000,0.0,0.000,0.000,0.0,0.000,0.000,0.0
32.8741,23945,285156,0.000,0.000,0.0,0.000,0.000,0.0,0.000,0.000,0.0
32.8741,23946,285161,0.000,0.000,0.0,0.000,0.000,0.0,0.000,0.000,0.0
32.8741,23947,285166,0.000,0.000,0.0,0.000,0.000,0.0,0.000,0.000,0.0
32.8741,23948,285171,0.000,0.000,0.0,0.000,0.000,0.0,0.000,0.000,0.0
32.8741,23949,285176,0.000,0.000,0.0,0.000,0.000,0.0,0.000,0.000,0.0
32.8741,23950,285181,0.000,0.000,0.0,0.000,0.000,0.0,0.000,0.000,0.0
32.9729,23951,285186,0.000,0.000,0.0,0.000,0.000,0.0,0.000,0.000,0.0
32.9729,23952,285191,0.000,0.000,0.0,0.000,0.000,0.0,0.000,0.000,0.0
32.9729,23953,285196,0.000,0.000,0.0,0.000,0.000,0.0,0.000,0.000,0.0
32.9729,23954,285201,0.000,0.000,0.0,0.000,0.000,0.0,0.000,0.000,0.0
32.9729,23955,285206,0.000,0.000,0.0,0.000,0.000,0.0,0.000,0.000,0.0
32.9729,23956,285211,0.000,0.000,0.0,0.000,0.000,0.0,0.000,0.000,0.0
32.9729,23957,285216,0.000,0.000,0.0,0.000,0.000,0.0,0.000,0.000,0.0
32.9729,23958,285221,0.000,0.000,0.0,0.000,0.000,0.0,0.000,0.000,0.0
32.9729,23959,285226,0.000,0.000,0.0,0.000,0.000,0.0,0.000,0.000,0.0
32.9729,23960,285231,0.000,0.000,0.0,0.000,0.000,0.0,0.000,0.000,0.0
32.9729,23961,285236,0.000,0.000,0.0,0.000,0.000,0.0,0.000,0.000,0.0
32.9729,23962,285241,0.000,0.000,0.0,0.000,0.000,0.0,0.000,0.000,0.0
32.9729,23963,285246,0.000,0.000,0.0,0.000,0.000,0.0,0.000,0.000,0.0
32.9729,23964,285251,0.000,0.000,0.0,0.000,0.000,0.0,0.000,0.000,0.0
32.9729,23965,285256,0.000,0.000,0.0,0.000,0.000,0.0,0.000,0.000,0.0
32.9729,23966,285261,0.000,0.000,0.0,0.000,0.000,0.0,0.000,0.000,0.0
33.0286,23967,285266,0.000,0.000,0.0,0.000,0.000,0.0,0.000,0.000,0.0
33.0286,23968,285271,0.000,0.000,0.0,0.000,0.000,0.0,0.000,0.000,0.0
33.0286,23969,285276,0.000,0.000,0.0,0.000,0.000,0.0,0.000,0.000,0.0
33.0286,23970,285281,0.000,0.000,0.0,0.000,0.000,0.0,0.000,0.000,0.0
33.0286,23971,285286,0.000,0.000,0.0,0.000,0.000,0.0,0.000,0.000,0.0
33.0286,23972,285291,0.000,0.000,0.0,0.000,0.000,0.0,0.000,0.000,0.0
33.0286,23973,285296,0.000,0.000,0.0,0.000,0.000,0.0,0.000,0.000,0.0
33.0286,23974,285301,0.000,0.000,0.0,0.000,0.000,0.0,0.000,0.000,0.0
33.0286,23975,285306,0.000,0.000,0.0,0.000,0.000,0.0,0.000,0.000,0.0
33.0286,23976,285311,0.000,0.000,0.0,0.000,0.000,0.0,0.000,0.000,0.0
33.0286,23977,285316,0.000,0.000,0.0,0.000,0.000,0.0,0.000,0.000,0.0
33.0286,23978,285321,0.000,0.000,0.0,0.000,0.000,0.0,0.000,0.000,0.0
33.0286,23979,285326,0.000,0.000,0.0,0.000,0.000,0.0,0.000,0.000,0.0
33.0286,23980,285331,0.000,0.000,0.0,0.000,0.000,0.0,0.000,0.000,0.0
33.0286,23981,285336,0.000,0.000,0.0,0.000,0.000,0.0,0.000,0.000,0.0
33.0286,23982,285341,0.000,0.000,0.0,0.000,0.000,0.0,0.000,0.000,0.0
33.1355,23983,285346,0.000,0.000,0.0,0.000,0.000,0.0,0.000,0.000,0.0
33.1355,23984,285351,0.000,0.000,0.0,0.000,0.000,0.0,0.000,0.000,0.0
33.1355,23985,285356,0.000,0.000,0.0,0.000,0.000,0.0,0.000,0.000,0.0
33.1355,23986,285361,0.000,0.000,0.0,0.000,0.000,0.0,0.000,0.000,0.0
33.1355,23987,285366,0.000,0.000,0.0,0.000,0.000,0.0,0.000,0.000,0.0
33.1355,23988,285371,0.000,0.000,0.0,0.000,0.000,0.0,0.000,0.000,0.0
33.1355,23989,285376,0.000,0.000,0.0,0.000,0.000,0.0,0.000,0.000,0.0
33.1355,23990,285381,0.000,0.000,0.0,0.000,0.000,0.0,0.000,0.000,0.0
33.1355,23991,285386,0.000,0.000,0.0,0.000,0.000,0.0,0.000,0.000,0.0
33.1355,23992,285391,0.000,0.000,0.0,0.000,0.000,0.0,0.000,0.000,0.0
33.1355,23993,285396,0.000,0.000,0.0,0.000,0.000,0.0,0.000,0.000,0.0
33.1355,23994,285401,0.000,0.000,0.0,0.000,0.000,0.0,0.000,0.000,0.0
33.1355,23995,285406,0.000,0.000,0.0,0.000,0.000,0.0,0.000,0.000,0.0
33.1355,23996,285411,0.000,0.000,0.0,0.000,0.000,0.0,0.000,0.000,0.0
33.1355,23997,285416,0.000,0.000,0.0,0.000,0.000,0.0,0.000,0.000,0.0
33.1355,23998,285421,0.000,0.000,0.0,0.000,0.000,0.0,0.000,0.000,0.0
33.2613,23999,285426,0.000,0.000,0.0,0.000,0.000,0.0,0.000,0.000,0.0
33.2613,24000,285431,0.000,0.000,0.0,0.000,0.000,0.0,0.000,0.000,0.0
33.2613,24001,285436,0.000,0.000,0.0,0.000,0.000,0.0,0.000,0.000,0.0
33.2613,24002,285441,0.000,0.000,0.0,0.000,0.000,0.0,0.000,0.000,0.0
33.2613,24003,285446,0.000,0.000,0.0,0.000,0.000,0.0,0.000,0.000,0.0
33.2613,24004,285451,0.000,0.000,0.0,0.000,0.000,0.0,0.000,0.000,0.0
33.2613,24005,285456,0.000,0.000,0.0,0.000,0.000,0.0,0.000,0.000,0.0
33.2613,24006,285461,0.000,0.000,0.0,0.000,0.000,0.0,0.000,0.000,0.0
33.2613,24007,285466,0.000,0.000,0.0,0.000,0.000,0.0,0.000,0.000,0.0
33.2613,24008,285471,0.000,0.000,0.0,0.000,0.000,0.0,0.000,0.000,0.0
33.2613,24009,285476,0.000,0.000,0.0,0.000,0.000,0.0,0.000,0.000,0.0
33.2613,24010,285481,0.000,0.000,0.0,0.000,0.000,0.0,0.000,0.000,0.0
33.2613,24011,285486,0.000,0.000,0.0,0.000,0.000,0.0,0.000,0.000,0.0
33.2613,24012,285491,0.000,0.000,0.0,0.000,0.000,0.0,0.000,0.000,0.0
33.2613,24013,285496,0.000,0.000,0.0,0.000,0.000,0.0,0.000,0.000,0.0
33.2613,24014,285501,0.000,0.000,0.0,0.000,0.000,0.0,0.000,0.000,0.0
33.2613,24015,285506,0.000,0.000,0.0,0.000,0.000,0.0,0.000,0.000,0.0
33.2613,24016,285511,0.000,0.000,0.0,0.000,0.000,0.0,0.000,0.000,0.0
33.2613,24017,285516,0.000,0.000,0.0,0.000,0.000,0.0,0.000,0.000,0.0
33.2613,24018,285521,0.000,0.000,0.0,0.000,0.000,0.0,0.000,0.000,0.0
33.2613,24019,285526,0.000,0.000,0.0,0.000,0.000,0.0,0.000,0.000,0.0
33.2613,24020,285531,0.000,0.000,0.0,0.000,0.000,0.0,0.000,0.000,0.0
33.2613,24021,285536,0.000,0.000,0.0,0.000,0.000,0.0,0.000,0.000,0.0
33.2613,24022,285541,0.000,0.000,0.0,0.000,0.000,0.0,0.000,0.000,0.0
33.3687,24023,285546,0.000,0.000,0.0,0.000,0.000,0.0,0.000,0.000,0.0
33.3687,24024,285551,0.000,0.000,0.0,0.000,0.000,0.0,0.000,0.000,0.0
33.3687,24025,285556,0.000,0.000,0.0,0.000,0.000,0.0,0.000,0.000,0.0
33.3687,24026,285561,0.000,0.000,0.0,0.000,0.000,0.0,0.000,0.000,0.0
33.3687,24027,285566,0.000,0.000,0.0,0.000,0.000,0.0,0.000,0.000,0.0
33.3687,24028,285571,0.000,0.000,0.0,0.000,0.000,0.0,0.000,0.000,0.0
33.3687,24029,285576,0.000,0.000,0.0,0.000,0.000,0.0,0.000,0.000,0.0
33.3687,24030,285581,0.000,0.000,0.0,0.000,0.000,0.0,0.000,0.000,0.0
33.3687,24031,285586,0.000,0.000,0.0,0.000,0.000,0.0,0.000,0.000,0.0
33.3687,24032,285591,0.000,0.000,0.0,0.000,0.000,0.0,0.000,0.000,0.0
33.3687,24033,285596,0.000,0.000,0.0,0.000,0.000,0.0,0.000,0.000,0.0
33.3687,24034,285601,0.000,0.000,0.0,0.000,0.000,0.0,0.000,0.000,0.0
33.3687,24035,285606,0.000,0.000,0.0,0.000,0.000,0.0,0.000,0.000,0.0
33.3687,24036,285611,0.000,0.000,0.0,0.000,0.000,0.0,0.000,0.000,0.0
33.3687,24037,285616,0.000,0.000,0.0,0.000,0.000,0.0,0.000,0.000,0.0
33.3687,24038,285621,0.000,0.000,0.0,0.000,0.000,0.0,0.000,0.000,0.0
33.3687,24039,285626,0.000,0.000,0.0,0.000,0.000,0.0,0.000,0.000,0.0
33.3687,24040,285631,0.000,0.000,0.0,0.000,0.000,0.0,0.000,0.000,0.0
33.3687,24041,285636,0.000,0.000,0.0,0.000,0.000,0.0,0.000,0.000,0.0
33.3687,24042,285641,0.000,0.000,0.0,0.000,0.000,0.0,0.000,0.000,0.0
33.3687,24043,285646,0.000,0.000,0.0,0.000,0.000,0.0,0.000,0.000,0.0
33.3687,24044,285651,0.000,0.000,0.0,0.000,0.000,0.0,0.000,0.000,0.0
33.3687,24045,285656,0.000,0.000,0.0,0.000,0.000,0.0,0.000,0.000,0.0
33.3687,24046,285661,0.000,0.000,0.0,0.000,0.000,0.0,0.000,0.000,0.0
33.4821,24047,285666,0.000,0.000,0.0,0.000,0.000,0.0,0.000,0.000,0.0
33.4821,24048,285671,0.000,0.000,0.0,0.000,0.000,0.0,0.000,0.000,0.0
33.4821,24049,285676,0.000,0.000,0.0,0.000,0.000,0.0,0.000,0.000,0.0
33.4821,24050,285681,0.000,0.000,0.0,0.000,0.000,0.0,0.000,0.000,0.0
33.4821,24051,285686,0.000,0.000,0.0,0.000,0.000,0.0,0.000,0.000,0.0
33.4821,24052,285691,0.000,0.000,0.0,0.000,0.000,0.0,0.000,0.000,0.0
33.4821,24053,285696,0.000,0.000,0.0,0.000,0.000,0.0,0.000,0.000,0.0
33.4821,24054,285701,0.000,0.000,0.0,0.000,0.000,0.0,0.000,0.000,0.0
33.4821,24055,285706,0.000,0.000,0.0,0.000,0.000,0.0,0.000,0.000,0.0
33.4821,24056,285711,0.000,0.000,0.0,0.000,0.000,0.0,0.000,0.000,0.0
33.4821,24057,285716,0.000,0.000,0.0,0.000,0.000,0.0,0.000,0.000,0.0
33.4821,24058,285721,0.000,0.000,0.0,0.000,0.000,0.0,0.000,0.000,0.0
33.4821,24059,285726,0.000,0.000,0.0,0.000,0.000,0.0,0.000,0.000,0.0
33.4821,24060,285731,0.000,0.000,0.0,0.000,0.000,0.0,0.000,0.000,0.0
33.4821,24061,285736,0.000,0.000,0.0,0.000,0.000,0.0,0.000,0.000,0.0
33.4821,24062,285741,0.000,0.000,0.0,0.000,0.000,0.0,0.000,0.000,0.0
33.5433,24063,285746,0.000,0.000,0.0,0.000,0.000,0.0,0.000,0.000,0.0
33.5433,24064,285751,0.000,0.000,0.0,0.000,0.000,0.0,0.000,0.000,0.0
33.5433,24065,285756,0.000,0.000,0.0,0.000,0.000,0.0,0.000,0.000,0.0
33.5433,24066,285761,0.000,0.000,0.0,0.000,0.000,0.0,0.000,0.000,0.0
33.5433,24067,285766,0.000,0.000,0.0,0.000,0.000,0.0,0.000,0.000,0.0
33.5433,24068,285771,0.000,0.000,0.0,0.000,0.000,0.0,0.000,0.000,0.0
33.5433,24069,285776,0.000,0.000,0.0,0.000,0.000,0.0,0.000,0.000,0.0
33.5433,24070,285781,0.000,0.000,0.0,0.000,0.000,0.0,0.000,0.000,0.0
33.5433,24071,285786,0.000,0.000,0.0,0.000,0.000,0.0,0.000,0.000,0.0
33.5433,24072,285791,0.000,0.000,0.0,0.000,0.000,0.0,0.000,0.000,0.0
33.5433,24073,285796,0.000,0.000,0.0,0.000,0.000,0.0,0.000,0.000,0.0
33.5433,24074,285801,0.000,0.000,0.0,0.000,0.000,0.0,0.000,0.000,0.0
33.5433,24075,285806,0.000,0.000,0.0,0.000,0.000,0.0,0.000,0.000,0.0
33.5433,24076,285811,0.000,0.000,0.0,0.000,0.000,0.0,0.000,0.000,0.0
33.5433,24077,285816,0.000,0.000,0.0,0.000,0.000,0.0,0.000,0.000,0.0
33.5433,24078,285821,0.000,0.000,0.0,0.000,0.000,0.0,0.000,0.000,0.0
33.5433,24079,285826,0.000,0.000,0.0,0.000,0.000,0.0,0.000,0.000,0.0
33.5433,24080,285831,0.000,0.000,0.0,0.000,0.000,0.0,0.000,0.000,0.0
33.5433,24081,285836,0.000,0.000,0.0,0.000,0.000,0.0,0.000,0.000,0.0
33.5433,24082,285841,0.000,0.000,0.0,0.000,0.000,0.0,0.000,0.000,0.0
33.5433,24083,285846,0.000,0.000,0.0,0.000,0.000,0.0,0.000,0.000,0.0
33.5433,24084,285851,0.000,0.000,0.0,0.000,0.000,0.0,0.000,0.000,0.0
33.5433,24085,285856,0.000,0.000,0.0,0.000,0.000,0.0,0.000,0.000,0.0
33.5433,24086,285861,0.000,0.000,0.0,0.000,0.000,0.0,0.000,0.000,0.0
33.6539,24087,285866,0.000,0.000,0.0,0.000,0.000,0.0,0.000,0.000,0.0
33.6539,24088,285871,0.000,0.000,0.0,0.000,0.000,0.0,0.000,0.000,0.0
33.6539,24089,285876,0.000,0.000,0.0,0.000,0.000,0.0,0.000,0.000,0.0
33.6539,24090,285881,0.000,0.000,0.0,0.000,0.000,0.0,0.000,0.000,0.0
33.6539,24091,285886,0.000,0.000,0.0,0.000,0.000,0.0,0.000,0.000,0.0
33.6539,24092,285891,0.000,0.000,0.0,0.000,0.000,0.0,0.000,0.000,0.0
33.6539,24093,285896,0.000,0.000,0.0,0.000,0.000,0.0,0.000,0.000,0.0
33.6539,24094,285901,0.000,0.000,0.0,0.000,0.000,0.0,0.000,0.000,0.0
33.6539,24095,285906,0.000,0.000,0.0,0.000,0.000,0.0,0.000,0.000,0.0
33.6539,24096,285911,0.000,0.000,0.0,0.000,0.000,0.0,0.000,0.000,0.0
33.6539,24097,285916,0.000,0.000,0.0,0.000,0.000,0.0,0.000,0.000,0.0
33.6539,24098,285921,0.000,0.000,0.0,0.000,0.000,0.0,0.000,0.000,0.0
33.6539,24099,285926,0.000,0.000,0.0,0.000,0.000,0.0,0.000,0.000,0.0
33.6539,24100,285931,0.000,0.000,0.0,0.000,0.000,0.0,0.000,0.000,0.0
33.6539,24101,285936,0.000,0.000,0.0,0.000,0.000,0.0,0.000,0.000,0.0
33.6539,24102,285941,0.000,0.000,0.0,0.000,0.000,0.0,0.000,0.000,0.0
33.7187,24103,285946,0.000,0.000,0.0,0.000,0.000,0.0,0.000,0.000,0.0
33.7187,24104,285951,0.000,0.000,0.0,0.000,0.000,0.0,0.000,0.000,0.0
33.7187,24105,285956,0.000,0.000,0.0,0.000,0.000,0.0,0.000,0.000,0.0
33.7187,24106,285961,0.000,0.000,0.0,0.000,0.000,0.0,0.000,0.000,0.0
33.7187,24107,285966,0.000,0.000,0.0,0.000,0.000,0.0,0.000,0.000,0.0
33.7187,24108,285971,0.000,0.000,0.0,0.000,0.000,0.0,0.000,0.000,0.0
33.7187,24109,285976,0.000,0.000,0.0,0.000,0.000,0.0,0.000,0.000,0.0
33.7187,24110,285981,0.000,0.000,0.0,0.000,0.000,0.0,0.000,0.000,0.0
33.7187,24111,285986,0.000,0.000,0.0,0.000,0.000,0.0,0.000,0.000,0.0
33.7187,24112,285991,0.000,0.000,0.0,0.000,0.000,0.0,0.000,0.000,0.0
33.7187,24113,285996,0.000,0.000,0.0,0.000,0.000,0.0,0.000,0.000,0.0
33.7187,24114,286001,0.000,0.000,0.0,0.000,0.000,0.0,0.000,0.000,0.0
33.7187,24115,286006,0.000,0.000,0.0,0.000,0.000,0.0,0.000,0.000,0.0
33.7187,24116,286011,0.000,0.000,0.0,0.000,0.000,0.0,0.000,0.000,0.0
33.7187,24117,286016,0.000,0.000,0.0,0.000,0.000,0.0,0.000,0.000,0.0
33.7187,24118,286021,0.000,0.000,0.0,0.000,0.000,0.0,0.000,0.000,0.0
33.7733,24119,286026,0.000,0.000,0.0,0.000,0.000,0.0,0.000,0.000,0.0
33.7733,24120,286031,0.000,0.000,0.0,0.000,0.000,0.0,0.000,0.000,0.0
33.7733,24121,286036,0.000,0.000,0.0,0.000,0.000,0.0,0.000,0.000,0.0
33.7733,24122,286041,0.000,0.000,0.0,0.000,0.000,0.0,0.000,0.000,0.0
33.7733,24123,286046,0.000,0.000,0.0,0.000,0.000,0.0,0.000,0.000,0.0
33.7733,24124,286051,0.000,0.000,0.0,0.000,0.000,0.0,0.000,0.000,0.0
33.7733,24125,286056,0.000,0.000,0.0,0.000,0.000,0.0,0.000,0.000,0.0
33.7733,24126,286061,0.000,0.000,0.0,0.000,0.000,0.0,0.000,0.000,0.0
33.7733,24127,286066,0.000,0.000,0.0,0.000,0.000,0.0,0.000,0.000,0.0
33.7733,24128,286071,0.000,0.000,0.0,0.000,0.000,0.0,0.000,0.000,0.0
33.7733,24129,286076,0.000,0.000,0.0,0.000,0.000,0.0,0.000,0.000,0.0
33.7733,24130,286081,0.000,0.000,0.0,0.000,0.000,0.0,0.000,0.000,0.0
33.7733,24131,286086,0.000,0.000,0.0,0.000,0.000,0.0,0.000,0.000,0.0
33.7733,24132,286091,0.000,0.000,0.0,0.000,0.000,0.0,0.000,0.000,0.0
33.7733,24133,286096,0.000,0.000,0.0,0.000,0.000,0.0,0.000,0.000,0.0
33.7733,24134,286101,0.000,0.000,0.0,0.000,0.000,0.0,0.000,0.000,0.0
33.8800,24135,286106,0.000,0.000,0.0,0.000,0.000,0.0,0.000,0.000,0.0
33.8800,24136,286111,0.000,0.000,0.0,0.000,0.000,0.0,0.000,0.000,0.0
33.8800,24137,286116,0.000,0.000,0.0,0.000,0.000,0.0,0.000,0.000,0.0
33.8800,24138,286121,0.000,0.000,0.0,0.000,0.000,0.0,0.000,0.000,0.0
33.8800,24139,286126,0.000,0.000,0.0,0.000,0.000,0.0,0.000,0.000,0.0
33.8800,24140,286131,0.000,0.000,0.0,0.000,0.000,0.0,0.000,0.000,0.0
33.8800,24141,286136,0.000,0.000,0.0,0.000,0.000,0.0,0.000,0.000,0.0
33.8800,24142,286141,0.000,0.000,0.0,0.000,0.000,0.0,0.000,0.000,0.0
33.8800,24143,286146,0.000,0.000,0.0,0.000,0.000,0.0,0.000,0.000,0.0
33.8800,24144,286151,0.000,0.000,0.0,0.000,0.000,0.0,0.000,0.000,0.0
33.8800,24145,286156,0.000,0.000,0.0,0.000,0.000,0.0,0.000,0.000,0.0
33.8800,24146,286161,0.000,0.000,0.0,0.000,0.000,0.0,0.000,0.000,0.0
33.8800,24147,286166,0.000,0.000,0.0,0.000,0.000,0.0,0.000,0.000,0.0
33.8800,24148,286171,0.000,0.000,0.0,0.000,0.000,0.0,0.000,0.000,0.0
33.8800,24149,286176,0.000,0.000,0.0,0.000,0.000,0.0,0.000,0.000,0.0
33.8800,24150,286181,0.000,0.000,0.0,0.000,0.000,0.0,0.000,0.000,0.0
33.9728,24151,286186,0.000,0.000,0.0,0.000,0.000,0.0,0.000,0.000,0.0
33.9728,24152,286191,0.000,0.000,0.0,0.000,0.000,0.0,0.000,0.000,0.0
33.9728,24153,286196,0.000,0.000,0.0,0.000,0.000,0.0,0.000,0.000,0.0
33.9728,24154,286201,0.000,0.000,0.0,0.000,0.000,0.0,0.000,0.000,0.0
33.9728,24155,286206,0.000,0.000,0.0,0.000,0.000,0.0,0.000,0.000,0.0
33.9728,24156,286211,0.000,0.000,0.0,0.000,0.000,0.0,0.000,0.000,0.0
33.9728,24157,286216,0.000,0.000,0.0,0.000,0.000,0.0,0.000,0.000,0.0
33.9728,24158,286221,0.000,0.000,0.0,0.000,0.000,0.0,0.000,0.000,0.0
33.9728,24159,286226,0.000,0.000,0.0,0.000,0.000,0.0,0.000,0.000,0.0
33.9728,24160,286231,0.000,0.000,0.0,0.000,0.000,0.0,0.000,0.000,0.0
33.9728,24161,286236,0.000,0.000,0.0,0.000,0.000,0.0,0.000,0.000,0.0
33.9728,24162,286241,0.000,0.000,0.0,0.000,0.000,0.0,0.000,0.000,0.0
33.9728,24163,286246,0.000,0.000,0.0,0.000,0.000,0.0,0.000,0.000,0.0
33.9728,24164,286251,0.000,0.000,0.0,0.000,0.000,0.0,0.000,0.000,0.0
33.9728,24165,286256,0.000,0.000,0.0,0.000,0.000,0.0,0.000,0.000,0.0
33.9728,24166,286261,0.000,0.000,0.0,0.000,0.000,0.0,0.000,0.000,0.0
34.0820,24167,286266,0.000,0.000,0.0,0.000,0.000,0.0,0.000,0.000,0.0
34.0820,24168,286271,0.000,0.000,0.0,0.000,0.000,0.0,0.000,0.000,0.0
34.0820,24169,286276,0.000,0.000,0.0,0.000,0.000,0.0,0.000,0.000,0.0
34.0820,24170,286281,0.000,0.000,0.0,0.000,0.000,0.0,0.000,0.000,0.0
34.0820,24171,286286,0.000,0.000,0.0,0.000,0.000,0.0,0.000,0.000,0.0
34.0820,24172,286291,0.000,0.000,0.0,0.000,0.000,0.0,0.000,0.000,0.0
34.0820,24173,286296,0.000,0.000,0.0,0.000,0.000,0.0,0.000,0.000,0.0
34.0820,24174,286301,0.000,0.000,0.0,0.000,0.000,0.0,0.000,0.000,0.0
34.0820,24175,286306,0.000,0.000,0.0,0.000,0.000,0.0,0.000,0.000,0.0
34.0820,24176,286311,0.000,0.000,0.0,0.000,0.000,0.0,0.000,0.000,0.0
34.0820,24177,286316,0.000,0.000,0.0,0.000,0.000,0.0,0.000,0.000,0.0
34.0820,24178,286321,0.000,0.000,0.0,0.000,0.000,0.0,0.000,0.000,0.0
34.0820,24179,286326,0.000,0.000,0.0,0.000,0.000,0.0,0.000,0.000,0.0
34.0820,24180,286331,0.000,0.000,0.0,0.000,0.000,0.0,0.000,0.000,0.0
34.0820,24181,286336,0.000,0.000,0.0,0.000,0.000,0.0,0.000,0.000,0.0
34.0820,24182,286341,0.000,0.000,0.0,0.000,0.000,0.0,0.000,0.000,0.0
34.0820,24183,286346,0.000,0.000,0.0,0.000,0.000,0.0,0.000,0.000,0.0
34.0820,24184,286351,0.000,0.000,0.0,0.000,0.000,0.0,0.000,0.000,0.0
34.0820,24185,286356,0.000,0.000,0.0,0.000,0.000,0.0,0.000,0.000,0.0
34.0820,24186,286361,0.000,0.000,0.0,0.000,0.000,0.0,0.000,0.000,0.0
34.0820,24187,286366,0.000,0.000,0.0,0.000,0.000,0.0,0.000,0.000,0.0
34.0820,24188,286371,0.000,0.000,0.0,0.000,0.000,0.0,0.000,0.000,0.0
34.0820,24189,286376,0.000,0.000,0.0,0.000,0.000,0.0,0.000,0.000,0.0
34.0820,24190,286381,0.000,0.000,0.0,0.000,0.000,0.0,0.000,0.000,0.0
34.1800,24191,286386,0.000,0.000,0.0,0.000,0.000,0.0,0.000,0.000,0.0
34.1800,24192,286391,0.000,0.000,0.0,0.000,0.000,0.0,0.000,0.000,0.0
34.1800,24193,286396,0.000,0.000,0.0,0.000,0.000,0.0,0.000,0.000,0.0
34.1800,24194,286401,0.000,0.000,0.0,0.000,0.000,0.0,0.000,0.000,0.0
34.1800,24195,286406,0.000,0.000,0.0,0.000,0.000,0.0,0.000,0.000,0.0
34.1800,24196,286411,0.000,0.000,0.0,0.000,0.000,0.0,0.000,0.000,0.0
34.1800,24197,286416,0.000,0.000,0.0,0.000,0.000,0.0,0.000,0.000,0.0
34.1800,24198,286421,0.000,0.000,0.0,0.000,0.000,0.0,0.000,0.000,0.0
34.1800,24199,286426,0.000,0.000,0.0,0.000,0.000,0.0,0.000,0.000,0.0
34.1800,24200,286431,0.000,0.000,0.0,0.000,0.000,0.0,0.000,0.000,0.0
34.1800,24201,286436,0.000,0.000,0.0,0.000,0.000,0.0,0.000,0.000,0.0
34.1800,24202,286441,0.000,0.000,0.0,0.000,0.000,0.0,0.000,0.000,0.0
34.1800,24203,286446,0.000,0.000,0.0,0.000,0.000,0.0,0.000,0.000,0.0
34.1800,24204,286451,0.000,0.000,0.0,0.000,0.000,0.0,0.000,0.000,0.0
34.1800,24205,286456,0.000,0.000,0.0,0.000,0.000,0.0,0.000,0.000,0.0
34.1800,24206,286461,0.000,0.000,0.0,0.000,0.000,0.0,0.000,0.000,0.0
34.3145,24207,286466,0.000,0.000,0.0,0.000,0.000,0.0,0.000,0.000,0.0
34.3145,24208,286471,0.000,0.000,0.0,0.000,0.000,0.0,0.000,0.000,0.0
34.3145,24209,286476,0.000,0.000,0.0,0.000,0.000,0.0,0.000,0.000,0.0
34.3145,24210,286481,0.000,0.000,0.0,0.000,0.000,0.0,0.000,0.000,0.0
34.3145,24211,286486,0.000,0.000,0.0,0.000,0.000,0.0,0.000,0.000,0.0
34.3145,24212,286491,0.000,0.000,0.0,0.000,0.000,0.0,0.000,0.000,0.0
34.3145,24213,286496,0.000,0.000,0.0,0.000,0.000,0.0,0.000,0.000,0.0
34.3145,24214,286501,0.000,0.000,0.0,0.000,0.000,0.0,0.000,0.000,0.0
34.3145,24215,286506,0.000,0.000,0.0,0.000,0.000,0.0,0.000,0.000,0.0
34.3145,24216,286511,0.000,0.000,0.0,0.000,0.000,0.0,0.000,0.000,0.0
34.3145,24217,286516,0.000,0.000,0.0,0.000,0.000,0.0,0.000,0.000,0.0
34.3145,24218,286521,0.000,0.000,0.0,0.000,0.000,0.0,0.000,0.000,0.0
34.3145,24219,286526,0.000,0.000,0.0,0.000,0.000,0.0,0.000,0.000,0.0
34.3145,24220,286531,0.000,0.000,0.0,0.000,0.000,0.0,0.000,0.000,0.0
34.3145,24221,286536,0.000,0.000,0.0,0.000,0.000,0.0,0.000,0.000,0.0
34.3145,24222,286541,0.000,0.000,0.0,0.000,0.000,0.0,0.000,0.000,0.0
34.3145,24223,286546,0.000,0.000,0.0,0.000,0.000,0.0,0.000,0.000,0.0
34.3145,24224,286551,0.000,0.000,0.0,0.000,0.000,0.0,0.000,0.000,0.0
34.3145,24225,286556,0.000,0.000,0.0,0.000,0.000,0.0,0.000,0.000,0.0
34.3145,24226,286561,0.000,0.000,0.0,0.000,0.000,0.0,0.000,0.000,0.0
34.3145,24227,286566,0.000,0.000,0.0,0.000,0.000,0.0,0.000,0.000,0.0
34.3145,24228,286571,0.000,0.000,0.0,0.000,0.000,0.0,0.000,0.000,0.0
34.3145,24229,286576,0.000,0.000,0.0,0.000,0.000,0.0,0.000,0.000,0.0
34.3145,24230,286581,0.000,0.000,0.0,0.000,0.000,0.0,0.000,0.000,0.0
34.3670,24231,286586,0.000,0.000,0.0,0.000,0.000,0.0,0.000,0.000,0.0
34.3670,24232,286591,0.000,0.000,0.0,0.000,0.000,0.0,0.000,0.000,0.0
34.3670,24233,286596,0.000,0.000,0.0,0.000,0.000,0.0,0.000,0.000,0.0
34.3670,24234,286601,0.000,0.000,0.0,0.000,0.000,0.0,0.000,0.000,0.0
34.3670,24235,286606,0.000,0.000,0.0,0.000,0.000,0.0,0.000,0.000,0.0
34.3670,24236,286611,0.000,0.000,0.0,0.000,0.000,0.0,0.000,0.000,0.0
34.3670,24237,286616,0.000,0.000,0.0,0.000,0.000,0.0,0.000,0.000,0.0
34.3670,24238,286621,0.000,0.000,0.0,0.000,0.000,0.0,0.000,0.000,0.0
34.3670,24239,286626,0.000,0.000,0.0,0.000,0.000,0.0,0.000,0.000,0.0
34.3670,24240,286631,0.000,0.000,0.0,0.000,0.000,0.0,0.000,0.000,0.0
34.3670,24241,286636,0.000,0.000,0.0,0.000,0.000,0.0,0.000,0.000,0.0
34.3670,24242,286641,0.000,0.000,0.0,0.000,0.000,0.0,0.000,0.000,0.0
34.3670,24243,286646,0.000,0.000,0.0,0.000,0.000,0.0,0.000,0.000,0.0
34.3670,24244,286651,0.000,0.000,0.0,0.000,0.000,0.0,0.000,0.000,0.0
34.3670,24245,286656,0.000,0.000,0.0,0.000,0.000,0.0,0.000,0.000,0.0
34.3670,24246,286661,0.000,0.000,0.0,0.000,0.000,0.0,0.000,0.000,0.0
34.4522,24247,286666,0.000,0.000,0.0,0.000,0.000,0.0,0.000,0.000,0.0
34.4522,24248,286671,0.000,0.000,0.0,0.000,0.000,0.0,0.000,0.000,0.0
34.4522,24249,286676,0.000,0.000,0.0,0.000,0.000,0.0,0.000,0.000,0.0
34.4522,24250,286681,0.000,0.000,0.0,0.000,0.000,0.0,0.000,0.000,0.0
34.4522,24251,286686,0.000,0.000,0.0,0.000,0.000,0.0,0.000,0.000,0.0
34.4522,24252,286691,0.000,0.000,0.0,0.000,0.000,0.0,0.000,0.000,0.0
34.4522,24253,286696,0.000,0.000,0.0,0.000,0.000,0.0,0.000,0.000,0.0
34.4522,24254,286701,0.000,0.000,0.0,0.000,0.000,0.0,0.000,0.000,0.0
34.4522,24255,286706,0.000,0.000,0.0,0.000,0.000,0.0,0.000,0.000,0.0
34.4522,24256,286711,0.000,0.000,0.0,0.000,0.000,0.0,0.000,0.000,0.0
34.4522,24257,286716,0.000,0.000,0.0,0.000,0.000,0.0,0.000,0.000,0.0
34.4522,24258,286721,0.000,0.000,0.0,0.000,0.000,0.0,0.000,0.000,0.0
34.4522,24259,286726,0.000,0.000,0.0,0.000,0.000,0.0,0.000,0.000,0.0
34.4522,24260,286731,0.000,0.000,0.0,0.000,0.000,0.0,0.000,0.000,0.0
34.4522,24261,286736,0.000,0.000,0.0,0.000,0.000,0.0,0.000,0.000,0.0
34.4522,24262,286741,0.000,0.000,0.0,0.000,0.000,0.0,0.000,0.000,0.0
34.5406,24263,286746,0.000,0.000,0.0,0.000,0.000,0.0,0.000,0.000,0.0
34.5406,24264,286751,0.000,0.000,0.0,0.000,0.000,0.0,0.000,0.000,0.0
34.5406,24265,286756,0.000,0.000,0.0,0.000,0.000,0.0,0.000,0.000,0.0
34.5406,24266,286761,0.000,0.000,0.0,0.000,0.000,0.0,0.000,0.000,0.0
34.5406,24267,286766,0.000,0.000,0.0,0.000,0.000,0.0,0.000,0.000,0.0
34.5406,24268,286771,0.000,0.000,0.0,0.000,0.000,0.0,0.000,0.000,0.0
34.5406,24269,286776,0.000,0.000,0.0,0.000,0.000,0.0,0.000,0.000,0.0
34.5406,24270,286781,0.000,0.000,0.0,0.000,0.000,0.0,0.000,0.000,0.0
34.5406,24271,286786,0.000,0.000,0.0,0.000,0.000,0.0,0.000,0.000,0.0
34.5406,24272,286791,0.000,0.000,0.0,0.000,0.000,0.0,0.000,0.000,0.0
34.5406,24273,286796,0.000,0.000,0.0,0.000,0.000,0.0,0.000,0.000,0.0
34.5406,24274,286801,0.000,0.000,0.0,0.000,0.000,0.0,0.000,0.000,0.0
34.5406,24275,286806,0.000,0.000,0.0,0.000,0.000,0.0,0.000,0.000,0.0
34.5406,24276,286811,0.000,0.000,0.0,0.000,0.000,0.0,0.000,0.000,0.0
34.5406,24277,286816,0.000,0.000,0.0,0.000,0.000,0.0,0.000,0.000,0.0
34.5406,24278,286821,0.000,0.000,0.0,0.000,0.000,0.0,0.000,0.000,0.0
34.6175,24279,286826,0.000,0.000,0.0,0.000,0.000,0.0,0.000,0.000,0.0
34.6175,24280,286831,0.000,0.000,0.0,0.000,0.000,0.0,0.000,0.000,0.0
34.6175,24281,286836,0.000,0.000,0.0,0.000,0.000,0.0,0.000,0.000,0.0
34.6175,24282,286841,0.000,0.000,0.0,0.000,0.000,0.0,0.000,0.000,0.0
34.6175,24283,286846,0.000,0.000,0.0,0.000,0.000,0.0,0.000,0.000,0.0
34.6175,24284,286851,0.000,0.000,0.0,0.000,0.000,0.0,0.000,0.000,0.0
34.6175,24285,286856,0.000,0.000,0.0,0.000,0.000,0.0,0.000,0.000,0.0
34.6175,24286,286861,0.000,0.000,0.0,0.000,0.000,0.0,0.000,0.000,0.0
34.6175,24287,286866,0.000,0.000,0.0,0.000,0.000,0.0,0.000,0.000,0.0
34.6175,24288,286871,0.000,0.000,0.0,0.000,0.000,0.0,0.000,0.000,0.0
34.6175,24289,286876,0.000,0.000,0.0,0.000,0.000,0.0,0.000,0.000,0.0
34.6175,24290,286881,0.000,0.000,0.0,0.000,0.000,0.0,0.000,0.000,0.0
34.6175,24291,286886,0.000,0.000,0.0,0.000,0.000,0.0,0.000,0.000,0.0
34.6175,24292,286891,0.000,0.000,0.0,0.000,0.000,0.0,0.000,0.000,0.0
34.6175,24293,286896,0.000,0.000,0.0,0.000,0.000,0.0,0.000,0.000,0.0
34.6175,24294,286901,0.000,0.000,0.0,0.000,0.000,0.0,0.000,0.000,0.0
34.7009,24295,286906,0.000,0.000,0.0,0.000,0.000,0.0,0.000,0.000,0.0
34.7009,24296,286911,0.000,0.000,0.0,0.000,0.000,0.0,0.000,0.000,0.0
34.7009,24297,286916,0.000,0.000,0.0,0.000,0.000,0.0,0.000,0.000,0.0
34.7009,24298,286921,0.000,0.000,0.0,0.000,0.000,0.0,0.000,0.000,0.0
34.7009,24299,286926,0.000,0.000,0.0,0.000,0.000,0.0,0.000,0.000,0.0
34.7009,24300,286931,0.000,0.000,0.0,0.000,0.000,0.0,0.000,0.000,0.0
34.7009,24301,286936,0.000,0.000,0.0,0.000,0.000,0.0,0.000,0.000,0.0
34.7009,24302,286941,0.000,0.000,0.0,0.000,0.000,0.0,0.000,0.000,0.0
34.7009,24303,286946,0.000,0.000,0.0,0.000,0.000,0.0,0.000,0.000,0.0
34.7009,24304,286951,0.000,0.000,0.0,0.000,0.000,0.0,0.000,0.000,0.0
34.7009,24305,286956,0.000,0.000,0.0,0.000,0.000,0.0,0.000,0.000,0.0
34.7009,24306,286961,0.000,0.000,0.0,0.000,0.000,0.0,0.000,0.000,0.0
34.7009,24307,286966,0.000,0.000,0.0,0.000,0.000,0.0,0.000,0.000,0.0
34.7009,24308,286971,0.000,0.000,0.0,0.000,0.000,0.0,0.000,0.000,0.0
34.7009,24309,286976,0.000,0.000,0.0,0.000,0.000,0.0,0.000,0.000,0.0
34.7009,24310,286981,0.000,0.000,0.0,0.000,0.000,0.0,0.000,0.000,0.0
34.7009,24311,286986,0.000,0.000,0.0,0.000,0.000,0.0,0.000,0.000,0.0
34.7009,24312,286991,0.000,0.000,0.0,0.000,0.000,0.0,0.000,0.000,0.0
34.7009,24313,286996,0.000,0.000,0.0,0.000,0.000,0.0,0.000,0.000,0.0
34.7009,24314,287001,0.000,0.000,0.0,0.000,0.000,0.0,0.000,0.000,0.0
34.7009,24315,287006,0.000,0.000,0.0,0.000,0.000,0.0,0.000,0.000,0.0
34.7009,24316,287011,0.000,0.000,0.0,0.000,0.000,0.0,0.000,0.000,0.0
34.7009,24317,287016,0.000,0.000,0.0,0.000,0.000,0.0,0.000,0.000,0.0
34.7009,24318,287021,0.000,0.000,0.0,0.000,0.000,0.0,0.000,0.000,0.0
34.7564,24319,287026,0.000,0.000,0.0,0.000,0.000,0.0,0.000,0.000,0.0
34.7564,24320,287031,0.000,0.000,0.0,0.000,0.000,0.0,0.000,0.000,0.0
34.7564,24321,287036,0.000,0.000,0.0,0.000,0.000,0.0,0.000,0.000,0.0
34.7564,24322,287041,0.000,0.000,0.0,0.000,0.000,0.0,0.000,0.000,0.0
34.7564,24323,287046,0.000,0.000,0.0,0.000,0.000,0.0,0.000,0.000,0.0
34.7564,24324,287051,0.000,0.000,0.0,0.000,0.000,0.0,0.000,0.000,0.0
34.7564,24325,287056,0.000,0.000,0.0,0.000,0.000,0.0,0.000,0.000,0.0
34.7564,24326,287061,0.000,0.000,0.0,0.000,0.000,0.0,0.000,0.000,0.0
34.8539,24327,287066,0.000,0.000,0.0,0.000,0.000,0.0,0.000,0.000,0.0
34.8539,24328,287071,0.000,0.000,0.0,0.000,0.000,0.0,0.000,0.000,0.0
34.8539,24329,287076,0.000,0.000,0.0,0.000,0.000,0.0,0.000,0.000,0.0
34.8539,24330,287081,0.000,0.000,0.0,0.000,0.000,0.0,0.000,0.000,0.0
34.8539,24331,287086,0.000,0.000,0.0,0.000,0.000,0.0,0.000,0.000,0.0
34.8539,24332,287091,0.000,0.000,0.0,0.000,0.000,0.0,0.000,0.000,0.0
34.8539,24333,287096,0.000,0.000,0.0,0.000,0.000,0.0,0.000,0.000,0.0
34.8539,24334,287101,0.000,0.000,0.0,0.000,0.000,0.0,0.000,0.000,0.0
34.8539,24335,287106,0.000,0.000,0.0,0.000,0.000,0.0,0.000,0.000,0.0
34.8546,24336,287111,0.000,0.000,0.0,0.000,0.000,0.0,0.000,0.000,0.0
34.8546,24337,287116,0.000,0.000,0.0,0.000,0.000,0.0,0.000,0.000,0.0
34.8546,24338,287121,0.000,0.000,0.0,0.000,0.000,0.0,0.000,0.000,0.0
34.8546,24339,287126,0.000,0.000,0.0,0.000,0.000,0.0,0.000,0.000,0.0
34.8546,24340,287131,0.000,0.000,0.0,0.000,0.000,0.0,0.000,0.000,0.0
34.8546,24341,287136,0.000,0.000,0.0,0.000,0.000,0.0,0.000,0.000,0.0
34.8546,24342,287141,0.000,0.000,0.0,0.000,0.000,0.0,0.000,0.000,0.0
34.9134,24343,287146,0.000,0.000,0.0,0.000,0.000,0.0,0.000,0.000,0.0
34.9134,24344,287151,0.000,0.000,0.0,0.000,0.000,0.0,0.000,0.000,0.0
34.9134,24345,287156,0.000,0.000,0.0,0.000,0.000,0.0,0.000,0.000,0.0
34.9134,24346,287161,0.000,0.000,0.0,0.000,0.000,0.0,0.000,0.000,0.0
34.9134,24347,287166,0.000,0.000,0.0,0.000,0.000,0.0,0.000,0.000,0.0
34.9134,24348,287171,0.000,0.000,0.0,0.000,0.000,0.0,0.000,0.000,0.0
34.9134,24349,287176,0.000,0.000,0.0,0.000,0.000,0.0,0.000,0.000,0.0
34.9134,24350,287181,0.000,0.000,0.0,0.000,0.000,0.0,0.000,0.000,0.0
34.9134,24351,287186,0.000,0.000,0.0,0.000,0.000,0.0,0.000,0.000,0.0
34.9134,24352,287191,0.000,0.000,0.0,0.000,0.000,0.0,0.000,0.000,0.0
34.9134,24353,287196,0.000,0.000,0.0,0.000,0.000,0.0,0.000,0.000,0.0
34.9134,24354,287201,0.000,0.000,0.0,0.000,0.000,0.0,0.000,0.000,0.0
34.9134,24355,287206,0.000,0.000,0.0,0.000,0.000,0.0,0.000,0.000,0.0
34.9134,24356,287211,0.000,0.000,0.0,0.000,0.000,0.0,0.000,0.000,0.0
34.9134,24357,287216,0.000,0.000,0.0,0.000,0.000,0.0,0.000,0.000,0.0
34.9134,24358,287221,0.000,0.000,0.0,0.000,0.000,0.0,0.000,0.000,0.0
34.9798,24359,287226,0.000,0.000,0.0,0.000,0.000,0.0,0.000,0.000,0.0
34.9798,24360,287231,0.000,0.000,0.0,0.000,0.000,0.0,0.000,0.000,0.0
34.9798,24361,287236,0.000,0.000,0.0,0.000,0.000,0.0,0.000,0.000,0.0
34.9798,24362,287241,0.000,0.000,0.0,0.000,0.000,0.0,0.000,0.000,0.0
34.9798,24363,287246,0.000,0.000,0.0,0.000,0.000,0.0,0.000,0.000,0.0
34.9798,24364,287251,0.000,0.000,0.0,0.000,0.000,0.0,0.000,0.000,0.0
34.9798,24365,287256,0.000,0.000,0.0,0.000,0.000,0.0,0.000,0.000,0.0
34.9798,24366,287261,0.000,0.000,0.0,0.000,0.000,0.0,0.000,0.000,0.0
34.9798,24367,287266,0.000,0.000,0.0,0.000,0.000,0.0,0.000,0.000,0.0
34.9798,24368,287271,0.000,0.000,0.0,0.000,0.000,0.0,0.000,0.000,0.0
34.9798,24369,287276,0.000,0.000,0.0,0.000,0.000,0.0,0.000,0.000,0.0
34.9798,24370,287281,0.000,0.000,0.0,0.000,0.000,0.0,0.000,0.000,0.0
34.9798,24371,287286,0.000,0.000,0.0,0.000,0.000,0.0,0.000,0.000,0.0
34.9798,24372,287291,0.000,0.000,0.0,0.000,0.000,0.0,0.000,0.000,0.0
34.9798,24373,287296,0.000,0.000,0.0,0.000,0.000,0.0,0.000,0.000,0.0
34.9798,24374,287301,0.000,0.000,0.0,0.000,0.000,0.0,0.000,0.000,0.0
35.0999,24375,287306,0.000,0.000,0.0,0.000,0.000,0.0,0.000,0.000,0.0
35.0999,24376,287311,0.000,0.000,0.0,0.000,0.000,0.0,0.000,0.000,0.0
35.0999,24377,287316,0.000,0.000,0.0,0.000,0.000,0.0,0.000,0.000,0.0
35.0999,24378,287321,0.000,0.000,0.0,0.000,0.000,0.0,0.000,0.000,0.0
35.0999,24379,287326,0.000,0.000,0.0,0.000,0.000,0.0,0.000,0.000,0.0
35.0999,24380,287331,0.000,0.000,0.0,0.000,0.000,0.0,0.000,0.000,0.0
35.0999,24381,287336,0.000,0.000,0.0,0.000,0.000,0.0,0.000,0.000,0.0
35.0999,24382,287341,0.000,0.000,0.0,0.000,0.000,0.0,0.000,0.000,0.0
35.0999,24383,287346,0.000,0.000,0.0,0.000,0.000,0.0,0.000,0.000,0.0
35.0999,24384,287351,0.000,0.000,0.0,0.000,0.000,0.0,0.000,0.000,0.0
35.0999,24385,287356,0.000,0.000,0.0,0.000,0.000,0.0,0.000,0.000,0.0
35.0999,24386,287361,0.000,0.000,0.0,0.000,0.000,0.0,0.000,0.000,0.0
35.0999,24387,287366,0.000,0.000,0.0,0.000,0.000,0.0,0.000,0.000,0.0
35.0999,24388,287371,0.000,0.000,0.0,0.000,0.000,0.0,0.000,0.000,0.0
35.0999,24389,287376,0.000,0.000,0.0,0.000,0.000,0.0,0.000,0.000,0.0
35.0999,24390,287381,0.000,0.000,0.0,0.000,0.000,0.0,0.000,0.000,0.0
35.2277,24391,287386,0.000,0.000,0.0,0.000,0.000,0.0,0.000,0.000,0.0
35.2277,24392,287391,0.000,0.000,0.0,0.000,0.000,0.0,0.000,0.000,0.0
35.2277,24393,287396,0.000,0.000,0.0,0.000,0.000,0.0,0.000,0.000,0.0
35.2277,24394,287401,0.000,0.000,0.0,0.000,0.000,0.0,0.000,0.000,0.0
35.2277,24395,287406,0.000,0.000,0.0,0.000,0.000,0.0,0.000,0.000,0.0
35.2277,24396,287411,0.000,0.000,0.0,0.000,0.000,0.0,0.000,0.000,0.0
35.2277,24397,287416,0.000,0.000,0.0,0.000,0.000,0.0,0.000,0.000,0.0
35.2277,24398,287421,0.000,0.000,0.0,0.000,0.000,0.0,0.000,0.000,0.0
35.2277,24399,287426,0.000,0.000,0.0,0.000,0.000,0.0,0.000,0.000,0.0
35.2277,24400,287431,0.000,0.000,0.0,0.000,0.000,0.0,0.000,0.000,0.0
35.2277,24401,287436,0.000,0.000,0.0,0.000,0.000,0.0,0.000,0.000,0.0
35.2277,24402,287441,0.000,0.000,0.0,0.000,0.000,0.0,0.000,0.000,0.0
35.2277,24403,287446,0.000,0.000,0.0,0.000,0.000,0.0,0.000,0.000,0.0
35.2277,24404,287451,0.000,0.000,0.0,0.000,0.000,0.0,0.000,0.000,0.0
35.2277,24405,287456,0.000,0.000,0.0,0.000,0.000,0.0,0.000,0.000,0.0
35.2277,24406,287461,0.000,0.000,0.0,0.000,0.000,0.0,0.000,0.000,0.0
35.2277,24407,287466,0.000,0.000,0.0,0.000,0.000,0.0,0.000,0.000,0.0
35.2277,24408,287471,0.000,0.000,0.0,0.000,0.000,0.0,0.000,0.000,0.0
35.2277,24409,287476,0.000,0.000,0.0,0.000,0.000,0.0,0.000,0.000,0.0
35.2277,24410,287481,0.000,0.000,0.0,0.000,0.000,0.0,0.000,0.000,0.0
35.2277,24411,287486,0.000,0.000,0.0,0.000,0.000,0.0,0.000,0.000,0.0
35.2277,24412,287491,0.000,0.000,0.0,0.000,0.000,0.0,0.000,0.000,0.0
35.2277,24413,287496,0.000,0.000,0.0,0.000,0.000,0.0,0.000,0.000,0.0
35.2277,24414,287501,0.000,0.000,0.0,0.000,0.000,0.0,0.000,0.000,0.0
35.2915,24415,287506,0.000,0.000,0.0,0.000,0.000,0.0,0.000,0.000,0.0
35.2915,24416,287511,0.000,0.000,0.0,0.000,0.000,0.0,0.000,0.000,0.0
35.2915,24417,287516,0.000,0.000,0.0,0.000,0.000,0.0,0.000,0.000,0.0
35.2915,24418,287521,0.000,0.000,0.0,0.000,0.000,0.0,0.000,0.000,0.0
35.2915,24419,287526,0.000,0.000,0.0,0.000,0.000,0.0,0.000,0.000,0.0
35.2915,24420,287531,0.000,0.000,0.0,0.000,0.000,0.0,0.000,0.000,0.0
35.2915,24421,287536,0.000,0.000,0.0,0.000,0.000,0.0,0.000,0.000,0.0
35.2915,24422,287541,0.000,0.000,0.0,0.000,0.000,0.0,0.000,0.000,0.0
35.2915,24423,287546,0.000,0.000,0.0,0.000,0.000,0.0,0.000,0.000,0.0
35.2915,24424,287551,0.000,0.000,0.0,0.000,0.000,0.0,0.000,0.000,0.0
35.2915,24425,287556,0.000,0.000,0.0,0.000,0.000,0.0,0.000,0.000,0.0
35.2915,24426,287561,0.000,0.000,0.0,0.000,0.000,0.0,0.000,0.000,0.0
35.2915,24427,287566,0.000,0.000,0.0,0.000,0.000,0.0,0.000,0.000,0.0
35.2915,24428,287571,0.000,0.000,0.0,0.000,0.000,0.0,0.000,0.000,0.0
35.2915,24429,287576,0.000,0.000,0.0,0.000,0.000,0.0,0.000,0.000,0.0
35.2915,24430,287581,0.000,0.000,0.0,0.000,0.000,0.0,0.000,0.000,0.0
35.3824,24431,287586,0.000,0.000,0.0,0.000,0.000,0.0,0.000,0.000,0.0
35.3824,24432,287591,0.000,0.000,0.0,0.000,0.000,0.0,0.000,0.000,0.0
35.3824,24433,287596,0.000,0.000,0.0,0.000,0.000,0.0,0.000,0.000,0.0
35.3824,24434,287601,0.000,0.000,0.0,0.000,0.000,0.0,0.000,0.000,0.0
35.3824,24435,287606,0.000,0.000,0.0,0.000,0.000,0.0,0.000,0.000,0.0
35.3824,24436,287611,0.000,0.000,0.0,0.000,0.000,0.0,0.000,0.000,0.0
35.3824,24437,287616,0.000,0.000,0.0,0.000,0.000,0.0,0.000,0.000,0.0
35.3824,24438,287621,0.000,0.000,0.0,0.000,0.000,0.0,0.000,0.000,0.0
35.3824,24439,287626,0.000,0.000,0.0,0.000,0.000,0.0,0.000,0.000,0.0
35.3824,24440,287631,0.000,0.000,0.0,0.000,0.000,0.0,0.000,0.000,0.0
35.3824,24441,287636,0.000,0.000,0.0,0.000,0.000,0.0,0.000,0.000,0.0
35.3824,24442,287641,0.000,0.000,0.0,0.000,0.000,0.0,0.000,0.000,0.0
35.3824,24443,287646,0.000,0.000,0.0,0.000,0.000,0.0,0.000,0.000,0.0
35.3824,24444,287651,0.000,0.000,0.0,0.000,0.000,0.0,0.000,0.000,0.0
35.3824,24445,287656,0.000,0.000,0.0,0.000,0.000,0.0,0.000,0.000,0.0
35.3824,24446,287661,0.000,0.000,0.0,0.000,0.000,0.0,0.000,0.000,0.0
35.4972,24447,287666,0.000,0.000,0.0,0.000,0.000,0.0,0.000,0.000,0.0
35.4972,24448,287671,0.000,0.000,0.0,0.000,0.000,0.0,0.000,0.000,0.0
35.4972,24449,287676,0.000,0.000,0.0,0.000,0.000,0.0,0.000,0.000,0.0
35.4972,24450,287681,0.000,0.000,0.0,0.000,0.000,0.0,0.000,0.000,0.0
35.4972,24451,287686,0.000,0.000,0.0,0.000,0.000,0.0,0.000,0.000,0.0
35.4972,24452,287691,0.000,0.000,0.0,0.000,0.000,0.0,0.000,0.000,0.0
35.4972,24453,287696,0.000,0.000,0.0,0.000,0.000,0.0,0.000,0.000,0.0
35.4972,24454,287701,0.000,0.000,0.0,0.000,0.000,0.0,0.000,0.000,0.0
35.4972,24455,287706,0.000,0.000,0.0,0.000,0.000,0.0,0.000,0.000,0.0
35.4972,24456,287711,0.000,0.000,0.0,0.000,0.000,0.0,0.000,0.000,0.0
35.4972,24457,287716,0.000,0.000,0.0,0.000,0.000,0.0,0.000,0.000,0.0
35.4972,24458,287721,0.000,0.000,0.0,0.000,0.000,0.0,0.000,0.000,0.0
35.4972,24459,287726,0.000,0.000,0.0,0.000,0.000,0.0,0.000,0.000,0.0
35.4972,24460,287731,0.000,0.000,0.0,0.000,0.000,0.0,0.000,0.000,0.0
35.4972,24461,287736,0.000,0.000,0.0,0.000,0.000,0.0,0.000,0.000,0.0
35.4972,24462,287741,0.000,0.000,0.0,0.000,0.000,0.0,0.000,0.000,0.0
35.5630,24463,287746,0.000,0.000,0.0,0.000,0.000,0.0,0.000,0.000,0.0
35.5630,24464,287751,0.000,0.000,0.0,0.000,0.000,0.0,0.000,0.000,0.0
35.5630,24465,287756,0.000,0.000,0.0,0.000,0.000,0.0,0.000,0.000,0.0
35.5630,24466,287761,0.000,0.000,0.0,0.000,0.000,0.0,0.000,0.000,0.0
35.5630,24467,287766,0.000,0.000,0.0,0.000,0.000,0.0,0.000,0.000,0.0
35.5630,24468,287771,0.000,0.000,0.0,0.000,0.000,0.0,0.000,0.000,0.0
35.5630,24469,287776,0.000,0.000,0.0,0.000,0.000,0.0,0.000,0.000,0.0
35.5630,24470,287781,0.000,0.000,0.0,0.000,0.000,0.0,0.000,0.000,0.0
35.5630,24471,287786,0.000,0.000,0.0,0.000,0.000,0.0,0.000,0.000,0.0
35.5630,24472,287791,0.000,0.000,0.0,0.000,0.000,0.0,0.000,0.000,0.0
35.5630,24473,287796,0.000,0.000,0.0,0.000,0.000,0.0,0.000,0.000,0.0
35.5630,24474,287801,0.000,0.000,0.0,0.000,0.000,0.0,0.000,0.000,0.0
35.5630,24475,287806,0.000,0.000,0.0,0.000,0.000,0.0,0.000,0.000,0.0
35.5630,24476,287811,0.000,0.000,0.0,0.000,0.000,0.0,0.000,0.000,0.0
35.5630,24477,287816,0.000,0.000,0.0,0.000,0.000,0.0,0.000,0.000,0.0
35.5630,24478,287821,0.000,0.000,0.0,0.000,0.000,0.0,0.000,0.000,0.0
35.5630,24479,287826,0.000,0.000,0.0,0.000,0.000,0.0,0.000,0.000,0.0
35.5630,24480,287831,0.000,0.000,0.0,0.000,0.000,0.0,0.000,0.000,0.0
35.5630,24481,287836,0.000,0.000,0.0,0.000,0.000,0.0,0.000,0.000,0.0
35.5630,24482,287841,0.000,0.000,0.0,0.000,0.000,0.0,0.000,0.000,0.0
35.5630,24483,287846,0.000,0.000,0.0,0.000,0.000,0.0,0.000,0.000,0.0
35.5630,24484,287851,0.000,0.000,0.0,0.000,0.000,0.0,0.000,0.000,0.0
35.5630,24485,287856,0.000,0.000,0.0,0.000,0.000,0.0,0.000,0.000,0.0
35.5630,24486,287861,0.000,0.000,0.0,0.000,0.000,0.0,0.000,0.000,0.0
35.6183,24487,287866,0.000,0.000,0.0,0.000,0.000,0.0,0.000,0.000,0.0
35.6183,24488,287871,0.000,0.000,0.0,0.000,0.000,0.0,0.000,0.000,0.0
35.6183,24489,287876,0.000,0.000,0.0,0.000,0.000,0.0,0.000,0.000,0.0
35.6183,24490,287881,0.000,0.000,0.0,0.000,0.000,0.0,0.000,0.000,0.0
35.6183,24491,287886,0.000,0.000,0.0,0.000,0.000,0.0,0.000,0.000,0.0
35.6183,24492,287891,0.000,0.000,0.0,0.000,0.000,0.0,0.000,0.000,0.0
35.6183,24493,287896,0.000,0.000,0.0,0.000,0.000,0.0,0.000,0.000,0.0
35.6183,24494,287901,0.000,0.000,0.0,0.000,0.000,0.0,0.000,0.000,0.0
35.6183,24495,287906,0.000,0.000,0.0,0.000,0.000,0.0,0.000,0.000,0.0
35.6183,24496,287911,0.000,0.000,0.0,0.000,0.000,0.0,0.000,0.000,0.0
35.6183,24497,287916,0.000,0.000,0.0,0.000,0.000,0.0,0.000,0.000,0.0
35.6183,24498,287921,0.000,0.000,0.0,0.000,0.000,0.0,0.000,0.000,0.0
35.6183,24499,287926,0.000,0.000,0.0,0.000,0.000,0.0,0.000,0.000,0.0
35.6183,24500,287931,0.000,0.000,0.0,0.000,0.000,0.0,0.000,0.000,0.0
35.6183,24501,287936,0.000,0.000,0.0,0.000,0.000,0.0,0.000,0.000,0.0
35.6183,24502,287941,0.000,0.000,0.0,0.000,0.000,0.0,0.000,0.000,0.0
35.7192,24503,287946,0.000,0.000,0.0,0.000,0.000,0.0,0.000,0.000,0.0
35.7192,24504,287951,0.000,0.000,0.0,0.000,0.000,0.0,0.000,0.000,0.0
35.7192,24505,287956,0.000,0.000,0.0,0.000,0.000,0.0,0.000,0.000,0.0
35.7192,24506,287961,0.000,0.000,0.0,0.000,0.000,0.0,0.000,0.000,0.0
35.7192,24507,287966,0.000,0.000,0.0,0.000,0.000,0.0,0.000,0.000,0.0
35.7192,24508,287971,0.000,0.000,0.0,0.000,0.000,0.0,0.000,0.000,0.0
35.7192,24509,287976,0.000,0.000,0.0,0.000,0.000,0.0,0.000,0.000,0.0
35.7192,24510,287981,0.000,0.000,0.0,0.000,0.000,0.0,0.000,0.000,0.0
35.7192,24511,287986,0.000,0.000,0.0,0.000,0.000,0.0,0.000,0.000,0.0
35.7192,24512,287991,0.000,0.000,0.0,0.000,0.000,0.0,0.000,0.000,0.0
35.7192,24513,287996,0.000,0.000,0.0,0.000,0.000,0.0,0.000,0.000,0.0
35.7192,24514,288001,0.000,0.000,0.0,0.000,0.000,0.0,0.000,0.000,0.0
35.7192,24515,288006,0.000,0.000,0.0,0.000,0.000,0.0,0.000,0.000,0.0
35.7192,24516,288011,0.000,0.000,0.0,0.000,0.000,0.0,0.000,0.000,0.0
35.7192,24517,288016,0.000,0.000,0.0,0.000,0.000,0.0,0.000,0.000,0.0
35.7192,24518,288021,0.000,0.000,0.0,0.000,0.000,0.0,0.000,0.000,0.0
35.7748,24519,288026,0.000,0.000,0.0,0.000,0.000,0.0,0.000,0.000,0.0
35.7748,24520,288031,0.000,0.000,0.0,0.000,0.000,0.0,0.000,0.000,0.0
35.7748,24521,288036,0.000,0.000,0.0,0.000,0.000,0.0,0.000,0.000,0.0
35.7748,24522,288041,0.000,0.000,0.0,0.000,0.000,0.0,0.000,0.000,0.0
35.7748,24523,288046,0.000,0.000,0.0,0.000,0.000,0.0,0.000,0.000,0.0
35.7748,24524,288051,0.000,0.000,0.0,0.000,0.000,0.0,0.000,0.000,0.0
35.7748,24525,288056,0.000,0.000,0.0,0.000,0.000,0.0,0.000,0.000,0.0
35.7748,24526,288061,0.000,0.000,0.0,0.000,0.000,0.0,0.000,0.000,0.0
35.7748,24527,288066,0.000,0.000,0.0,0.000,0.000,0.0,0.000,0.000,0.0
35.7748,24528,288071,0.000,0.000,0.0,0.000,0.000,0.0,0.000,0.000,0.0
35.7748,24529,288076,0.000,0.000,0.0,0.000,0.000,0.0,0.000,0.000,0.0
35.7748,24530,288081,0.000,0.000,0.0,0.000,0.000,0.0,0.000,0.000,0.0
35.7748,24531,288086,0.000,0.000,0.0,0.000,0.000,0.0,0.000,0.000,0.0
35.7748,24532,288091,0.000,0.000,0.0,0.000,0.000,0.0,0.000,0.000,0.0
35.7748,24533,288096,0.000,0.000,0.0,0.000,0.000,0.0,0.000,0.000,0.0
35.7748,24534,288101,0.000,0.000,0.0,0.000,0.000,0.0,0.000,0.000,0.0
35.9011,24535,288106,0.000,0.000,0.0,0.000,0.000,0.0,0.000,0.000,0.0
35.9011,24536,288111,0.000,0.000,0.0,0.000,0.000,0.0,0.000,0.000,0.0
35.9011,24537,288116,0.000,0.000,0.0,0.000,0.000,0.0,0.000,0.000,0.0
35.9011,24538,288121,0.000,0.000,0.0,0.000,0.000,0.0,0.000,0.000,0.0
35.9011,24539,288126,0.000,0.000,0.0,0.000,0.000,0.0,0.000,0.000,0.0
35.9011,24540,288131,0.000,0.000,0.0,0.000,0.000,0.0,0.000,0.000,0.0
35.9011,24541,288136,0.000,0.000,0.0,0.000,0.000,0.0,0.000,0.000,0.0
35.9011,24542,288141,0.000,0.000,0.0,0.000,0.000,0.0,0.000,0.000,0.0
35.9011,24543,288146,0.000,0.000,0.0,0.000,0.000,0.0,0.000,0.000,0.0
35.9011,24544,288151,0.000,0.000,0.0,0.000,0.000,0.0,0.000,0.000,0.0
35.9011,24545,288156,0.000,0.000,0.0,0.000,0.000,0.0,0.000,0.000,0.0
35.9011,24546,288161,0.000,0.000,0.0,0.000,0.000,0.0,0.000,0.000,0.0
35.9011,24547,288166,0.000,0.000,0.0,0.000,0.000,0.0,0.000,0.000,0.0
35.9011,24548,288171,0.000,0.000,0.0,0.000,0.000,0.0,0.000,0.000,0.0
35.9011,24549,288176,0.000,0.000,0.0,0.000,0.000,0.0,0.000,0.000,0.0
35.9011,24550,288181,0.000,0.000,0.0,0.000,0.000,0.0,0.000,0.000,0.0
35.9747,24551,288186,0.000,0.000,0.0,0.000,0.000,0.0,0.000,0.000,0.0
35.9747,24552,288191,0.000,0.000,0.0,0.000,0.000,0.0,0.000,0.000,0.0
35.9747,24553,288196,0.000,0.000,0.0,0.000,0.000,0.0,0.000,0.000,0.0
35.9747,24554,288201,0.000,0.000,0.0,0.000,0.000,0.0,0.000,0.000,0.0
35.9747,24555,288206,0.000,0.000,0.0,0.000,0.000,0.0,0.000,0.000,0.0
35.9747,24556,288211,0.000,0.000,0.0,0.000,0.000,0.0,0.000,0.000,0.0
35.9747,24557,288216,0.000,0.000,0.0,0.000,0.000,0.0,0.000,0.000,0.0
35.9747,24558,288221,0.000,0.000,0.0,0.000,0.000,0.0,0.000,0.000,0.0
35.9747,24559,288226,0.000,0.000,0.0,0.000,0.000,0.0,0.000,0.000,0.0
35.9747,24560,288231,0.000,0.000,0.0,0.000,0.000,0.0,0.000,0.000,0.0
35.9747,24561,288236,0.000,0.000,0.0,0.000,0.000,0.0,0.000,0.000,0.0
35.9747,24562,288241,0.000,0.000,0.0,0.000,0.000,0.0,0.000,0.000,0.0
35.9747,24563,288246,0.000,0.000,0.0,0.000,0.000,0.0,0.000,0.000,0.0
35.9747,24564,288251,0.000,0.000,0.0,0.000,0.000,0.0,0.000,0.000,0.0
35.9747,24565,288256,0.000,0.000,0.0,0.000,0.000,0.0,0.000,0.000,0.0
35.9747,24566,288261,0.000,0.000,0.0,0.000,0.000,0.0,0.000,0.000,0.0
36.0569,24567,288266,0.000,0.000,0.0,0.000,0.000,0.0,0.000,0.000,0.0
36.0569,24568,288271,0.000,0.000,0.0,0.000,0.000,0.0,0.000,0.000,0.0
36.0569,24569,288276,0.000,0.000,0.0,0.000,0.000,0.0,0.000,0.000,0.0
36.0569,24570,288281,0.000,0.000,0.0,0.000,0.000,0.0,0.000,0.000,0.0
36.0569,24571,288286,0.000,0.000,0.0,0.000,0.000,0.0,0.000,0.000,0.0
36.0569,24572,288291,0.000,0.000,0.0,0.000,0.000,0.0,0.000,0.000,0.0
36.0569,24573,288296,0.000,0.000,0.0,0.000,0.000,0.0,0.000,0.000,0.0
36.0569,24574,288301,0.000,0.000,0.0,0.000,0.000,0.0,0.000,0.000,0.0
36.0569,24575,288306,0.000,0.000,0.0,0.000,0.000,0.0,0.000,0.000,0.0
36.0569,24576,288311,0.000,0.000,0.0,0.000,0.000,0.0,0.000,0.000,0.0
36.0569,24577,288316,0.000,0.000,0.0,0.000,0.000,0.0,0.000,0.000,0.0
36.0569,24578,288321,0.000,0.000,0.0,0.000,0.000,0.0,0.000,0.000,0.0
36.0569,24579,288326,0.000,0.000,0.0,0.000,0.000,0.0,0.000,0.000,0.0
36.0569,24580,288331,0.000,0.000,0.0,0.000,0.000,0.0,0.000,0.000,0.0
36.0569,24581,288336,0.000,0.000,0.0,0.000,0.000,0.0,0.000,0.000,0.0
36.0569,24582,288341,0.000,0.000,0.0,0.000,0.000,0.0,0.000,0.000,0.0
36.1142,24583,288346,0.000,0.000,0.0,0.000,0.000,0.0,0.000,0.000,0.0
36.1142,24584,288351,0.000,0.000,0.0,0.000,0.000,0.0,0.000,0.000,0.0
36.1142,24585,288356,0.000,0.000,0.0,0.000,0.000,0.0,0.000,0.000,0.0
36.1142,24586,288361,0.000,0.000,0.0,0.000,0.000,0.0,0.000,0.000,0.0
36.1142,24587,288366,0.000,0.000,0.0,0.000,0.000,0.0,0.000,0.000,0.0
36.1142,24588,288371,0.000,0.000,0.0,0.000,0.000,0.0,0.000,0.000,0.0
36.1142,24589,288376,0.000,0.000,0.0,0.000,0.000,0.0,0.000,0.000,0.0
36.1142,24590,288381,0.000,0.000,0.0,0.000,0.000,0.0,0.000,0.000,0.0
36.1142,24591,288386,0.000,0.000,0.0,0.000,0.000,0.0,0.000,0.000,0.0
36.1142,24592,288391,0.000,0.000,0.0,0.000,0.000,0.0,0.000,0.000,0.0
36.1142,24593,288396,0.000,0.000,0.0,0.000,0.000,0.0,0.000,0.000,0.0
36.1142,24594,288401,0.000,0.000,0.0,0.000,0.000,0.0,0.000,0.000,0.0
36.1142,24595,288406,0.000,0.000,0.0,0.000,0.000,0.0,0.000,0.000,0.0
36.1142,24596,288411,0.000,0.000,0.0,0.000,0.000,0.0,0.000,0.000,0.0
36.1142,24597,288416,0.000,0.000,0.0,0.000,0.000,0.0,0.000,0.000,0.0
36.1142,24598,288421,0.000,0.000,0.0,0.000,0.000,0.0,0.000,0.000,0.0
36.2593,24599,288426,0.000,0.000,0.0,0.000,0.000,0.0,0.000,0.000,0.0
36.2593,24600,288431,0.000,0.000,0.0,0.000,0.000,0.0,0.000,0.000,0.0
36.2593,24601,288436,0.000,0.000,0.0,0.000,0.000,0.0,0.000,0.000,0.0
36.2593,24602,288441,0.000,0.000,0.0,0.000,0.000,0.0,0.000,0.000,0.0
36.2593,24603,288446,0.000,0.000,0.0,0.000,0.000,0.0,0.000,0.000,0.0
36.2593,24604,288451,0.000,0.000,0.0,0.000,0.000,0.0,0.000,0.000,0.0
36.2593,24605,288456,0.000,0.000,0.0,0.000,0.000,0.0,0.000,0.000,0.0
36.2593,24606,288461,0.000,0.000,0.0,0.000,0.000,0.0,0.000,0.000,0.0
36.2593,24607,288466,0.000,0.000,0.0,0.000,0.000,0.0,0.000,0.000,0.0
36.2593,24608,288471,0.000,0.000,0.0,0.000,0.000,0.0,0.000,0.000,0.0
36.2593,24609,288476,0.000,0.000,0.0,0.000,0.000,0.0,0.000,0.000,0.0
36.2593,24610,288481,0.000,0.000,0.0,0.000,0.000,0.0,0.000,0.000,0.0
36.2593,24611,288486,0.000,0.000,0.0,0.000,0.000,0.0,0.000,0.000,0.0
36.2593,24612,288491,0.000,0.000,0.0,0.000,0.000,0.0,0.000,0.000,0.0
36.2593,24613,288496,0.000,0.000,0.0,0.000,0.000,0.0,0.000,0.000,0.0
36.2593,24614,288501,0.000,0.000,0.0,0.000,0.000,0.0,0.000,0.000,0.0
36.3151,24615,288506,0.000,0.000,0.0,0.000,0.000,0.0,0.000,0.000,0.0
36.3151,24616,288511,0.000,0.000,0.0,0.000,0.000,0.0,0.000,0.000,0.0
36.3151,24617,288516,0.000,0.000,0.0,0.000,0.000,0.0,0.000,0.000,0.0
36.3151,24618,288521,0.000,0.000,0.0,0.000,0.000,0.0,0.000,0.000,0.0
36.3151,24619,288526,0.000,0.000,0.0,0.000,0.000,0.0,0.000,0.000,0.0
36.3151,24620,288531,0.000,0.000,0.0,0.000,0.000,0.0,0.000,0.000,0.0
36.3151,24621,288536,0.000,0.000,0.0,0.000,0.000,0.0,0.000,0.000,0.0
36.3151,24622,288541,0.000,0.000,0.0,0.000,0.000,0.0,0.000,0.000,0.0
36.3151,24623,288546,0.000,0.000,0.0,0.000,0.000,0.0,0.000,0.000,0.0
36.3151,24624,288551,0.000,0.000,0.0,0.000,0.000,0.0,0.000,0.000,0.0
36.3151,24625,288556,0.000,0.000,0.0,0.000,0.000,0.0,0.000,0.000,0.0
36.3151,24626,288561,0.000,0.000,0.0,0.000,0.000,0.0,0.000,0.000,0.0
36.3151,24627,288566,0.000,0.000,0.0,0.000,0.000,0.0,0.000,0.000,0.0
36.3151,24628,288571,0.000,0.000,0.0,0.000,0.000,0.0,0.000,0.000,0.0
36.3151,24629,288576,0.000,0.000,0.0,0.000,0.000,0.0,0.000,0.000,0.0
36.3151,24630,288581,0.000,0.000,0.0,0.000,0.000,0.0,0.000,0.000,0.0
36.3151,24631,288586,0.000,0.000,0.0,0.000,0.000,0.0,0.000,0.000,0.0
36.3151,24632,288591,0.000,0.000,0.0,0.000,0.000,0.0,0.000,0.000,0.0
36.3151,24633,288596,0.000,0.000,0.0,0.000,0.000,0.0,0.000,0.000,0.0
36.3151,24634,288601,0.000,0.000,0.0,0.000,0.000,0.0,0.000,0.000,0.0
36.3151,24635,288606,0.000,0.000,0.0,0.000,0.000,0.0,0.000,0.000,0.0
36.3151,24636,288611,0.000,0.000,0.0,0.000,0.000,0.0,0.000,0.000,0.0
36.3151,24637,288616,0.000,0.000,0.0,0.000,0.000,0.0,0.000,0.000,0.0
36.3151,24638,288621,0.000,0.000,0.0,0.000,0.000,0.0,0.000,0.000,0.0
36.4158,24639,288626,0.000,0.000,0.0,0.000,0.000,0.0,0.000,0.000,0.0
36.4158,24640,288631,0.000,0.000,0.0,0.000,0.000,0.0,0.000,0.000,0.0
36.4158,24641,288636,0.000,0.000,0.0,0.000,0.000,0.0,0.000,0.000,0.0
36.4158,24642,288641,0.000,0.000,0.0,0.000,0.000,0.0,0.000,0.000,0.0
36.4158,24643,288646,0.000,0.000,0.0,0.000,0.000,0.0,0.000,0.000,0.0
36.4158,24644,288651,0.000,0.000,0.0,0.000,0.000,0.0,0.000,0.000,0.0
36.4158,24645,288656,0.000,0.000,0.0,0.000,0.000,0.0,0.000,0.000,0.0
36.4158,24646,288661,0.000,0.000,0.0,0.000,0.000,0.0,0.000,0.000,0.0
36.4158,24647,288666,0.000,0.000,0.0,0.000,0.000,0.0,0.000,0.000,0.0
36.4158,24648,288671,0.000,0.000,0.0,0.000,0.000,0.0,0.000,0.000,0.0
36.4158,24649,288676,0.000,0.000,0.0,0.000,0.000,0.0,0.000,0.000,0.0
36.4158,24650,288681,0.000,0.000,0.0,0.000,0.000,0.0,0.000,0.000,0.0
36.4158,24651,288686,0.000,0.000,0.0,0.000,0.000,0.0,0.000,0.000,0.0
36.4158,24652,288691,0.000,0.000,0.0,0.000,0.000,0.0,0.000,0.000,0.0
36.4158,24653,288696,0.000,0.000,0.0,0.000,0.000,0.0,0.000,0.000,0.0
36.4158,24654,288701,0.000,0.000,0.0,0.000,0.000,0.0,0.000,0.000,0.0
36.4987,24655,288706,0.000,0.000,0.0,0.000,0.000,0.0,0.000,0.000,0.0
36.4987,24656,288711,0.000,0.000,0.0,0.000,0.000,0.0,0.000,0.000,0.0
36.4987,24657,288716,0.000,0.000,0.0,0.000,0.000,0.0,0.000,0.000,0.0
36.4987,24658,288721,0.000,0.000,0.0,0.000,0.000,0.0,0.000,0.000,0.0
36.4987,24659,288726,0.000,0.000,0.0,0.000,0.000,0.0,0.000,0.000,0.0
36.4987,24660,288731,0.000,0.000,0.0,0.000,0.000,0.0,0.000,0.000,0.0
36.4987,24661,288736,0.000,0.000,0.0,0.000,0.000,0.0,0.000,0.000,0.0
36.4987,24662,288741,0.000,0.000,0.0,0.000,0.000,0.0,0.000,0.000,0.0
36.4987,24663,288746,0.000,0.000,0.0,0.000,0.000,0.0,0.000,0.000,0.0
36.4987,24664,288751,0.000,0.000,0.0,0.000,0.000,0.0,0.000,0.000,0.0
36.4987,24665,288756,0.000,0.000,0.0,0.000,0.000,0.0,0.000,0.000,0.0
36.4987,24666,288761,0.000,0.000,0.0,0.000,0.000,0.0,0.000,0.000,0.0
36.4987,24667,288766,0.000,0.000,0.0,0.000,0.000,0.0,0.000,0.000,0.0
36.4987,24668,288771,0.000,0.000,0.0,0.000,0.000,0.0,0.000,0.000,0.0
36.4987,24669,288776,0.000,0.000,0.0,0.000,0.000,0.0,0.000,0.000,0.0
36.4987,24670,288781,0.000,0.000,0.0,0.000,0.000,0.0,0.000,0.000,0.0
36.5563,24671,288786,0.000,0.000,0.0,0.000,0.000,0.0,0.000,0.000,0.0
36.5563,24672,288791,0.000,0.000,0.0,0.000,0.000,0.0,0.000,0.000,0.0
36.5563,24673,288796,0.000,0.000,0.0,0.000,0.000,0.0,0.000,0.000,0.0
36.5563,24674,288801,0.000,0.000,0.0,0.000,0.000,0.0,0.000,0.000,0.0
36.5563,24675,288806,0.000,0.000,0.0,0.000,0.000,0.0,0.000,0.000,0.0
36.5563,24676,288811,0.000,0.000,0.0,0.000,0.000,0.0,0.000,0.000,0.0
36.5563,24677,288816,0.000,0.000,0.0,0.000,0.000,0.0,0.000,0.000,0.0
36.5563,24678,288821,0.000,0.000,0.0,0.000,0.000,0.0,0.000,0.000,0.0
36.5563,24679,288826,0.000,0.000,0.0,0.000,0.000,0.0,0.000,0.000,0.0
36.5563,24680,288831,0.000,0.000,0.0,0.000,0.000,0.0,0.000,0.000,0.0
36.5563,24681,288836,0.000,0.000,0.0,0.000,0.000,0.0,0.000,0.000,0.0
36.5563,24682,288841,0.000,0.000,0.0,0.000,0.000,0.0,0.000,0.000,0.0
36.5563,24683,288846,0.000,0.000,0.0,0.000,0.000,0.0,0.000,0.000,0.0
36.5563,24684,288851,0.000,0.000,0.0,0.000,0.000,0.0,0.000,0.000,0.0
36.5563,24685,288856,0.000,0.000,0.0,0.000,0.000,0.0,0.000,0.000,0.0
36.5563,24686,288861,0.000,0.000,0.0,0.000,0.000,0.0,0.000,0.000,0.0
36.6159,24687,288866,0.000,0.000,0.0,0.000,0.000,0.0,0.000,0.000,0.0
36.6159,24688,288871,0.000,0.000,0.0,0.000,0.000,0.0,0.000,0.000,0.0
36.6159,24689,288876,0.000,0.000,0.0,0.000,0.000,0.0,0.000,0.000,0.0
36.6159,24690,288881,0.000,0.000,0.0,0.000,0.000,0.0,0.000,0.000,0.0
36.6159,24691,288886,0.000,0.000,0.0,0.000,0.000,0.0,0.000,0.000,0.0
36.6159,24692,288891,0.000,0.000,0.0,0.000,0.000,0.0,0.000,0.000,0.0
36.6159,24693,288896,0.000,0.000,0.0,0.000,0.000,0.0,0.000,0.000,0.0
36.6159,24694,288901,0.000,0.000,0.0,0.000,0.000,0.0,0.000,0.000,0.0
36.6159,24695,288906,0.000,0.000,0.0,0.000,0.000,0.0,0.000,0.000,0.0
36.6159,24696,288911,0.000,0.000,0.0,0.000,0.000,0.0,0.000,0.000,0.0
36.6159,24697,288916,0.000,0.000,0.0,0.000,0.000,0.0,0.000,0.000,0.0
36.6159,24698,288921,0.000,0.000,0.0,0.000,0.000,0.0,0.000,0.000,0.0
36.6159,24699,288926,0.000,0.000,0.0,0.000,0.000,0.0,0.000,0.000,0.0
36.6159,24700,288931,0.000,0.000,0.0,0.000,0.000,0.0,0.000,0.000,0.0
36.6159,24701,288936,0.000,0.000,0.0,0.000,0.000,0.0,0.000,0.000,0.0
36.6159,24702,288941,0.000,0.000,0.0,0.000,0.000,0.0,0.000,0.000,0.0
36.7425,24703,288946,0.000,0.000,0.0,0.000,0.000,0.0,0.000,0.000,0.0
36.7425,24704,288951,0.000,0.000,0.0,0.000,0.000,0.0,0.000,0.000,0.0
36.7425,24705,288956,0.000,0.000,0.0,0.000,0.000,0.0,0.000,0.000,0.0
36.7425,24706,288961,0.000,0.000,0.0,0.000,0.000,0.0,0.000,0.000,0.0
36.7425,24707,288966,0.000,0.000,0.0,0.000,0.000,0.0,0.000,0.000,0.0
36.7425,24708,288971,0.000,0.000,0.0,0.000,0.000,0.0,0.000,0.000,0.0
36.7425,24709,288976,0.000,0.000,0.0,0.000,0.000,0.0,0.000,0.000,0.0
36.7425,24710,288981,0.000,0.000,0.0,0.000,0.000,0.0,0.000,0.000,0.0
36.7425,24711,288986,0.000,0.000,0.0,0.000,0.000,0.0,0.000,0.000,0.0
36.7425,24712,288991,0.000,0.000,0.0,0.000,0.000,0.0,0.000,0.000,0.0
36.7425,24713,288996,0.000,0.000,0.0,0.000,0.000,0.0,0.000,0.000,0.0
36.7425,24714,289001,0.000,0.000,0.0,0.000,0.000,0.0,0.000,0.000,0.0
36.7425,24715,289006,0.000,0.000,0.0,0.000,0.000,0.0,0.000,0.000,0.0
36.7425,24716,289011,0.000,0.000,0.0,0.000,0.000,0.0,0.000,0.000,0.0
36.7425,24717,289016,0.000,0.000,0.0,0.000,0.000,0.0,0.000,0.000,0.0
36.7425,24718,289021,0.000,0.000,0.0,0.000,0.000,0.0,0.000,0.000,0.0
36.8615,24719,289026,0.000,0.000,0.0,0.000,0.000,0.0,0.000,0.000,0.0
36.8615,24720,289031,0.000,0.000,0.0,0.000,0.000,0.0,0.000,0.000,0.0
36.8615,24721,289036,0.000,0.000,0.0,0.000,0.000,0.0,0.000,0.000,0.0
36.8615,24722,289041,0.000,0.000,0.0,0.000,0.000,0.0,0.000,0.000,0.0
36.8615,24723,289046,0.000,0.000,0.0,0.000,0.000,0.0,0.000,0.000,0.0
36.8615,24724,289051,0.000,0.000,0.0,0.000,0.000,0.0,0.000,0.000,0.0
36.8615,24725,289056,0.000,0.000,0.0,0.000,0.000,0.0,0.000,0.000,0.0
36.8615,24726,289061,0.000,0.000,0.0,0.000,0.000,0.0,0.000,0.000,0.0
36.8615,24727,289066,0.000,0.000,0.0,0.000,0.000,0.0,0.000,0.000,0.0
36.8615,24728,289071,0.000,0.000,0.0,0.000,0.000,0.0,0.000,0.000,0.0
36.8615,24729,289076,0.000,0.000,0.0,0.000,0.000,0.0,0.000,0.000,0.0
36.8615,24730,289081,0.000,0.000,0.0,0.000,0.000,0.0,0.000,0.000,0.0
36.8615,24731,289086,0.000,0.000,0.0,0.000,0.000,0.0,0.000,0.000,0.0
36.8615,24732,289091,0.000,0.000,0.0,0.000,0.000,0.0,0.000,0.000,0.0
36.8615,24733,289096,0.000,0.000,0.0,0.000,0.000,0.0,0.000,0.000,0.0
36.8615,24734,289101,0.000,0.000,0.0,0.000,0.000,0.0,0.000,0.000,0.0
36.8615,24735,289106,0.000,0.000,0.0,0.000,0.000,0.0,0.000,0.000,0.0
36.8615,24736,289111,0.000,0.000,0.0,0.000,0.000,0.0,0.000,0.000,0.0
36.8615,24737,289116,0.000,0.000,0.0,0.000,0.000,0.0,0.000,0.000,0.0
36.8615,24738,289121,0.000,0.000,0.0,0.000,0.000,0.0,0.000,0.000,0.0
36.8615,24739,289126,0.000,0.000,0.0,0.000,0.000,0.0,0.000,0.000,0.0
36.8615,24740,289131,0.000,0.000,0.0,0.000,0.000,0.0,0.000,0.000,0.0
36.8615,24741,289136,0.000,0.000,0.0,0.000,0.000,0.0,0.000,0.000,0.0
36.8615,24742,289141,0.000,0.000,0.0,0.000,0.000,0.0,0.000,0.000,0.0
36.9511,24743,289146,0.000,0.000,0.0,0.000,0.000,0.0,0.000,0.000,0.0
36.9511,24744,289151,0.000,0.000,0.0,0.000,0.000,0.0,0.000,0.000,0.0
36.9511,24745,289156,0.000,0.000,0.0,0.000,0.000,0.0,0.000,0.000,0.0
36.9511,24746,289161,0.000,0.000,0.0,0.000,0.000,0.0,0.000,0.000,0.0
36.9511,24747,289166,0.000,0.000,0.0,0.000,0.000,0.0,0.000,0.000,0.0
36.9511,24748,289171,0.000,0.000,0.0,0.000,0.000,0.0,0.000,0.000,0.0
36.9511,24749,289176,0.000,0.000,0.0,0.000,0.000,0.0,0.000,0.000,0.0
36.9511,24750,289181,0.000,0.000,0.0,0.000,0.000,0.0,0.000,0.000,0.0
36.9511,24751,289186,0.000,0.000,0.0,0.000,0.000,0.0,0.000,0.000,0.0
36.9511,24752,289191,0.000,0.000,0.0,0.000,0.000,0.0,0.000,0.000,0.0
36.9511,24753,289196,0.000,0.000,0.0,0.000,0.000,0.0,0.000,0.000,0.0
36.9511,24754,289201,0.000,0.000,0.0,0.000,0.000,0.0,0.000,0.000,0.0
36.9511,24755,289206,0.000,0.000,0.0,0.000,0.000,0.0,0.000,0.000,0.0
36.9511,24756,289211,0.000,0.000,0.0,0.000,0.000,0.0,0.000,0.000,0.0
36.9511,24757,289216,0.000,0.000,0.0,0.000,0.000,0.0,0.000,0.000,0.0
36.9511,24758,289221,0.000,0.000,0.0,0.000,0.000,0.0,0.000,0.000,0.0
36.9511,24759,289226,0.000,0.000,0.0,0.000,0.000,0.0,0.000,0.000,0.0
36.9511,24760,289231,0.000,0.000,0.0,0.000,0.000,0.0,0.000,0.000,0.0
36.9511,24761,289236,0.000,0.000,0.0,0.000,0.000,0.0,0.000,0.000,0.0
36.9511,24762,289241,0.000,0.000,0.0,0.000,0.000,0.0,0.000,0.000,0.0
36.9511,24763,289246,0.000,0.000,0.0,0.000,0.000,0.0,0.000,0.000,0.0
36.9511,24764,289251,0.000,0.000,0.0,0.000,0.000,0.0,0.000,0.000,0.0
36.9511,24765,289256,0.000,0.000,0.0,0.000,0.000,0.0,0.000,0.000,0.0
36.9511,24766,289261,0.000,0.000,0.0,0.000,0.000,0.0,0.000,0.000,0.0
37.0051,24767,289266,0.000,0.000,0.0,0.000,0.000,0.0,0.000,0.000,0.0
37.0051,24768,289271,0.000,0.000,0.0,0.000,0.000,0.0,0.000,0.000,0.0
37.0051,24769,289276,0.000,0.000,0.0,0.000,0.000,0.0,0.000,0.000,0.0
37.0051,24770,289281,0.000,0.000,0.0,0.000,0.000,0.0,0.000,0.000,0.0
37.0051,24771,289286,0.000,0.000,0.0,0.000,0.000,0.0,0.000,0.000,0.0
37.0051,24772,289291,0.000,0.000,0.0,0.000,0.000,0.0,0.000,0.000,0.0
37.0051,24773,289296,0.000,0.000,0.0,0.000,0.000,0.0,0.000,0.000,0.0
37.0051,24774,289301,0.000,0.000,0.0,0.000,0.000,0.0,0.000,0.000,0.0
37.0921,24775,289306,0.000,0.000,0.0,0.000,0.000,0.0,0.000,0.000,0.0
37.0921,24776,289311,0.000,0.000,0.0,0.000,0.000,0.0,0.000,0.000,0.0
37.0921,24777,289316,0.000,0.000,0.0,0.000,0.000,0.0,0.000,0.000,0.0
37.0921,24778,289321,0.000,0.000,0.0,0.000,0.000,0.0,0.000,0.000,0.0
37.0921,24779,289326,0.000,0.000,0.0,0.000,0.000,0.0,0.000,0.000,0.0
37.0921,24780,289331,0.000,0.000,0.0,0.000,0.000,0.0,0.000,0.000,0.0
37.0921,24781,289336,0.000,0.000,0.0,0.000,0.000,0.0,0.000,0.000,0.0
37.0921,24782,289341,0.000,0.000,0.0,0.000,0.000,0.0,0.000,0.000,0.0
37.0921,24783,289346,0.000,0.000,0.0,0.000,0.000,0.0,0.000,0.000,0.0
37.0921,24784,289351,0.000,0.000,0.0,0.000,0.000,0.0,0.000,0.000,0.0
37.0921,24785,289356,0.000,0.000,0.0,0.000,0.000,0.0,0.000,0.000,0.0
37.0921,24786,289361,0.000,0.000,0.0,0.000,0.000,0.0,0.000,0.000,0.0
37.0921,24787,289366,0.000,0.000,0.0,0.000,0.000,0.0,0.000,0.000,0.0
37.0921,24788,289371,0.000,0.000,0.0,0.000,0.000,0.0,0.000,0.000,0.0
37.0921,24789,289376,0.000,0.000,0.0,0.000,0.000,0.0,0.000,0.000,0.0
37.0921,24790,289381,0.000,0.000,0.0,0.000,0.000,0.0,0.000,0.000,0.0
37.1472,24791,289386,0.000,0.000,0.0,0.000,0.000,0.0,0.000,0.000,0.0
37.1472,24792,289391,0.000,0.000,0.0,0.000,0.000,0.0,0.000,0.000,0.0
37.1472,24793,289396,0.000,0.000,0.0,0.000,0.000,0.0,0.000,0.000,0.0
37.1472,24794,289401,0.000,0.000,0.0,0.000,0.000,0.0,0.000,0.000,0.0
37.1472,24795,289406,0.000,0.000,0.0,0.000,0.000,0.0,0.000,0.000,0.0
37.1472,24796,289411,0.000,0.000,0.0,0.000,0.000,0.0,0.000,0.000,0.0
37.1472,24797,289416,0.000,0.000,0.0,0.000,0.000,0.0,0.000,0.000,0.0
37.1472,24798,289421,0.000,0.000,0.0,0.000,0.000,0.0,0.000,0.000,0.0
37.1472,24799,289426,0.000,0.000,0.0,0.000,0.000,0.0,0.000,0.000,0.0
37.1472,24800,289431,0.000,0.000,0.0,0.000,0.000,0.0,0.000,0.000,0.0
37.1472,24801,289436,0.000,0.000,0.0,0.000,0.000,0.0,0.000,0.000,0.0
37.1472,24802,289441,0.000,0.000,0.0,0.000,0.000,0.0,0.000,0.000,0.0
37.1472,24803,289446,0.000,0.000,0.0,0.000,0.000,0.0,0.000,0.000,0.0
37.1472,24804,289451,0.000,0.000,0.0,0.000,0.000,0.0,0.000,0.000,0.0
37.1472,24805,289456,0.000,0.000,0.0,0.000,0.000,0.0,0.000,0.000,0.0
37.1472,24806,289461,0.000,0.000,0.0,0.000,0.000,0.0,0.000,0.000,0.0
37.2547,24807,289466,0.000,0.000,0.0,0.000,0.000,0.0,0.000,0.000,0.0
37.2547,24808,289471,0.000,0.000,0.0,0.000,0.000,0.0,0.000,0.000,0.0
37.2547,24809,289476,0.000,0.000,0.0,0.000,0.000,0.0,0.000,0.000,0.0
37.2547,24810,289481,0.000,0.000,0.0,0.000,0.000,0.0,0.000,0.000,0.0
37.2547,24811,289486,0.000,0.000,0.0,0.000,0.000,0.0,0.000,0.000,0.0
37.2547,24812,289491,0.000,0.000,0.0,0.000,0.000,0.0,0.000,0.000,0.0
37.2547,24813,289496,0.000,0.000,0.0,0.000,0.000,0.0,0.000,0.000,0.0
37.2547,24814,289501,0.000,0.000,0.0,0.000,0.000,0.0,0.000,0.000,0.0
37.2547,24815,289506,0.000,0.000,0.0,0.000,0.000,0.0,0.000,0.000,0.0
37.2547,24816,289511,0.000,0.000,0.0,0.000,0.000,0.0,0.000,0.000,0.0
37.2547,24817,289516,0.000,0.000,0.0,0.000,0.000,0.0,0.000,0.000,0.0
37.2547,24818,289521,0.000,0.000,0.0,0.000,0.000,0.0,0.000,0.000,0.0
37.2547,24819,289526,0.000,0.000,0.0,0.000,0.000,0.0,0.000,0.000,0.0
37.2547,24820,289531,0.000,0.000,0.0,0.000,0.000,0.0,0.000,0.000,0.0
37.2547,24821,289536,0.000,0.000,0.0,0.000,0.000,0.0,0.000,0.000,0.0
37.2547,24822,289541,0.000,0.000,0.0,0.000,0.000,0.0,0.000,0.000,0.0
37.3614,24823,289546,0.000,0.000,0.0,0.000,0.000,0.0,0.000,0.000,0.0
37.3614,24824,289551,0.000,0.000,0.0,0.000,0.000,0.0,0.000,0.000,0.0
37.3614,24825,289556,0.000,0.000,0.0,0.000,0.000,0.0,0.000,0.000,0.0
37.3614,24826,289561,0.000,0.000,0.0,0.000,0.000,0.0,0.000,0.000,0.0
37.3614,24827,289566,0.000,0.000,0.0,0.000,0.000,0.0,0.000,0.000,0.0
37.3614,24828,289571,0.000,0.000,0.0,0.000,0.000,0.0,0.000,0.000,0.0
37.3614,24829,289576,0.000,0.000,0.0,0.000,0.000,0.0,0.000,0.000,0.0
37.3614,24830,289581,0.000,0.000,0.0,0.000,0.000,0.0,0.000,0.000,0.0
37.3614,24831,289586,0.000,0.000,0.0,0.000,0.000,0.0,0.000,0.000,0.0
37.3614,24832,289591,0.000,0.000,0.0,0.000,0.000,0.0,0.000,0.000,0.0
37.3614,24833,289596,0.000,0.000,0.0,0.000,0.000,0.0,0.000,0.000,0.0
37.3614,24834,289601,0.000,0.000,0.0,0.000,0.000,0.0,0.000,0.000,0.0
37.3614,24835,289606,0.000,0.000,0.0,0.000,0.000,0.0,0.000,0.000,0.0
37.3614,24836,289611,0.000,0.000,0.0,0.000,0.000,0.0,0.000,0.000,0.0
37.3614,24837,289616,0.000,0.000,0.0,0.000,0.000,0.0,0.000,0.000,0.0
37.3614,24838,289621,0.000,0.000,0.0,0.000,0.000,0.0,0.000,0.000,0.0
37.3614,24839,289626,0.000,0.000,0.0,0.000,0.000,0.0,0.000,0.000,0.0
37.3614,24840,289631,0.000,0.000,0.0,0.000,0.000,0.0,0.000,0.000,0.0
37.3614,24841,289636,0.000,0.000,0.0,0.000,0.000,0.0,0.000,0.000,0.0
37.3614,24842,289641,0.000,0.000,0.0,0.000,0.000,0.0,0.000,0.000,0.0
37.3614,24843,289646,0.000,0.000,0.0,0.000,0.000,0.0,0.000,0.000,0.0
37.3614,24844,289651,0.000,0.000,0.0,0.000,0.000,0.0,0.000,0.000,0.0
37.3614,24845,289656,0.000,0.000,0.0,0.000,0.000,0.0,0.000,0.000,0.0
37.3614,24846,289661,0.000,0.000,0.0,0.000,0.000,0.0,0.000,0.000,0.0
37.4447,24847,289666,0.000,0.000,0.0,0.000,0.000,0.0,0.000,0.000,0.0
37.4447,24848,289671,0.000,0.000,0.0,0.000,0.000,0.0,0.000,0.000,0.0
37.4447,24849,289676,0.000,0.000,0.0,0.000,0.000,0.0,0.000,0.000,0.0
37.4447,24850,289681,0.000,0.000,0.0,0.000,0.000,0.0,0.000,0.000,0.0
37.4447,24851,289686,0.000,0.000,0.0,0.000,0.000,0.0,0.000,0.000,0.0
37.4447,24852,289691,0.000,0.000,0.0,0.000,0.000,0.0,0.000,0.000,0.0
37.4447,24853,289696,0.000,0.000,0.0,0.000,0.000,0.0,0.000,0.000,0.0
37.4447,24854,289701,0.000,0.000,0.0,0.000,0.000,0.0,0.000,0.000,0.0
37.4447,24855,289706,0.000,0.000,0.0,0.000,0.000,0.0,0.000,0.000,0.0
37.4447,24856,289711,0.000,0.000,0.0,0.000,0.000,0.0,0.000,0.000,0.0
37.4447,24857,289716,0.000,0.000,0.0,0.000,0.000,0.0,0.000,0.000,0.0
37.4447,24858,289721,0.000,0.000,0.0,0.000,0.000,0.0,0.000,0.000,0.0
37.4447,24859,289726,0.000,0.000,0.0,0.000,0.000,0.0,0.000,0.000,0.0
37.4447,24860,289731,0.000,0.000,0.0,0.000,0.000,0.0,0.000,0.000,0.0
37.4447,24861,289736,0.000,0.000,0.0,0.000,0.000,0.0,0.000,0.000,0.0
37.4447,24862,289741,0.000,0.000,0.0,0.000,0.000,0.0,0.000,0.000,0.0
37.5065,24863,289746,0.000,0.000,0.0,0.000,0.000,0.0,0.000,0.000,0.0
37.5065,24864,289751,0.000,0.000,0.0,0.000,0.000,0.0,0.000,0.000,0.0
37.5065,24865,289756,0.000,0.000,0.0,0.000,0.000,0.0,0.000,0.000,0.0
37.5065,24866,289761,0.000,0.000,0.0,0.000,0.000,0.0,0.000,0.000,0.0
37.5065,24867,289766,0.000,0.000,0.0,0.000,0.000,0.0,0.000,0.000,0.0
37.5065,24868,289771,0.000,0.000,0.0,0.000,0.000,0.0,0.000,0.000,0.0
37.5065,24869,289776,0.000,0.000,0.0,0.000,0.000,0.0,0.000,0.000,0.0
37.5065,24870,289781,0.000,0.000,0.0,0.000,0.000,0.0,0.000,0.000,0.0
37.5065,24871,289786,0.000,0.000,0.0,0.000,0.000,0.0,0.000,0.000,0.0
37.5065,24872,289791,0.000,0.000,0.0,0.000,0.000,0.0,0.000,0.000,0.0
37.5065,24873,289796,0.000,0.000,0.0,0.000,0.000,0.0,0.000,0.000,0.0
37.5065,24874,289801,0.000,0.000,0.0,0.000,0.000,0.0,0.000,0.000,0.0
37.5065,24875,289806,0.000,0.000,0.0,0.000,0.000,0.0,0.000,0.000,0.0
37.5065,24876,289811,0.000,0.000,0.0,0.000,0.000,0.0,0.000,0.000,0.0
37.5065,24877,289816,0.000,0.000,0.0,0.000,0.000,0.0,0.000,0.000,0.0
37.5065,24878,289821,0.000,0.000,0.0,0.000,0.000,0.0,0.000,0.000,0.0
37.5620,24879,289826,0.000,0.000,0.0,0.000,0.000,0.0,0.000,0.000,0.0
37.5620,24880,289831,0.000,0.000,0.0,0.000,0.000,0.0,0.000,0.000,0.0
37.5620,24881,289836,0.000,0.000,0.0,0.000,0.000,0.0,0.000,0.000,0.0
37.5620,24882,289841,0.000,0.000,0.0,0.000,0.000,0.0,0.000,0.000,0.0
37.5620,24883,289846,0.000,0.000,0.0,0.000,0.000,0.0,0.000,0.000,0.0
37.5620,24884,289851,0.000,0.000,0.0,0.000,0.000,0.0,0.000,0.000,0.0
37.5620,24885,289856,0.000,0.000,0.0,0.000,0.000,0.0,0.000,0.000,0.0
37.5620,24886,289861,0.000,0.000,0.0,0.000,0.000,0.0,0.000,0.000,0.0
37.6536,24887,289866,0.000,0.000,0.0,0.000,0.000,0.0,0.000,0.000,0.0
37.6536,24888,289871,0.000,0.000,0.0,0.000,0.000,0.0,0.000,0.000,0.0
37.6536,24889,289876,0.000,0.000,0.0,0.000,0.000,0.0,0.000,0.000,0.0
37.6536,24890,289881,0.000,0.000,0.0,0.000,0.000,0.0,0.000,0.000,0.0
37.6536,24891,289886,0.000,0.000,0.0,0.000,0.000,0.0,0.000,0.000,0.0
37.6536,24892,289891,0.000,0.000,0.0,0.000,0.000,0.0,0.000,0.000,0.0
37.6536,24893,289896,0.000,0.000,0.0,0.000,0.000,0.0,0.000,0.000,0.0
37.6536,24894,289901,0.000,0.000,0.0,0.000,0.000,0.0,0.000,0.000,0.0
37.6536,24895,289906,0.000,0.000,0.0,0.000,0.000,0.0,0.000,0.000,0.0
37.6536,24896,289911,0.000,0.000,0.0,0.000,0.000,0.0,0.000,0.000,0.0
37.6536,24897,289916,0.000,0.000,0.0,0.000,0.000,0.0,0.000,0.000,0.0
37.6536,24898,289921,0.000,0.000,0.0,0.000,0.000,0.0,0.000,0.000,0.0
37.6536,24899,289926,0.000,0.000,0.0,0.000,0.000,0.0,0.000,0.000,0.0
37.6536,24900,289931,0.000,0.000,0.0,0.000,0.000,0.0,0.000,0.000,0.0
37.6536,24901,289936,0.000,0.000,0.0,0.000,0.000,0.0,0.000,0.000,0.0
37.6536,24902,289941,0.000,0.000,0.0,0.000,0.000,0.0,0.000,0.000,0.0
37.7741,24903,289946,0.000,0.000,0.0,0.000,0.000,0.0,0.000,0.000,0.0
37.7741,24904,289951,0.000,0.000,0.0,0.000,0.000,0.0,0.000,0.000,0.0
37.7741,24905,289956,0.000,0.000,0.0,0.000,0.000,0.0,0.000,0.000,0.0
37.7741,24906,289961,0.000,0.000,0.0,0.000,0.000,0.0,0.000,0.000,0.0
37.7741,24907,289966,0.000,0.000,0.0,0.000,0.000,0.0,0.000,0.000,0.0
37.7741,24908,289971,0.000,0.000,0.0,0.000,0.000,0.0,0.000,0.000,0.0
37.7741,24909,289976,0.000,0.000,0.0,0.000,0.000,0.0,0.000,0.000,0.0
37.7741,24910,289981,0.000,0.000,0.0,0.000,0.000,0.0,0.000,0.000,0.0
37.7741,24911,289986,0.000,0.000,0.0,0.000,0.000,0.0,0.000,0.000,0.0
37.7741,24912,289991,0.000,0.000,0.0,0.000,0.000,0.0,0.000,0.000,0.0
37.7741,24913,289996,0.000,0.000,0.0,0.000,0.000,0.0,0.000,0.000,0.0
37.7741,24914,290001,0.000,0.000,0.0,0.000,0.000,0.0,0.000,0.000,0.0
37.7741,24915,290006,0.000,0.000,0.0,0.000,0.000,0.0,0.000,0.000,0.0
37.7741,24916,290011,0.000,0.000,0.0,0.000,0.000,0.0,0.000,0.000,0.0
37.7741,24917,290016,0.000,0.000,0.0,0.000,0.000,0.0,0.000,0.000,0.0
37.7741,24918,290021,0.000,0.000,0.0,0.000,0.000,0.0,0.000,0.000,0.0
37.7741,24919,290026,0.000,0.000,0.0,0.000,0.000,0.0,0.000,0.000,0.0
37.7741,24920,290031,0.000,0.000,0.0,0.000,0.000,0.0,0.000,0.000,0.0
37.7741,24921,290036,0.000,0.000,0.0,0.000,0.000,0.0,0.000,0.000,0.0
37.7741,24922,290041,0.000,0.000,0.0,0.000,0.000,0.0,0.000,0.000,0.0
37.7741,24923,290046,0.000,0.000,0.0,0.000,0.000,0.0,0.000,0.000,0.0
37.7741,24924,290051,0.000,0.000,0.0,0.000,0.000,0.0,0.000,0.000,0.0
37.7741,24925,290056,0.000,0.000,0.0,0.000,0.000,0.0,0.000,0.000,0.0
37.7741,24926,290061,0.000,0.000,0.0,0.000,0.000,0.0,0.000,0.000,0.0
37.8314,24927,290066,0.000,0.000,0.0,0.000,0.000,0.0,0.000,0.000,0.0
37.8314,24928,290071,0.000,0.000,0.0,0.000,0.000,0.0,0.000,0.000,0.0
37.8314,24929,290076,0.000,0.000,0.0,0.000,0.000,0.0,0.000,0.000,0.0
37.8314,24930,290081,0.000,0.000,0.0,0.000,0.000,0.0,0.000,0.000,0.0
37.8314,24931,290086,0.000,0.000,0.0,0.000,0.000,0.0,0.000,0.000,0.0
37.8314,24932,290091,0.000,0.000,0.0,0.000,0.000,0.0,0.000,0.000,0.0
37.8314,24933,290096,0.000,0.000,0.0,0.000,0.000,0.0,0.000,0.000,0.0
37.8314,24934,290101,0.000,0.000,0.0,0.000,0.000,0.0,0.000,0.000,0.0
37.8314,24935,290106,0.000,0.000,0.0,0.000,0.000,0.0,0.000,0.000,0.0
37.8314,24936,290111,0.000,0.000,0.0,0.000,0.000,0.0,0.000,0.000,0.0
37.8314,24937,290116,0.000,0.000,0.0,0.000,0.000,0.0,0.000,0.000,0.0
37.8314,24938,290121,0.000,0.000,0.0,0.000,0.000,0.0,0.000,0.000,0.0
37.8314,24939,290126,0.000,0.000,0.0,0.000,0.000,0.0,0.000,0.000,0.0
37.8314,24940,290131,0.000,0.000,0.0,0.000,0.000,0.0,0.000,0.000,0.0
37.8314,24941,290136,0.000,0.000,0.0,0.000,0.000,0.0,0.000,0.000,0.0
37.8314,24942,290141,0.000,0.000,0.0,0.000,0.000,0.0,0.000,0.000,0.0
37.9309,24943,290146,0.000,0.000,0.0,0.000,0.000,0.0,0.000,0.000,0.0
37.9309,24944,290151,0.000,0.000,0.0,0.000,0.000,0.0,0.000,0.000,0.0
37.9309,24945,290156,0.000,0.000,0.0,0.000,0.000,0.0,0.000,0.000,0.0
37.9309,24946,290161,0.000,0.000,0.0,0.000,0.000,0.0,0.000,0.000,0.0
37.9309,24947,290166,0.000,0.000,0.0,0.000,0.000,0.0,0.000,0.000,0.0
37.9309,24948,290171,0.000,0.000,0.0,0.000,0.000,0.0,0.000,0.000,0.0
37.9309,24949,290176,0.000,0.000,0.0,0.000,0.000,0.0,0.000,0.000,0.0
37.9309,24950,290181,0.000,0.000,0.0,0.000,0.000,0.0,0.000,0.000,0.0
37.9309,24951,290186,0.000,0.000,0.0,0.000,0.000,0.0,0.000,0.000,0.0
37.9309,24952,290191,0.000,0.000,0.0,0.000,0.000,0.0,0.000,0.000,0.0
37.9309,24953,290196,0.000,0.000,0.0,0.000,0.000,0.0,0.000,0.000,0.0
37.9309,24954,290201,0.000,0.000,0.0,0.000,0.000,0.0,0.000,0.000,0.0
37.9309,24955,290206,0.000,0.000,0.0,0.000,0.000,0.0,0.000,0.000,0.0
37.9309,24956,290211,0.000,0.000,0.0,0.000,0.000,0.0,0.000,0.000,0.0
37.9309,24957,290216,0.000,0.000,0.0,0.000,0.000,0.0,0.000,0.000,0.0
37.9309,24958,290221,0.000,0.000,0.0,0.000,0.000,0.0,0.000,0.000,0.0
38.0568,24959,290226,0.000,0.000,0.0,0.000,0.000,0.0,0.000,0.000,0.0
38.0568,24960,290231,0.000,0.000,0.0,0.000,0.000,0.0,0.000,0.000,0.0
38.0568,24961,290236,0.000,0.000,0.0,0.000,0.000,0.0,0.000,0.000,0.0
38.0568,24962,290241,0.000,0.000,0.0,0.000,0.000,0.0,0.000,0.000,0.0
38.0568,24963,290246,0.000,0.000,0.0,0.000,0.000,0.0,0.000,0.000,0.0
38.0568,24964,290251,0.000,0.000,0.0,0.000,0.000,0.0,0.000,0.000,0.0
38.0568,24965,290256,0.000,0.000,0.0,0.000,0.000,0.0,0.000,0.000,0.0
38.0568,24966,290261,0.000,0.000,0.0,0.000,0.000,0.0,0.000,0.000,0.0
38.0568,24967,290266,0.000,0.000,0.0,0.000,0.000,0.0,0.000,0.000,0.0
38.0568,24968,290271,0.000,0.000,0.0,0.000,0.000,0.0,0.000,0.000,0.0
38.0568,24969,290276,0.000,0.000,0.0,0.000,0.000,0.0,0.000,0.000,0.0
38.0568,24970,290281,0.000,0.000,0.0,0.000,0.000,0.0,0.000,0.000,0.0
38.0568,24971,290286,0.000,0.000,0.0,0.000,0.000,0.0,0.000,0.000,0.0
38.0568,24972,290291,0.000,0.000,0.0,0.000,0.000,0.0,0.000,0.000,0.0
38.0568,24973,290296,0.000,0.000,0.0,0.000,0.000,0.0,0.000,0.000,0.0
38.0568,24974,290301,0.000,0.000,0.0,0.000,0.000,0.0,0.000,0.000,0.0
38.0568,24975,290306,0.000,0.000,0.0,0.000,0.000,0.0,0.000,0.000,0.0
38.0568,24976,290311,0.000,0.000,0.0,0.000,0.000,0.0,0.000,0.000,0.0
38.0568,24977,290316,0.000,0.000,0.0,0.000,0.000,0.0,0.000,0.000,0.0
38.0568,24978,290321,0.000,0.000,0.0,0.000,0.000,0.0,0.000,0.000,0.0
38.0568,24979,290326,0.000,0.000,0.0,0.000,0.000,0.0,0.000,0.000,0.0
38.0568,24980,290331,0.000,0.000,0.0,0.000,0.000,0.0,0.000,0.000,0.0
38.0568,24981,290336,0.000,0.000,0.0,0.000,0.000,0.0,0.000,0.000,0.0
38.0568,24982,290341,0.000,0.000,0.0,0.000,0.000,0.0,0.000,0.000,0.0
38.1768,24983,290346,0.000,0.000,0.0,0.000,0.000,0.0,0.000,0.000,0.0
38.1768,24984,290351,0.000,0.000,0.0,0.000,0.000,0.0,0.000,0.000,0.0
38.1768,24985,290356,0.000,0.000,0.0,0.000,0.000,0.0,0.000,0.000,0.0
38.1768,24986,290361,0.000,0.000,0.0,0.000,0.000,0.0,0.000,0.000,0.0
38.1768,24987,290366,0.000,0.000,0.0,0.000,0.000,0.0,0.000,0.000,0.0
38.1768,24988,290371,0.000,0.000,0.0,0.000,0.000,0.0,0.000,0.000,0.0
38.1768,24989,290376,0.000,0.000,0.0,0.000,0.000,0.0,0.000,0.000,0.0
38.1768,24990,290381,0.000,0.000,0.0,0.000,0.000,0.0,0.000,0.000,0.0
38.1768,24991,290386,0.000,0.000,0.0,0.000,0.000,0.0,0.000,0.000,0.0
38.1768,24992,290391,0.000,0.000,0.0,0.000,0.000,0.0,0.000,0.000,0.0
38.1768,24993,290396,0.000,0.000,0.0,0.000,0.000,0.0,0.000,0.000,0.0
38.1768,24994,290401,0.000,0.000,0.0,0.000,0.000,0.0,0.000,0.000,0.0
38.1768,24995,290406,0.000,0.000,0.0,0.000,0.000,0.0,0.000,0.000,0.0
38.1768,24996,290411,0.000,0.000,0.0,0.000,0.000,0.0,0.000,0.000,0.0
38.1768,24997,290416,0.000,0.000,0.0,0.000,0.000,0.0,0.000,0.000,0.0
38.1768,24998,290421,0.000,0.000,0.0,0.000,0.000,0.0,0.000,0.000,0.0
38.1768,24999,290426,0.000,0.000,0.0,0.000,0.000,0.0,0.000,0.000,0.0
38.1768,25000,290431,0.000,0.000,0.0,0.000,0.000,0.0,0.000,0.000,0.0
38.1768,25001,290436,0.000,0.000,0.0,0.000,0.000,0.0,0.000,0.000,0.0
38.1768,25002,290441,0.000,0.000,0.0,0.000,0.000,0.0,0.000,0.000,0.0
38.1768,25003,290446,0.000,0.000,0.0,0.000,0.000,0.0,0.000,0.000,0.0
38.1768,25004,290451,0.000,0.000,0.0,0.000,0.000,0.0,0.000,0.000,0.0
38.1768,25005,290456,0.000,0.000,0.0,0.000,0.000,0.0,0.000,0.000,0.0
38.1768,25006,290461,0.000,0.000,0.0,0.000,0.000,0.0,0.000,0.000,0.0
38.2231,25007,290466,0.000,0.000,0.0,0.000,0.000,0.0,0.000,0.000,0.0
38.2231,25008,290471,0.000,0.000,0.0,0.000,0.000,0.0,0.000,0.000,0.0
38.2231,25009,290476,0.000,0.000,0.0,0.000,0.000,0.0,0.000,0.000,0.0
38.2231,25010,290481,0.000,0.000,0.0,0.000,0.000,0.0,0.000,0.000,0.0
38.2231,25011,290486,0.000,0.000,0.0,0.000,0.000,0.0,0.000,0.000,0.0
38.2231,25012,290491,0.000,0.000,0.0,0.000,0.000,0.0,0.000,0.000,0.0
38.2231,25013,290496,0.000,0.000,0.0,0.000,0.000,0.0,0.000,0.000,0.0
38.2231,25014,290501,0.000,0.000,0.0,0.000,0.000,0.0,0.000,0.000,0.0
38.2231,25015,290506,0.000,0.000,0.0,0.000,0.000,0.0,0.000,0.000,0.0
38.2231,25016,290511,0.000,0.000,0.0,0.000,0.000,0.0,0.000,0.000,0.0
38.2231,25017,290516,0.000,0.000,0.0,0.000,0.000,0.0,0.000,0.000,0.0
38.2231,25018,290521,0.000,0.000,0.0,0.000,0.000,0.0,0.000,0.000,0.0
38.2231,25019,290526,0.000,0.000,0.0,0.000,0.000,0.0,0.000,0.000,0.0
38.2231,25020,290531,0.000,0.000,0.0,0.000,0.000,0.0,0.000,0.000,0.0
38.2231,25021,290536,0.000,0.000,0.0,0.000,0.000,0.0,0.000,0.000,0.0
38.2231,25022,290541,0.000,0.000,0.0,0.000,0.000,0.0,0.000,0.000,0.0
38.2769,25023,290546,0.000,0.000,0.0,0.000,0.000,0.0,0.000,0.000,0.0
38.2769,25024,290551,0.000,0.000,0.0,0.000,0.000,0.0,0.000,0.000,0.0
38.2769,25025,290556,0.000,0.000,0.0,0.000,0.000,0.0,0.000,0.000,0.0
38.2769,25026,290561,0.000,0.000,0.0,0.000,0.000,0.0,0.000,0.000,0.0
38.2769,25027,290566,0.000,0.000,0.0,0.000,0.000,0.0,0.000,0.000,0.0
38.2769,25028,290571,0.000,0.000,0.0,0.000,0.000,0.0,0.000,0.000,0.0
38.2769,25029,290576,0.000,0.000,0.0,0.000,0.000,0.0,0.000,0.000,0.0
38.2769,25030,290581,0.000,0.000,0.0,0.000,0.000,0.0,0.000,0.000,0.0
38.3735,25031,290586,0.000,0.000,0.0,0.000,0.000,0.0,0.000,0.000,0.0
38.3735,25032,290591,0.000,0.000,0.0,0.000,0.000,0.0,0.000,0.000,0.0
38.3735,25033,290596,0.000,0.000,0.0,0.000,0.000,0.0,0.000,0.000,0.0
38.3735,25034,290601,0.000,0.000,0.0,0.000,0.000,0.0,0.000,0.000,0.0
38.3735,25035,290606,0.000,0.000,0.0,0.000,0.000,0.0,0.000,0.000,0.0
38.3735,25036,290611,0.000,0.000,0.0,0.000,0.000,0.0,0.000,0.000,0.0
38.3735,25037,290616,0.000,0.000,0.0,0.000,0.000,0.0,0.000,0.000,0.0
38.3735,25038,290621,0.000,0.000,0.0,0.000,0.000,0.0,0.000,0.000,0.0
38.3735,25039,290626,0.000,0.000,0.0,0.000,0.000,0.0,0.000,0.000,0.0
38.3735,25040,290631,0.000,0.000,0.0,0.000,0.000,0.0,0.000,0.000,0.0
38.3735,25041,290636,0.000,0.000,0.0,0.000,0.000,0.0,0.000,0.000,0.0
38.3735,25042,290641,0.000,0.000,0.0,0.000,0.000,0.0,0.000,0.000,0.0
38.3735,25043,290646,0.000,0.000,0.0,0.000,0.000,0.0,0.000,0.000,0.0
38.3735,25044,290651,0.000,0.000,0.0,0.000,0.000,0.0,0.000,0.000,0.0
38.3735,25045,290656,0.000,0.000,0.0,0.000,0.000,0.0,0.000,0.000,0.0
38.3735,25046,290661,0.000,0.000,0.0,0.000,0.000,0.0,0.000,0.000,0.0
38.4293,25047,290666,0.000,0.000,0.0,0.000,0.000,0.0,0.000,0.000,0.0
38.4293,25048,290671,0.000,0.000,0.0,0.000,0.000,0.0,0.000,0.000,0.0
38.4293,25049,290676,0.000,0.000,0.0,0.000,0.000,0.0,0.000,0.000,0.0
38.4293,25050,290681,0.000,0.000,0.0,0.000,0.000,0.0,0.000,0.000,0.0
38.4293,25051,290686,0.000,0.000,0.0,0.000,0.000,0.0,0.000,0.000,0.0
38.4293,25052,290691,0.000,0.000,0.0,0.000,0.000,0.0,0.000,0.000,0.0
38.4293,25053,290696,0.000,0.000,0.0,0.000,0.000,0.0,0.000,0.000,0.0
38.4293,25054,290701,0.000,0.000,0.0,0.000,0.000,0.0,0.000,0.000,0.0
38.4293,25055,290706,0.000,0.000,0.0,0.000,0.000,0.0,0.000,0.000,0.0
38.4293,25056,290711,0.000,0.000,0.0,0.000,0.000,0.0,0.000,0.000,0.0
38.4293,25057,290716,0.000,0.000,0.0,0.000,0.000,0.0,0.000,0.000,0.0
38.4293,25058,290721,0.000,0.000,0.0,0.000,0.000,0.0,0.000,0.000,0.0
38.4293,25059,290726,0.000,0.000,0.0,0.000,0.000,0.0,0.000,0.000,0.0
38.4293,25060,290731,0.000,0.000,0.0,0.000,0.000,0.0,0.000,0.000,0.0
38.4293,25061,290736,0.000,0.000,0.0,0.000,0.000,0.0,0.000,0.000,0.0
38.4293,25062,290741,0.000,0.000,0.0,0.000,0.000,0.0,0.000,0.000,0.0
38.5689,25063,290746,0.000,0.000,0.0,0.000,0.000,0.0,0.000,0.000,0.0
38.5689,25064,290751,0.000,0.000,0.0,0.000,0.000,0.0,0.000,0.000,0.0
38.5689,25065,290756,0.000,0.000,0.0,0.000,0.000,0.0,0.000,0.000,0.0
38.5689,25066,290761,0.000,0.000,0.0,0.000,0.000,0.0,0.000,0.000,0.0
38.5689,25067,290766,0.000,0.000,0.0,0.000,0.000,0.0,0.000,0.000,0.0
38.5689,25068,290771,0.000,0.000,0.0,0.000,0.000,0.0,0.000,0.000,0.0
38.5689,25069,290776,0.000,0.000,0.0,0.000,0.000,0.0,0.000,0.000,0.0
38.5689,25070,290781,0.000,0.000,0.0,0.000,0.000,0.0,0.000,0.000,0.0
38.5699,25071,290786,0.000,0.000,0.0,0.000,0.000,0.0,0.000,0.000,0.0
38.5699,25072,290791,0.000,0.000,0.0,0.000,0.000,0.0,0.000,0.000,0.0
38.5699,25073,290796,0.000,0.000,0.0,0.000,0.000,0.0,0.000,0.000,0.0
38.5699,25074,290801,0.000,0.000,0.0,0.000,0.000,0.0,0.000,0.000,0.0
38.5699,25075,290806,0.000,0.000,0.0,0.000,0.000,0.0,0.000,0.000,0.0
38.5699,25076,290811,0.000,0.000,0.0,0.000,0.000,0.0,0.000,0.000,0.0
38.5699,25077,290816,0.000,0.000,0.0,0.000,0.000,0.0,0.000,0.000,0.0
38.5699,25078,290821,0.000,0.000,0.0,0.000,0.000,0.0,0.000,0.000,0.0
38.6267,25079,290826,0.000,0.000,0.0,0.000,0.000,0.0,0.000,0.000,0.0
38.6267,25080,290831,0.000,0.000,0.0,0.000,0.000,0.0,0.000,0.000,0.0
38.6267,25081,290836,0.000,0.000,0.0,0.000,0.000,0.0,0.000,0.000,0.0
38.6267,25082,290841,0.000,0.000,0.0,0.000,0.000,0.0,0.000,0.000,0.0
38.6267,25083,290846,0.000,0.000,0.0,0.000,0.000,0.0,0.000,0.000,0.0
38.6267,25084,290851,0.000,0.000,0.0,0.000,0.000,0.0,0.000,0.000,0.0
38.6267,25085,290856,0.000,0.000,0.0,0.000,0.000,0.0,0.000,0.000,0.0
38.6267,25086,290861,0.000,0.000,0.0,0.000,0.000,0.0,0.000,0.000,0.0
38.6267,25087,290866,0.000,0.000,0.0,0.000,0.000,0.0,0.000,0.000,0.0
38.6267,25088,290871,0.000,0.000,0.0,0.000,0.000,0.0,0.000,0.000,0.0
38.6267,25089,290876,0.000,0.000,0.0,0.000,0.000,0.0,0.000,0.000,0.0
38.6267,25090,290881,0.000,0.000,0.0,0.000,0.000,0.0,0.000,0.000,0.0
38.6267,25091,290886,0.000,0.000,0.0,0.000,0.000,0.0,0.000,0.000,0.0
38.6267,25092,290891,0.000,0.000,0.0,0.000,0.000,0.0,0.000,0.000,0.0
38.6267,25093,290896,0.000,0.000,0.0,0.000,0.000,0.0,0.000,0.000,0.0
38.6267,25094,290901,0.000,0.000,0.0,0.000,0.000,0.0,0.000,0.000,0.0
38.6267,25095,290906,0.000,0.000,0.0,0.000,0.000,0.0,0.000,0.000,0.0
38.6267,25096,290911,0.000,0.000,0.0,0.000,0.000,0.0,0.000,0.000,0.0
38.6267,25097,290916,0.000,0.000,0.0,0.000,0.000,0.0,0.000,0.000,0.0
38.6267,25098,290921,0.000,0.000,0.0,0.000,0.000,0.0,0.000,0.000,0.0
38.6267,25099,290926,0.000,0.000,0.0,0.000,0.000,0.0,0.000,0.000,0.0
38.6267,25100,290931,0.000,0.000,0.0,0.000,0.000,0.0,0.000,0.000,0.0
38.6267,25101,290936,0.000,0.000,0.0,0.000,0.000,0.0,0.000,0.000,0.0
38.6267,25102,290941,0.000,0.000,0.0,0.000,0.000,0.0,0.000,0.000,0.0
38.6913,25103,290946,0.000,0.000,0.0,0.000,0.000,0.0,0.000,0.000,0.0
38.6913,25104,290951,0.000,0.000,0.0,0.000,0.000,0.0,0.000,0.000,0.0
38.6913,25105,290956,0.000,0.000,0.0,0.000,0.000,0.0,0.000,0.000,0.0
38.6913,25106,290961,0.000,0.000,0.0,0.000,0.000,0.0,0.000,0.000,0.0
38.6913,25107,290966,0.000,0.000,0.0,0.000,0.000,0.0,0.000,0.000,0.0
38.6913,25108,290971,0.000,0.000,0.0,0.000,0.000,0.0,0.000,0.000,0.0
38.6913,25109,290976,0.000,0.000,0.0,0.000,0.000,0.0,0.000,0.000,0.0
38.6913,25110,290981,0.000,0.000,0.0,0.000,0.000,0.0,0.000,0.000,0.0
38.7447,25111,290986,0.000,0.000,0.0,0.000,0.000,0.0,0.000,0.000,0.0
38.7447,25112,290991,0.000,0.000,0.0,0.000,0.000,0.0,0.000,0.000,0.0
38.7447,25113,290996,0.000,0.000,0.0,0.000,0.000,0.0,0.000,0.000,0.0
38.7447,25114,291001,0.000,0.000,0.0,0.000,0.000,0.0,0.000,0.000,0.0
38.7447,25115,291006,0.000,0.000,0.0,0.000,0.000,0.0,0.000,0.000,0.0
38.7447,25116,291011,0.000,0.000,0.0,0.000,0.000,0.0,0.000,0.000,0.0
38.7447,25117,291016,0.000,0.000,0.0,0.000,0.000,0.0,0.000,0.000,0.0
38.7447,25118,291021,0.000,0.000,0.0,0.000,0.000,0.0,0.000,0.000,0.0
38.7447,25119,291026,0.000,0.000,0.0,0.000,0.000,0.0,0.000,0.000,0.0
38.7447,25120,291031,0.000,0.000,0.0,0.000,0.000,0.0,0.000,0.000,0.0
38.7447,25121,291036,0.000,0.000,0.0,0.000,0.000,0.0,0.000,0.000,0.0
38.7447,25122,291041,0.000,0.000,0.0,0.000,0.000,0.0,0.000,0.000,0.0
38.7447,25123,291046,0.000,0.000,0.0,0.000,0.000,0.0,0.000,0.000,0.0
38.7447,25124,291051,0.000,0.000,0.0,0.000,0.000,0.0,0.000,0.000,0.0
38.7447,25125,291056,0.000,0.000,0.0,0.000,0.000,0.0,0.000,0.000,0.0
38.7447,25126,291061,0.000,0.000,0.0,0.000,0.000,0.0,0.000,0.000,0.0
38.9013,25127,291066,0.000,0.000,0.0,0.000,0.000,0.0,0.000,0.000,0.0
38.9013,25128,291071,0.000,0.000,0.0,0.000,0.000,0.0,0.000,0.000,0.0
38.9013,25129,291076,0.000,0.000,0.0,0.000,0.000,0.0,0.000,0.000,0.0
38.9013,25130,291081,0.000,0.000,0.0,0.000,0.000,0.0,0.000,0.000,0.0
38.9013,25131,291086,0.000,0.000,0.0,0.000,0.000,0.0,0.000,0.000,0.0
38.9013,25132,291091,0.000,0.000,0.0,0.000,0.000,0.0,0.000,0.000,0.0
38.9013,25133,291096,0.000,0.000,0.0,0.000,0.000,0.0,0.000,0.000,0.0
38.9013,25134,291101,0.000,0.000,0.0,0.000,0.000,0.0,0.000,0.000,0.0
38.9013,25135,291106,0.000,0.000,0.0,0.000,0.000,0.0,0.000,0.000,0.0
38.9013,25136,291111,0.000,0.000,0.0,0.000,0.000,0.0,0.000,0.000,0.0
38.9013,25137,291116,0.000,0.000,0.0,0.000,0.000,0.0,0.000,0.000,0.0
38.9013,25138,291121,0.000,0.000,0.0,0.000,0.000,0.0,0.000,0.000,0.0
38.9013,25139,291126,0.000,0.000,0.0,0.000,0.000,0.0,0.000,0.000,0.0
38.9013,25140,291131,0.000,0.000,0.0,0.000,0.000,0.0,0.000,0.000,0.0
38.9013,25141,291136,0.000,0.000,0.0,0.000,0.000,0.0,0.000,0.000,0.0
38.9013,25142,291141,0.000,0.000,0.0,0.000,0.000,0.0,0.000,0.000,0.0
38.9754,25143,291146,0.000,0.000,0.0,0.000,0.000,0.0,0.000,0.000,0.0
38.9754,25144,291151,0.000,0.000,0.0,0.000,0.000,0.0,0.000,0.000,0.0
38.9754,25145,291156,0.000,0.000,0.0,0.000,0.000,0.0,0.000,0.000,0.0
38.9754,25146,291161,0.000,0.000,0.0,0.000,0.000,0.0,0.000,0.000,0.0
38.9754,25147,291166,0.000,0.000,0.0,0.000,0.000,0.0,0.000,0.000,0.0
38.9754,25148,291171,0.000,0.000,0.0,0.000,0.000,0.0,0.000,0.000,0.0
38.9754,25149,291176,0.000,0.000,0.0,0.000,0.000,0.0,0.000,0.000,0.0
38.9754,25150,291181,0.000,0.000,0.0,0.000,0.000,0.0,0.000,0.000,0.0
38.9754,25151,291186,0.000,0.000,0.0,0.000,0.000,0.0,0.000,0.000,0.0
38.9754,25152,291191,0.000,0.000,0.0,0.000,0.000,0.0,0.000,0.000,0.0
38.9754,25153,291196,0.000,0.000,0.0,0.000,0.000,0.0,0.000,0.000,0.0
38.9754,25154,291201,0.000,0.000,0.0,0.000,0.000,0.0,0.000,0.000,0.0
38.9754,25155,291206,0.000,0.000,0.0,0.000,0.000,0.0,0.000,0.000,0.0
38.9754,25156,291211,0.000,0.000,0.0,0.000,0.000,0.0,0.000,0.000,0.0
38.9754,25157,291216,0.000,0.000,0.0,0.000,0.000,0.0,0.000,0.000,0.0
38.9754,25158,291221,0.000,0.000,0.0,0.000,0.000,0.0,0.000,0.000,0.0
38.9754,25159,291226,0.000,0.000,0.0,0.000,0.000,0.0,0.000,0.000,0.0
38.9754,25160,291231,0.000,0.000,0.0,0.000,0.000,0.0,0.000,0.000,0.0
38.9754,25161,291236,0.000,0.000,0.0,0.000,0.000,0.0,0.000,0.000,0.0
38.9754,25162,291241,0.000,0.000,0.0,0.000,0.000,0.0,0.000,0.000,0.0
38.9754,25163,291246,0.000,0.000,0.0,0.000,0.000,0.0,0.000,0.000,0.0
38.9754,25164,291251,0.000,0.000,0.0,0.000,0.000,0.0,0.000,0.000,0.0
38.9754,25165,291256,0.000,0.000,0.0,0.000,0.000,0.0,0.000,0.000,0.0
38.9754,25166,291261,0.000,0.000,0.0,0.000,0.000,0.0,0.000,0.000,0.0
39.0375,25167,291266,0.000,0.000,0.0,0.000,0.000,0.0,0.000,0.000,0.0
39.0375,25168,291271,0.000,0.000,0.0,0.000,0.000,0.0,0.000,0.000,0.0
39.0375,25169,291276,0.000,0.000,0.0,0.000,0.000,0.0,0.000,0.000,0.0
39.0375,25170,291281,0.000,0.000,0.0,0.000,0.000,0.0,0.000,0.000,0.0
39.0375,25171,291286,0.000,0.000,0.0,0.000,0.000,0.0,0.000,0.000,0.0
39.0375,25172,291291,0.000,0.000,0.0,0.000,0.000,0.0,0.000,0.000,0.0
39.0375,25173,291296,0.000,0.000,0.0,0.000,0.000,0.0,0.000,0.000,0.0
39.0375,25174,291301,0.000,0.000,0.0,0.000,0.000,0.0,0.000,0.000,0.0
39.0375,25175,291306,0.000,0.000,0.0,0.000,0.000,0.0,0.000,0.000,0.0
39.0375,25176,291311,0.000,0.000,0.0,0.000,0.000,0.0,0.000,0.000,0.0
39.0375,25177,291316,0.000,0.000,0.0,0.000,0.000,0.0,0.000,0.000,0.0
39.0375,25178,291321,0.000,0.000,0.0,0.000,0.000,0.0,0.000,0.000,0.0
39.0375,25179,291326,0.000,0.000,0.0,0.000,0.000,0.0,0.000,0.000,0.0
39.0375,25180,291331,0.000,0.000,0.0,0.000,0.000,0.0,0.000,0.000,0.0
39.0375,25181,291336,0.000,0.000,0.0,0.000,0.000,0.0,0.000,0.000,0.0
39.0382,25182,291341,0.000,0.000,0.0,0.000,0.000,0.0,0.000,0.000,0.0
39.0972,25183,291346,0.000,0.000,0.0,0.000,0.000,0.0,0.000,0.000,0.0
39.0972,25184,291351,0.000,0.000,0.0,0.000,0.000,0.0,0.000,0.000,0.0
39.0972,25185,291356,0.000,0.000,0.0,0.000,0.000,0.0,0.000,0.000,0.0
39.0972,25186,291361,0.000,0.000,0.0,0.000,0.000,0.0,0.000,0.000,0.0
39.0972,25187,291366,0.000,0.000,0.0,0.000,0.000,0.0,0.000,0.000,0.0
39.0972,25188,291371,0.000,0.000,0.0,0.000,0.000,0.0,0.000,0.000,0.0
39.0972,25189,291376,0.000,0.000,0.0,0.000,0.000,0.0,0.000,0.000,0.0
39.0972,25190,291381,0.000,0.000,0.0,0.000,0.000,0.0,0.000,0.000,0.0
39.1551,25191,291386,0.000,0.000,0.0,0.000,0.000,0.0,0.000,0.000,0.0
39.1551,25192,291391,0.000,0.000,0.0,0.000,0.000,0.0,0.000,0.000,0.0
39.1551,25193,291396,0.000,0.000,0.0,0.000,0.000,0.0,0.000,0.000,0.0
39.1551,25194,291401,0.000,0.000,0.0,0.000,0.000,0.0,0.000,0.000,0.0
39.1551,25195,291406,0.000,0.000,0.0,0.000,0.000,0.0,0.000,0.000,0.0
39.1551,25196,291411,0.000,0.000,0.0,0.000,0.000,0.0,0.000,0.000,0.0
39.1551,25197,291416,0.000,0.000,0.0,0.000,0.000,0.0,0.000,0.000,0.0
39.1551,25198,291421,0.000,0.000,0.0,0.000,0.000,0.0,0.000,0.000,0.0
39.1551,25199,291426,0.000,0.000,0.0,0.000,0.000,0.0,0.000,0.000,0.0
39.1551,25200,291431,0.000,0.000,0.0,0.000,0.000,0.0,0.000,0.000,0.0
39.1551,25201,291436,0.000,0.000,0.0,0.000,0.000,0.0,0.000,0.000,0.0
39.1551,25202,291441,0.000,0.000,0.0,0.000,0.000,0.0,0.000,0.000,0.0
39.1551,25203,291446,0.000,0.000,0.0,0.000,0.000,0.0,0.000,0.000,0.0
39.1551,25204,291451,0.000,0.000,0.0,0.000,0.000,0.0,0.000,0.000,0.0
39.1551,25205,291456,0.000,0.000,0.0,0.000,0.000,0.0,0.000,0.000,0.0
39.1551,25206,291461,0.000,0.000,0.0,0.000,0.000,0.0,0.000,0.000,0.0
39.2538,25207,291466,0.000,0.000,0.0,0.000,0.000,0.0,0.000,0.000,0.0
39.2538,25208,291471,0.000,0.000,0.0,0.000,0.000,0.0,0.000,0.000,0.0
39.2538,25209,291476,0.000,0.000,0.0,0.000,0.000,0.0,0.000,0.000,0.0
39.2538,25210,291481,0.000,0.000,0.0,0.000,0.000,0.0,0.000,0.000,0.0
39.2538,25211,291486,0.000,0.000,0.0,0.000,0.000,0.0,0.000,0.000,0.0
39.2538,25212,291491,0.000,0.000,0.0,0.000,0.000,0.0,0.000,0.000,0.0
39.2538,25213,291496,0.000,0.000,0.0,0.000,0.000,0.0,0.000,0.000,0.0
39.2538,25214,291501,0.000,0.000,0.0,0.000,0.000,0.0,0.000,0.000,0.0
39.2538,25215,291506,0.000,0.000,0.0,0.000,0.000,0.0,0.000,0.000,0.0
39.2538,25216,291511,0.000,0.000,0.0,0.000,0.000,0.0,0.000,0.000,0.0
39.2538,25217,291516,0.000,0.000,0.0,0.000,0.000,0.0,0.000,0.000,0.0
39.2538,25218,291521,0.000,0.000,0.0,0.000,0.000,0.0,0.000,0.000,0.0
39.2538,25219,291526,0.000,0.000,0.0,0.000,0.000,0.0,0.000,0.000,0.0
39.2538,25220,291531,0.000,0.000,0.0,0.000,0.000,0.0,0.000,0.000,0.0
39.2538,25221,291536,0.000,0.000,0.0,0.000,0.000,0.0,0.000,0.000,0.0
39.2538,25222,291541,0.000,0.000,0.0,0.000,0.000,0.0,0.000,0.000,0.0
39.3816,25223,291546,0.000,0.000,0.0,0.000,0.000,0.0,0.000,0.000,0.0
39.3816,25224,291551,0.000,0.000,0.0,0.000,0.000,0.0,0.000,0.000,0.0
39.3816,25225,291556,0.000,0.000,0.0,0.000,0.000,0.0,0.000,0.000,0.0
39.3816,25226,291561,0.000,0.000,0.0,0.000,0.000,0.0,0.000,0.000,0.0
39.3816,25227,291566,0.000,0.000,0.0,0.000,0.000,0.0,0.000,0.000,0.0
39.3816,25228,291571,0.000,0.000,0.0,0.000,0.000,0.0,0.000,0.000,0.0
39.3816,25229,291576,0.000,0.000,0.0,0.000,0.000,0.0,0.000,0.000,0.0
39.3816,25230,291581,0.000,0.000,0.0,0.000,0.000,0.0,0.000,0.000,0.0
39.3816,25231,291586,0.000,0.000,0.0,0.000,0.000,0.0,0.000,0.000,0.0
39.3816,25232,291591,0.000,0.000,0.0,0.000,0.000,0.0,0.000,0.000,0.0
39.3816,25233,291596,0.000,0.000,0.0,0.000,0.000,0.0,0.000,0.000,0.0
39.3816,25234,291601,0.000,0.000,0.0,0.000,0.000,0.0,0.000,0.000,0.0
39.3816,25235,291606,0.000,0.000,0.0,0.000,0.000,0.0,0.000,0.000,0.0
39.3816,25236,291611,0.000,0.000,0.0,0.000,0.000,0.0,0.000,0.000,0.0
39.3816,25237,291616,0.000,0.000,0.0,0.000,0.000,0.0,0.000,0.000,0.0
39.3816,25238,291621,0.000,0.000,0.0,0.000,0.000,0.0,0.000,0.000,0.0
39.3816,25239,291626,0.000,0.000,0.0,0.000,0.000,0.0,0.000,0.000,0.0
39.3816,25240,291631,0.000,0.000,0.0,0.000,0.000,0.0,0.000,0.000,0.0
39.3816,25241,291636,0.000,0.000,0.0,0.000,0.000,0.0,0.000,0.000,0.0
39.3816,25242,291641,0.000,0.000,0.0,0.000,0.000,0.0,0.000,0.000,0.0
39.3816,25243,291646,0.000,0.000,0.0,0.000,0.000,0.0,0.000,0.000,0.0
39.3816,25244,291651,0.000,0.000,0.0,0.000,0.000,0.0,0.000,0.000,0.0
39.3816,25245,291656,0.000,0.000,0.0,0.000,0.000,0.0,0.000,0.000,0.0
39.3816,25246,291661,0.000,0.000,0.0,0.000,0.000,0.0,0.000,0.000,0.0
39.4475,25247,291666,0.000,0.000,0.0,0.000,0.000,0.0,0.000,0.000,0.0
39.4475,25248,291671,0.000,0.000,0.0,0.000,0.000,0.0,0.000,0.000,0.0
39.4475,25249,291676,0.000,0.000,0.0,0.000,0.000,0.0,0.000,0.000,0.0
39.4475,25250,291681,0.000,0.000,0.0,0.000,0.000,0.0,0.000,0.000,0.0
39.4475,25251,291686,0.000,0.000,0.0,0.000,0.000,0.0,0.000,0.000,0.0
39.4475,25252,291691,0.000,0.000,0.0,0.000,0.000,0.0,0.000,0.000,0.0
39.4475,25253,291696,0.000,0.000,0.0,0.000,0.000,0.0,0.000,0.000,0.0
39.4475,25254,291701,0.000,0.000,0.0,0.000,0.000,0.0,0.000,0.000,0.0
39.4475,25255,291706,0.000,0.000,0.0,0.000,0.000,0.0,0.000,0.000,0.0
39.4475,25256,291711,0.000,0.000,0.0,0.000,0.000,0.0,0.000,0.000,0.0
39.4475,25257,291716,0.000,0.000,0.0,0.000,0.000,0.0,0.000,0.000,0.0
39.4475,25258,291721,0.000,0.000,0.0,0.000,0.000,0.0,0.000,0.000,0.0
39.4475,25259,291726,0.000,0.000,0.0,0.000,0.000,0.0,0.000,0.000,0.0
39.4475,25260,291731,0.000,0.000,0.0,0.000,0.000,0.0,0.000,0.000,0.0
39.4475,25261,291736,0.000,0.000,0.0,0.000,0.000,0.0,0.000,0.000,0.0
39.4475,25262,291741,0.000,0.000,0.0,0.000,0.000,0.0,0.000,0.000,0.0
39.5329,25263,291746,0.000,0.000,0.0,0.000,0.000,0.0,0.000,0.000,0.0
39.5329,25264,291751,0.000,0.000,0.0,0.000,0.000,0.0,0.000,0.000,0.0
39.5329,25265,291756,0.000,0.000,0.0,0.000,0.000,0.0,0.000,0.000,0.0
39.5329,25266,291761,0.000,0.000,0.0,0.000,0.000,0.0,0.000,0.000,0.0
39.5329,25267,291766,0.000,0.000,0.0,0.000,0.000,0.0,0.000,0.000,0.0
39.5329,25268,291771,0.000,0.000,0.0,0.000,0.000,0.0,0.000,0.000,0.0
39.5329,25269,291776,0.000,0.000,0.0,0.000,0.000,0.0,0.000,0.000,0.0
39.5329,25270,291781,0.000,0.000,0.0,0.000,0.000,0.0,0.000,0.000,0.0
39.5329,25271,291786,0.000,0.000,0.0,0.000,0.000,0.0,0.000,0.000,0.0
39.5329,25272,291791,0.000,0.000,0.0,0.000,0.000,0.0,0.000,0.000,0.0
39.5329,25273,291796,0.000,0.000,0.0,0.000,0.000,0.0,0.000,0.000,0.0
39.5329,25274,291801,0.000,0.000,0.0,0.000,0.000,0.0,0.000,0.000,0.0
39.5329,25275,291806,0.000,0.000,0.0,0.000,0.000,0.0,0.000,0.000,0.0
39.5329,25276,291811,0.000,0.000,0.0,0.000,0.000,0.0,0.000,0.000,0.0
39.5329,25277,291816,0.000,0.000,0.0,0.000,0.000,0.0,0.000,0.000,0.0
39.5329,25278,291821,0.000,0.000,0.0,0.000,0.000,0.0,0.000,0.000,0.0
39.6101,25279,291826,0.000,0.000,0.0,0.000,0.000,0.0,0.000,0.000,0.0
39.6101,25280,291831,0.000,0.000,0.0,0.000,0.000,0.0,0.000,0.000,0.0
39.6101,25281,291836,0.000,0.000,0.0,0.000,0.000,0.0,0.000,0.000,0.0
39.6101,25282,291841,0.000,0.000,0.0,0.000,0.000,0.0,0.000,0.000,0.0
39.6101,25283,291846,0.000,0.000,0.0,0.000,0.000,0.0,0.000,0.000,0.0
39.6101,25284,291851,0.000,0.000,0.0,0.000,0.000,0.0,0.000,0.000,0.0
39.6101,25285,291856,0.000,0.000,0.0,0.000,0.000,0.0,0.000,0.000,0.0
39.6101,25286,291861,0.000,0.000,0.0,0.000,0.000,0.0,0.000,0.000,0.0
39.6101,25287,291866,0.000,0.000,0.0,0.000,0.000,0.0,0.000,0.000,0.0
39.6101,25288,291871,0.000,0.000,0.0,0.000,0.000,0.0,0.000,0.000,0.0
39.6101,25289,291876,0.000,0.000,0.0,0.000,0.000,0.0,0.000,0.000,0.0
39.6101,25290,291881,0.000,0.000,0.0,0.000,0.000,0.0,0.000,0.000,0.0
39.6101,25291,291886,0.000,0.000,0.0,0.000,0.000,0.0,0.000,0.000,0.0
39.6101,25292,291891,0.000,0.000,0.0,0.000,0.000,0.0,0.000,0.000,0.0
39.6101,25293,291896,0.000,0.000,0.0,0.000,0.000,0.0,0.000,0.000,0.0
39.6101,25294,291901,0.000,0.000,0.0,0.000,0.000,0.0,0.000,0.000,0.0
39.6940,25295,291906,0.000,0.000,0.0,0.000,0.000,0.0,0.000,0.000,0.0
39.6940,25296,291911,0.000,0.000,0.0,0.000,0.000,0.0,0.000,0.000,0.0
39.6940,25297,291916,0.000,0.000,0.0,0.000,0.000,0.0,0.000,0.000,0.0
39.6940,25298,291921,0.000,0.000,0.0,0.000,0.000,0.0,0.000,0.000,0.0
39.6940,25299,291926,0.000,0.000,0.0,0.000,0.000,0.0,0.000,0.000,0.0
39.6940,25300,291931,0.000,0.000,0.0,0.000,0.000,0.0,0.000,0.000,0.0
39.6940,25301,291936,0.000,0.000,0.0,0.000,0.000,0.0,0.000,0.000,0.0
39.6940,25302,291941,0.000,0.000,0.0,0.000,0.000,0.0,0.000,0.000,0.0
39.6940,25303,291946,0.000,0.000,0.0,0.000,0.000,0.0,0.000,0.000,0.0
39.6940,25304,291951,0.000,0.000,0.0,0.000,0.000,0.0,0.000,0.000,0.0
39.6940,25305,291956,0.000,0.000,0.0,0.000,0.000,0.0,0.000,0.000,0.0
39.6940,25306,291961,0.000,0.000,0.0,0.000,0.000,0.0,0.000,0.000,0.0
39.6940,25307,291966,0.000,0.000,0.0,0.000,0.000,0.0,0.000,0.000,0.0
39.6940,25308,291971,0.000,0.000,0.0,0.000,0.000,0.0,0.000,0.000,0.0
39.6940,25309,291976,0.000,0.000,0.0,0.000,0.000,0.0,0.000,0.000,0.0
39.6940,25310,291981,0.000,0.000,0.0,0.000,0.000,0.0,0.000,0.000,0.0
39.7599,25311,291986,0.000,0.000,0.0,0.000,0.000,0.0,0.000,0.000,0.0
39.7599,25312,291991,0.000,0.000,0.0,0.000,0.000,0.0,0.000,0.000,0.0
39.7599,25313,291996,0.000,0.000,0.0,0.000,0.000,0.0,0.000,0.000,0.0
39.7599,25314,292001,0.000,0.000,0.0,0.000,0.000,0.0,0.000,0.000,0.0
39.7599,25315,292006,0.000,0.000,0.0,0.000,0.000,0.0,0.000,0.000,0.0
39.7599,25316,292011,0.000,0.000,0.0,0.000,0.000,0.0,0.000,0.000,0.0
39.7599,25317,292016,0.000,0.000,0.0,0.000,0.000,0.0,0.000,0.000,0.0
39.7599,25318,292021,0.000,0.000,0.0,0.000,0.000,0.0,0.000,0.000,0.0
39.7599,25319,292026,0.000,0.000,0.0,0.000,0.000,0.0,0.000,0.000,0.0
39.7599,25320,292031,0.000,0.000,0.0,0.000,0.000,0.0,0.000,0.000,0.0
39.7599,25321,292036,0.000,0.000,0.0,0.000,0.000,0.0,0.000,0.000,0.0
39.7599,25322,292041,0.000,0.000,0.0,0.000,0.000,0.0,0.000,0.000,0.0
39.7599,25323,292046,0.000,0.000,0.0,0.000,0.000,0.0,0.000,0.000,0.0
39.7599,25324,292051,0.000,0.000,0.0,0.000,0.000,0.0,0.000,0.000,0.0
39.7599,25325,292056,0.000,0.000,0.0,0.000,0.000,0.0,0.000,0.000,0.0
39.7599,25326,292061,0.000,0.000,0.0,0.000,0.000,0.0,0.000,0.000,0.0
39.8621,25327,292066,0.000,0.000,0.0,0.000,0.000,0.0,0.000,0.000,0.0
39.8621,25328,292071,0.000,0.000,0.0,0.000,0.000,0.0,0.000,0.000,0.0
39.8621,25329,292076,0.000,0.000,0.0,0.000,0.000,0.0,0.000,0.000,0.0
39.8621,25330,292081,0.000,0.000,0.0,0.000,0.000,0.0,0.000,0.000,0.0
39.8621,25331,292086,0.000,0.000,0.0,0.000,0.000,0.0,0.000,0.000,0.0
39.8621,25332,292091,0.000,0.000,0.0,0.000,0.000,0.0,0.000,0.000,0.0
39.8621,25333,292096,0.000,0.000,0.0,0.000,0.000,0.0,0.000,0.000,0.0
39.8621,25334,292101,0.000,0.000,0.0,0.000,0.000,0.0,0.000,0.000,0.0
39.8621,25335,292106,0.000,0.000,0.0,0.000,0.000,0.0,0.000,0.000,0.0
39.8621,25336,292111,0.000,0.000,0.0,0.000,0.000,0.0,0.000,0.000,0.0
39.8621,25337,292116,0.000,0.000,0.0,0.000,0.000,0.0,0.000,0.000,0.0
39.8621,25338,292121,0.000,0.000,0.0,0.000,0.000,0.0,0.000,0.000,0.0
39.8621,25339,292126,0.000,0.000,0.0,0.000,0.000,0.0,0.000,0.000,0.0
39.8621,25340,292131,0.000,0.000,0.0,0.000,0.000,0.0,0.000,0.000,0.0
39.8621,25341,292136,0.000,0.000,0.0,0.000,0.000,0.0,0.000,0.000,0.0
39.8621,25342,292141,0.000,0.000,0.0,0.000,0.000,0.0,0.000,0.000,0.0
39.9212,25343,292146,0.000,0.000,0.0,0.000,0.000,0.0,0.000,0.000,0.0
39.9212,25344,292151,0.000,0.000,0.0,0.000,0.000,0.0,0.000,0.000,0.0
39.9212,25345,292156,0.000,0.000,0.0,0.000,0.000,0.0,0.000,0.000,0.0
39.9212,25346,292161,0.000,0.000,0.0,0.000,0.000,0.0,0.000,0.000,0.0
39.9212,25347,292166,0.000,0.000,0.0,0.000,0.000,0.0,0.000,0.000,0.0
39.9212,25348,292171,0.000,0.000,0.0,0.000,0.000,0.0,0.000,0.000,0.0
39.9212,25349,292176,0.000,0.000,0.0,0.000,0.000,0.0,0.000,0.000,0.0
39.9212,25350,292181,0.000,0.000,0.0,0.000,0.000,0.0,0.000,0.000,0.0
39.9212,25351,292186,0.000,0.000,0.0,0.000,0.000,0.0,0.000,0.000,0.0
39.9212,25352,292191,0.000,0.000,0.0,0.000,0.000,0.0,0.000,0.000,0.0
39.9212,25353,292196,0.000,0.000,0.0,0.000,0.000,0.0,0.000,0.000,0.0
39.9212,25354,292201,0.000,0.000,0.0,0.000,0.000,0.0,0.000,0.000,0.0
39.9212,25355,292206,0.000,0.000,0.0,0.000,0.000,0.0,0.000,0.000,0.0
39.9212,25356,292211,0.000,0.000,0.0,0.000,0.000,0.0,0.000,0.000,0.0
39.9212,25357,292216,0.000,0.000,0.0,0.000,0.000,0.0,0.000,0.000,0.0
39.9212,25358,292221,0.000,0.000,0.0,0.000,0.000,0.0,0.000,0.000,0.0
40.0203,25359,292226,0.000,0.000,0.0,0.000,0.000,0.0,0.000,0.000,0.0
40.0203,25360,292231,0.000,0.000,0.0,0.000,0.000,0.0,0.000,0.000,0.0
40.0203,25361,292236,0.000,0.000,0.0,0.000,0.000,0.0,0.000,0.000,0.0
40.0203,25362,292241,0.000,0.000,0.0,0.000,0.000,0.0,0.000,0.000,0.0
40.0203,25363,292246,0.000,0.000,0.0,0.000,0.000,0.0,0.000,0.000,0.0
40.0203,25364,292251,0.000,0.000,0.0,0.000,0.000,0.0,0.000,0.000,0.0
40.0203,25365,292256,0.000,0.000,0.0,0.000,0.000,0.0,0.000,0.000,0.0
40.0203,25366,292261,0.000,0.000,0.0,0.000,0.000,0.0,0.000,0.000,0.0
40.0203,25367,292266,0.000,0.000,0.0,0.000,0.000,0.0,0.000,0.000,0.0
40.0203,25368,292271,0.000,0.000,0.0,0.000,0.000,0.0,0.000,0.000,0.0
40.0203,25369,292276,0.000,0.000,0.0,0.000,0.000,0.0,0.000,0.000,0.0
40.0203,25370,292281,0.000,0.000,0.0,0.000,0.000,0.0,0.000,0.000,0.0
40.0203,25371,292286,0.000,0.000,0.0,0.000,0.000,0.0,0.000,0.000,0.0
40.0203,25372,292291,0.000,0.000,0.0,0.000,0.000,0.0,0.000,0.000,0.0
40.0203,25373,292296,0.000,0.000,0.0,0.000,0.000,0.0,0.000,0.000,0.0
40.0203,25374,292301,0.000,0.000,0.0,0.000,0.000,0.0,0.000,0.000,0.0
40.0714,25375,292306,0.000,0.000,0.0,0.000,0.000,0.0,0.000,0.000,0.0
40.0714,25376,292311,0.000,0.000,0.0,0.000,0.000,0.0,0.000,0.000,0.0
40.0714,25377,292316,0.000,0.000,0.0,0.000,0.000,0.0,0.000,0.000,0.0
40.0714,25378,292321,0.000,0.000,0.0,0.000,0.000,0.0,0.000,0.000,0.0
40.0714,25379,292326,0.000,0.000,0.0,0.000,0.000,0.0,0.000,0.000,0.0
40.0714,25380,292331,0.000,0.000,0.0,0.000,0.000,0.0,0.000,0.000,0.0
40.0714,25381,292336,0.000,0.000,0.0,0.000,0.000,0.0,0.000,0.000,0.0
40.0714,25382,292341,0.000,0.000,0.0,0.000,0.000,0.0,0.000,0.000,0.0
40.0714,25383,292346,0.000,0.000,0.0,0.000,0.000,0.0,0.000,0.000,0.0
40.0714,25384,292351,0.000,0.000,0.0,0.000,0.000,0.0,0.000,0.000,0.0
40.0714,25385,292356,0.000,0.000,0.0,0.000,0.000,0.0,0.000,0.000,0.0
40.0714,25386,292361,0.000,0.000,0.0,0.000,0.000,0.0,0.000,0.000,0.0
40.0714,25387,292366,0.000,0.000,0.0,0.000,0.000,0.0,0.000,0.000,0.0
40.0714,25388,292371,0.000,0.000,0.0,0.000,0.000,0.0,0.000,0.000,0.0
40.0714,25389,292376,0.000,0.000,0.0,0.000,0.000,0.0,0.000,0.000,0.0
40.0714,25390,292381,0.000,0.000,0.0,0.000,0.000,0.0,0.000,0.000,0.0
40.1735,25391,292386,0.000,0.000,0.0,0.000,0.000,0.0,0.000,0.000,0.0
40.1735,25392,292391,0.000,0.000,0.0,0.000,0.000,0.0,0.000,0.000,0.0
40.1735,25393,292396,0.000,0.000,0.0,0.000,0.000,0.0,0.000,0.000,0.0
40.1735,25394,292401,0.000,0.000,0.0,0.000,0.000,0.0,0.000,0.000,0.0
40.1735,25395,292406,0.000,0.000,0.0,0.000,0.000,0.0,0.000,0.000,0.0
40.1735,25396,292411,0.000,0.000,0.0,0.000,0.000,0.0,0.000,0.000,0.0
40.1735,25397,292416,0.000,0.000,0.0,0.000,0.000,0.0,0.000,0.000,0.0
40.1735,25398,292421,0.000,0.000,0.0,0.000,0.000,0.0,0.000,0.000,0.0
40.1735,25399,292426,0.000,0.000,0.0,0.000,0.000,0.0,0.000,0.000,0.0
40.1735,25400,292431,0.000,0.000,0.0,0.000,0.000,0.0,0.000,0.000,0.0
40.1735,25401,292436,0.000,0.000,0.0,0.000,0.000,0.0,0.000,0.000,0.0
40.1735,25402,292441,0.000,0.000,0.0,0.000,0.000,0.0,0.000,0.000,0.0
40.1735,25403,292446,0.000,0.000,0.0,0.000,0.000,0.0,0.000,0.000,0.0
40.1735,25404,292451,0.000,0.000,0.0,0.000,0.000,0.0,0.000,0.000,0.0
40.1735,25405,292456,0.000,0.000,0.0,0.000,0.000,0.0,0.000,0.000,0.0
40.1735,25406,292461,0.000,0.000,0.0,0.000,0.000,0.0,0.000,0.000,0.0
40.2369,25407,292466,0.000,0.000,0.0,0.000,0.000,0.0,0.000,0.000,0.0
40.2369,25408,292471,0.000,0.000,0.0,0.000,0.000,0.0,0.000,0.000,0.0
40.2369,25409,292476,0.000,0.000,0.0,0.000,0.000,0.0,0.000,0.000,0.0
40.2369,25410,292481,0.000,0.000,0.0,0.000,0.000,0.0,0.000,0.000,0.0
40.2369,25411,292486,0.000,0.000,0.0,0.000,0.000,0.0,0.000,0.000,0.0
40.2379,25412,292491,0.000,0.000,0.0,0.000,0.000,0.0,0.000,0.000,0.0
40.2379,25413,292496,0.000,0.000,0.0,0.000,0.000,0.0,0.000,0.000,0.0
40.2379,25414,292501,0.000,0.000,0.0,0.000,0.000,0.0,0.000,0.000,0.0
40.2379,25415,292506,0.000,0.000,0.0,0.000,0.000,0.0,0.000,0.000,0.0
40.2379,25416,292511,0.000,0.000,0.0,0.000,0.000,0.0,0.000,0.000,0.0
40.2379,25417,292516,0.000,0.000,0.0,0.000,0.000,0.0,0.000,0.000,0.0
40.2379,25418,292521,0.000,0.000,0.0,0.000,0.000,0.0,0.000,0.000,0.0
40.2379,25419,292526,0.000,0.000,0.0,0.000,0.000,0.0,0.000,0.000,0.0
40.2379,25420,292531,0.000,0.000,0.0,0.000,0.000,0.0,0.000,0.000,0.0
40.2379,25421,292536,0.000,0.000,0.0,0.000,0.000,0.0,0.000,0.000,0.0
40.2379,25422,292541,0.000,0.000,0.0,0.000,0.000,0.0,0.000,0.000,0.0
40.2996,25423,292546,0.000,0.000,0.0,0.000,0.000,0.0,0.000,0.000,0.0
40.2996,25424,292551,0.000,0.000,0.0,0.000,0.000,0.0,0.000,0.000,0.0
40.2996,25425,292556,0.000,0.000,0.0,0.000,0.000,0.0,0.000,0.000,0.0
40.2996,25426,292561,0.000,0.000,0.0,0.000,0.000,0.0,0.000,0.000,0.0
40.2996,25427,292566,0.000,0.000,0.0,0.000,0.000,0.0,0.000,0.000,0.0
40.2996,25428,292571,0.000,0.000,0.0,0.000,0.000,0.0,0.000,0.000,0.0
40.2996,25429,292576,0.000,0.000,0.0,0.000,0.000,0.0,0.000,0.000,0.0
40.2996,25430,292581,0.000,0.000,0.0,0.000,0.000,0.0,0.000,0.000,0.0
40.3548,25431,292586,0.000,0.000,0.0,0.000,0.000,0.0,0.000,0.000,0.0
40.3548,25432,292591,0.000,0.000,0.0,0.000,0.000,0.0,0.000,0.000,0.0
40.3548,25433,292596,0.000,0.000,0.0,0.000,0.000,0.0,0.000,0.000,0.0
40.3548,25434,292601,0.000,0.000,0.0,0.000,0.000,0.0,0.000,0.000,0.0
40.3548,25435,292606,0.000,0.000,0.0,0.000,0.000,0.0,0.000,0.000,0.0
40.3548,25436,292611,0.000,0.000,0.0,0.000,0.000,0.0,0.000,0.000,0.0
40.3548,25437,292616,0.000,0.000,0.0,0.000,0.000,0.0,0.000,0.000,0.0
40.3548,25438,292621,0.000,0.000,0.0,0.000,0.000,0.0,0.000,0.000,0.0
40.3548,25439,292626,0.000,0.000,0.0,0.000,0.000,0.0,0.000,0.000,0.0
40.3548,25440,292631,0.000,0.000,0.0,0.000,0.000,0.0,0.000,0.000,0.0
40.3548,25441,292636,0.000,0.000,0.0,0.000,0.000,0.0,0.000,0.000,0.0
40.3548,25442,292641,0.000,0.000,0.0,0.000,0.000,0.0,0.000,0.000,0.0
40.3548,25443,292646,0.000,0.000,0.0,0.000,0.000,0.0,0.000,0.000,0.0
40.3548,25444,292651,0.000,0.000,0.0,0.000,0.000,0.0,0.000,0.000,0.0
40.3548,25445,292656,0.000,0.000,0.0,0.000,0.000,0.0,0.000,0.000,0.0
40.3548,25446,292661,0.000,0.000,0.0,0.000,0.000,0.0,0.000,0.000,0.0
40.4298,25447,292666,0.000,0.000,0.0,0.000,0.000,0.0,0.000,0.000,0.0
40.4298,25448,292671,0.000,0.000,0.0,0.000,0.000,0.0,0.000,0.000,0.0
40.4298,25449,292676,0.000,0.000,0.0,0.000,0.000,0.0,0.000,0.000,0.0
40.4298,25450,292681,0.000,0.000,0.0,0.000,0.000,0.0,0.000,0.000,0.0
40.4298,25451,292686,0.000,0.000,0.0,0.000,0.000,0.0,0.000,0.000,0.0
40.4298,25452,292691,0.000,0.000,0.0,0.000,0.000,0.0,0.000,0.000,0.0
40.4298,25453,292696,0.000,0.000,0.0,0.000,0.000,0.0,0.000,0.000,0.0
40.4298,25454,292701,0.000,0.000,0.0,0.000,0.000,0.0,0.000,0.000,0.0
40.4298,25455,292706,0.000,0.000,0.0,0.000,0.000,0.0,0.000,0.000,0.0
40.4298,25456,292711,0.000,0.000,0.0,0.000,0.000,0.0,0.000,0.000,0.0
40.4298,25457,292716,0.000,0.000,0.0,0.000,0.000,0.0,0.000,0.000,0.0
40.4298,25458,292721,0.000,0.000,0.0,0.000,0.000,0.0,0.000,0.000,0.0
40.4298,25459,292726,0.000,0.000,0.0,0.000,0.000,0.0,0.000,0.000,0.0
40.4298,25460,292731,0.000,0.000,0.0,0.000,0.000,0.0,0.000,0.000,0.0
40.4298,25461,292736,0.000,0.000,0.0,0.000,0.000,0.0,0.000,0.000,0.0
40.4298,25462,292741,0.000,0.000,0.0,0.000,0.000,0.0,0.000,0.000,0.0
40.5365,25463,292746,0.000,0.000,0.0,0.000,0.000,0.0,0.000,0.000,0.0
40.5365,25464,292751,0.000,0.000,0.0,0.000,0.000,0.0,0.000,0.000,0.0
40.5365,25465,292756,0.000,0.000,0.0,0.000,0.000,0.0,0.000,0.000,0.0
40.5365,25466,292761,0.000,0.000,0.0,0.000,0.000,0.0,0.000,0.000,0.0
40.5365,25467,292766,0.000,0.000,0.0,0.000,0.000,0.0,0.000,0.000,0.0
40.5365,25468,292771,0.000,0.000,0.0,0.000,0.000,0.0,0.000,0.000,0.0
40.5365,25469,292776,0.000,0.000,0.0,0.000,0.000,0.0,0.000,0.000,0.0
40.5365,25470,292781,0.000,0.000,0.0,0.000,0.000,0.0,0.000,0.000,0.0
40.5365,25471,292786,0.000,0.000,0.0,0.000,0.000,0.0,0.000,0.000,0.0
40.5365,25472,292791,0.000,0.000,0.0,0.000,0.000,0.0,0.000,0.000,0.0
40.5365,25473,292796,0.000,0.000,0.0,0.000,0.000,0.0,0.000,0.000,0.0
40.5365,25474,292801,0.000,0.000,0.0,0.000,0.000,0.0,0.000,0.000,0.0
40.5365,25475,292806,0.000,0.000,0.0,0.000,0.000,0.0,0.000,0.000,0.0
40.5365,25476,292811,0.000,0.000,0.0,0.000,0.000,0.0,0.000,0.000,0.0
40.5365,25477,292816,0.000,0.000,0.0,0.000,0.000,0.0,0.000,0.000,0.0
40.5365,25478,292821,0.000,0.000,0.0,0.000,0.000,0.0,0.000,0.000,0.0
40.6154,25479,292826,0.000,0.000,0.0,0.000,0.000,0.0,0.000,0.000,0.0
40.6154,25480,292831,0.000,0.000,0.0,0.000,0.000,0.0,0.000,0.000,0.0
40.6154,25481,292836,0.000,0.000,0.0,0.000,0.000,0.0,0.000,0.000,0.0
40.6154,25482,292841,0.000,0.000,0.0,0.000,0.000,0.0,0.000,0.000,0.0
40.6154,25483,292846,0.000,0.000,0.0,0.000,0.000,0.0,0.000,0.000,0.0
40.6154,25484,292851,0.000,0.000,0.0,0.000,0.000,0.0,0.000,0.000,0.0
40.6154,25485,292856,0.000,0.000,0.0,0.000,0.000,0.0,0.000,0.000,0.0
40.6154,25486,292861,0.000,0.000,0.0,0.000,0.000,0.0,0.000,0.000,0.0
40.6154,25487,292866,0.000,0.000,0.0,0.000,0.000,0.0,0.000,0.000,0.0
40.6154,25488,292871,0.000,0.000,0.0,0.000,0.000,0.0,0.000,0.000,0.0
40.6154,25489,292876,0.000,0.000,0.0,0.000,0.000,0.0,0.000,0.000,0.0
40.6154,25490,292881,0.000,0.000,0.0,0.000,0.000,0.0,0.000,0.000,0.0
40.6154,25491,292886,0.000,0.000,0.0,0.000,0.000,0.0,0.000,0.000,0.0
40.6154,25492,292891,0.000,0.000,0.0,0.000,0.000,0.0,0.000,0.000,0.0
40.6154,25493,292896,0.000,0.000,0.0,0.000,0.000,0.0,0.000,0.000,0.0
40.6154,25494,292901,0.000,0.000,0.0,0.000,0.000,0.0,0.000,0.000,0.0
40.7564,25495,292906,0.000,0.000,0.0,0.000,0.000,0.0,0.000,0.000,0.0
40.7564,25496,292911,0.000,0.000,0.0,0.000,0.000,0.0,0.000,0.000,0.0
40.7564,25497,292916,0.000,0.000,0.0,0.000,0.000,0.0,0.000,0.000,0.0
40.7564,25498,292921,0.000,0.000,0.0,0.000,0.000,0.0,0.000,0.000,0.0
40.7564,25499,292926,0.000,0.000,0.0,0.000,0.000,0.0,0.000,0.000,0.0
40.7564,25500,292931,0.000,0.000,0.0,0.000,0.000,0.0,0.000,0.000,0.0
40.7564,25501,292936,0.000,0.000,0.0,0.000,0.000,0.0,0.000,0.000,0.0
40.7564,25502,292941,0.000,0.000,0.0,0.000,0.000,0.0,0.000,0.000,0.0
40.7564,25503,292946,0.000,0.000,0.0,0.000,0.000,0.0,0.000,0.000,0.0
40.7564,25504,292951,0.000,0.000,0.0,0.000,0.000,0.0,0.000,0.000,0.0
40.7564,25505,292956,0.000,0.000,0.0,0.000,0.000,0.0,0.000,0.000,0.0
40.7564,25506,292961,0.000,0.000,0.0,0.000,0.000,0.0,0.000,0.000,0.0
40.7564,25507,292966,0.000,0.000,0.0,0.000,0.000,0.0,0.000,0.000,0.0
40.7564,25508,292971,0.000,0.000,0.0,0.000,0.000,0.0,0.000,0.000,0.0
40.7564,25509,292976,0.000,0.000,0.0,0.000,0.000,0.0,0.000,0.000,0.0
40.7564,25510,292981,0.000,0.000,0.0,0.000,0.000,0.0,0.000,0.000,0.0
40.8117,25511,292986,0.000,0.000,0.0,0.000,0.000,0.0,0.000,0.000,0.0
40.8117,25512,292991,0.000,0.000,0.0,0.000,0.000,0.0,0.000,0.000,0.0
40.8117,25513,292996,0.000,0.000,0.0,0.000,0.000,0.0,0.000,0.000,0.0
40.8117,25514,293001,0.000,0.000,0.0,0.000,0.000,0.0,0.000,0.000,0.0
40.8117,25515,293006,0.000,0.000,0.0,0.000,0.000,0.0,0.000,0.000,0.0
40.8117,25516,293011,0.000,0.000,0.0,0.000,0.000,0.0,0.000,0.000,0.0
40.8117,25517,293016,0.000,0.000,0.0,0.000,0.000,0.0,0.000,0.000,0.0
40.8117,25518,293021,0.000,0.000,0.0,0.000,0.000,0.0,0.000,0.000,0.0
40.8117,25519,293026,0.000,0.000,0.0,0.000,0.000,0.0,0.000,0.000,0.0
40.8117,25520,293031,0.000,0.000,0.0,0.000,0.000,0.0,0.000,0.000,0.0
40.8117,25521,293036,0.000,0.000,0.0,0.000,0.000,0.0,0.000,0.000,0.0
40.8117,25522,293041,0.000,0.000,0.0,0.000,0.000,0.0,0.000,0.000,0.0
40.8117,25523,293046,0.000,0.000,0.0,0.000,0.000,0.0,0.000,0.000,0.0
40.8117,25524,293051,0.000,0.000,0.0,0.000,0.000,0.0,0.000,0.000,0.0
40.8117,25525,293056,0.000,0.000,0.0,0.000,0.000,0.0,0.000,0.000,0.0
40.8117,25526,293061,0.000,0.000,0.0,0.000,0.000,0.0,0.000,0.000,0.0
40.8713,25527,293066,0.000,0.000,0.0,0.000,0.000,0.0,0.000,0.000,0.0
40.8713,25528,293071,0.000,0.000,0.0,0.000,0.000,0.0,0.000,0.000,0.0
40.8713,25529,293076,0.000,0.000,0.0,0.000,0.000,0.0,0.000,0.000,0.0
40.8713,25530,293081,0.000,0.000,0.0,0.000,0.000,0.0,0.000,0.000,0.0
40.8713,25531,293086,0.000,0.000,0.0,0.000,0.000,0.0,0.000,0.000,0.0
40.8713,25532,293091,0.000,0.000,0.0,0.000,0.000,0.0,0.000,0.000,0.0
40.8713,25533,293096,0.000,0.000,0.0,0.000,0.000,0.0,0.000,0.000,0.0
40.8713,25534,293101,0.000,0.000,0.0,0.000,0.000,0.0,0.000,0.000,0.0
40.8713,25535,293106,0.000,0.000,0.0,0.000,0.000,0.0,0.000,0.000,0.0
40.8713,25536,293111,0.000,0.000,0.0,0.000,0.000,0.0,0.000,0.000,0.0
40.8713,25537,293116,0.000,0.000,0.0,0.000,0.000,0.0,0.000,0.000,0.0
40.8713,25538,293121,0.000,0.000,0.0,0.000,0.000,0.0,0.000,0.000,0.0
40.8713,25539,293126,0.000,0.000,0.0,0.000,0.000,0.0,0.000,0.000,0.0
40.8713,25540,293131,0.000,0.000,0.0,0.000,0.000,0.0,0.000,0.000,0.0
40.8713,25541,293136,0.000,0.000,0.0,0.000,0.000,0.0,0.000,0.000,0.0
40.8713,25542,293141,0.000,0.000,0.0,0.000,0.000,0.0,0.000,0.000,0.0
40.8713,25543,293146,0.000,0.000,0.0,0.000,0.000,0.0,0.000,0.000,0.0
40.8713,25544,293151,0.000,0.000,0.0,0.000,0.000,0.0,0.000,0.000,0.0
40.8713,25545,293156,0.000,0.000,0.0,0.000,0.000,0.0,0.000,0.000,0.0
40.8713,25546,293161,0.000,0.000,0.0,0.000,0.000,0.0,0.000,0.000,0.0
40.8713,25547,293166,0.000,0.000,0.0,0.000,0.000,0.0,0.000,0.000,0.0
40.8713,25548,293171,0.000,0.000,0.0,0.000,0.000,0.0,0.000,0.000,0.0
40.8713,25549,293176,0.000,0.000,0.0,0.000,0.000,0.0,0.000,0.000,0.0
40.8713,25550,293181,0.000,0.000,0.0,0.000,0.000,0.0,0.000,0.000,0.0
43.2100,25551,293186,0.000,0.000,0.0,0.000,0.000,0.0,0.000,0.000,0.0
43.2100,25552,293191,0.000,0.000,0.0,0.000,0.000,0.0,0.000,0.000,0.0
43.2100,25553,293196,0.000,0.000,0.0,0.000,0.000,0.0,0.000,0.000,0.0
43.2100,25554,293201,0.000,0.000,0.0,0.000,0.000,0.0,0.000,0.000,0.0
43.2100,25555,293206,0.000,0.000,0.0,0.000,0.000,0.0,0.000,0.000,0.0
43.2100,25556,293211,0.000,0.000,0.0,0.000,0.000,0.0,0.000,0.000,0.0
43.2100,25557,293216,0.000,0.000,0.0,0.000,0.000,0.0,0.000,0.000,0.0
43.2100,25558,293221,0.000,0.000,0.0,0.000,0.000,0.0,0.000,0.000,0.0
43.2100,25559,293226,0.000,0.000,0.0,0.000,0.000,0.0,0.000,0.000,0.0
43.2100,25560,293231,0.000,0.000,0.0,0.000,0.000,0.0,0.000,0.000,0.0
43.2100,25561,293236,0.000,0.000,0.0,0.000,0.000,0.0,0.000,0.000,0.0
43.2100,25562,293241,0.000,0.000,0.0,0.000,0.000,0.0,0.000,0.000,0.0
43.2100,25563,293246,0.000,0.000,0.0,0.000,0.000,0.0,0.000,0.000,0.0
43.2100,25564,293251,0.000,0.000,0.0,0.000,0.000,0.0,0.000,0.000,0.0
43.2100,25565,293256,0.000,0.000,0.0,0.000,0.000,0.0,0.000,0.000,0.0
43.2100,25566,293261,0.000,0.000,0.0,0.000,0.000,0.0,0.000,0.000,0.0
43.2100,25567,293266,0.000,0.000,0.0,0.000,0.000,0.0,0.000,0.000,0.0
43.2100,25568,293271,0.000,0.000,0.0,0.000,0.000,0.0,0.000,0.000,0.0
43.2100,25569,293276,0.000,0.000,0.0,0.000,0.000,0.0,0.000,0.000,0.0
43.2100,25570,293281,0.000,0.000,0.0,0.000,0.000,0.0,0.000,0.000,0.0
43.2100,25571,293286,0.000,0.000,0.0,0.000,0.000,0.0,0.000,0.000,0.0
43.2100,25572,293291,0.000,0.000,0.0,0.000,0.000,0.0,0.000,0.000,0.0
43.2100,25573,293296,0.000,0.000,0.0,0.000,0.000,0.0,0.000,0.000,0.0
43.2100,25574,293301,0.000,0.000,0.0,0.000,0.000,0.0,0.000,0.000,0.0
43.2100,25575,293306,0.000,0.000,0.0,0.000,0.000,0.0,0.000,0.000,0.0
43.2100,25576,293311,0.000,0.000,0.0,0.000,0.000,0.0,0.000,0.000,0.0
43.2100,25577,293316,0.000,0.000,0.0,0.000,0.000,0.0,0.000,0.000,0.0
43.2100,25578,293321,0.000,0.000,0.0,0.000,0.000,0.0,0.000,0.000,0.0
43.2100,25579,293326,0.000,0.000,0.0,0.000,0.000,0.0,0.000,0.000,0.0
43.2100,25580,293331,0.000,0.000,0.0,0.000,0.000,0.0,0.000,0.000,0.0
43.2100,25581,293336,0.000,0.000,0.0,0.000,0.000,0.0,0.000,0.000,0.0
43.2100,25582,293341,0.000,0.000,0.0,0.000,0.000,0.0,0.000,0.000,0.0
43.2100,25583,293346,0.000,0.000,0.0,0.000,0.000,0.0,0.000,0.000,0.0
43.2100,25584,293351,0.000,0.000,0.0,0.000,0.000,0.0,0.000,0.000,0.0
43.2100,25585,293356,0.000,0.000,0.0,0.000,0.000,0.0,0.000,0.000,0.0
43.2100,25586,293361,0.000,0.000,0.0,0.000,0.000,0.0,0.000,0.000,0.0
43.2100,25587,293366,0.000,0.000,0.0,0.000,0.000,0.0,0.000,0.000,0.0
43.2100,25588,293371,0.000,0.000,0.0,0.000,0.000,0.0,0.000,0.000,0.0
43.2100,25589,293376,0.000,0.000,0.0,0.000,0.000,0.0,0.000,0.000,0.0
43.2100,25590,293381,0.000,0.000,0.0,0.000,0.000,0.0,0.000,0.000,0.0
43.2100,25591,293577,0.000,0.000,0.0,0.000,0.000,0.0,0.000,0.000,0.0
43.2100,25592,293582,0.000,0.000,0.0,0.000,0.000,0.0,0.000,0.000,0.0
43.2213,25593,293587,0.000,0.000,0.0,0.000,0.000,0.0,0.000,0.000,0.0
43.2213,25594,293592,0.000,0.000,0.0,0.000,0.000,0.0,0.000,0.000,0.0
43.2213,25595,293597,0.000,0.000,0.0,0.000,0.000,0.0,0.000,0.000,0.0
43.2213,25596,293602,0.000,0.000,0.0,0.000,0.000,0.0,0.000,0.000,0.0
43.2213,25597,293607,0.000,0.000,0.0,0.000,0.000,0.0,0.000,0.000,0.0
43.2213,25598,293612,0.000,0.000,0.0,0.000,0.000,0.0,0.000,0.000,0.0
43.2213,25599,293617,0.000,0.000,0.0,0.000,0.000,0.0,0.000,0.000,0.0
43.2213,25600,293622,0.000,0.000,0.0,0.000,0.000,0.0,0.000,0.000,0.0
43.3128,25601,293627,0.000,0.000,0.0,0.000,0.000,0.0,0.000,0.000,0.0
43.3128,25602,293632,0.000,0.000,0.0,0.000,0.000,0.0,0.000,0.000,0.0
43.3128,25603,293637,0.000,0.000,0.0,0.000,0.000,0.0,0.000,0.000,0.0
43.3128,25604,293642,0.000,0.000,0.0,0.000,0.000,0.0,0.000,0.000,0.0
43.3128,25605,293647,0.000,0.000,0.0,0.000,0.000,0.0,0.000,0.000,0.0
43.3128,25606,293652,0.000,0.000,0.0,0.000,0.000,0.0,0.000,0.000,0.0
43.3128,25607,293657,0.000,0.000,0.0,0.000,0.000,0.0,0.000,0.000,0.0
43.3128,25608,293662,0.000,0.000,0.0,0.000,0.000,0.0,0.000,0.000,0.0
43.3128,25609,295553,0.000,0.000,0.0,0.000,0.000,0.0,0.000,0.000,0.0
43.3128,25610,295558,0.000,0.000,0.0,0.000,0.000,0.0,0.000,0.000,0.0
43.3128,25611,295563,0.000,0.000,0.0,0.000,0.000,0.0,0.000,0.000,0.0
43.3128,25612,295568,0.000,0.000,0.0,0.000,0.000,0.0,0.000,0.000,0.0
43.3128,25613,295573,0.000,0.000,0.0,0.000,0.000,0.0,0.000,0.000,0.0
43.3128,25614,295578,0.000,0.000,0.0,0.000,0.000,0.0,0.000,0.000,0.0
43.3128,25615,295583,0.000,0.000,0.0,0.000,0.000,0.0,0.000,0.000,0.0
43.3128,25616,295588,0.000,0.000,0.0,0.000,0.000,0.0,0.000,0.000,0.0
43.3128,25617,295593,0.000,0.000,0.0,0.000,0.000,0.0,0.000,0.000,0.0
43.3856,25618,295598,0.000,0.000,0.0,0.000,0.000,0.0,0.000,0.000,0.0
43.3856,25619,295603,0.000,0.000,0.0,0.000,0.000,0.0,0.000,0.000,0.0
43.3856,25620,295608,0.000,0.000,0.0,0.000,0.000,0.0,0.000,0.000,0.0
43.3856,25621,295613,0.000,0.000,0.0,0.000,0.000,0.0,0.000,0.000,0.0
43.3856,25622,295618,0.000,0.000,0.0,0.000,0.000,0.0,0.000,0.000,0.0
43.3856,25623,295623,0.000,0.000,0.0,0.000,0.000,0.0,0.000,0.000,0.0
43.3856,25624,295628,0.000,0.000,0.0,0.000,0.000,0.0,0.000,0.000,0.0
43.3856,25625,295633,0.000,0.000,0.0,0.000,0.000,0.0,0.000,0.000,0.0
43.3856,25626,295638,0.000,0.000,0.0,0.000,0.000,0.0,0.000,0.000,0.0
43.3856,25627,295643,0.000,0.000,0.0,0.000,0.000,0.0,0.000,0.000,0.0
43.3856,25628,295648,0.000,0.000,0.0,0.000,0.000,0.0,0.000,0.000,0.0
43.3856,25629,295653,0.000,0.000,0.0,0.000,0.000,0.0,0.000,0.000,0.0
43.3856,25630,295658,0.000,0.000,0.0,0.000,0.000,0.0,0.000,0.000,0.0
43.3856,25631,295663,0.000,0.000,0.0,0.000,0.000,0.0,0.000,0.000,0.0
43.3856,25632,295668,0.000,0.000,0.0,0.000,0.000,0.0,0.000,0.000,0.0
43.3856,25633,295673,0.000,0.000,0.0,0.000,0.000,0.0,0.000,0.000,0.0
43.4389,25634,295678,0.000,0.000,0.0,0.000,0.000,0.0,0.000,0.000,0.0
43.4389,25635,295683,0.000,0.000,0.0,0.000,0.000,0.0,0.000,0.000,0.0
43.4389,25636,295688,0.000,0.000,0.0,0.000,0.000,0.0,0.000,0.000,0.0
43.4389,25637,295693,0.000,0.000,0.0,0.000,0.000,0.0,0.000,0.000,0.0
43.4389,25638,295698,0.000,0.000,0.0,0.000,0.000,0.0,0.000,0.000,0.0
43.4389,25639,295703,0.000,0.000,0.0,0.000,0.000,0.0,0.000,0.000,0.0
43.4389,25640,295708,0.000,0.000,0.0,0.000,0.000,0.0,0.000,0.000,0.0
43.4389,25641,295713,0.000,0.000,0.0,0.000,0.000,0.0,0.000,0.000,0.0
43.4389,25642,295718,0.000,0.000,0.0,0.000,0.000,0.0,0.000,0.000,0.0
43.4389,25643,295723,0.000,0.000,0.0,0.000,0.000,0.0,0.000,0.000,0.0
43.4389,25644,295728,0.000,0.000,0.0,0.000,0.000,0.0,0.000,0.000,0.0
43.4389,25645,295733,0.000,0.000,0.0,0.000,0.000,0.0,0.000,0.000,0.0
43.4389,25646,295738,0.000,0.000,0.0,0.000,0.000,0.0,0.000,0.000,0.0
43.4389,25647,295743,0.000,0.000,0.0,0.000,0.000,0.0,0.000,0.000,0.0
43.4389,25648,295748,0.000,0.000,0.0,0.000,0.000,0.0,0.000,0.000,0.0
43.4389,25649,295753,0.000,0.000,0.0,0.000,0.000,0.0,0.000,0.000,0.0
43.5496,25650,295758,0.000,0.000,0.0,0.000,0.000,0.0,0.000,0.000,0.0
43.5496,25651,295763,0.000,0.000,0.0,0.000,0.000,0.0,0.000,0.000,0.0
43.5496,25652,295768,0.000,0.000,0.0,0.000,0.000,0.0,0.000,0.000,0.0
43.5496,25653,295773,0.000,0.000,0.0,0.000,0.000,0.0,0.000,0.000,0.0
43.5496,25654,295778,0.000,0.000,0.0,0.000,0.000,0.0,0.000,0.000,0.0
43.5496,25655,295783,0.000,0.000,0.0,0.000,0.000,0.0,0.000,0.000,0.0
43.5496,25656,295788,0.000,0.000,0.0,0.000,0.000,0.0,0.000,0.000,0.0
43.5496,25657,295793,0.000,0.000,0.0,0.000,0.000,0.0,0.000,0.000,0.0
43.5496,25658,295798,0.000,0.000,0.0,0.000,0.000,0.0,0.000,0.000,0.0
43.5496,25659,295803,0.000,0.000,0.0,0.000,0.000,0.0,0.000,0.000,0.0
43.5496,25660,295808,0.000,0.000,0.0,0.000,0.000,0.0,0.000,0.000,0.0
43.5496,25661,295813,0.000,0.000,0.0,0.000,0.000,0.0,0.000,0.000,0.0
43.5496,25662,295818,0.000,0.000,0.0,0.000,0.000,0.0,0.000,0.000,0.0
43.5496,25663,295823,0.000,0.000,0.0,0.000,0.000,0.0,0.000,0.000,0.0
43.5496,25664,295828,0.000,0.000,0.0,0.000,0.000,0.0,0.000,0.000,0.0
43.5496,25665,295833,0.000,0.000,0.0,0.000,0.000,0.0,0.000,0.000,0.0
43.6646,25666,295838,0.000,0.000,0.0,0.000,0.000,0.0,0.000,0.000,0.0
43.6646,25667,295843,0.000,0.000,0.0,0.000,0.000,0.0,0.000,0.000,0.0
43.6646,25668,295848,0.000,0.000,0.0,0.000,0.000,0.0,0.000,0.000,0.0
43.6646,25669,295853,0.000,0.000,0.0,0.000,0.000,0.0,0.000,0.000,0.0
43.6646,25670,295858,0.000,0.000,0.0,0.000,0.000,0.0,0.000,0.000,0.0
43.6646,25671,295863,0.000,0.000,0.0,0.000,0.000,0.0,0.000,0.000,0.0
43.6646,25672,295868,0.000,0.000,0.0,0.000,0.000,0.0,0.000,0.000,0.0
43.6646,25673,295873,0.000,0.000,0.0,0.000,0.000,0.0,0.000,0.000,0.0
43.6646,25674,295878,0.000,0.000,0.0,0.000,0.000,0.0,0.000,0.000,0.0
43.6646,25675,295883,0.000,0.000,0.0,0.000,0.000,0.0,0.000,0.000,0.0
43.6646,25676,295888,0.000,0.000,0.0,0.000,0.000,0.0,0.000,0.000,0.0
43.6646,25677,295893,0.000,0.000,0.0,0.000,0.000,0.0,0.000,0.000,0.0
43.6646,25678,295898,0.000,0.000,0.0,0.000,0.000,0.0,0.000,0.000,0.0
43.6646,25679,295903,0.000,0.000,0.0,0.000,0.000,0.0,0.000,0.000,0.0
43.6646,25680,295908,0.000,0.000,0.0,0.000,0.000,0.0,0.000,0.000,0.0
43.6646,25681,295913,0.000,0.000,0.0,0.000,0.000,0.0,0.000,0.000,0.0
43.6656,25682,295918,0.000,0.000,0.0,0.000,0.000,0.0,0.000,0.000,0.0
43.6656,25683,295923,0.000,0.000,0.0,0.000,0.000,0.0,0.000,0.000,0.0
43.6656,25684,295928,0.000,0.000,0.0,0.000,0.000,0.0,0.000,0.000,0.0
43.6656,25685,295933,0.000,0.000,0.0,0.000,0.000,0.0,0.000,0.000,0.0
43.6656,25686,295938,0.000,0.000,0.0,0.000,0.000,0.0,0.000,0.000,0.0
43.6656,25687,295943,0.000,0.000,0.0,0.000,0.000,0.0,0.000,0.000,0.0
43.6656,25688,295948,0.000,0.000,0.0,0.000,0.000,0.0,0.000,0.000,0.0
43.6656,25689,295953,0.000,0.000,0.0,0.000,0.000,0.0,0.000,0.000,0.0
43.7232,25690,295958,0.000,0.000,0.0,0.000,0.000,0.0,0.000,0.000,0.0
43.7232,25691,295963,0.000,0.000,0.0,0.000,0.000,0.0,0.000,0.000,0.0
43.7232,25692,295968,0.000,0.000,0.0,0.000,0.000,0.0,0.000,0.000,0.0
43.7232,25693,295973,0.000,0.000,0.0,0.000,0.000,0.0,0.000,0.000,0.0
43.7232,25694,295978,0.000,0.000,0.0,0.000,0.000,0.0,0.000,0.000,0.0
43.7232,25695,295983,0.000,0.000,0.0,0.000,0.000,0.0,0.000,0.000,0.0
43.7232,25696,295988,0.000,0.000,0.0,0.000,0.000,0.0,0.000,0.000,0.0
43.7232,25697,295993,0.000,0.000,0.0,0.000,0.000,0.0,0.000,0.000,0.0
43.7232,25698,295998,0.000,0.000,0.0,0.000,0.000,0.0,0.000,0.000,0.0
43.7232,25699,296003,0.000,0.000,0.0,0.000,0.000,0.0,0.000,0.000,0.0
43.7232,25700,296008,0.000,0.000,0.0,0.000,0.000,0.0,0.000,0.000,0.0
43.7232,25701,296013,0.000,0.000,0.0,0.000,0.000,0.0,0.000,0.000,0.0
43.7232,25702,296018,0.000,0.000,0.0,0.000,0.000,0.0,0.000,0.000,0.0
43.7232,25703,296023,0.000,0.000,0.0,0.000,0.000,0.0,0.000,0.000,0.0
43.7232,25704,296028,0.000,0.000,0.0,0.000,0.000,0.0,0.000,0.000,0.0
43.7232,25705,296033,0.000,0.000,0.0,0.000,0.000,0.0,0.000,0.000,0.0
43.7799,25706,296038,0.000,0.000,0.0,0.000,0.000,0.0,0.000,0.000,0.0
43.7799,25707,296043,0.000,0.000,0.0,0.000,0.000,0.0,0.000,0.000,0.0
43.7799,25708,296048,0.000,0.000,0.0,0.000,0.000,0.0,0.000,0.000,0.0
43.7799,25709,296053,0.000,0.000,0.0,0.000,0.000,0.0,0.000,0.000,0.0
43.7799,25710,296058,0.000,0.000,0.0,0.000,0.000,0.0,0.000,0.000,0.0
43.7799,25711,296063,0.000,0.000,0.0,0.000,0.000,0.0,0.000,0.000,0.0
43.7799,25712,296068,0.000,0.000,0.0,0.000,0.000,0.0,0.000,0.000,0.0
43.7799,25713,296073,0.000,0.000,0.0,0.000,0.000,0.0,0.000,0.000,0.0
43.8687,25714,296078,0.000,0.000,0.0,0.000,0.000,0.0,0.000,0.000,0.0
43.8687,25715,296083,0.000,0.000,0.0,0.000,0.000,0.0,0.000,0.000,0.0
43.8687,25716,296088,0.000,0.000,0.0,0.000,0.000,0.0,0.000,0.000,0.0
43.8687,25717,296093,0.000,0.000,0.0,0.000,0.000,0.0,0.000,0.000,0.0
43.8687,25718,296098,0.000,0.000,0.0,0.000,0.000,0.0,0.000,0.000,0.0
43.8687,25719,296103,0.000,0.000,0.0,0.000,0.000,0.0,0.000,0.000,0.0
43.8687,25720,296108,0.000,0.000,0.0,0.000,0.000,0.0,0.000,0.000,0.0
43.8687,25721,296113,0.000,0.000,0.0,0.000,0.000,0.0,0.000,0.000,0.0
43.8687,25722,296118,0.000,0.000,0.0,0.000,0.000,0.0,0.000,0.000,0.0
43.8687,25723,296123,0.000,0.000,0.0,0.000,0.000,0.0,0.000,0.000,0.0
43.8687,25724,296128,0.000,0.000,0.0,0.000,0.000,0.0,0.000,0.000,0.0
43.8687,25725,296133,0.000,0.000,0.0,0.000,0.000,0.0,0.000,0.000,0.0
43.8687,25726,296138,0.000,0.000,0.0,0.000,0.000,0.0,0.000,0.000,0.0
43.8687,25727,296143,0.000,0.000,0.0,0.000,0.000,0.0,0.000,0.000,0.0
43.8687,25728,296148,0.000,0.000,0.0,0.000,0.000,0.0,0.000,0.000,0.0
43.8687,25729,296153,0.000,0.000,0.0,0.000,0.000,0.0,0.000,0.000,0.0
43.9256,25730,296158,0.000,0.000,0.0,0.000,0.000,0.0,0.000,0.000,0.0
43.9256,25731,296163,0.000,0.000,0.0,0.000,0.000,0.0,0.000,0.000,0.0
43.9256,25732,296168,0.000,0.000,0.0,0.000,0.000,0.0,0.000,0.000,0.0
43.9256,25733,296173,0.000,0.000,0.0,0.000,0.000,0.0,0.000,0.000,0.0
43.9256,25734,296178,0.000,0.000,0.0,0.000,0.000,0.0,0.000,0.000,0.0
43.9256,25735,296183,0.000,0.000,0.0,0.000,0.000,0.0,0.000,0.000,0.0
43.9256,25736,296188,0.000,0.000,0.0,0.000,0.000,0.0,0.000,0.000,0.0
43.9256,25737,296193,0.000,0.000,0.0,0.000,0.000,0.0,0.000,0.000,0.0
43.9256,25738,296198,0.000,0.000,0.0,0.000,0.000,0.0,0.000,0.000,0.0
43.9256,25739,296203,0.000,0.000,0.0,0.000,0.000,0.0,0.000,0.000,0.0
43.9256,25740,296208,0.000,0.000,0.0,0.000,0.000,0.0,0.000,0.000,0.0
43.9256,25741,296213,0.000,0.000,0.0,0.000,0.000,0.0,0.000,0.000,0.0
43.9256,25742,296218,0.000,0.000,0.0,0.000,0.000,0.0,0.000,0.000,0.0
43.9256,25743,296223,0.000,0.000,0.0,0.000,0.000,0.0,0.000,0.000,0.0
43.9256,25744,296228,0.000,0.000,0.0,0.000,0.000,0.0,0.000,0.000,0.0
43.9256,25745,296233,0.000,0.000,0.0,0.000,0.000,0.0,0.000,0.000,0.0
44.0450,25746,296238,0.000,0.000,0.0,0.000,0.000,0.0,0.000,0.000,0.0
44.0450,25747,296243,0.000,0.000,0.0,0.000,0.000,0.0,0.000,0.000,0.0
44.0450,25748,296248,0.000,0.000,0.0,0.000,0.000,0.0,0.000,0.000,0.0
44.0450,25749,296253,0.000,0.000,0.0,0.000,0.000,0.0,0.000,0.000,0.0
44.0450,25750,296258,0.000,0.000,0.0,0.000,0.000,0.0,0.000,0.000,0.0
44.0450,25751,296263,0.000,0.000,0.0,0.000,0.000,0.0,0.000,0.000,0.0
44.0450,25752,296268,0.000,0.000,0.0,0.000,0.000,0.0,0.000,0.000,0.0
44.0450,25753,296273,0.000,0.000,0.0,0.000,0.000,0.0,0.000,0.000,0.0
44.0450,25754,296278,0.000,0.000,0.0,0.000,0.000,0.0,0.000,0.000,0.0
44.0450,25755,296283,0.000,0.000,0.0,0.000,0.000,0.0,0.000,0.000,0.0
44.0450,25756,296288,0.000,0.000,0.0,0.000,0.000,0.0,0.000,0.000,0.0
44.0450,25757,296293,0.000,0.000,0.0,0.000,0.000,0.0,0.000,0.000,0.0
44.0450,25758,296298,0.000,0.000,0.0,0.000,0.000,0.0,0.000,0.000,0.0
44.0450,25759,296303,0.000,0.000,0.0,0.000,0.000,0.0,0.000,0.000,0.0
44.0450,25760,296308,0.000,0.000,0.0,0.000,0.000,0.0,0.000,0.000,0.0
44.0450,25761,296313,0.000,0.000,0.0,0.000,0.000,0.0,0.000,0.000,0.0
44.1594,25762,296318,0.000,0.000,0.0,0.000,0.000,0.0,0.000,0.000,0.0
44.1594,25763,296323,0.000,0.000,0.0,0.000,0.000,0.0,0.000,0.000,0.0
44.1594,25764,296328,0.000,0.000,0.0,0.000,0.000,0.0,0.000,0.000,0.0
44.1594,25765,296333,0.000,0.000,0.0,0.000,0.000,0.0,0.000,0.000,0.0
44.1594,25766,296338,0.000,0.000,0.0,0.000,0.000,0.0,0.000,0.000,0.0
44.1594,25767,296343,0.000,0.000,0.0,0.000,0.000,0.0,0.000,0.000,0.0
44.1594,25768,296348,0.000,0.000,0.0,0.000,0.000,0.0,0.000,0.000,0.0
44.1594,25769,296353,0.000,0.000,0.0,0.000,0.000,0.0,0.000,0.000,0.0
44.1594,25770,296358,0.000,0.000,0.0,0.000,0.000,0.0,0.000,0.000,0.0
44.1594,25771,296363,0.000,0.000,0.0,0.000,0.000,0.0,0.000,0.000,0.0
44.1594,25772,296368,0.000,0.000,0.0,0.000,0.000,0.0,0.000,0.000,0.0
44.1594,25773,296373,0.000,0.000,0.0,0.000,0.000,0.0,0.000,0.000,0.0
44.1594,25774,296378,0.000,0.000,0.0,0.000,0.000,0.0,0.000,0.000,0.0
44.1594,25775,296383,0.000,0.000,0.0,0.000,0.000,0.0,0.000,0.000,0.0
44.1594,25776,296388,0.000,0.000,0.0,0.000,0.000,0.0,0.000,0.000,0.0
44.1594,25777,296393,0.000,0.000,0.0,0.000,0.000,0.0,0.000,0.000,0.0
44.1594,25778,296398,0.000,0.000,0.0,0.000,0.000,0.0,0.000,0.000,0.0
44.1594,25779,296403,0.000,0.000,0.0,0.000,0.000,0.0,0.000,0.000,0.0
44.1594,25780,296408,0.000,0.000,0.0,0.000,0.000,0.0,0.000,0.000,0.0
44.1594,25781,296413,0.000,0.000,0.0,0.000,0.000,0.0,0.000,0.000,0.0
44.1594,25782,296418,0.000,0.000,0.0,0.000,0.000,0.0,0.000,0.000,0.0
44.1594,25783,296423,0.000,0.000,0.0,0.000,0.000,0.0,0.000,0.000,0.0
44.1594,25784,296428,0.000,0.000,0.0,0.000,0.000,0.0,0.000,0.000,0.0
44.1594,25785,296433,0.000,0.000,0.0,0.000,0.000,0.0,0.000,0.000,0.0
44.2653,25786,296438,0.000,0.000,0.0,0.000,0.000,0.0,0.000,0.000,0.0
44.2653,25787,296443,0.000,0.000,0.0,0.000,0.000,0.0,0.000,0.000,0.0
44.2653,25788,296448,0.000,0.000,0.0,0.000,0.000,0.0,0.000,0.000,0.0
44.2653,25789,296453,0.000,0.000,0.0,0.000,0.000,0.0,0.000,0.000,0.0
44.2653,25790,296458,0.000,0.000,0.0,0.000,0.000,0.0,0.000,0.000,0.0
44.2653,25791,296463,0.000,0.000,0.0,0.000,0.000,0.0,0.000,0.000,0.0
44.2653,25792,296468,0.000,0.000,0.0,0.000,0.000,0.0,0.000,0.000,0.0
44.2653,25793,296473,0.000,0.000,0.0,0.000,0.000,0.0,0.000,0.000,0.0
44.2653,25794,296478,0.000,0.000,0.0,0.000,0.000,0.0,0.000,0.000,0.0
44.2653,25795,296483,0.000,0.000,0.0,0.000,0.000,0.0,0.000,0.000,0.0
44.2653,25796,296488,0.000,0.000,0.0,0.000,0.000,0.0,0.000,0.000,0.0
44.2653,25797,296493,0.000,0.000,0.0,0.000,0.000,0.0,0.000,0.000,0.0
44.2653,25798,296498,0.000,0.000,0.0,0.000,0.000,0.0,0.000,0.000,0.0
44.2653,25799,296503,0.000,0.000,0.0,0.000,0.000,0.0,0.000,0.000,0.0
44.2653,25800,296508,0.000,0.000,0.0,0.000,0.000,0.0,0.000,0.000,0.0
44.2653,25801,296513,0.000,0.000,0.0,0.000,0.000,0.0,0.000,0.000,0.0
44.2653,25802,296518,0.000,0.000,0.0,0.000,0.000,0.0,0.000,0.000,0.0
44.2653,25803,296523,0.000,0.000,0.0,0.000,0.000,0.0,0.000,0.000,0.0
44.2653,25804,296528,0.000,0.000,0.0,0.000,0.000,0.0,0.000,0.000,0.0
44.2653,25805,296533,0.000,0.000,0.0,0.000,0.000,0.0,0.000,0.000,0.0
44.2653,25806,296538,0.000,0.000,0.0,0.000,0.000,0.0,0.000,0.000,0.0
44.2653,25807,296543,0.000,0.000,0.0,0.000,0.000,0.0,0.000,0.000,0.0
44.2653,25808,296548,0.000,0.000,0.0,0.000,0.000,0.0,0.000,0.000,0.0
44.2653,25809,296553,0.000,0.000,0.0,0.000,0.000,0.0,0.000,0.000,0.0
44.3849,25810,296558,0.000,0.000,0.0,0.000,0.000,0.0,0.000,0.000,0.0
44.3849,25811,296563,0.000,0.000,0.0,0.000,0.000,0.0,0.000,0.000,0.0
44.3849,25812,296568,0.000,0.000,0.0,0.000,0.000,0.0,0.000,0.000,0.0
44.3849,25813,296573,0.000,0.000,0.0,0.000,0.000,0.0,0.000,0.000,0.0
44.3849,25814,296578,0.000,0.000,0.0,0.000,0.000,0.0,0.000,0.000,0.0
44.3849,25815,296583,0.000,0.000,0.0,0.000,0.000,0.0,0.000,0.000,0.0
44.3849,25816,296588,0.000,0.000,0.0,0.000,0.000,0.0,0.000,0.000,0.0
44.3849,25817,296593,0.000,0.000,0.0,0.000,0.000,0.0,0.000,0.000,0.0
44.3849,25818,296598,0.000,0.000,0.0,0.000,0.000,0.0,0.000,0.000,0.0
44.3849,25819,296603,0.000,0.000,0.0,0.000,0.000,0.0,0.000,0.000,0.0
44.3849,25820,296608,0.000,0.000,0.0,0.000,0.000,0.0,0.000,0.000,0.0
44.3849,25821,296613,0.000,0.000,0.0,0.000,0.000,0.0,0.000,0.000,0.0
44.3849,25822,296618,0.000,0.000,0.0,0.000,0.000,0.0,0.000,0.000,0.0
44.3849,25823,296623,0.000,0.000,0.0,0.000,0.000,0.0,0.000,0.000,0.0
44.3849,25824,296628,0.000,0.000,0.0,0.000,0.000,0.0,0.000,0.000,0.0
44.3849,25825,296633,0.000,0.000,0.0,0.000,0.000,0.0,0.000,0.000,0.0
44.3849,25826,296638,0.000,0.000,0.0,0.000,0.000,0.0,0.000,0.000,0.0
44.3849,25827,296643,0.000,0.000,0.0,0.000,0.000,0.0,0.000,0.000,0.0
44.3849,25828,296648,0.000,0.000,0.0,0.000,0.000,0.0,0.000,0.000,0.0
44.3849,25829,296653,0.000,0.000,0.0,0.000,0.000,0.0,0.000,0.000,0.0
44.3849,25830,296658,0.000,0.000,0.0,0.000,0.000,0.0,0.000,0.000,0.0
44.3849,25831,296663,0.000,0.000,0.0,0.000,0.000,0.0,0.000,0.000,0.0
44.3849,25832,296668,0.000,0.000,0.0,0.000,0.000,0.0,0.000,0.000,0.0
44.3849,25833,296673,0.000,0.000,0.0,0.000,0.000,0.0,0.000,0.000,0.0
44.5052,25834,296678,0.000,0.000,0.0,0.000,0.000,0.0,0.000,0.000,0.0
44.5052,25835,296683,0.000,0.000,0.0,0.000,0.000,0.0,0.000,0.000,0.0
44.5052,25836,296688,0.000,0.000,0.0,0.000,0.000,0.0,0.000,0.000,0.0
44.5052,25837,296693,0.000,0.000,0.0,0.000,0.000,0.0,0.000,0.000,0.0
44.5052,25838,296698,0.000,0.000,0.0,0.000,0.000,0.0,0.000,0.000,0.0
44.5052,25839,296703,0.000,0.000,0.0,0.000,0.000,0.0,0.000,0.000,0.0
44.5052,25840,296708,0.000,0.000,0.0,0.000,0.000,0.0,0.000,0.000,0.0
44.5052,25841,296713,0.000,0.000,0.0,0.000,0.000,0.0,0.000,0.000,0.0
44.5052,25842,296718,0.000,0.000,0.0,0.000,0.000,0.0,0.000,0.000,0.0
44.5052,25843,296723,0.000,0.000,0.0,0.000,0.000,0.0,0.000,0.000,0.0
44.5052,25844,296728,0.000,0.000,0.0,0.000,0.000,0.0,0.000,0.000,0.0
44.5052,25845,296733,0.000,0.000,0.0,0.000,0.000,0.0,0.000,0.000,0.0
44.5052,25846,296738,0.000,0.000,0.0,0.000,0.000,0.0,0.000,0.000,0.0
44.5052,25847,296743,0.000,0.000,0.0,0.000,0.000,0.0,0.000,0.000,0.0
44.5052,25848,296748,0.000,0.000,0.0,0.000,0.000,0.0,0.000,0.000,0.0
44.5052,25849,296753,0.000,0.000,0.0,0.000,0.000,0.0,0.000,0.000,0.0
44.5052,25850,296758,0.000,0.000,0.0,0.000,0.000,0.0,0.000,0.000,0.0
44.5052,25851,296763,0.000,0.000,0.0,0.000,0.000,0.0,0.000,0.000,0.0
44.5052,25852,296768,0.000,0.000,0.0,0.000,0.000,0.0,0.000,0.000,0.0
44.5052,25853,296773,0.000,0.000,0.0,0.000,0.000,0.0,0.000,0.000,0.0
44.5052,25854,296778,0.000,0.000,0.0,0.000,0.000,0.0,0.000,0.000,0.0
44.5052,25855,296783,0.000,0.000,0.0,0.000,0.000,0.0,0.000,0.000,0.0
44.5052,25856,296788,0.000,0.000,0.0,0.000,0.000,0.0,0.000,0.000,0.0
44.5052,25857,296793,0.000,0.000,0.0,0.000,0.000,0.0,0.000,0.000,0.0
44.5640,25858,296798,0.000,0.000,0.0,0.000,0.000,0.0,0.000,0.000,0.0
44.5640,25859,296803,0.000,0.000,0.0,0.000,0.000,0.0,0.000,0.000,0.0
44.5640,25860,296808,0.000,0.000,0.0,0.000,0.000,0.0,0.000,0.000,0.0
44.5640,25861,296813,0.000,0.000,0.0,0.000,0.000,0.0,0.000,0.000,0.0
44.5640,25862,296818,0.000,0.000,0.0,0.000,0.000,0.0,0.000,0.000,0.0
44.5640,25863,296823,0.000,0.000,0.0,0.000,0.000,0.0,0.000,0.000,0.0
44.5640,25864,296828,0.000,0.000,0.0,0.000,0.000,0.0,0.000,0.000,0.0
44.5640,25865,296833,0.000,0.000,0.0,0.000,0.000,0.0,0.000,0.000,0.0
44.5640,25866,296838,0.000,0.000,0.0,0.000,0.000,0.0,0.000,0.000,0.0
44.5640,25867,296843,0.000,0.000,0.0,0.000,0.000,0.0,0.000,0.000,0.0
44.5640,25868,296848,0.000,0.000,0.0,0.000,0.000,0.0,0.000,0.000,0.0
44.5640,25869,296853,0.000,0.000,0.0,0.000,0.000,0.0,0.000,0.000,0.0
44.5640,25870,296858,0.000,0.000,0.0,0.000,0.000,0.0,0.000,0.000,0.0
44.5640,25871,296863,0.000,0.000,0.0,0.000,0.000,0.0,0.000,0.000,0.0
44.5640,25872,296868,0.000,0.000,0.0,0.000,0.000,0.0,0.000,0.000,0.0
44.5640,25873,296873,0.000,0.000,0.0,0.000,0.000,0.0,0.000,0.000,0.0
44.6757,25874,296878,0.000,0.000,0.0,0.000,0.000,0.0,0.000,0.000,0.0
44.6757,25875,296883,0.000,0.000,0.0,0.000,0.000,0.0,0.000,0.000,0.0
44.6757,25876,296888,0.000,0.000,0.0,0.000,0.000,0.0,0.000,0.000,0.0
44.6757,25877,296893,0.000,0.000,0.0,0.000,0.000,0.0,0.000,0.000,0.0
44.6757,25878,296898,0.000,0.000,0.0,0.000,0.000,0.0,0.000,0.000,0.0
44.6757,25879,296903,0.000,0.000,0.0,0.000,0.000,0.0,0.000,0.000,0.0
44.6757,25880,296908,0.000,0.000,0.0,0.000,0.000,0.0,0.000,0.000,0.0
44.6757,25881,296913,0.000,0.000,0.0,0.000,0.000,0.0,0.000,0.000,0.0
44.6757,25882,296918,0.000,0.000,0.0,0.000,0.000,0.0,0.000,0.000,0.0
44.6757,25883,296923,0.000,0.000,0.0,0.000,0.000,0.0,0.000,0.000,0.0
44.6757,25884,296928,0.000,0.000,0.0,0.000,0.000,0.0,0.000,0.000,0.0
44.6757,25885,296933,0.000,0.000,0.0,0.000,0.000,0.0,0.000,0.000,0.0
44.6757,25886,296938,0.000,0.000,0.0,0.000,0.000,0.0,0.000,0.000,0.0
44.6757,25887,296943,0.000,0.000,0.0,0.000,0.000,0.0,0.000,0.000,0.0
44.6757,25888,296948,0.000,0.000,0.0,0.000,0.000,0.0,0.000,0.000,0.0
44.6757,25889,296953,0.000,0.000,0.0,0.000,0.000,0.0,0.000,0.000,0.0
44.7882,25890,296958,0.000,0.000,0.0,0.000,0.000,0.0,0.000,0.000,0.0
44.7882,25891,296963,0.000,0.000,0.0,0.000,0.000,0.0,0.000,0.000,0.0
44.7882,25892,296968,0.000,0.000,0.0,0.000,0.000,0.0,0.000,0.000,0.0
44.7882,25893,296973,0.000,0.000,0.0,0.000,0.000,0.0,0.000,0.000,0.0
44.7882,25894,296978,0.000,0.000,0.0,0.000,0.000,0.0,0.000,0.000,0.0
44.7882,25895,296983,0.000,0.000,0.0,0.000,0.000,0.0,0.000,0.000,0.0
44.7882,25896,296988,0.000,0.000,0.0,0.000,0.000,0.0,0.000,0.000,0.0
44.7882,25897,296993,0.000,0.000,0.0,0.000,0.000,0.0,0.000,0.000,0.0
44.7882,25898,296998,0.000,0.000,0.0,0.000,0.000,0.0,0.000,0.000,0.0
44.7882,25899,297003,0.000,0.000,0.0,0.000,0.000,0.0,0.000,0.000,0.0
44.7882,25900,297008,0.000,0.000,0.0,0.000,0.000,0.0,0.000,0.000,0.0
44.7882,25901,297013,0.000,0.000,0.0,0.000,0.000,0.0,0.000,0.000,0.0
44.7882,25902,297018,0.000,0.000,0.0,0.000,0.000,0.0,0.000,0.000,0.0
44.7882,25903,297023,0.000,0.000,0.0,0.000,0.000,0.0,0.000,0.000,0.0
44.7882,25904,297028,0.000,0.000,0.0,0.000,0.000,0.0,0.000,0.000,0.0
44.7882,25905,297033,0.000,0.000,0.0,0.000,0.000,0.0,0.000,0.000,0.0
44.7882,25906,297038,0.000,0.000,0.0,0.000,0.000,0.0,0.000,0.000,0.0
44.7882,25907,297043,0.000,0.000,0.0,0.000,0.000,0.0,0.000,0.000,0.0
44.7882,25908,297048,0.000,0.000,0.0,0.000,0.000,0.0,0.000,0.000,0.0
44.7882,25909,297053,0.000,0.000,0.0,0.000,0.000,0.0,0.000,0.000,0.0
44.7882,25910,297058,0.000,0.000,0.0,0.000,0.000,0.0,0.000,0.000,0.0
44.7882,25911,297063,0.000,0.000,0.0,0.000,0.000,0.0,0.000,0.000,0.0
44.7882,25912,297068,0.000,0.000,0.0,0.000,0.000,0.0,0.000,0.000,0.0
44.7882,25913,297073,0.000,0.000,0.0,0.000,0.000,0.0,0.000,0.000,0.0
44.8500,25914,297078,0.000,0.000,0.0,0.000,0.000,0.0,0.000,0.000,0.0
44.8500,25915,297083,0.000,0.000,0.0,0.000,0.000,0.0,0.000,0.000,0.0
44.8500,25916,297088,0.000,0.000,0.0,0.000,0.000,0.0,0.000,0.000,0.0
44.8500,25917,297093,0.000,0.000,0.0,0.000,0.000,0.0,0.000,0.000,0.0
44.8500,25918,297098,0.000,0.000,0.0,0.000,0.000,0.0,0.000,0.000,0.0
44.8500,25919,297103,0.000,0.000,0.0,0.000,0.000,0.0,0.000,0.000,0.0
44.8500,25920,297108,0.000,0.000,0.0,0.000,0.000,0.0,0.000,0.000,0.0
44.8500,25921,297113,0.000,0.000,0.0,0.000,0.000,0.0,0.000,0.000,0.0
44.8500,25922,297118,0.000,0.000,0.0,0.000,0.000,0.0,0.000,0.000,0.0
44.8500,25923,297123,0.000,0.000,0.0,0.000,0.000,0.0,0.000,0.000,0.0
44.8500,25924,297128,0.000,0.000,0.0,0.000,0.000,0.0,0.000,0.000,0.0
44.8500,25925,297133,0.000,0.000,0.0,0.000,0.000,0.0,0.000,0.000,0.0
44.8500,25926,297138,0.000,0.000,0.0,0.000,0.000,0.0,0.000,0.000,0.0
44.8500,25927,297143,0.000,0.000,0.0,0.000,0.000,0.0,0.000,0.000,0.0
44.8500,25928,297148,0.000,0.000,0.0,0.000,0.000,0.0,0.000,0.000,0.0
44.8500,25929,297153,0.000,0.000,0.0,0.000,0.000,0.0,0.000,0.000,0.0
44.9207,25930,297158,0.000,0.000,0.0,0.000,0.000,0.0,0.000,0.000,0.0
44.9207,25931,297163,0.000,0.000,0.0,0.000,0.000,0.0,0.000,0.000,0.0
44.9207,25932,297168,0.000,0.000,0.0,0.000,0.000,0.0,0.000,0.000,0.0
44.9207,25933,297173,0.000,0.000,0.0,0.000,0.000,0.0,0.000,0.000,0.0
44.9207,25934,297178,0.000,0.000,0.0,0.000,0.000,0.0,0.000,0.000,0.0
44.9207,25935,297183,0.000,0.000,0.0,0.000,0.000,0.0,0.000,0.000,0.0
44.9207,25936,297188,0.000,0.000,0.0,0.000,0.000,0.0,0.000,0.000,0.0
44.9207,25937,297193,0.000,0.000,0.0,0.000,0.000,0.0,0.000,0.000,0.0
44.9207,25938,297198,0.000,0.000,0.0,0.000,0.000,0.0,0.000,0.000,0.0
44.9207,25939,297203,0.000,0.000,0.0,0.000,0.000,0.0,0.000,0.000,0.0
44.9207,25940,297208,0.000,0.000,0.0,0.000,0.000,0.0,0.000,0.000,0.0
44.9207,25941,297213,0.000,0.000,0.0,0.000,0.000,0.0,0.000,0.000,0.0
44.9207,25942,297218,0.000,0.000,0.0,0.000,0.000,0.0,0.000,0.000,0.0
44.9207,25943,297223,0.000,0.000,0.0,0.000,0.000,0.0,0.000,0.000,0.0
44.9207,25944,297228,0.000,0.000,0.0,0.000,0.000,0.0,0.000,0.000,0.0
44.9207,25945,297233,0.000,0.000,0.0,0.000,0.000,0.0,0.000,0.000,0.0
45.0341,25946,297238,0.000,0.000,0.0,0.000,0.000,0.0,0.000,0.000,0.0
45.0341,25947,297243,0.000,0.000,0.0,0.000,0.000,0.0,0.000,0.000,0.0
45.0341,25948,297248,0.000,0.000,0.0,0.000,0.000,0.0,0.000,0.000,0.0
45.0341,25949,297253,0.000,0.000,0.0,0.000,0.000,0.0,0.000,0.000,0.0
45.0341,25950,297258,0.000,0.000,0.0,0.000,0.000,0.0,0.000,0.000,0.0
45.0341,25951,297263,0.000,0.000,0.0,0.000,0.000,0.0,0.000,0.000,0.0
45.0341,25952,297268,0.000,0.000,0.0,0.000,0.000,0.0,0.000,0.000,0.0
45.0341,25953,297273,0.000,0.000,0.0,0.000,0.000,0.0,0.000,0.000,0.0
45.0341,25954,297278,0.000,0.000,0.0,0.000,0.000,0.0,0.000,0.000,0.0
45.0341,25955,297283,0.000,0.000,0.0,0.000,0.000,0.0,0.000,0.000,0.0
45.0341,25956,297288,0.000,0.000,0.0,0.000,0.000,0.0,0.000,0.000,0.0
45.0341,25957,297293,0.000,0.000,0.0,0.000,0.000,0.0,0.000,0.000,0.0
45.0341,25958,297298,0.000,0.000,0.0,0.000,0.000,0.0,0.000,0.000,0.0
45.0341,25959,297303,0.000,0.000,0.0,0.000,0.000,0.0,0.000,0.000,0.0
45.0341,25960,297308,0.000,0.000,0.0,0.000,0.000,0.0,0.000,0.000,0.0
45.0341,25961,297313,0.000,0.000,0.0,0.000,0.000,0.0,0.000,0.000,0.0
45.1453,25962,297318,0.000,0.000,0.0,0.000,0.000,0.0,0.000,0.000,0.0
45.1453,25963,297323,0.000,0.000,0.0,0.000,0.000,0.0,0.000,0.000,0.0
45.1453,25964,297328,0.000,0.000,0.0,0.000,0.000,0.0,0.000,0.000,0.0
45.1453,25965,297333,0.000,0.000,0.0,0.000,0.000,0.0,0.000,0.000,0.0
45.1453,25966,297338,0.000,0.000,0.0,0.000,0.000,0.0,0.000,0.000,0.0
45.1453,25967,297343,0.000,0.000,0.0,0.000,0.000,0.0,0.000,0.000,0.0
45.1453,25968,297348,0.000,0.000,0.0,0.000,0.000,0.0,0.000,0.000,0.0
45.1453,25969,297353,0.000,0.000,0.0,0.000,0.000,0.0,0.000,0.000,0.0
45.1453,25970,297358,0.000,0.000,0.0,0.000,0.000,0.0,0.000,0.000,0.0
45.1453,25971,297363,0.000,0.000,0.0,0.000,0.000,0.0,0.000,0.000,0.0
45.1453,25972,297368,0.000,0.000,0.0,0.000,0.000,0.0,0.000,0.000,0.0
45.1453,25973,297373,0.000,0.000,0.0,0.000,0.000,0.0,0.000,0.000,0.0
45.1453,25974,297378,0.000,0.000,0.0,0.000,0.000,0.0,0.000,0.000,0.0
45.1453,25975,297383,0.000,0.000,0.0,0.000,0.000,0.0,0.000,0.000,0.0
45.1453,25976,297388,0.000,0.000,0.0,0.000,0.000,0.0,0.000,0.000,0.0
45.1453,25977,297393,0.000,0.000,0.0,0.000,0.000,0.0,0.000,0.000,0.0
45.1453,25978,297398,0.000,0.000,0.0,0.000,0.000,0.0,0.000,0.000,0.0
45.1453,25979,297403,0.000,0.000,0.0,0.000,0.000,0.0,0.000,0.000,0.0
45.1453,25980,297408,0.000,0.000,0.0,0.000,0.000,0.0,0.000,0.000,0.0
45.1453,25981,297413,0.000,0.000,0.0,0.000,0.000,0.0,0.000,0.000,0.0
45.1453,25982,297418,0.000,0.000,0.0,0.000,0.000,0.0,0.000,0.000,0.0
45.1453,25983,297423,0.000,0.000,0.0,0.000,0.000,0.0,0.000,0.000,0.0
45.1453,25984,297428,0.000,0.000,0.0,0.000,0.000,0.0,0.000,0.000,0.0
45.1453,25985,297433,0.000,0.000,0.0,0.000,0.000,0.0,0.000,0.000,0.0
45.2280,25986,297438,0.000,0.000,0.0,0.000,0.000,0.0,0.000,0.000,0.0
45.2280,25987,297443,0.000,0.000,0.0,0.000,0.000,0.0,0.000,0.000,0.0
45.2280,25988,297448,0.000,0.000,0.0,0.000,0.000,0.0,0.000,0.000,0.0
45.2280,25989,297453,0.000,0.000,0.0,0.000,0.000,0.0,0.000,0.000,0.0
45.2280,25990,297458,0.000,0.000,0.0,0.000,0.000,0.0,0.000,0.000,0.0
45.2280,25991,297463,0.000,0.000,0.0,0.000,0.000,0.0,0.000,0.000,0.0
45.2280,25992,297468,0.000,0.000,0.0,0.000,0.000,0.0,0.000,0.000,0.0
45.2280,25993,297473,0.000,0.000,0.0,0.000,0.000,0.0,0.000,0.000,0.0
45.2280,25994,297478,0.000,0.000,0.0,0.000,0.000,0.0,0.000,0.000,0.0
45.2280,25995,297483,0.000,0.000,0.0,0.000,0.000,0.0,0.000,0.000,0.0
45.2280,25996,297488,0.000,0.000,0.0,0.000,0.000,0.0,0.000,0.000,0.0
45.2280,25997,297493,0.000,0.000,0.0,0.000,0.000,0.0,0.000,0.000,0.0
45.2280,25998,297498,0.000,0.000,0.0,0.000,0.000,0.0,0.000,0.000,0.0
45.2280,25999,297503,0.000,0.000,0.0,0.000,0.000,0.0,0.000,0.000,0.0
45.2280,26000,297508,0.000,0.000,0.0,0.000,0.000,0.0,0.000,0.000,0.0
45.2280,26001,297513,0.000,0.000,0.0,0.000,0.000,0.0,0.000,0.000,0.0
45.2838,26002,297518,0.000,0.000,0.0,0.000,0.000,0.0,0.000,0.000,0.0
45.2838,26003,297523,0.000,0.000,0.0,0.000,0.000,0.0,0.000,0.000,0.0
45.2838,26004,297528,0.000,0.000,0.0,0.000,0.000,0.0,0.000,0.000,0.0
45.2838,26005,297533,0.000,0.000,0.0,0.000,0.000,0.0,0.000,0.000,0.0
45.2838,26006,297538,0.000,0.000,0.0,0.000,0.000,0.0,0.000,0.000,0.0
45.2838,26007,297543,0.000,0.000,0.0,0.000,0.000,0.0,0.000,0.000,0.0
45.2838,26008,297548,0.000,0.000,0.0,0.000,0.000,0.0,0.000,0.000,0.0
45.2838,26009,297553,0.000,0.000,0.0,0.000,0.000,0.0,0.000,0.000,0.0
45.2838,26010,297558,0.000,0.000,0.0,0.000,0.000,0.0,0.000,0.000,0.0
45.2838,26011,297563,0.000,0.000,0.0,0.000,0.000,0.0,0.000,0.000,0.0
45.2838,26012,297568,0.000,0.000,0.0,0.000,0.000,0.0,0.000,0.000,0.0
45.2838,26013,297573,0.000,0.000,0.0,0.000,0.000,0.0,0.000,0.000,0.0
45.2838,26014,297578,0.000,0.000,0.0,0.000,0.000,0.0,0.000,0.000,0.0
45.2838,26015,297583,0.000,0.000,0.0,0.000,0.000,0.0,0.000,0.000,0.0
45.2838,26016,297588,0.000,0.000,0.0,0.000,0.000,0.0,0.000,0.000,0.0
45.2838,26017,297593,0.000,0.000,0.0,0.000,0.000,0.0,0.000,0.000,0.0
45.3890,26018,297598,0.000,0.000,0.0,0.000,0.000,0.0,0.000,0.000,0.0
45.3890,26019,297603,0.000,0.000,0.0,0.000,0.000,0.0,0.000,0.000,0.0
45.3890,26020,297608,0.000,0.000,0.0,0.000,0.000,0.0,0.000,0.000,0.0
45.3890,26021,297613,0.000,0.000,0.0,0.000,0.000,0.0,0.000,0.000,0.0
45.3890,26022,297618,0.000,0.000,0.0,0.000,0.000,0.0,0.000,0.000,0.0
45.3890,26023,297623,0.000,0.000,0.0,0.000,0.000,0.0,0.000,0.000,0.0
45.3890,26024,297628,0.000,0.000,0.0,0.000,0.000,0.0,0.000,0.000,0.0
45.3890,26025,297633,0.000,0.000,0.0,0.000,0.000,0.0,0.000,0.000,0.0
45.3890,26026,297638,0.000,0.000,0.0,0.000,0.000,0.0,0.000,0.000,0.0
45.3890,26027,297643,0.000,0.000,0.0,0.000,0.000,0.0,0.000,0.000,0.0
45.3890,26028,297648,0.000,0.000,0.0,0.000,0.000,0.0,0.000,0.000,0.0
45.3890,26029,297653,0.000,0.000,0.0,0.000,0.000,0.0,0.000,0.000,0.0
45.3890,26030,297658,0.000,0.000,0.0,0.000,0.000,0.0,0.000,0.000,0.0
45.3890,26031,297663,0.000,0.000,0.0,0.000,0.000,0.0,0.000,0.000,0.0
45.3890,26032,297668,0.000,0.000,0.0,0.000,0.000,0.0,0.000,0.000,0.0
45.3890,26033,297673,0.000,0.000,0.0,0.000,0.000,0.0,0.000,0.000,0.0
45.5376,26034,297678,0.000,0.000,0.0,0.000,0.000,0.0,0.000,0.000,0.0
45.5376,26035,297683,0.000,0.000,0.0,0.000,0.000,0.0,0.000,0.000,0.0
45.5376,26036,297688,0.000,0.000,0.0,0.000,0.000,0.0,0.000,0.000,0.0
45.5376,26037,297693,0.000,0.000,0.0,0.000,0.000,0.0,0.000,0.000,0.0
45.5376,26038,297698,0.000,0.000,0.0,0.000,0.000,0.0,0.000,0.000,0.0
45.5376,26039,297703,0.000,0.000,0.0,0.000,0.000,0.0,0.000,0.000,0.0
45.5376,26040,297708,0.000,0.000,0.0,0.000,0.000,0.0,0.000,0.000,0.0
45.5376,26041,297713,0.000,0.000,0.0,0.000,0.000,0.0,0.000,0.000,0.0
45.5376,26042,297718,0.000,0.000,0.0,0.000,0.000,0.0,0.000,0.000,0.0
45.5376,26043,297723,0.000,0.000,0.0,0.000,0.000,0.0,0.000,0.000,0.0
45.5376,26044,297728,0.000,0.000,0.0,0.000,0.000,0.0,0.000,0.000,0.0
45.5376,26045,297733,0.000,0.000,0.0,0.000,0.000,0.0,0.000,0.000,0.0
45.5376,26046,297738,0.000,0.000,0.0,0.000,0.000,0.0,0.000,0.000,0.0
45.5376,26047,297743,0.000,0.000,0.0,0.000,0.000,0.0,0.000,0.000,0.0
45.5376,26048,297748,0.000,0.000,0.0,0.000,0.000,0.0,0.000,0.000,0.0
45.5376,26049,297753,0.000,0.000,0.0,0.000,0.000,0.0,0.000,0.000,0.0
45.5385,26050,297758,0.000,0.000,0.0,0.000,0.000,0.0,0.000,0.000,0.0
45.5385,26051,297763,0.000,0.000,0.0,0.000,0.000,0.0,0.000,0.000,0.0
45.5385,26052,297768,0.000,0.000,0.0,0.000,0.000,0.0,0.000,0.000,0.0
45.5385,26053,297773,0.000,0.000,0.0,0.000,0.000,0.0,0.000,0.000,0.0
45.5385,26054,297778,0.000,0.000,0.0,0.000,0.000,0.0,0.000,0.000,0.0
45.5385,26055,297783,0.000,0.000,0.0,0.000,0.000,0.0,0.000,0.000,0.0
45.5385,26056,297788,0.000,0.000,0.0,0.000,0.000,0.0,0.000,0.000,0.0
45.5385,26057,297793,0.000,0.000,0.0,0.000,0.000,0.0,0.000,0.000,0.0
45.6390,26058,297798,0.000,0.000,0.0,0.000,0.000,0.0,0.000,0.000,0.0
45.6390,26059,297803,0.000,0.000,0.0,0.000,0.000,0.0,0.000,0.000,0.0
45.6390,26060,297808,0.000,0.000,0.0,0.000,0.000,0.0,0.000,0.000,0.0
45.6390,26061,297813,0.000,0.000,0.0,0.000,0.000,0.0,0.000,0.000,0.0
45.6390,26062,297818,0.000,0.000,0.0,0.000,0.000,0.0,0.000,0.000,0.0
45.6390,26063,297823,0.000,0.000,0.0,0.000,0.000,0.0,0.000,0.000,0.0
45.6390,26064,297828,0.000,0.000,0.0,0.000,0.000,0.0,0.000,0.000,0.0
45.6390,26065,297833,0.000,0.000,0.0,0.000,0.000,0.0,0.000,0.000,0.0
45.6390,26066,297838,0.000,0.000,0.0,0.000,0.000,0.0,0.000,0.000,0.0
45.6390,26067,297843,0.000,0.000,0.0,0.000,0.000,0.0,0.000,0.000,0.0
45.6390,26068,297848,0.000,0.000,0.0,0.000,0.000,0.0,0.000,0.000,0.0
45.6390,26069,297853,0.000,0.000,0.0,0.000,0.000,0.0,0.000,0.000,0.0
45.6390,26070,297858,0.000,0.000,0.0,0.000,0.000,0.0,0.000,0.000,0.0
45.6390,26071,297863,0.000,0.000,0.0,0.000,0.000,0.0,0.000,0.000,0.0
45.6390,26072,297868,0.000,0.000,0.0,0.000,0.000,0.0,0.000,0.000,0.0
45.6390,26073,297873,0.000,0.000,0.0,0.000,0.000,0.0,0.000,0.000,0.0
45.6390,26074,297878,0.000,0.000,0.0,0.000,0.000,0.0,0.000,0.000,0.0
45.6390,26075,297883,0.000,0.000,0.0,0.000,0.000,0.0,0.000,0.000,0.0
45.6390,26076,297888,0.000,0.000,0.0,0.000,0.000,0.0,0.000,0.000,0.0
45.6390,26077,297893,0.000,0.000,0.0,0.000,0.000,0.0,0.000,0.000,0.0
45.6390,26078,297898,0.000,0.000,0.0,0.000,0.000,0.0,0.000,0.000,0.0
45.6390,26079,297903,0.000,0.000,0.0,0.000,0.000,0.0,0.000,0.000,0.0
45.6390,26080,297908,0.000,0.000,0.0,0.000,0.000,0.0,0.000,0.000,0.0
45.6390,26081,297913,0.000,0.000,0.0,0.000,0.000,0.0,0.000,0.000,0.0
45.6959,26082,297918,0.000,0.000,0.0,0.000,0.000,0.0,0.000,0.000,0.0
45.6959,26083,297923,0.000,0.000,0.0,0.000,0.000,0.0,0.000,0.000,0.0
45.6959,26084,297928,0.000,0.000,0.0,0.000,0.000,0.0,0.000,0.000,0.0
45.6959,26085,297933,0.000,0.000,0.0,0.000,0.000,0.0,0.000,0.000,0.0
45.6959,26086,297938,0.000,0.000,0.0,0.000,0.000,0.0,0.000,0.000,0.0
45.6959,26087,297943,0.000,0.000,0.0,0.000,0.000,0.0,0.000,0.000,0.0
45.6959,26088,297948,0.000,0.000,0.0,0.000,0.000,0.0,0.000,0.000,0.0
45.6959,26089,297953,0.000,0.000,0.0,0.000,0.000,0.0,0.000,0.000,0.0
45.6959,26090,297958,0.000,0.000,0.0,0.000,0.000,0.0,0.000,0.000,0.0
45.6959,26091,297963,0.000,0.000,0.0,0.000,0.000,0.0,0.000,0.000,0.0
45.6959,26092,297968,0.000,0.000,0.0,0.000,0.000,0.0,0.000,0.000,0.0
45.6959,26093,297973,0.000,0.000,0.0,0.000,0.000,0.0,0.000,0.000,0.0
45.6959,26094,297978,0.000,0.000,0.0,0.000,0.000,0.0,0.000,0.000,0.0
45.6959,26095,297983,0.000,0.000,0.0,0.000,0.000,0.0,0.000,0.000,0.0
45.6959,26096,297988,0.000,0.000,0.0,0.000,0.000,0.0,0.000,0.000,0.0
45.6959,26097,297993,0.000,0.000,0.0,0.000,0.000,0.0,0.000,0.000,0.0
45.7743,26098,297998,0.000,0.000,0.0,0.000,0.000,0.0,0.000,0.000,0.0
45.7743,26099,298003,0.000,0.000,0.0,0.000,0.000,0.0,0.000,0.000,0.0
45.7743,26100,298008,0.000,0.000,0.0,0.000,0.000,0.0,0.000,0.000,0.0
45.7743,26101,298013,0.000,0.000,0.0,0.000,0.000,0.0,0.000,0.000,0.0
45.7743,26102,298018,0.000,0.000,0.0,0.000,0.000,0.0,0.000,0.000,0.0
45.7743,26103,298023,0.000,0.000,0.0,0.000,0.000,0.0,0.000,0.000,0.0
45.7743,26104,298028,0.000,0.000,0.0,0.000,0.000,0.0,0.000,0.000,0.0
45.7743,26105,298033,0.000,0.000,0.0,0.000,0.000,0.0,0.000,0.000,0.0
45.7743,26106,298038,0.000,0.000,0.0,0.000,0.000,0.0,0.000,0.000,0.0
45.7743,26107,298043,0.000,0.000,0.0,0.000,0.000,0.0,0.000,0.000,0.0
45.7743,26108,298048,0.000,0.000,0.0,0.000,0.000,0.0,0.000,0.000,0.0
45.7743,26109,298053,0.000,0.000,0.0,0.000,0.000,0.0,0.000,0.000,0.0
45.7743,26110,298058,0.000,0.000,0.0,0.000,0.000,0.0,0.000,0.000,0.0
45.7743,26111,298063,0.000,0.000,0.0,0.000,0.000,0.0,0.000,0.000,0.0
45.7743,26112,298068,0.000,0.000,0.0,0.000,0.000,0.0,0.000,0.000,0.0
45.7743,26113,298073,0.000,0.000,0.0,0.000,0.000,0.0,0.000,0.000,0.0
45.8716,26114,298078,0.000,0.000,0.0,0.000,0.000,0.0,0.000,0.000,0.0
45.8716,26115,298083,0.000,0.000,0.0,0.000,0.000,0.0,0.000,0.000,0.0
45.8716,26116,298088,0.000,0.000,0.0,0.000,0.000,0.0,0.000,0.000,0.0
45.8716,26117,298093,0.000,0.000,0.0,0.000,0.000,0.0,0.000,0.000,0.0
45.8716,26118,298098,0.000,0.000,0.0,0.000,0.000,0.0,0.000,0.000,0.0
45.8716,26119,298103,0.000,0.000,0.0,0.000,0.000,0.0,0.000,0.000,0.0
45.8716,26120,298108,0.000,0.000,0.0,0.000,0.000,0.0,0.000,0.000,0.0
45.8716,26121,298113,0.000,0.000,0.0,0.000,0.000,0.0,0.000,0.000,0.0
45.8716,26122,298118,0.000,0.000,0.0,0.000,0.000,0.0,0.000,0.000,0.0
45.8716,26123,298123,0.000,0.000,0.0,0.000,0.000,0.0,0.000,0.000,0.0
45.8716,26124,298128,0.000,0.000,0.0,0.000,0.000,0.0,0.000,0.000,0.0
45.8716,26125,298133,0.000,0.000,0.0,0.000,0.000,0.0,0.000,0.000,0.0
45.8716,26126,298138,0.000,0.000,0.0,0.000,0.000,0.0,0.000,0.000,0.0
45.8716,26127,298143,0.000,0.000,0.0,0.000,0.000,0.0,0.000,0.000,0.0
45.8716,26128,298148,0.000,0.000,0.0,0.000,0.000,0.0,0.000,0.000,0.0
45.8716,26129,298153,0.000,0.000,0.0,0.000,0.000,0.0,0.000,0.000,0.0
45.9294,26130,298158,0.000,0.000,0.0,0.000,0.000,0.0,0.000,0.000,0.0
45.9294,26131,298163,0.000,0.000,0.0,0.000,0.000,0.0,0.000,0.000,0.0
45.9294,26132,298168,0.000,0.000,0.0,0.000,0.000,0.0,0.000,0.000,0.0
45.9294,26133,298173,0.000,0.000,0.0,0.000,0.000,0.0,0.000,0.000,0.0
45.9294,26134,298178,0.000,0.000,0.0,0.000,0.000,0.0,0.000,0.000,0.0
45.9294,26135,298183,0.000,0.000,0.0,0.000,0.000,0.0,0.000,0.000,0.0
45.9294,26136,298188,0.000,0.000,0.0,0.000,0.000,0.0,0.000,0.000,0.0
45.9294,26137,298193,0.000,0.000,0.0,0.000,0.000,0.0,0.000,0.000,0.0
45.9294,26138,298198,0.000,0.000,0.0,0.000,0.000,0.0,0.000,0.000,0.0
45.9294,26139,298203,0.000,0.000,0.0,0.000,0.000,0.0,0.000,0.000,0.0
45.9294,26140,298208,0.000,0.000,0.0,0.000,0.000,0.0,0.000,0.000,0.0
45.9294,26141,298213,0.000,0.000,0.0,0.000,0.000,0.0,0.000,0.000,0.0
45.9294,26142,298218,0.000,0.000,0.0,0.000,0.000,0.0,0.000,0.000,0.0
45.9294,26143,298223,0.000,0.000,0.0,0.000,0.000,0.0,0.000,0.000,0.0
45.9294,26144,298228,0.000,0.000,0.0,0.000,0.000,0.0,0.000,0.000,0.0
45.9294,26145,298233,0.000,0.000,0.0,0.000,0.000,0.0,0.000,0.000,0.0
46.0480,26146,298238,0.000,0.000,0.0,0.000,0.000,0.0,0.000,0.000,0.0
46.0480,26147,298243,0.000,0.000,0.0,0.000,0.000,0.0,0.000,0.000,0.0
46.0480,26148,298248,0.000,0.000,0.0,0.000,0.000,0.0,0.000,0.000,0.0
46.0480,26149,298253,0.000,0.000,0.0,0.000,0.000,0.0,0.000,0.000,0.0
46.0480,26150,298258,0.000,0.000,0.0,0.000,0.000,0.0,0.000,0.000,0.0
46.0480,26151,298263,0.000,0.000,0.0,0.000,0.000,0.0,0.000,0.000,0.0
46.0480,26152,298268,0.000,0.000,0.0,0.000,0.000,0.0,0.000,0.000,0.0
46.0480,26153,298273,0.000,0.000,0.0,0.000,0.000,0.0,0.000,0.000,0.0
46.0480,26154,298278,0.000,0.000,0.0,0.000,0.000,0.0,0.000,0.000,0.0
46.0480,26155,298283,0.000,0.000,0.0,0.000,0.000,0.0,0.000,0.000,0.0
46.0480,26156,298288,0.000,0.000,0.0,0.000,0.000,0.0,0.000,0.000,0.0
46.0480,26157,298293,0.000,0.000,0.0,0.000,0.000,0.0,0.000,0.000,0.0
46.0480,26158,298298,0.000,0.000,0.0,0.000,0.000,0.0,0.000,0.000,0.0
46.0480,26159,298303,0.000,0.000,0.0,0.000,0.000,0.0,0.000,0.000,0.0
46.0480,26160,298308,0.000,0.000,0.0,0.000,0.000,0.0,0.000,0.000,0.0
46.0480,26161,298313,0.000,0.000,0.0,0.000,0.000,0.0,0.000,0.000,0.0
46.1514,26162,298318,0.000,0.000,0.0,0.000,0.000,0.0,0.000,0.000,0.0
46.1514,26163,298323,0.000,0.000,0.0,0.000,0.000,0.0,0.000,0.000,0.0
46.1514,26164,298328,0.000,0.000,0.0,0.000,0.000,0.0,0.000,0.000,0.0
46.1514,26165,298333,0.000,0.000,0.0,0.000,0.000,0.0,0.000,0.000,0.0
46.1514,26166,298338,0.000,0.000,0.0,0.000,0.000,0.0,0.000,0.000,0.0
46.1514,26167,298343,0.000,0.000,0.0,0.000,0.000,0.0,0.000,0.000,0.0
46.1514,26168,298348,0.000,0.000,0.0,0.000,0.000,0.0,0.000,0.000,0.0
46.1514,26169,298353,0.000,0.000,0.0,0.000,0.000,0.0,0.000,0.000,0.0
46.1514,26170,298358,0.000,0.000,0.0,0.000,0.000,0.0,0.000,0.000,0.0
46.1514,26171,298363,0.000,0.000,0.0,0.000,0.000,0.0,0.000,0.000,0.0
46.1514,26172,298368,0.000,0.000,0.0,0.000,0.000,0.0,0.000,0.000,0.0
46.1514,26173,298373,0.000,0.000,0.0,0.000,0.000,0.0,0.000,0.000,0.0
46.1514,26174,298378,0.000,0.000,0.0,0.000,0.000,0.0,0.000,0.000,0.0
46.1514,26175,298383,0.000,0.000,0.0,0.000,0.000,0.0,0.000,0.000,0.0
46.1514,26176,298388,0.000,0.000,0.0,0.000,0.000,0.0,0.000,0.000,0.0
46.1514,26177,298393,0.000,0.000,0.0,0.000,0.000,0.0,0.000,0.000,0.0
46.1514,26178,298398,0.000,0.000,0.0,0.000,0.000,0.0,0.000,0.000,0.0
46.1514,26179,298403,0.000,0.000,0.0,0.000,0.000,0.0,0.000,0.000,0.0
46.1514,26180,298408,0.000,0.000,0.0,0.000,0.000,0.0,0.000,0.000,0.0
46.1514,26181,298413,0.000,0.000,0.0,0.000,0.000,0.0,0.000,0.000,0.0
46.1514,26182,298418,0.000,0.000,0.0,0.000,0.000,0.0,0.000,0.000,0.0
46.1514,26183,298423,0.000,0.000,0.0,0.000,0.000,0.0,0.000,0.000,0.0
46.1514,26184,298428,0.000,0.000,0.0,0.000,0.000,0.0,0.000,0.000,0.0
46.1514,26185,298433,0.000,0.000,0.0,0.000,0.000,0.0,0.000,0.000,0.0
46.2108,26186,298438,0.000,0.000,0.0,0.000,0.000,0.0,0.000,0.000,0.0
46.2108,26187,298443,0.000,0.000,0.0,0.000,0.000,0.0,0.000,0.000,0.0
46.2108,26188,298448,0.000,0.000,0.0,0.000,0.000,0.0,0.000,0.000,0.0
46.2108,26189,298453,0.000,0.000,0.0,0.000,0.000,0.0,0.000,0.000,0.0
46.2108,26190,298458,0.000,0.000,0.0,0.000,0.000,0.0,0.000,0.000,0.0
46.2108,26191,298463,0.000,0.000,0.0,0.000,0.000,0.0,0.000,0.000,0.0
46.2108,26192,298468,0.000,0.000,0.0,0.000,0.000,0.0,0.000,0.000,0.0
46.2108,26193,298473,0.000,0.000,0.0,0.000,0.000,0.0,0.000,0.000,0.0
46.2108,26194,298478,0.000,0.000,0.0,0.000,0.000,0.0,0.000,0.000,0.0
46.2108,26195,298483,0.000,0.000,0.0,0.000,0.000,0.0,0.000,0.000,0.0
46.2108,26196,298488,0.000,0.000,0.0,0.000,0.000,0.0,0.000,0.000,0.0
46.2108,26197,298493,0.000,0.000,0.0,0.000,0.000,0.0,0.000,0.000,0.0
46.2108,26198,298498,0.000,0.000,0.0,0.000,0.000,0.0,0.000,0.000,0.0
46.2108,26199,298503,0.000,0.000,0.0,0.000,0.000,0.0,0.000,0.000,0.0
46.2108,26200,298508,0.000,0.000,0.0,0.000,0.000,0.0,0.000,0.000,0.0
46.2108,26201,298513,0.000,0.000,0.0,0.000,0.000,0.0,0.000,0.000,0.0
46.3237,26202,298518,0.000,0.000,0.0,0.000,0.000,0.0,0.000,0.000,0.0
46.3237,26203,298523,0.000,0.000,0.0,0.000,0.000,0.0,0.000,0.000,0.0
46.3237,26204,298528,0.000,0.000,0.0,0.000,0.000,0.0,0.000,0.000,0.0
46.3237,26205,298533,0.000,0.000,0.0,0.000,0.000,0.0,0.000,0.000,0.0
46.3237,26206,298538,0.000,0.000,0.0,0.000,0.000,0.0,0.000,0.000,0.0
46.3237,26207,298543,0.000,0.000,0.0,0.000,0.000,0.0,0.000,0.000,0.0
46.3237,26208,298548,0.000,0.000,0.0,0.000,0.000,0.0,0.000,0.000,0.0
46.3237,26209,298553,0.000,0.000,0.0,0.000,0.000,0.0,0.000,0.000,0.0
46.3246,26210,298558,0.000,0.000,0.0,0.000,0.000,0.0,0.000,0.000,0.0
46.3246,26211,298563,0.000,0.000,0.0,0.000,0.000,0.0,0.000,0.000,0.0
46.3246,26212,298568,0.000,0.000,0.0,0.000,0.000,0.0,0.000,0.000,0.0
46.3246,26213,298573,0.000,0.000,0.0,0.000,0.000,0.0,0.000,0.000,0.0
46.3246,26214,298578,0.000,0.000,0.0,0.000,0.000,0.0,0.000,0.000,0.0
46.3246,26215,298583,0.000,0.000,0.0,0.000,0.000,0.0,0.000,0.000,0.0
46.3246,26216,298588,0.000,0.000,0.0,0.000,0.000,0.0,0.000,0.000,0.0
46.3246,26217,298593,0.000,0.000,0.0,0.000,0.000,0.0,0.000,0.000,0.0
46.3834,26218,298598,0.000,0.000,0.0,0.000,0.000,0.0,0.000,0.000,0.0
46.3834,26219,298603,0.000,0.000,0.0,0.000,0.000,0.0,0.000,0.000,0.0
46.3834,26220,298608,0.000,0.000,0.0,0.000,0.000,0.0,0.000,0.000,0.0
46.3834,26221,298613,0.000,0.000,0.0,0.000,0.000,0.0,0.000,0.000,0.0
46.3834,26222,298618,0.000,0.000,0.0,0.000,0.000,0.0,0.000,0.000,0.0
46.3834,26223,298623,0.000,0.000,0.0,0.000,0.000,0.0,0.000,0.000,0.0
46.3834,26224,298628,0.000,0.000,0.0,0.000,0.000,0.0,0.000,0.000,0.0
46.3834,26225,298633,0.000,0.000,0.0,0.000,0.000,0.0,0.000,0.000,0.0
46.3834,26226,298638,0.000,0.000,0.0,0.000,0.000,0.0,0.000,0.000,0.0
46.3834,26227,298643,0.000,0.000,0.0,0.000,0.000,0.0,0.000,0.000,0.0
46.3834,26228,298648,0.000,0.000,0.0,0.000,0.000,0.0,0.000,0.000,0.0
46.3834,26229,298653,0.000,0.000,0.0,0.000,0.000,0.0,0.000,0.000,0.0
46.3834,26230,298658,0.000,0.000,0.0,0.000,0.000,0.0,0.000,0.000,0.0
46.3834,26231,298663,0.000,0.000,0.0,0.000,0.000,0.0,0.000,0.000,0.0
46.3834,26232,298668,0.000,0.000,0.0,0.000,0.000,0.0,0.000,0.000,0.0
46.3834,26233,298673,0.000,0.000,0.0,0.000,0.000,0.0,0.000,0.000,0.0
46.4435,26234,298678,0.000,0.000,0.0,0.000,0.000,0.0,0.000,0.000,0.0
46.4435,26235,298683,0.000,0.000,0.0,0.000,0.000,0.0,0.000,0.000,0.0
46.4435,26236,298688,0.000,0.000,0.0,0.000,0.000,0.0,0.000,0.000,0.0
46.4435,26237,298693,0.000,0.000,0.0,0.000,0.000,0.0,0.000,0.000,0.0
46.4435,26238,298698,0.000,0.000,0.0,0.000,0.000,0.0,0.000,0.000,0.0
46.4435,26239,298703,0.000,0.000,0.0,0.000,0.000,0.0,0.000,0.000,0.0
46.4435,26240,298708,0.000,0.000,0.0,0.000,0.000,0.0,0.000,0.000,0.0
46.4435,26241,298713,0.000,0.000,0.0,0.000,0.000,0.0,0.000,0.000,0.0
46.4435,26242,298718,0.000,0.000,0.0,0.000,0.000,0.0,0.000,0.000,0.0
46.4435,26243,298723,0.000,0.000,0.0,0.000,0.000,0.0,0.000,0.000,0.0
46.4435,26244,298728,0.000,0.000,0.0,0.000,0.000,0.0,0.000,0.000,0.0
46.4435,26245,298733,0.000,0.000,0.0,0.000,0.000,0.0,0.000,0.000,0.0
46.4435,26246,298738,0.000,0.000,0.0,0.000,0.000,0.0,0.000,0.000,0.0
46.4435,26247,298743,0.000,0.000,0.0,0.000,0.000,0.0,0.000,0.000,0.0
46.4435,26248,298748,0.000,0.000,0.0,0.000,0.000,0.0,0.000,0.000,0.0
46.4435,26249,298753,0.000,0.000,0.0,0.000,0.000,0.0,0.000,0.000,0.0
46.5481,26250,298758,0.000,0.000,0.0,0.000,0.000,0.0,0.000,0.000,0.0
46.5481,26251,298763,0.000,0.000,0.0,0.000,0.000,0.0,0.000,0.000,0.0
46.5481,26252,298768,0.000,0.000,0.0,0.000,0.000,0.0,0.000,0.000,0.0
46.5481,26253,298773,0.000,0.000,0.0,0.000,0.000,0.0,0.000,0.000,0.0
46.5481,26254,298778,0.000,0.000,0.0,0.000,0.000,0.0,0.000,0.000,0.0
46.5481,26255,298783,0.000,0.000,0.0,0.000,0.000,0.0,0.000,0.000,0.0
46.5481,26256,298788,0.000,0.000,0.0,0.000,0.000,0.0,0.000,0.000,0.0
46.5481,26257,298793,0.000,0.000,0.0,0.000,0.000,0.0,0.000,0.000,0.0
46.5481,26258,298798,0.000,0.000,0.0,0.000,0.000,0.0,0.000,0.000,0.0
46.5481,26259,298803,0.000,0.000,0.0,0.000,0.000,0.0,0.000,0.000,0.0
46.5481,26260,298808,0.000,0.000,0.0,0.000,0.000,0.0,0.000,0.000,0.0
46.5481,26261,298813,0.000,0.000,0.0,0.000,0.000,0.0,0.000,0.000,0.0
46.5481,26262,298818,0.000,0.000,0.0,0.000,0.000,0.0,0.000,0.000,0.0
46.5481,26263,298823,0.000,0.000,0.0,0.000,0.000,0.0,0.000,0.000,0.0
46.5481,26264,298828,0.000,0.000,0.0,0.000,0.000,0.0,0.000,0.000,0.0
46.5481,26265,298833,0.000,0.000,0.0,0.000,0.000,0.0,0.000,0.000,0.0
46.5964,26266,298838,0.000,0.000,0.0,0.000,0.000,0.0,0.000,0.000,0.0
46.5964,26267,298843,0.000,0.000,0.0,0.000,0.000,0.0,0.000,0.000,0.0
46.5964,26268,298848,0.000,0.000,0.0,0.000,0.000,0.0,0.000,0.000,0.0
46.5964,26269,298853,0.000,0.000,0.0,0.000,0.000,0.0,0.000,0.000,0.0
46.5964,26270,298858,0.000,0.000,0.0,0.000,0.000,0.0,0.000,0.000,0.0
46.5964,26271,298863,0.000,0.000,0.0,0.000,0.000,0.0,0.000,0.000,0.0
46.5964,26272,298868,0.000,0.000,0.0,0.000,0.000,0.0,0.000,0.000,0.0
46.5964,26273,298873,0.000,0.000,0.0,0.000,0.000,0.0,0.000,0.000,0.0
46.5964,26274,298878,0.000,0.000,0.0,0.000,0.000,0.0,0.000,0.000,0.0
46.5964,26275,298883,0.000,0.000,0.0,0.000,0.000,0.0,0.000,0.000,0.0
46.5964,26276,298888,0.000,0.000,0.0,0.000,0.000,0.0,0.000,0.000,0.0
46.5964,26277,298893,0.000,0.000,0.0,0.000,0.000,0.0,0.000,0.000,0.0
46.5964,26278,298898,0.000,0.000,0.0,0.000,0.000,0.0,0.000,0.000,0.0
46.5964,26279,298903,0.000,0.000,0.0,0.000,0.000,0.0,0.000,0.000,0.0
46.5964,26280,298908,0.000,0.000,0.0,0.000,0.000,0.0,0.000,0.000,0.0
46.5964,26281,298913,0.000,0.000,0.0,0.000,0.000,0.0,0.000,0.000,0.0
49.2365,26282,298918,0.000,0.000,0.0,0.000,0.000,0.0,0.000,0.000,0.0
49.2365,26283,298923,0.000,0.000,0.0,0.000,0.000,0.0,0.000,0.000,0.0
49.2365,26284,298928,0.000,0.000,0.0,0.000,0.000,0.0,0.000,0.000,0.0
49.2365,26285,298933,0.000,0.000,0.0,0.000,0.000,0.0,0.000,0.000,0.0
49.2365,26286,298938,0.000,0.000,0.0,0.000,0.000,0.0,0.000,0.000,0.0
49.2365,26287,298943,0.000,0.000,0.0,0.000,0.000,0.0,0.000,0.000,0.0
49.2365,26288,298948,0.000,0.000,0.0,0.000,0.000,0.0,0.000,0.000,0.0
49.2365,26289,298953,0.000,0.000,0.0,0.000,0.000,0.0,0.000,0.000,0.0
49.2365,26290,298958,0.000,0.000,0.0,0.000,0.000,0.0,0.000,0.000,0.0
49.2365,26291,298963,0.000,0.000,0.0,0.000,0.000,0.0,0.000,0.000,0.0
49.2365,26292,298968,0.000,0.000,0.0,0.000,0.000,0.0,0.000,0.000,0.0
49.2365,26293,298973,0.000,0.000,0.0,0.000,0.000,0.0,0.000,0.000,0.0
49.2365,26294,298978,0.000,0.000,0.0,0.000,0.000,0.0,0.000,0.000,0.0
49.2365,26295,298983,0.000,0.000,0.0,0.000,0.000,0.0,0.000,0.000,0.0
49.2365,26296,298988,0.000,0.000,0.0,0.000,0.000,0.0,0.000,0.000,0.0
49.2365,26297,298993,0.000,0.000,0.0,0.000,0.000,0.0,0.000,0.000,0.0
49.2365,26298,298998,0.000,0.000,0.0,0.000,0.000,0.0,0.000,0.000,0.0
49.2365,26299,299003,0.000,0.000,0.0,0.000,0.000,0.0,0.000,0.000,0.0
49.2365,26300,299008,0.000,0.000,0.0,0.000,0.000,0.0,0.000,0.000,0.0
49.2365,26301,299013,0.000,0.000,0.0,0.000,0.000,0.0,0.000,0.000,0.0
49.2365,26302,299018,0.000,0.000,0.0,0.000,0.000,0.0,0.000,0.000,0.0
49.2365,26303,299023,0.000,0.000,0.0,0.000,0.000,0.0,0.000,0.000,0.0
49.2365,26304,299028,0.000,0.000,0.0,0.000,0.000,0.0,0.000,0.000,0.0
49.2365,26305,299033,0.000,0.000,0.0,0.000,0.000,0.0,0.000,0.000,0.0
49.2365,26306,299038,0.000,0.000,0.0,0.000,0.000,0.0,0.000,0.000,0.0
49.2365,26307,299043,0.000,0.000,0.0,0.000,0.000,0.0,0.000,0.000,0.0
49.2365,26308,299048,0.000,0.000,0.0,0.000,0.000,0.0,0.000,0.000,0.0
49.2365,26309,299053,0.000,0.000,0.0,0.000,0.000,0.0,0.000,0.000,0.0
49.2365,26310,299058,0.000,0.000,0.0,0.000,0.000,0.0,0.000,0.000,0.0
49.2365,26311,299063,0.000,0.000,0.0,0.000,0.000,0.0,0.000,0.000,0.0
49.2365,26312,299068,0.000,0.000,0.0,0.000,0.000,0.0,0.000,0.000,0.0
49.2365,26313,299073,0.000,0.000,0.0,0.000,0.000,0.0,0.000,0.000,0.0
49.2365,26314,299078,0.000,0.000,0.0,0.000,0.000,0.0,0.000,0.000,0.0
49.2365,26315,299083,0.000,0.000,0.0,0.000,0.000,0.0,0.000,0.000,0.0
49.2365,26316,299088,0.000,0.000,0.0,0.000,0.000,0.0,0.000,0.000,0.0
49.2365,26317,299093,0.000,0.000,0.0,0.000,0.000,0.0,0.000,0.000,0.0
49.2365,26318,299098,0.000,0.000,0.0,0.000,0.000,0.0,0.000,0.000,0.0
49.2365,26319,299103,0.000,0.000,0.0,0.000,0.000,0.0,0.000,0.000,0.0
49.2365,26320,299108,0.000,0.000,0.0,0.000,0.000,0.0,0.000,0.000,0.0
49.2365,26321,299113,0.000,0.000,0.0,0.000,0.000,0.0,0.000,0.000,0.0
49.2504,26322,299118,0.000,0.000,0.0,0.000,0.000,0.0,0.000,0.000,0.0
49.2504,26323,299123,0.000,0.000,0.0,0.000,0.000,0.0,0.000,0.000,0.0
49.2504,26324,299128,0.000,0.000,0.0,0.000,0.000,0.0,0.000,0.000,0.0
49.2504,26325,299133,0.000,0.000,0.0,0.000,0.000,0.0,0.000,0.000,0.0
49.2504,26326,299138,0.000,0.000,0.0,0.000,0.000,0.0,0.000,0.000,0.0
49.2504,26327,299143,0.000,0.000,0.0,0.000,0.000,0.0,0.000,0.000,0.0
49.2504,26328,299148,0.000,0.000,0.0,0.000,0.000,0.0,0.000,0.000,0.0
49.2504,26329,299153,0.000,0.000,0.0,0.000,0.000,0.0,0.000,0.000,0.0
49.3195,26330,299316,0.000,0.000,0.0,0.000,0.000,0.0,0.000,0.000,0.0
49.3195,26331,299321,0.000,0.000,0.0,0.000,0.000,0.0,0.000,0.000,0.0
49.3195,26332,299326,0.000,0.000,0.0,0.000,0.000,0.0,0.000,0.000,0.0
49.3195,26333,299331,0.000,0.000,0.0,0.000,0.000,0.0,0.000,0.000,0.0
49.3195,26334,299336,0.000,0.000,0.0,0.000,0.000,0.0,0.000,0.000,0.0
49.3195,26335,299341,0.000,0.000,0.0,0.000,0.000,0.0,0.000,0.000,0.0
49.3195,26336,299346,0.000,0.000,0.0,0.000,0.000,0.0,0.000,0.000,0.0
49.3195,26337,299351,0.000,0.000,0.0,0.000,0.000,0.0,0.000,0.000,0.0
49.3195,26338,301582,0.000,0.000,0.0,0.000,0.000,0.0,0.000,0.000,0.0
49.3195,26339,301587,0.000,0.000,0.0,0.000,0.000,0.0,0.000,0.000,0.0
49.3195,26340,301592,0.000,0.000,0.0,0.000,0.000,0.0,0.000,0.000,0.0
49.3195,26341,301597,0.000,0.000,0.0,0.000,0.000,0.0,0.000,0.000,0.0
49.3195,26342,301602,0.000,0.000,0.0,0.000,0.000,0.0,0.000,0.000,0.0
49.3195,26343,301607,0.000,0.000,0.0,0.000,0.000,0.0,0.000,0.000,0.0
49.3195,26344,301612,0.000,0.000,0.0,0.000,0.000,0.0,0.000,0.000,0.0
49.3195,26345,301617,0.000,0.000,0.0,0.000,0.000,0.0,0.000,0.000,0.0
49.3195,26346,301622,0.000,0.000,0.0,0.000,0.000,0.0,0.000,0.000,0.0
49.3326,26347,301627,0.000,0.000,0.0,0.000,0.000,0.0,0.000,0.000,0.0
49.3326,26348,301632,0.000,0.000,0.0,0.000,0.000,0.0,0.000,0.000,0.0
49.3326,26349,301637,0.000,0.000,0.0,0.000,0.000,0.0,0.000,0.000,0.0
49.3326,26350,301642,0.000,0.000,0.0,0.000,0.000,0.0,0.000,0.000,0.0
49.3326,26351,301647,0.000,0.000,0.0,0.000,0.000,0.0,0.000,0.000,0.0
49.3326,26352,301652,0.000,0.000,0.0,0.000,0.000,0.0,0.000,0.000,0.0
49.3326,26353,301657,0.000,0.000,0.0,0.000,0.000,0.0,0.000,0.000,0.0
49.3326,26354,301662,0.000,0.000,0.0,0.000,0.000,0.0,0.000,0.000,0.0
49.3872,26355,301667,0.000,0.000,0.0,0.000,0.000,0.0,0.000,0.000,0.0
49.3872,26356,301672,0.000,0.000,0.0,0.000,0.000,0.0,0.000,0.000,0.0
49.3872,26357,301677,0.000,0.000,0.0,0.000,0.000,0.0,0.000,0.000,0.0
49.3872,26358,301682,0.000,0.000,0.0,0.000,0.000,0.0,0.000,0.000,0.0
49.3872,26359,301687,0.000,0.000,0.0,0.000,0.000,0.0,0.000,0.000,0.0
49.3872,26360,301692,0.000,0.000,0.0,0.000,0.000,0.0,0.000,0.000,0.0
49.3872,26361,301697,0.000,0.000,0.0,0.000,0.000,0.0,0.000,0.000,0.0
49.3872,26362,301702,0.000,0.000,0.0,0.000,0.000,0.0,0.000,0.000,0.0
49.4521,26363,301707,0.000,0.000,0.0,0.000,0.000,0.0,0.000,0.000,0.0
49.4521,26364,301712,0.000,0.000,0.0,0.000,0.000,0.0,0.000,0.000,0.0
49.4521,26365,301717,0.000,0.000,0.0,0.000,0.000,0.0,0.000,0.000,0.0
49.4521,26366,301722,0.000,0.000,0.0,0.000,0.000,0.0,0.000,0.000,0.0
49.4521,26367,301727,0.000,0.000,0.0,0.000,0.000,0.0,0.000,0.000,0.0
49.4521,26368,301732,0.000,0.000,0.0,0.000,0.000,0.0,0.000,0.000,0.0
49.4521,26369,301737,0.000,0.000,0.0,0.000,0.000,0.0,0.000,0.000,0.0
49.4521,26370,301742,0.000,0.000,0.0,0.000,0.000,0.0,0.000,0.000,0.0
49.5402,26371,301747,0.000,0.000,0.0,0.000,0.000,0.0,0.000,0.000,0.0
49.5411,26372,301752,0.000,0.000,0.0,0.000,0.000,0.0,0.000,0.000,0.0
49.5411,26373,301757,0.000,0.000,0.0,0.000,0.000,0.0,0.000,0.000,0.0
49.5411,26374,301762,0.000,0.000,0.0,0.000,0.000,0.0,0.000,0.000,0.0
49.5411,26375,301767,0.000,0.000,0.0,0.000,0.000,0.0,0.000,0.000,0.0
49.5411,26376,301772,0.000,0.000,0.0,0.000,0.000,0.0,0.000,0.000,0.0
49.5411,26377,301777,0.000,0.000,0.0,0.000,0.000,0.0,0.000,0.000,0.0
49.5411,26378,301782,0.000,0.000,0.0,0.000,0.000,0.0,0.000,0.000,0.0
49.5411,26379,301787,0.000,0.000,0.0,0.000,0.000,0.0,0.000,0.000,0.0
49.5411,26380,301792,0.000,0.000,0.0,0.000,0.000,0.0,0.000,0.000,0.0
49.5411,26381,301797,0.000,0.000,0.0,0.000,0.000,0.0,0.000,0.000,0.0
49.5411,26382,301802,0.000,0.000,0.0,0.000,0.000,0.0,0.000,0.000,0.0
49.5411,26383,301807,0.000,0.000,0.0,0.000,0.000,0.0,0.000,0.000,0.0
49.5411,26384,301812,0.000,0.000,0.0,0.000,0.000,0.0,0.000,0.000,0.0
49.5411,26385,301817,0.000,0.000,0.0,0.000,0.000,0.0,0.000,0.000,0.0
49.5411,26386,301822,0.000,0.000,0.0,0.000,0.000,0.0,0.000,0.000,0.0
49.6461,26387,301827,0.000,0.000,0.0,0.000,0.000,0.0,0.000,0.000,0.0
49.6461,26388,301832,0.000,0.000,0.0,0.000,0.000,0.0,0.000,0.000,0.0
49.6461,26389,301837,0.000,0.000,0.0,0.000,0.000,0.0,0.000,0.000,0.0
49.6461,26390,301842,0.000,0.000,0.0,0.000,0.000,0.0,0.000,0.000,0.0
49.6461,26391,301847,0.000,0.000,0.0,0.000,0.000,0.0,0.000,0.000,0.0
49.6461,26392,301852,0.000,0.000,0.0,0.000,0.000,0.0,0.000,0.000,0.0
49.6461,26393,301857,0.000,0.000,0.0,0.000,0.000,0.0,0.000,0.000,0.0
49.6461,26394,301862,0.000,0.000,0.0,0.000,0.000,0.0,0.000,0.000,0.0
49.6461,26395,301867,0.000,0.000,0.0,0.000,0.000,0.0,0.000,0.000,0.0
49.6461,26396,301872,0.000,0.000,0.0,0.000,0.000,0.0,0.000,0.000,0.0
49.6461,26397,301877,0.000,0.000,0.0,0.000,0.000,0.0,0.000,0.000,0.0
49.6461,26398,301882,0.000,0.000,0.0,0.000,0.000,0.0,0.000,0.000,0.0
49.6461,26399,301887,0.000,0.000,0.0,0.000,0.000,0.0,0.000,0.000,0.0
49.6461,26400,301892,0.000,0.000,0.0,0.000,0.000,0.0,0.000,0.000,0.0
49.6461,26401,301897,0.000,0.000,0.0,0.000,0.000,0.0,0.000,0.000,0.0
49.6461,26402,301902,0.000,0.000,0.0,0.000,0.000,0.0,0.000,0.000,0.0
49.6461,26403,301907,0.000,0.000,0.0,0.000,0.000,0.0,0.000,0.000,0.0
49.6461,26404,301912,0.000,0.000,0.0,0.000,0.000,0.0,0.000,0.000,0.0
49.6461,26405,301917,0.000,0.000,0.0,0.000,0.000,0.0,0.000,0.000,0.0
49.6461,26406,301922,0.000,0.000,0.0,0.000,0.000,0.0,0.000,0.000,0.0
49.6461,26407,301927,0.000,0.000,0.0,0.000,0.000,0.0,0.000,0.000,0.0
49.6461,26408,301932,0.000,0.000,0.0,0.000,0.000,0.0,0.000,0.000,0.0
49.6461,26409,301937,0.000,0.000,0.0,0.000,0.000,0.0,0.000,0.000,0.0
49.6461,26410,301942,0.000,0.000,0.0,0.000,0.000,0.0,0.000,0.000,0.0
49.7110,26411,301947,0.000,0.000,0.0,0.000,0.000,0.0,0.000,0.000,0.0
49.7110,26412,301952,0.000,0.000,0.0,0.000,0.000,0.0,0.000,0.000,0.0
49.7110,26413,301957,0.000,0.000,0.0,0.000,0.000,0.0,0.000,0.000,0.0
49.7110,26414,301962,0.000,0.000,0.0,0.000,0.000,0.0,0.000,0.000,0.0
49.7110,26415,301967,0.000,0.000,0.0,0.000,0.000,0.0,0.000,0.000,0.0
49.7110,26416,301972,0.000,0.000,0.0,0.000,0.000,0.0,0.000,0.000,0.0
49.7110,26417,301977,0.000,0.000,0.0,0.000,0.000,0.0,0.000,0.000,0.0
49.7110,26418,301982,0.000,0.000,0.0,0.000,0.000,0.0,0.000,0.000,0.0
49.7110,26419,301987,0.000,0.000,0.0,0.000,0.000,0.0,0.000,0.000,0.0
49.7110,26420,301992,0.000,0.000,0.0,0.000,0.000,0.0,0.000,0.000,0.0
49.7110,26421,301997,0.000,0.000,0.0,0.000,0.000,0.0,0.000,0.000,0.0
49.7110,26422,302002,0.000,0.000,0.0,0.000,0.000,0.0,0.000,0.000,0.0
49.7110,26423,302007,0.000,0.000,0.0,0.000,0.000,0.0,0.000,0.000,0.0
49.7110,26424,302012,0.000,0.000,0.0,0.000,0.000,0.0,0.000,0.000,0.0
49.7110,26425,302017,0.000,0.000,0.0,0.000,0.000,0.0,0.000,0.000,0.0
49.7110,26426,302022,0.000,0.000,0.0,0.000,0.000,0.0,0.000,0.000,0.0
49.8407,26427,302027,0.000,0.000,0.0,0.000,0.000,0.0,0.000,0.000,0.0
49.8407,26428,302032,0.000,0.000,0.0,0.000,0.000,0.0,0.000,0.000,0.0
49.8407,26429,302037,0.000,0.000,0.0,0.000,0.000,0.0,0.000,0.000,0.0
49.8407,26430,302042,0.000,0.000,0.0,0.000,0.000,0.0,0.000,0.000,0.0
49.8407,26431,302047,0.000,0.000,0.0,0.000,0.000,0.0,0.000,0.000,0.0
49.8407,26432,302052,0.000,0.000,0.0,0.000,0.000,0.0,0.000,0.000,0.0
49.8407,26433,302057,0.000,0.000,0.0,0.000,0.000,0.0,0.000,0.000,0.0
49.8407,26434,302062,0.000,0.000,0.0,0.000,0.000,0.0,0.000,0.000,0.0
49.8407,26435,302067,0.000,0.000,0.0,0.000,0.000,0.0,0.000,0.000,0.0
49.8407,26436,302072,0.000,0.000,0.0,0.000,0.000,0.0,0.000,0.000,0.0
49.8407,26437,302077,0.000,0.000,0.0,0.000,0.000,0.0,0.000,0.000,0.0
49.8407,26438,302082,0.000,0.000,0.0,0.000,0.000,0.0,0.000,0.000,0.0
49.8407,26439,302087,0.000,0.000,0.0,0.000,0.000,0.0,0.000,0.000,0.0
49.8407,26440,302092,0.000,0.000,0.0,0.000,0.000,0.0,0.000,0.000,0.0
49.8407,26441,302097,0.000,0.000,0.0,0.000,0.000,0.0,0.000,0.000,0.0
49.8407,26442,302102,0.000,0.000,0.0,0.000,0.000,0.0,0.000,0.000,0.0
49.8962,26443,302107,0.000,0.000,0.0,0.000,0.000,0.0,0.000,0.000,0.0
49.8962,26444,302112,0.000,0.000,0.0,0.000,0.000,0.0,0.000,0.000,0.0
49.8962,26445,302117,0.000,0.000,0.0,0.000,0.000,0.0,0.000,0.000,0.0
49.8962,26446,302122,0.000,0.000,0.0,0.000,0.000,0.0,0.000,0.000,0.0
49.8962,26447,302127,0.000,0.000,0.0,0.000,0.000,0.0,0.000,0.000,0.0
49.8962,26448,302132,0.000,0.000,0.0,0.000,0.000,0.0,0.000,0.000,0.0
49.8962,26449,302137,0.000,0.000,0.0,0.000,0.000,0.0,0.000,0.000,0.0
49.8962,26450,302142,0.000,0.000,0.0,0.000,0.000,0.0,0.000,0.000,0.0
49.8962,26451,302147,0.000,0.000,0.0,0.000,0.000,0.0,0.000,0.000,0.0
49.8962,26452,302152,0.000,0.000,0.0,0.000,0.000,0.0,0.000,0.000,0.0
49.8962,26453,302157,0.000,0.000,0.0,0.000,0.000,0.0,0.000,0.000,0.0
49.8962,26454,302162,0.000,0.000,0.0,0.000,0.000,0.0,0.000,0.000,0.0
49.8962,26455,302167,0.000,0.000,0.0,0.000,0.000,0.0,0.000,0.000,0.0
49.8962,26456,302172,0.000,0.000,0.0,0.000,0.000,0.0,0.000,0.000,0.0
49.8962,26457,302177,0.000,0.000,0.0,0.000,0.000,0.0,0.000,0.000,0.0
49.8962,26458,302182,0.000,0.000,0.0,0.000,0.000,0.0,0.000,0.000,0.0
49.8962,26459,302187,0.000,0.000,0.0,0.000,0.000,0.0,0.000,0.000,0.0
49.8962,26460,302192,0.000,0.000,0.0,0.000,0.000,0.0,0.000,0.000,0.0
49.8962,26461,302197,0.000,0.000,0.0,0.000,0.000,0.0,0.000,0.000,0.0
49.8962,26462,302202,0.000,0.000,0.0,0.000,0.000,0.0,0.000,0.000,0.0
49.8962,26463,302207,0.000,0.000,0.0,0.000,0.000,0.0,0.000,0.000,0.0
49.8962,26464,302212,0.000,0.000,0.0,0.000,0.000,0.0,0.000,0.000,0.0
49.8962,26465,302217,0.000,0.000,0.0,0.000,0.000,0.0,0.000,0.000,0.0
49.8962,26466,302222,0.000,0.000,0.0,0.000,0.000,0.0,0.000,0.000,0.0
50.0143,26467,302227,0.000,0.000,0.0,0.000,0.000,0.0,0.000,0.000,0.0
50.0143,26468,302232,0.000,0.000,0.0,0.000,0.000,0.0,0.000,0.000,0.0
50.0143,26469,302237,0.000,0.000,0.0,0.000,0.000,0.0,0.000,0.000,0.0
50.0143,26470,302242,0.000,0.000,0.0,0.000,0.000,0.0,0.000,0.000,0.0
50.0143,26471,302247,0.000,0.000,0.0,0.000,0.000,0.0,0.000,0.000,0.0
50.0143,26472,302252,0.000,0.000,0.0,0.000,0.000,0.0,0.000,0.000,0.0
50.0143,26473,302257,0.000,0.000,0.0,0.000,0.000,0.0,0.000,0.000,0.0
50.0143,26474,302262,0.000,0.000,0.0,0.000,0.000,0.0,0.000,0.000,0.0
50.0143,26475,302267,0.000,0.000,0.0,0.000,0.000,0.0,0.000,0.000,0.0
50.0143,26476,302272,0.000,0.000,0.0,0.000,0.000,0.0,0.000,0.000,0.0
50.0143,26477,302277,0.000,0.000,0.0,0.000,0.000,0.0,0.000,0.000,0.0
50.0143,26478,302282,0.000,0.000,0.0,0.000,0.000,0.0,0.000,0.000,0.0
50.0143,26479,302287,0.000,0.000,0.0,0.000,0.000,0.0,0.000,0.000,0.0
50.0143,26480,302292,0.000,0.000,0.0,0.000,0.000,0.0,0.000,0.000,0.0
50.0143,26481,302297,0.000,0.000,0.0,0.000,0.000,0.0,0.000,0.000,0.0
50.0143,26482,302302,0.000,0.000,0.0,0.000,0.000,0.0,0.000,0.000,0.0
50.1412,26483,302307,0.000,0.000,0.0,0.000,0.000,0.0,0.000,0.000,0.0
50.1412,26484,302312,0.000,0.000,0.0,0.000,0.000,0.0,0.000,0.000,0.0
50.1412,26485,302317,0.000,0.000,0.0,0.000,0.000,0.0,0.000,0.000,0.0
50.1412,26486,302322,0.000,0.000,0.0,0.000,0.000,0.0,0.000,0.000,0.0
50.1412,26487,302327,0.000,0.000,0.0,0.000,0.000,0.0,0.000,0.000,0.0
50.1412,26488,302332,0.000,0.000,0.0,0.000,0.000,0.0,0.000,0.000,0.0
50.1412,26489,302337,0.000,0.000,0.0,0.000,0.000,0.0,0.000,0.000,0.0
50.1412,26490,302342,0.000,0.000,0.0,0.000,0.000,0.0,0.000,0.000,0.0
50.1412,26491,302347,0.000,0.000,0.0,0.000,0.000,0.0,0.000,0.000,0.0
50.1412,26492,302352,0.000,0.000,0.0,0.000,0.000,0.0,0.000,0.000,0.0
50.1412,26493,302357,0.000,0.000,0.0,0.000,0.000,0.0,0.000,0.000,0.0
50.1412,26494,302362,0.000,0.000,0.0,0.000,0.000,0.0,0.000,0.000,0.0
50.1412,26495,302367,0.000,0.000,0.0,0.000,0.000,0.0,0.000,0.000,0.0
50.1412,26496,302372,0.000,0.000,0.0,0.000,0.000,0.0,0.000,0.000,0.0
50.1412,26497,302377,0.000,0.000,0.0,0.000,0.000,0.0,0.000,0.000,0.0
50.1412,26498,302382,0.000,0.000,0.0,0.000,0.000,0.0,0.000,0.000,0.0
50.1412,26499,302387,0.000,0.000,0.0,0.000,0.000,0.0,0.000,0.000,0.0
50.1412,26500,302392,0.000,0.000,0.0,0.000,0.000,0.0,0.000,0.000,0.0
50.1412,26501,302397,0.000,0.000,0.0,0.000,0.000,0.0,0.000,0.000,0.0
50.1422,26502,302402,0.000,0.000,0.0,0.000,0.000,0.0,0.000,0.000,0.0
50.1422,26503,302407,0.000,0.000,0.0,0.000,0.000,0.0,0.000,0.000,0.0
50.1422,26504,302412,0.000,0.000,0.0,0.000,0.000,0.0,0.000,0.000,0.0
50.1422,26505,302417,0.000,0.000,0.0,0.000,0.000,0.0,0.000,0.000,0.0
50.1422,26506,302422,0.000,0.000,0.0,0.000,0.000,0.0,0.000,0.000,0.0
50.1979,26507,302427,0.000,0.000,0.0,0.000,0.000,0.0,0.000,0.000,0.0
50.1979,26508,302432,0.000,0.000,0.0,0.000,0.000,0.0,0.000,0.000,0.0
50.1979,26509,302437,0.000,0.000,0.0,0.000,0.000,0.0,0.000,0.000,0.0
50.1979,26510,302442,0.000,0.000,0.0,0.000,0.000,0.0,0.000,0.000,0.0
50.1979,26511,302447,0.000,0.000,0.0,0.000,0.000,0.0,0.000,0.000,0.0
50.1979,26512,302452,0.000,0.000,0.0,0.000,0.000,0.0,0.000,0.000,0.0
50.1979,26513,302457,0.000,0.000,0.0,0.000,0.000,0.0,0.000,0.000,0.0
50.1979,26514,302462,0.000,0.000,0.0,0.000,0.000,0.0,0.000,0.000,0.0
50.1979,26515,302467,0.000,0.000,0.0,0.000,0.000,0.0,0.000,0.000,0.0
50.1979,26516,302472,0.000,0.000,0.0,0.000,0.000,0.0,0.000,0.000,0.0
50.1979,26517,302477,0.000,0.000,0.0,0.000,0.000,0.0,0.000,0.000,0.0
50.1979,26518,302482,0.000,0.000,0.0,0.000,0.000,0.0,0.000,0.000,0.0
50.1979,26519,302487,0.000,0.000,0.0,0.000,0.000,0.0,0.000,0.000,0.0
50.1979,26520,302492,0.000,0.000,0.0,0.000,0.000,0.0,0.000,0.000,0.0
50.1979,26521,302497,0.000,0.000,0.0,0.000,0.000,0.0,0.000,0.000,0.0
50.1979,26522,302502,0.000,0.000,0.0,0.000,0.000,0.0,0.000,0.000,0.0
50.2935,26523,302507,0.000,0.000,0.0,0.000,0.000,0.0,0.000,0.000,0.0
50.2935,26524,302512,0.000,0.000,0.0,0.000,0.000,0.0,0.000,0.000,0.0
50.2935,26525,302517,0.000,0.000,0.0,0.000,0.000,0.0,0.000,0.000,0.0
50.2935,26526,302522,0.000,0.000,0.0,0.000,0.000,0.0,0.000,0.000,0.0
50.2935,26527,302527,0.000,0.000,0.0,0.000,0.000,0.0,0.000,0.000,0.0
50.2935,26528,302532,0.000,0.000,0.0,0.000,0.000,0.0,0.000,0.000,0.0
50.2935,26529,302537,0.000,0.000,0.0,0.000,0.000,0.0,0.000,0.000,0.0
50.2935,26530,302542,0.000,0.000,0.0,0.000,0.000,0.0,0.000,0.000,0.0
50.2935,26531,302547,0.000,0.000,0.0,0.000,0.000,0.0,0.000,0.000,0.0
50.2935,26532,302552,0.000,0.000,0.0,0.000,0.000,0.0,0.000,0.000,0.0
50.2935,26533,302557,0.000,0.000,0.0,0.000,0.000,0.0,0.000,0.000,0.0
50.2935,26534,302562,0.000,0.000,0.0,0.000,0.000,0.0,0.000,0.000,0.0
50.2935,26535,302567,0.000,0.000,0.0,0.000,0.000,0.0,0.000,0.000,0.0
50.2935,26536,302572,0.000,0.000,0.0,0.000,0.000,0.0,0.000,0.000,0.0
50.2935,26537,302577,0.000,0.000,0.0,0.000,0.000,0.0,0.000,0.000,0.0
50.2935,26538,302582,0.000,0.000,0.0,0.000,0.000,0.0,0.000,0.000,0.0
50.4252,26539,302587,0.000,0.000,0.0,0.000,0.000,0.0,0.000,0.000,0.0
50.4252,26540,302592,0.000,0.000,0.0,0.000,0.000,0.0,0.000,0.000,0.0
50.4252,26541,302597,0.000,0.000,0.0,0.000,0.000,0.0,0.000,0.000,0.0
50.4252,26542,302602,0.000,0.000,0.0,0.000,0.000,0.0,0.000,0.000,0.0
50.4252,26543,302607,0.000,0.000,0.0,0.000,0.000,0.0,0.000,0.000,0.0
50.4252,26544,302612,0.000,0.000,0.0,0.000,0.000,0.0,0.000,0.000,0.0
50.4252,26545,302617,0.000,0.000,0.0,0.000,0.000,0.0,0.000,0.000,0.0
50.4252,26546,302622,0.000,0.000,0.0,0.000,0.000,0.0,0.000,0.000,0.0
50.4262,26547,302627,0.000,0.000,0.0,0.000,0.000,0.0,0.000,0.000,0.0
50.4262,26548,302632,0.000,0.000,0.0,0.000,0.000,0.0,0.000,0.000,0.0
50.4262,26549,302637,0.000,0.000,0.0,0.000,0.000,0.0,0.000,0.000,0.0
50.4262,26550,302642,0.000,0.000,0.0,0.000,0.000,0.0,0.000,0.000,0.0
50.4262,26551,302647,0.000,0.000,0.0,0.000,0.000,0.0,0.000,0.000,0.0
50.4262,26552,302652,0.000,0.000,0.0,0.000,0.000,0.0,0.000,0.000,0.0
50.4262,26553,302657,0.000,0.000,0.0,0.000,0.000,0.0,0.000,0.000,0.0
50.4262,26554,302662,0.000,0.000,0.0,0.000,0.000,0.0,0.000,0.000,0.0
50.4262,26555,302667,0.000,0.000,0.0,0.000,0.000,0.0,0.000,0.000,0.0
50.4262,26556,302672,0.000,0.000,0.0,0.000,0.000,0.0,0.000,0.000,0.0
50.4262,26557,302677,0.000,0.000,0.0,0.000,0.000,0.0,0.000,0.000,0.0
50.4262,26558,302682,0.000,0.000,0.0,0.000,0.000,0.0,0.000,0.000,0.0
50.4262,26559,302687,0.000,0.000,0.0,0.000,0.000,0.0,0.000,0.000,0.0
50.4262,26560,302692,0.000,0.000,0.0,0.000,0.000,0.0,0.000,0.000,0.0
50.4262,26561,302697,0.000,0.000,0.0,0.000,0.000,0.0,0.000,0.000,0.0
50.4262,26562,302702,0.000,0.000,0.0,0.000,0.000,0.0,0.000,0.000,0.0
50.4799,26563,302707,0.000,0.000,0.0,0.000,0.000,0.0,0.000,0.000,0.0
50.4799,26564,302712,0.000,0.000,0.0,0.000,0.000,0.0,0.000,0.000,0.0
50.4799,26565,302717,0.000,0.000,0.0,0.000,0.000,0.0,0.000,0.000,0.0
50.4799,26566,302722,0.000,0.000,0.0,0.000,0.000,0.0,0.000,0.000,0.0
50.4799,26567,302727,0.000,0.000,0.0,0.000,0.000,0.0,0.000,0.000,0.0
50.4799,26568,302732,0.000,0.000,0.0,0.000,0.000,0.0,0.000,0.000,0.0
50.4799,26569,302737,0.000,0.000,0.0,0.000,0.000,0.0,0.000,0.000,0.0
50.4799,26570,302742,0.000,0.000,0.0,0.000,0.000,0.0,0.000,0.000,0.0
50.4799,26571,302747,0.000,0.000,0.0,0.000,0.000,0.0,0.000,0.000,0.0
50.4799,26572,302752,0.000,0.000,0.0,0.000,0.000,0.0,0.000,0.000,0.0
50.4799,26573,302757,0.000,0.000,0.0,0.000,0.000,0.0,0.000,0.000,0.0
50.4799,26574,302762,0.000,0.000,0.0,0.000,0.000,0.0,0.000,0.000,0.0
50.4799,26575,302767,0.000,0.000,0.0,0.000,0.000,0.0,0.000,0.000,0.0
50.4799,26576,302772,0.000,0.000,0.0,0.000,0.000,0.0,0.000,0.000,0.0
50.4799,26577,302777,0.000,0.000,0.0,0.000,0.000,0.0,0.000,0.000,0.0
50.4799,26578,302782,0.000,0.000,0.0,0.000,0.000,0.0,0.000,0.000,0.0
50.5824,26579,302787,0.000,0.000,0.0,0.000,0.000,0.0,0.000,0.000,0.0
50.5824,26580,302792,0.000,0.000,0.0,0.000,0.000,0.0,0.000,0.000,0.0
50.5824,26581,302797,0.000,0.000,0.0,0.000,0.000,0.0,0.000,0.000,0.0
50.5824,26582,302802,0.000,0.000,0.0,0.000,0.000,0.0,0.000,0.000,0.0
50.5824,26583,302807,0.000,0.000,0.0,0.000,0.000,0.0,0.000,0.000,0.0
50.5824,26584,302812,0.000,0.000,0.0,0.000,0.000,0.0,0.000,0.000,0.0
50.5824,26585,302817,0.000,0.000,0.0,0.000,0.000,0.0,0.000,0.000,0.0
50.5824,26586,302822,0.000,0.000,0.0,0.000,0.000,0.0,0.000,0.000,0.0
50.5824,26587,302827,0.000,0.000,0.0,0.000,0.000,0.0,0.000,0.000,0.0
50.5824,26588,302832,0.000,0.000,0.0,0.000,0.000,0.0,0.000,0.000,0.0
50.5824,26589,302837,0.000,0.000,0.0,0.000,0.000,0.0,0.000,0.000,0.0
50.5824,26590,302842,0.000,0.000,0.0,0.000,0.000,0.0,0.000,0.000,0.0
50.5824,26591,302847,0.000,0.000,0.0,0.000,0.000,0.0,0.000,0.000,0.0
50.5824,26592,302852,0.000,0.000,0.0,0.000,0.000,0.0,0.000,0.000,0.0
50.5824,26593,302857,0.000,0.000,0.0,0.000,0.000,0.0,0.000,0.000,0.0
50.5824,26594,302862,0.000,0.000,0.0,0.000,0.000,0.0,0.000,0.000,0.0
50.6394,26595,302867,0.000,0.000,0.0,0.000,0.000,0.0,0.000,0.000,0.0
50.6394,26596,302872,0.000,0.000,0.0,0.000,0.000,0.0,0.000,0.000,0.0
50.6394,26597,302877,0.000,0.000,0.0,0.000,0.000,0.0,0.000,0.000,0.0
50.6394,26598,302882,0.000,0.000,0.0,0.000,0.000,0.0,0.000,0.000,0.0
50.6394,26599,302887,0.000,0.000,0.0,0.000,0.000,0.0,0.000,0.000,0.0
50.6394,26600,302892,0.000,0.000,0.0,0.000,0.000,0.0,0.000,0.000,0.0
50.6394,26601,302897,0.000,0.000,0.0,0.000,0.000,0.0,0.000,0.000,0.0
50.6394,26602,302902,0.000,0.000,0.0,0.000,0.000,0.0,0.000,0.000,0.0
50.6394,26603,302907,0.000,0.000,0.0,0.000,0.000,0.0,0.000,0.000,0.0
50.6394,26604,302912,0.000,0.000,0.0,0.000,0.000,0.0,0.000,0.000,0.0
50.6394,26605,302917,0.000,0.000,0.0,0.000,0.000,0.0,0.000,0.000,0.0
50.6394,26606,302922,0.000,0.000,0.0,0.000,0.000,0.0,0.000,0.000,0.0
50.6394,26607,302927,0.000,0.000,0.0,0.000,0.000,0.0,0.000,0.000,0.0
50.6394,26608,302932,0.000,0.000,0.0,0.000,0.000,0.0,0.000,0.000,0.0
50.6394,26609,302937,0.000,0.000,0.0,0.000,0.000,0.0,0.000,0.000,0.0
50.6394,26610,302942,0.000,0.000,0.0,0.000,0.000,0.0,0.000,0.000,0.0
50.6955,26611,302947,0.000,0.000,0.0,0.000,0.000,0.0,0.000,0.000,0.0
50.6955,26612,302952,0.000,0.000,0.0,0.000,0.000,0.0,0.000,0.000,0.0
50.6955,26613,302957,0.000,0.000,0.0,0.000,0.000,0.0,0.000,0.000,0.0
50.6955,26614,302962,0.000,0.000,0.0,0.000,0.000,0.0,0.000,0.000,0.0
50.6955,26615,302967,0.000,0.000,0.0,0.000,0.000,0.0,0.000,0.000,0.0
50.6955,26616,302972,0.000,0.000,0.0,0.000,0.000,0.0,0.000,0.000,0.0
50.6955,26617,302977,0.000,0.000,0.0,0.000,0.000,0.0,0.000,0.000,0.0
50.6955,26618,302982,0.000,0.000,0.0,0.000,0.000,0.0,0.000,0.000,0.0
50.6955,26619,302987,0.000,0.000,0.0,0.000,0.000,0.0,0.000,0.000,0.0
50.6955,26620,302992,0.000,0.000,0.0,0.000,0.000,0.0,0.000,0.000,0.0
50.6955,26621,302997,0.000,0.000,0.0,0.000,0.000,0.0,0.000,0.000,0.0
50.6955,26622,303002,0.000,0.000,0.0,0.000,0.000,0.0,0.000,0.000,0.0
50.6955,26623,303007,0.000,0.000,0.0,0.000,0.000,0.0,0.000,0.000,0.0
50.6955,26624,303012,0.000,0.000,0.0,0.000,0.000,0.0,0.000,0.000,0.0
50.6955,26625,303017,0.000,0.000,0.0,0.000,0.000,0.0,0.000,0.000,0.0
50.6955,26626,303022,0.000,0.000,0.0,0.000,0.000,0.0,0.000,0.000,0.0
50.8189,26627,303027,0.000,0.000,0.0,0.000,0.000,0.0,0.000,0.000,0.0
50.8189,26628,303032,0.000,0.000,0.0,0.000,0.000,0.0,0.000,0.000,0.0
50.8189,26629,303037,0.000,0.000,0.0,0.000,0.000,0.0,0.000,0.000,0.0
50.8189,26630,303042,0.000,0.000,0.0,0.000,0.000,0.0,0.000,0.000,0.0
50.8189,26631,303047,0.000,0.000,0.0,0.000,0.000,0.0,0.000,0.000,0.0
50.8189,26632,303052,0.000,0.000,0.0,0.000,0.000,0.0,0.000,0.000,0.0
50.8189,26633,303057,0.000,0.000,0.0,0.000,0.000,0.0,0.000,0.000,0.0
50.8189,26634,303062,0.000,0.000,0.0,0.000,0.000,0.0,0.000,0.000,0.0
50.8189,26635,303067,0.000,0.000,0.0,0.000,0.000,0.0,0.000,0.000,0.0
50.8189,26636,303072,0.000,0.000,0.0,0.000,0.000,0.0,0.000,0.000,0.0
50.8189,26637,303077,0.000,0.000,0.0,0.000,0.000,0.0,0.000,0.000,0.0
50.8189,26638,303082,0.000,0.000,0.0,0.000,0.000,0.0,0.000,0.000,0.0
50.8189,26639,303087,0.000,0.000,0.0,0.000,0.000,0.0,0.000,0.000,0.0
50.8189,26640,303092,0.000,0.000,0.0,0.000,0.000,0.0,0.000,0.000,0.0
50.8189,26641,303097,0.000,0.000,0.0,0.000,0.000,0.0,0.000,0.000,0.0
50.8189,26642,303102,0.000,0.000,0.0,0.000,0.000,0.0,0.000,0.000,0.0
51.0027,26643,303107,0.000,0.000,0.0,0.000,0.000,0.0,0.000,0.000,0.0
51.0027,26644,303112,0.000,0.000,0.0,0.000,0.000,0.0,0.000,0.000,0.0
51.0027,26645,303117,0.000,0.000,0.0,0.000,0.000,0.0,0.000,0.000,0.0
51.0027,26646,303122,0.000,0.000,0.0,0.000,0.000,0.0,0.000,0.000,0.0
51.0027,26647,303127,0.000,0.000,0.0,0.000,0.000,0.0,0.000,0.000,0.0
51.0027,26648,303132,0.000,0.000,0.0,0.000,0.000,0.0,0.000,0.000,0.0
51.0027,26649,303137,0.000,0.000,0.0,0.000,0.000,0.0,0.000,0.000,0.0
51.0027,26650,303142,0.000,0.000,0.0,0.000,0.000,0.0,0.000,0.000,0.0
51.0033,26651,303147,0.000,0.000,0.0,0.000,0.000,0.0,0.000,0.000,0.0
51.0033,26652,303152,0.000,0.000,0.0,0.000,0.000,0.0,0.000,0.000,0.0
51.0033,26653,303157,0.000,0.000,0.0,0.000,0.000,0.0,0.000,0.000,0.0
51.0033,26654,303162,0.000,0.000,0.0,0.000,0.000,0.0,0.000,0.000,0.0
51.0033,26655,303167,0.000,0.000,0.0,0.000,0.000,0.0,0.000,0.000,0.0
51.0033,26656,303172,0.000,0.000,0.0,0.000,0.000,0.0,0.000,0.000,0.0
51.0033,26657,303177,0.000,0.000,0.0,0.000,0.000,0.0,0.000,0.000,0.0
51.0033,26658,303182,0.000,0.000,0.0,0.000,0.000,0.0,0.000,0.000,0.0
51.0033,26659,303187,0.000,0.000,0.0,0.000,0.000,0.0,0.000,0.000,0.0
51.0033,26660,303192,0.000,0.000,0.0,0.000,0.000,0.0,0.000,0.000,0.0
51.0033,26661,303197,0.000,0.000,0.0,0.000,0.000,0.0,0.000,0.000,0.0
51.0033,26662,303202,0.000,0.000,0.0,0.000,0.000,0.0,0.000,0.000,0.0
51.0033,26663,303207,0.000,0.000,0.0,0.000,0.000,0.0,0.000,0.000,0.0
51.0033,26664,303212,0.000,0.000,0.0,0.000,0.000,0.0,0.000,0.000,0.0
51.0033,26665,303217,0.000,0.000,0.0,0.000,0.000,0.0,0.000,0.000,0.0
51.0033,26666,303222,0.000,0.000,0.0,0.000,0.000,0.0,0.000,0.000,0.0
51.1278,26667,303227,0.000,0.000,0.0,0.000,0.000,0.0,0.000,0.000,0.0
51.1278,26668,303232,0.000,0.000,0.0,0.000,0.000,0.0,0.000,0.000,0.0
51.1278,26669,303237,0.000,0.000,0.0,0.000,0.000,0.0,0.000,0.000,0.0
51.1278,26670,303242,0.000,0.000,0.0,0.000,0.000,0.0,0.000,0.000,0.0
51.1278,26671,303247,0.000,0.000,0.0,0.000,0.000,0.0,0.000,0.000,0.0
51.1278,26672,303252,0.000,0.000,0.0,0.000,0.000,0.0,0.000,0.000,0.0
51.1278,26673,303257,0.000,0.000,0.0,0.000,0.000,0.0,0.000,0.000,0.0
51.1278,26674,303262,0.000,0.000,0.0,0.000,0.000,0.0,0.000,0.000,0.0
51.1278,26675,303267,0.000,0.000,0.0,0.000,0.000,0.0,0.000,0.000,0.0
51.1278,26676,303272,0.000,0.000,0.0,0.000,0.000,0.0,0.000,0.000,0.0
51.1278,26677,303277,0.000,0.000,0.0,0.000,0.000,0.0,0.000,0.000,0.0
51.1278,26678,303282,0.000,0.000,0.0,0.000,0.000,0.0,0.000,0.000,0.0
51.1278,26679,303287,0.000,0.000,0.0,0.000,0.000,0.0,0.000,0.000,0.0
51.1278,26680,303292,0.000,0.000,0.0,0.000,0.000,0.0,0.000,0.000,0.0
51.1278,26681,303297,0.000,0.000,0.0,0.000,0.000,0.0,0.000,0.000,0.0
51.1278,26682,303302,0.000,0.000,0.0,0.000,0.000,0.0,0.000,0.000,0.0
51.1278,26683,303336,0.000,0.000,0.0,0.000,0.000,0.0,0.000,0.000,0.0
51.1278,26684,303341,0.000,0.000,0.0,0.000,0.000,0.0,0.000,0.000,0.0
51.1278,26685,303346,0.000,0.000,0.0,0.000,0.000,0.0,0.000,0.000,0.0
51.1278,26686,303351,0.000,0.000,0.0,0.000,0.000,0.0,0.000,0.000,0.0
51.1278,26687,303356,0.000,0.000,0.0,0.000,0.000,0.0,0.000,0.000,0.0
51.1278,26688,303361,0.000,0.000,0.0,0.000,0.000,0.0,0.000,0.000,0.0
51.1278,26689,303366,0.000,0.000,0.0,0.000,0.000,0.0,0.000,0.000,0.0
51.1278,26690,303371,0.000,0.000,0.0,0.000,0.000,0.0,0.000,0.000,0.0
51.1629,26691,303376,0.000,0.000,0.0,0.000,0.000,0.0,0.000,0.000,0.0
51.1629,26692,303381,0.000,0.000,0.0,0.000,0.000,0.0,0.000,0.000,0.0
51.1629,26693,303386,0.000,0.000,0.0,0.000,0.000,0.0,0.000,0.000,0.0
51.1629,26694,303391,0.000,0.000,0.0,0.000,0.000,0.0,0.000,0.000,0.0
51.1629,26695,303396,0.000,0.000,0.0,0.000,0.000,0.0,0.000,0.000,0.0
51.1629,26696,303401,0.000,0.000,0.0,0.000,0.000,0.0,0.000,0.000,0.0
51.1629,26697,303406,0.000,0.000,0.0,0.000,0.000,0.0,0.000,0.000,0.0
51.1629,26698,303411,0.000,0.000,0.0,0.000,0.000,0.0,0.000,0.000,0.0
51.1629,26699,303416,0.000,0.000,0.0,0.000,0.000,0.0,0.000,0.000,0.0
51.1629,26700,303421,0.000,0.000,0.0,0.000,0.000,0.0,0.000,0.000,0.0
51.1629,26701,303426,0.000,0.000,0.0,0.000,0.000,0.0,0.000,0.000,0.0
51.1629,26702,303431,0.000,0.000,0.0,0.000,0.000,0.0,0.000,0.000,0.0
51.1629,26703,303436,0.000,0.000,0.0,0.000,0.000,0.0,0.000,0.000,0.0
51.1629,26704,303441,0.000,0.000,0.0,0.000,0.000,0.0,0.000,0.000,0.0
51.1629,26705,303446,0.000,0.000,0.0,0.000,0.000,0.0,0.000,0.000,0.0
51.1629,26706,303451,0.000,0.000,0.0,0.000,0.000,0.0,0.000,0.000,0.0
51.1755,26707,303456,0.000,0.000,0.0,0.000,0.000,0.0,0.000,0.000,0.0
51.1755,26708,303461,0.000,0.000,0.0,0.000,0.000,0.0,0.000,0.000,0.0
51.1755,26709,303466,0.000,0.000,0.0,0.000,0.000,0.0,0.000,0.000,0.0
51.1755,26710,303471,0.000,0.000,0.0,0.000,0.000,0.0,0.000,0.000,0.0
51.1755,26711,303476,0.000,0.000,0.0,0.000,0.000,0.0,0.000,0.000,0.0
51.1755,26712,303481,0.000,0.000,0.0,0.000,0.000,0.0,0.000,0.000,0.0
51.1755,26713,303486,0.000,0.000,0.0,0.000,0.000,0.0,0.000,0.000,0.0
51.1755,26714,303491,0.000,0.000,0.0,0.000,0.000,0.0,0.000,0.000,0.0
51.3357,26715,303496,0.000,0.000,0.0,0.000,0.000,0.0,0.000,0.000,0.0
51.3357,26716,303501,0.000,0.000,0.0,0.000,0.000,0.0,0.000,0.000,0.0
51.3357,26717,303506,0.000,0.000,0.0,0.000,0.000,0.0,0.000,0.000,0.0
51.3357,26718,303511,0.000,0.000,0.0,0.000,0.000,0.0,0.000,0.000,0.0
51.3357,26719,303516,0.000,0.000,0.0,0.000,0.000,0.0,0.000,0.000,0.0
51.3357,26720,303521,0.000,0.000,0.0,0.000,0.000,0.0,0.000,0.000,0.0
51.3357,26721,303526,0.000,0.000,0.0,0.000,0.000,0.0,0.000,0.000,0.0
51.3357,26722,303531,0.000,0.000,0.0,0.000,0.000,0.0,0.000,0.000,0.0
51.3357,26723,303536,0.000,0.000,0.0,0.000,0.000,0.0,0.000,0.000,0.0
51.3357,26724,303541,0.000,0.000,0.0,0.000,0.000,0.0,0.000,0.000,0.0
51.3357,26725,303546,0.000,0.000,0.0,0.000,0.000,0.0,0.000,0.000,0.0
51.3357,26726,303551,0.000,0.000,0.0,0.000,0.000,0.0,0.000,0.000,0.0
51.3357,26727,303556,0.000,0.000,0.0,0.000,0.000,0.0,0.000,0.000,0.0
51.3357,26728,303561,0.000,0.000,0.0,0.000,0.000,0.0,0.000,0.000,0.0
51.3357,26729,303566,0.000,0.000,0.0,0.000,0.000,0.0,0.000,0.000,0.0
51.3357,26730,303571,0.000,0.000,0.0,0.000,0.000,0.0,0.000,0.000,0.0
51.4148,26731,303576,0.000,0.000,0.0,0.000,0.000,0.0,0.000,0.000,0.0
51.4148,26732,303581,0.000,0.000,0.0,0.000,0.000,0.0,0.000,0.000,0.0
51.4148,26733,303586,0.000,0.000,0.0,0.000,0.000,0.0,0.000,0.000,0.0
51.4148,26734,303591,0.000,0.000,0.0,0.000,0.000,0.0,0.000,0.000,0.0
51.4148,26735,303596,0.000,0.000,0.0,0.000,0.000,0.0,0.000,0.000,0.0
51.4148,26736,303601,0.000,0.000,0.0,0.000,0.000,0.0,0.000,0.000,0.0
51.4148,26737,303606,0.000,0.000,0.0,0.000,0.000,0.0,0.000,0.000,0.0
51.4148,26738,303611,0.000,0.000,0.0,0.000,0.000,0.0,0.000,0.000,0.0
51.4148,26739,303616,0.000,0.000,0.0,0.000,0.000,0.0,0.000,0.000,0.0
51.4148,26740,303621,0.000,0.000,0.0,0.000,0.000,0.0,0.000,0.000,0.0
51.4148,26741,303626,0.000,0.000,0.0,0.000,0.000,0.0,0.000,0.000,0.0
51.4148,26742,303631,0.000,0.000,0.0,0.000,0.000,0.0,0.000,0.000,0.0
51.4148,26743,303636,0.000,0.000,0.0,0.000,0.000,0.0,0.000,0.000,0.0
51.4148,26744,303641,0.000,0.000,0.0,0.000,0.000,0.0,0.000,0.000,0.0
51.4148,26745,303646,0.000,0.000,0.0,0.000,0.000,0.0,0.000,0.000,0.0
51.4148,26746,303651,0.000,0.000,0.0,0.000,0.000,0.0,0.000,0.000,0.0
51.4148,26747,303656,0.000,0.000,0.0,0.000,0.000,0.0,0.000,0.000,0.0
51.4148,26748,303661,0.000,0.000,0.0,0.000,0.000,0.0,0.000,0.000,0.0
51.4148,26749,303666,0.000,0.000,0.0,0.000,0.000,0.0,0.000,0.000,0.0
51.4148,26750,303671,0.000,0.000,0.0,0.000,0.000,0.0,0.000,0.000,0.0
51.4148,26751,303676,0.000,0.000,0.0,0.000,0.000,0.0,0.000,0.000,0.0
51.4148,26752,303681,0.000,0.000,0.0,0.000,0.000,0.0,0.000,0.000,0.0
51.4148,26753,303686,0.000,0.000,0.0,0.000,0.000,0.0,0.000,0.000,0.0
51.4148,26754,303691,0.000,0.000,0.0,0.000,0.000,0.0,0.000,0.000,0.0
51.4749,26755,303696,0.000,0.000,0.0,0.000,0.000,0.0,0.000,0.000,0.0
51.4749,26756,303701,0.000,0.000,0.0,0.000,0.000,0.0,0.000,0.000,0.0
51.4749,26757,303706,0.000,0.000,0.0,0.000,0.000,0.0,0.000,0.000,0.0
51.4749,26758,303711,0.000,0.000,0.0,0.000,0.000,0.0,0.000,0.000,0.0
51.4749,26759,303716,0.000,0.000,0.0,0.000,0.000,0.0,0.000,0.000,0.0
51.4749,26760,303721,0.000,0.000,0.0,0.000,0.000,0.0,0.000,0.000,0.0
51.4749,26761,303726,0.000,0.000,0.0,0.000,0.000,0.0,0.000,0.000,0.0
51.4749,26762,303731,0.000,0.000,0.0,0.000,0.000,0.0,0.000,0.000,0.0
51.4749,26763,303736,0.000,0.000,0.0,0.000,0.000,0.0,0.000,0.000,0.0
51.4749,26764,303741,0.000,0.000,0.0,0.000,0.000,0.0,0.000,0.000,0.0
51.4749,26765,303746,0.000,0.000,0.0,0.000,0.000,0.0,0.000,0.000,0.0
51.4749,26766,303751,0.000,0.000,0.0,0.000,0.000,0.0,0.000,0.000,0.0
51.4749,26767,303756,0.000,0.000,0.0,0.000,0.000,0.0,0.000,0.000,0.0
51.4749,26768,303761,0.000,0.000,0.0,0.000,0.000,0.0,0.000,0.000,0.0
51.4749,26769,303766,0.000,0.000,0.0,0.000,0.000,0.0,0.000,0.000,0.0
51.4749,26770,303771,0.000,0.000,0.0,0.000,0.000,0.0,0.000,0.000,0.0
51.5295,26771,303776,0.000,0.000,0.0,0.000,0.000,0.0,0.000,0.000,0.0
51.5295,26772,303781,0.000,0.000,0.0,0.000,0.000,0.0,0.000,0.000,0.0
51.5295,26773,303786,0.000,0.000,0.0,0.000,0.000,0.0,0.000,0.000,0.0
51.5295,26774,303791,0.000,0.000,0.0,0.000,0.000,0.0,0.000,0.000,0.0
51.5295,26775,303796,0.000,0.000,0.0,0.000,0.000,0.0,0.000,0.000,0.0
51.5295,26776,303801,0.000,0.000,0.0,0.000,0.000,0.0,0.000,0.000,0.0
51.5295,26777,303806,0.000,0.000,0.0,0.000,0.000,0.0,0.000,0.000,0.0
51.5295,26778,303811,0.000,0.000,0.0,0.000,0.000,0.0,0.000,0.000,0.0
51.5295,26779,303816,0.000,0.000,0.0,0.000,0.000,0.0,0.000,0.000,0.0
51.5295,26780,303821,0.000,0.000,0.0,0.000,0.000,0.0,0.000,0.000,0.0
51.5295,26781,303826,0.000,0.000,0.0,0.000,0.000,0.0,0.000,0.000,0.0
51.5295,26782,303831,0.000,0.000,0.0,0.000,0.000,0.0,0.000,0.000,0.0
51.5295,26783,303836,0.000,0.000,0.0,0.000,0.000,0.0,0.000,0.000,0.0
51.5295,26784,303841,0.000,0.000,0.0,0.000,0.000,0.0,0.000,0.000,0.0
51.5295,26785,303846,0.000,0.000,0.0,0.000,0.000,0.0,0.000,0.000,0.0
51.5295,26786,303851,0.000,0.000,0.0,0.000,0.000,0.0,0.000,0.000,0.0
51.6414,26787,303856,0.000,0.000,0.0,0.000,0.000,0.0,0.000,0.000,0.0
51.6414,26788,303861,0.000,0.000,0.0,0.000,0.000,0.0,0.000,0.000,0.0
51.6414,26789,303866,0.000,0.000,0.0,0.000,0.000,0.0,0.000,0.000,0.0
51.6414,26790,303871,0.000,0.000,0.0,0.000,0.000,0.0,0.000,0.000,0.0
51.6414,26791,303876,0.000,0.000,0.0,0.000,0.000,0.0,0.000,0.000,0.0
51.6414,26792,303881,0.000,0.000,0.0,0.000,0.000,0.0,0.000,0.000,0.0
51.6414,26793,303886,0.000,0.000,0.0,0.000,0.000,0.0,0.000,0.000,0.0
51.6414,26794,303891,0.000,0.000,0.0,0.000,0.000,0.0,0.000,0.000,0.0
51.6414,26795,303896,0.000,0.000,0.0,0.000,0.000,0.0,0.000,0.000,0.0
51.6414,26796,303901,0.000,0.000,0.0,0.000,0.000,0.0,0.000,0.000,0.0
51.6414,26797,303906,0.000,0.000,0.0,0.000,0.000,0.0,0.000,0.000,0.0
51.6414,26798,303911,0.000,0.000,0.0,0.000,0.000,0.0,0.000,0.000,0.0
51.6414,26799,303916,0.000,0.000,0.0,0.000,0.000,0.0,0.000,0.000,0.0
51.6414,26800,303921,0.000,0.000,0.0,0.000,0.000,0.0,0.000,0.000,0.0
51.6414,26801,303926,0.000,0.000,0.0,0.000,0.000,0.0,0.000,0.000,0.0
51.6414,26802,303931,0.000,0.000,0.0,0.000,0.000,0.0,0.000,0.000,0.0
51.7867,26803,303936,0.000,0.000,0.0,0.000,0.000,0.0,0.000,0.000,0.0
51.7867,26804,303941,0.000,0.000,0.0,0.000,0.000,0.0,0.000,0.000,0.0
51.7867,26805,303946,0.000,0.000,0.0,0.000,0.000,0.0,0.000,0.000,0.0
51.7867,26806,303951,0.000,0.000,0.0,0.000,0.000,0.0,0.000,0.000,0.0
51.7867,26807,303956,0.000,0.000,0.0,0.000,0.000,0.0,0.000,0.000,0.0
51.7867,26808,303961,0.000,0.000,0.0,0.000,0.000,0.0,0.000,0.000,0.0
51.7867,26809,303966,0.000,0.000,0.0,0.000,0.000,0.0,0.000,0.000,0.0
51.7867,26810,303971,0.000,0.000,0.0,0.000,0.000,0.0,0.000,0.000,0.0
51.7867,26811,303976,0.000,0.000,0.0,0.000,0.000,0.0,0.000,0.000,0.0
51.7867,26812,303981,0.000,0.000,0.0,0.000,0.000,0.0,0.000,0.000,0.0
51.7867,26813,303986,0.000,0.000,0.0,0.000,0.000,0.0,0.000,0.000,0.0
51.7867,26814,303991,0.000,0.000,0.0,0.000,0.000,0.0,0.000,0.000,0.0
51.7867,26815,303996,0.000,0.000,0.0,0.000,0.000,0.0,0.000,0.000,0.0
51.7867,26816,304001,0.000,0.000,0.0,0.000,0.000,0.0,0.000,0.000,0.0
51.7867,26817,304006,0.000,0.000,0.0,0.000,0.000,0.0,0.000,0.000,0.0
51.7867,26818,304011,0.000,0.000,0.0,0.000,0.000,0.0,0.000,0.000,0.0
51.7867,26819,304016,0.000,0.000,0.0,0.000,0.000,0.0,0.000,0.000,0.0
51.7867,26820,304021,0.000,0.000,0.0,0.000,0.000,0.0,0.000,0.000,0.0
51.7867,26821,304026,0.000,0.000,0.0,0.000,0.000,0.0,0.000,0.000,0.0
51.7867,26822,304031,0.000,0.000,0.0,0.000,0.000,0.0,0.000,0.000,0.0
51.7867,26823,304036,0.000,0.000,0.0,0.000,0.000,0.0,0.000,0.000,0.0
51.7867,26824,304041,0.000,0.000,0.0,0.000,0.000,0.0,0.000,0.000,0.0
51.7867,26825,304046,0.000,0.000,0.0,0.000,0.000,0.0,0.000,0.000,0.0
51.7867,26826,304051,0.000,0.000,0.0,0.000,0.000,0.0,0.000,0.000,0.0
51.8865,26827,304056,0.000,0.000,0.0,0.000,0.000,0.0,0.000,0.000,0.0
51.8865,26828,304061,0.000,0.000,0.0,0.000,0.000,0.0,0.000,0.000,0.0
51.8865,26829,304066,0.000,0.000,0.0,0.000,0.000,0.0,0.000,0.000,0.0
51.8865,26830,304071,0.000,0.000,0.0,0.000,0.000,0.0,0.000,0.000,0.0
51.8865,26831,304076,0.000,0.000,0.0,0.000,0.000,0.0,0.000,0.000,0.0
51.8865,26832,304081,0.000,0.000,0.0,0.000,0.000,0.0,0.000,0.000,0.0
51.8865,26833,304086,0.000,0.000,0.0,0.000,0.000,0.0,0.000,0.000,0.0
51.8865,26834,304091,0.000,0.000,0.0,0.000,0.000,0.0,0.000,0.000,0.0
51.8865,26835,304096,0.000,0.000,0.0,0.000,0.000,0.0,0.000,0.000,0.0
51.8865,26836,304101,0.000,0.000,0.0,0.000,0.000,0.0,0.000,0.000,0.0
51.8865,26837,304106,0.000,0.000,0.0,0.000,0.000,0.0,0.000,0.000,0.0
51.8865,26838,304111,0.000,0.000,0.0,0.000,0.000,0.0,0.000,0.000,0.0
51.8865,26839,304116,0.000,0.000,0.0,0.000,0.000,0.0,0.000,0.000,0.0
51.8865,26840,304121,0.000,0.000,0.0,0.000,0.000,0.0,0.000,0.000,0.0
51.8865,26841,304126,0.000,0.000,0.0,0.000,0.000,0.0,0.000,0.000,0.0
51.8865,26842,304131,0.000,0.000,0.0,0.000,0.000,0.0,0.000,0.000,0.0
51.8865,26843,304136,0.000,0.000,0.0,0.000,0.000,0.0,0.000,0.000,0.0
51.8865,26844,304141,0.000,0.000,0.0,0.000,0.000,0.0,0.000,0.000,0.0
51.8865,26845,304146,0.000,0.000,0.0,0.000,0.000,0.0,0.000,0.000,0.0
51.8865,26846,304151,0.000,0.000,0.0,0.000,0.000,0.0,0.000,0.000,0.0
51.8865,26847,304156,0.000,0.000,0.0,0.000,0.000,0.0,0.000,0.000,0.0
51.8865,26848,304161,0.000,0.000,0.0,0.000,0.000,0.0,0.000,0.000,0.0
51.8865,26849,304166,0.000,0.000,0.0,0.000,0.000,0.0,0.000,0.000,0.0
51.8865,26850,304171,0.000,0.000,0.0,0.000,0.000,0.0,0.000,0.000,0.0
51.9401,26851,304176,0.000,0.000,0.0,0.000,0.000,0.0,0.000,0.000,0.0
51.9401,26852,304181,0.000,0.000,0.0,0.000,0.000,0.0,0.000,0.000,0.0
51.9401,26853,304186,0.000,0.000,0.0,0.000,0.000,0.0,0.000,0.000,0.0
51.9401,26854,304191,0.000,0.000,0.0,0.000,0.000,0.0,0.000,0.000,0.0
51.9401,26855,304196,0.000,0.000,0.0,0.000,0.000,0.0,0.000,0.000,0.0
51.9401,26856,304201,0.000,0.000,0.0,0.000,0.000,0.0,0.000,0.000,0.0
51.9401,26857,304206,0.000,0.000,0.0,0.000,0.000,0.0,0.000,0.000,0.0
51.9401,26858,304211,0.000,0.000,0.0,0.000,0.000,0.0,0.000,0.000,0.0
51.9401,26859,304216,0.000,0.000,0.0,0.000,0.000,0.0,0.000,0.000,0.0
51.9401,26860,304221,0.000,0.000,0.0,0.000,0.000,0.0,0.000,0.000,0.0
51.9401,26861,304226,0.000,0.000,0.0,0.000,0.000,0.0,0.000,0.000,0.0
51.9401,26862,304231,0.000,0.000,0.0,0.000,0.000,0.0,0.000,0.000,0.0
51.9401,26863,304236,0.000,0.000,0.0,0.000,0.000,0.0,0.000,0.000,0.0
51.9401,26864,304241,0.000,0.000,0.0,0.000,0.000,0.0,0.000,0.000,0.0
51.9401,26865,304246,0.000,0.000,0.0,0.000,0.000,0.0,0.000,0.000,0.0
51.9401,26866,304251,0.000,0.000,0.0,0.000,0.000,0.0,0.000,0.000,0.0
52.0419,26867,304256,0.000,0.000,0.0,0.000,0.000,0.0,0.000,0.000,0.0
52.0419,26868,304261,0.000,0.000,0.0,0.000,0.000,0.0,0.000,0.000,0.0
52.0419,26869,304266,0.000,0.000,0.0,0.000,0.000,0.0,0.000,0.000,0.0
52.0419,26870,304271,0.000,0.000,0.0,0.000,0.000,0.0,0.000,0.000,0.0
52.0419,26871,304276,0.000,0.000,0.0,0.000,0.000,0.0,0.000,0.000,0.0
52.0419,26872,304281,0.000,0.000,0.0,0.000,0.000,0.0,0.000,0.000,0.0
52.0419,26873,304286,0.000,0.000,0.0,0.000,0.000,0.0,0.000,0.000,0.0
52.0419,26874,304291,0.000,0.000,0.0,0.000,0.000,0.0,0.000,0.000,0.0
52.0428,26875,304296,0.000,0.000,0.0,0.000,0.000,0.0,0.000,0.000,0.0
52.0428,26876,304301,0.000,0.000,0.0,0.000,0.000,0.0,0.000,0.000,0.0
52.0428,26877,304306,0.000,0.000,0.0,0.000,0.000,0.0,0.000,0.000,0.0
52.0428,26878,304311,0.000,0.000,0.0,0.000,0.000,0.0,0.000,0.000,0.0
52.0428,26879,304316,0.000,0.000,0.0,0.000,0.000,0.0,0.000,0.000,0.0
52.0428,26880,304321,0.000,0.000,0.0,0.000,0.000,0.0,0.000,0.000,0.0
52.0428,26881,304326,0.000,0.000,0.0,0.000,0.000,0.0,0.000,0.000,0.0
52.0428,26882,304331,0.000,0.000,0.0,0.000,0.000,0.0,0.000,0.000,0.0
52.0937,26883,304336,0.000,0.000,0.0,0.000,0.000,0.0,0.000,0.000,0.0
52.0937,26884,304341,0.000,0.000,0.0,0.000,0.000,0.0,0.000,0.000,0.0
52.0937,26885,304346,0.000,0.000,0.0,0.000,0.000,0.0,0.000,0.000,0.0
52.0937,26886,304351,0.000,0.000,0.0,0.000,0.000,0.0,0.000,0.000,0.0
52.0937,26887,304356,0.000,0.000,0.0,0.000,0.000,0.0,0.000,0.000,0.0
52.0937,26888,304361,0.000,0.000,0.0,0.000,0.000,0.0,0.000,0.000,0.0
52.0937,26889,304366,0.000,0.000,0.0,0.000,0.000,0.0,0.000,0.000,0.0
52.0937,26890,304371,0.000,0.000,0.0,0.000,0.000,0.0,0.000,0.000,0.0
52.0937,26891,304376,0.000,0.000,0.0,0.000,0.000,0.0,0.000,0.000,0.0
52.0937,26892,304381,0.000,0.000,0.0,0.000,0.000,0.0,0.000,0.000,0.0
52.0937,26893,304386,0.000,0.000,0.0,0.000,0.000,0.0,0.000,0.000,0.0
52.0937,26894,304391,0.000,0.000,0.0,0.000,0.000,0.0,0.000,0.000,0.0
52.0937,26895,304396,0.000,0.000,0.0,0.000,0.000,0.0,0.000,0.000,0.0
52.0937,26896,304401,0.000,0.000,0.0,0.000,0.000,0.0,0.000,0.000,0.0
52.0937,26897,304406,0.000,0.000,0.0,0.000,0.000,0.0,0.000,0.000,0.0
52.0937,26898,304411,0.000,0.000,0.0,0.000,0.000,0.0,0.000,0.000,0.0
52.2259,26899,304416,0.000,0.000,0.0,0.000,0.000,0.0,0.000,0.000,0.0
52.2259,26900,304421,0.000,0.000,0.0,0.000,0.000,0.0,0.000,0.000,0.0
52.2259,26901,304426,0.000,0.000,0.0,0.000,0.000,0.0,0.000,0.000,0.0
52.2259,26902,304431,0.000,0.000,0.0,0.000,0.000,0.0,0.000,0.000,0.0
52.2259,26903,304436,0.000,0.000,0.0,0.000,0.000,0.0,0.000,0.000,0.0
52.2259,26904,304441,0.000,0.000,0.0,0.000,0.000,0.0,0.000,0.000,0.0
52.2259,26905,304446,0.000,0.000,0.0,0.000,0.000,0.0,0.000,0.000,0.0
52.2259,26906,304451,0.000,0.000,0.0,0.000,0.000,0.0,0.000,0.000,0.0
52.2259,26907,304456,0.000,0.000,0.0,0.000,0.000,0.0,0.000,0.000,0.0
52.2259,26908,304461,0.000,0.000,0.0,0.000,0.000,0.0,0.000,0.000,0.0
52.2259,26909,304466,0.000,0.000,0.0,0.000,0.000,0.0,0.000,0.000,0.0
52.2259,26910,304471,0.000,0.000,0.0,0.000,0.000,0.0,0.000,0.000,0.0
52.2259,26911,304476,0.000,0.000,0.0,0.000,0.000,0.0,0.000,0.000,0.0
52.2259,26912,304481,0.000,0.000,0.0,0.000,0.000,0.0,0.000,0.000,0.0
52.2259,26913,304486,0.000,0.000,0.0,0.000,0.000,0.0,0.000,0.000,0.0
52.2259,26914,304491,0.000,0.000,0.0,0.000,0.000,0.0,0.000,0.000,0.0
52.2994,26915,304496,0.000,0.000,0.0,0.000,0.000,0.0,0.000,0.000,0.0
52.2994,26916,304501,0.000,0.000,0.0,0.000,0.000,0.0,0.000,0.000,0.0
52.2994,26917,304506,0.000,0.000,0.0,0.000,0.000,0.0,0.000,0.000,0.0
52.2994,26918,304511,0.000,0.000,0.0,0.000,0.000,0.0,0.000,0.000,0.0
52.2994,26919,304516,0.000,0.000,0.0,0.000,0.000,0.0,0.000,0.000,0.0
52.2994,26920,304521,0.000,0.000,0.0,0.000,0.000,0.0,0.000,0.000,0.0
52.2994,26921,304526,0.000,0.000,0.0,0.000,0.000,0.0,0.000,0.000,0.0
52.2994,26922,304531,0.000,0.000,0.0,0.000,0.000,0.0,0.000,0.000,0.0
52.2994,26923,304536,0.000,0.000,0.0,0.000,0.000,0.0,0.000,0.000,0.0
52.2994,26924,304541,0.000,0.000,0.0,0.000,0.000,0.0,0.000,0.000,0.0
52.2994,26925,304546,0.000,0.000,0.0,0.000,0.000,0.0,0.000,0.000,0.0
52.2994,26926,304551,0.000,0.000,0.0,0.000,0.000,0.0,0.000,0.000,0.0
52.2994,26927,304556,0.000,0.000,0.0,0.000,0.000,0.0,0.000,0.000,0.0
52.2994,26928,304561,0.000,0.000,0.0,0.000,0.000,0.0,0.000,0.000,0.0
52.2994,26929,304566,0.000,0.000,0.0,0.000,0.000,0.0,0.000,0.000,0.0
52.2994,26930,304571,0.000,0.000,0.0,0.000,0.000,0.0,0.000,0.000,0.0
52.3663,26931,304576,0.000,0.000,0.0,0.000,0.000,0.0,0.000,0.000,0.0
52.3663,26932,304581,0.000,0.000,0.0,0.000,0.000,0.0,0.000,0.000,0.0
52.3663,26933,304586,0.000,0.000,0.0,0.000,0.000,0.0,0.000,0.000,0.0
52.3663,26934,304591,0.000,0.000,0.0,0.000,0.000,0.0,0.000,0.000,0.0
52.3663,26935,304596,0.000,0.000,0.0,0.000,0.000,0.0,0.000,0.000,0.0
52.3663,26936,304601,0.000,0.000,0.0,0.000,0.000,0.0,0.000,0.000,0.0
52.3663,26937,304606,0.000,0.000,0.0,0.000,0.000,0.0,0.000,0.000,0.0
52.3663,26938,304611,0.000,0.000,0.0,0.000,0.000,0.0,0.000,0.000,0.0
52.3663,26939,304616,0.000,0.000,0.0,0.000,0.000,0.0,0.000,0.000,0.0
52.3663,26940,304621,0.000,0.000,0.0,0.000,0.000,0.0,0.000,0.000,0.0
52.3663,26941,304626,0.000,0.000,0.0,0.000,0.000,0.0,0.000,0.000,0.0
52.3663,26942,304631,0.000,0.000,0.0,0.000,0.000,0.0,0.000,0.000,0.0
52.3663,26943,304636,0.000,0.000,0.0,0.000,0.000,0.0,0.000,0.000,0.0
52.3663,26944,304641,0.000,0.000,0.0,0.000,0.000,0.0,0.000,0.000,0.0
52.3663,26945,304646,0.000,0.000,0.0,0.000,0.000,0.0,0.000,0.000,0.0
52.3663,26946,304651,0.000,0.000,0.0,0.000,0.000,0.0,0.000,0.000,0.0
52.4288,26947,304656,0.000,0.000,0.0,0.000,0.000,0.0,0.000,0.000,0.0
52.4288,26948,304661,0.000,0.000,0.0,0.000,0.000,0.0,0.000,0.000,0.0
52.4288,26949,304666,0.000,0.000,0.0,0.000,0.000,0.0,0.000,0.000,0.0
52.4288,26950,304671,0.000,0.000,0.0,0.000,0.000,0.0,0.000,0.000,0.0
52.4288,26951,304676,0.000,0.000,0.0,0.000,0.000,0.0,0.000,0.000,0.0
52.4288,26952,304681,0.000,0.000,0.0,0.000,0.000,0.0,0.000,0.000,0.0
52.4288,26953,304686,0.000,0.000,0.0,0.000,0.000,0.0,0.000,0.000,0.0
52.4288,26954,304691,0.000,0.000,0.0,0.000,0.000,0.0,0.000,0.000,0.0
52.4288,26955,304696,0.000,0.000,0.0,0.000,0.000,0.0,0.000,0.000,0.0
52.4288,26956,304701,0.000,0.000,0.0,0.000,0.000,0.0,0.000,0.000,0.0
52.4288,26957,304706,0.000,0.000,0.0,0.000,0.000,0.0,0.000,0.000,0.0
52.4288,26958,304711,0.000,0.000,0.0,0.000,0.000,0.0,0.000,0.000,0.0
52.4288,26959,304716,0.000,0.000,0.0,0.000,0.000,0.0,0.000,0.000,0.0
52.4288,26960,304721,0.000,0.000,0.0,0.000,0.000,0.0,0.000,0.000,0.0
52.4288,26961,304726,0.000,0.000,0.0,0.000,0.000,0.0,0.000,0.000,0.0
52.4288,26962,304731,0.000,0.000,0.0,0.000,0.000,0.0,0.000,0.000,0.0
52.4847,26963,304736,0.000,0.000,0.0,0.000,0.000,0.0,0.000,0.000,0.0
52.4847,26964,304741,0.000,0.000,0.0,0.000,0.000,0.0,0.000,0.000,0.0
52.4847,26965,304746,0.000,0.000,0.0,0.000,0.000,0.0,0.000,0.000,0.0
52.4847,26966,304751,0.000,0.000,0.0,0.000,0.000,0.0,0.000,0.000,0.0
52.4847,26967,304756,0.000,0.000,0.0,0.000,0.000,0.0,0.000,0.000,0.0
52.4847,26968,304761,0.000,0.000,0.0,0.000,0.000,0.0,0.000,0.000,0.0
52.4847,26969,304766,0.000,0.000,0.0,0.000,0.000,0.0,0.000,0.000,0.0
52.4847,26970,304771,0.000,0.000,0.0,0.000,0.000,0.0,0.000,0.000,0.0
52.4847,26971,304776,0.000,0.000,0.0,0.000,0.000,0.0,0.000,0.000,0.0
52.4847,26972,304781,0.000,0.000,0.0,0.000,0.000,0.0,0.000,0.000,0.0
52.4847,26973,304786,0.000,0.000,0.0,0.000,0.000,0.0,0.000,0.000,0.0
52.4847,26974,304791,0.000,0.000,0.0,0.000,0.000,0.0,0.000,0.000,0.0
52.4847,26975,304796,0.000,0.000,0.0,0.000,0.000,0.0,0.000,0.000,0.0
52.4847,26976,304801,0.000,0.000,0.0,0.000,0.000,0.0,0.000,0.000,0.0
52.4847,26977,304806,0.000,0.000,0.0,0.000,0.000,0.0,0.000,0.000,0.0
52.4847,26978,304811,0.000,0.000,0.0,0.000,0.000,0.0,0.000,0.000,0.0
52.5557,26979,304816,0.000,0.000,0.0,0.000,0.000,0.0,0.000,0.000,0.0
52.5557,26980,304821,0.000,0.000,0.0,0.000,0.000,0.0,0.000,0.000,0.0
52.5557,26981,304826,0.000,0.000,0.0,0.000,0.000,0.0,0.000,0.000,0.0
52.5557,26982,304831,0.000,0.000,0.0,0.000,0.000,0.0,0.000,0.000,0.0
52.5557,26983,304836,0.000,0.000,0.0,0.000,0.000,0.0,0.000,0.000,0.0
52.5557,26984,304841,0.000,0.000,0.0,0.000,0.000,0.0,0.000,0.000,0.0
52.5557,26985,304846,0.000,0.000,0.0,0.000,0.000,0.0,0.000,0.000,0.0
52.5557,26986,304851,0.000,0.000,0.0,0.000,0.000,0.0,0.000,0.000,0.0
52.6169,26987,304856,0.000,0.000,0.0,0.000,0.000,0.0,0.000,0.000,0.0
52.6169,26988,304861,0.000,0.000,0.0,0.000,0.000,0.0,0.000,0.000,0.0
52.6169,26989,304866,0.000,0.000,0.0,0.000,0.000,0.0,0.000,0.000,0.0
52.6169,26990,304871,0.000,0.000,0.0,0.000,0.000,0.0,0.000,0.000,0.0
52.6169,26991,304876,0.000,0.000,0.0,0.000,0.000,0.0,0.000,0.000,0.0
52.6169,26992,304881,0.000,0.000,0.0,0.000,0.000,0.0,0.000,0.000,0.0
52.6169,26993,304886,0.000,0.000,0.0,0.000,0.000,0.0,0.000,0.000,0.0
52.6169,26994,304891,0.000,0.000,0.0,0.000,0.000,0.0,0.000,0.000,0.0
52.6169,26995,304896,0.000,0.000,0.0,0.000,0.000,0.0,0.000,0.000,0.0
52.6169,26996,304901,0.000,0.000,0.0,0.000,0.000,0.0,0.000,0.000,0.0
52.6169,26997,304906,0.000,0.000,0.0,0.000,0.000,0.0,0.000,0.000,0.0
52.6169,26998,304911,0.000,0.000,0.0,0.000,0.000,0.0,0.000,0.000,0.0
52.6169,26999,304916,0.000,0.000,0.0,0.000,0.000,0.0,0.000,0.000,0.0
52.6169,27000,304921,0.000,0.000,0.0,0.000,0.000,0.0,0.000,0.000,0.0
52.6169,27001,304926,0.000,0.000,0.0,0.000,0.000,0.0,0.000,0.000,0.0
52.6169,27002,304931,0.000,0.000,0.0,0.000,0.000,0.0,0.000,0.000,0.0
52.7244,27003,304936,0.000,0.000,0.0,0.000,0.000,0.0,0.000,0.000,0.0
52.7244,27004,304941,0.000,0.000,0.0,0.000,0.000,0.0,0.000,0.000,0.0
52.7244,27005,304946,0.000,0.000,0.0,0.000,0.000,0.0,0.000,0.000,0.0
52.7244,27006,304951,0.000,0.000,0.0,0.000,0.000,0.0,0.000,0.000,0.0
52.7244,27007,304956,0.000,0.000,0.0,0.000,0.000,0.0,0.000,0.000,0.0
52.7244,27008,304961,0.000,0.000,0.0,0.000,0.000,0.0,0.000,0.000,0.0
52.7244,27009,304966,0.000,0.000,0.0,0.000,0.000,0.0,0.000,0.000,0.0
52.7244,27010,304971,0.000,0.000,0.0,0.000,0.000,0.0,0.000,0.000,0.0
52.7244,27011,304976,0.000,0.000,0.0,0.000,0.000,0.0,0.000,0.000,0.0
52.7244,27012,304981,0.000,0.000,0.0,0.000,0.000,0.0,0.000,0.000,0.0
52.7244,27013,304986,0.000,0.000,0.0,0.000,0.000,0.0,0.000,0.000,0.0
52.7244,27014,304991,0.000,0.000,0.0,0.000,0.000,0.0,0.000,0.000,0.0
52.7244,27015,304996,0.000,0.000,0.0,0.000,0.000,0.0,0.000,0.000,0.0
52.7244,27016,305001,0.000,0.000,0.0,0.000,0.000,0.0,0.000,0.000,0.0
52.7244,27017,305006,0.000,0.000,0.0,0.000,0.000,0.0,0.000,0.000,0.0
52.7244,27018,305011,0.000,0.000,0.0,0.000,0.000,0.0,0.000,0.000,0.0
52.8026,27019,305016,0.000,0.000,0.0,0.000,0.000,0.0,0.000,0.000,0.0
52.8026,27020,305021,0.000,0.000,0.0,0.000,0.000,0.0,0.000,0.000,0.0
52.8026,27021,305026,0.000,0.000,0.0,0.000,0.000,0.0,0.000,0.000,0.0
52.8026,27022,305031,0.000,0.000,0.0,0.000,0.000,0.0,0.000,0.000,0.0
52.8026,27023,305036,0.000,0.000,0.0,0.000,0.000,0.0,0.000,0.000,0.0
52.8026,27024,305041,0.000,0.000,0.0,0.000,0.000,0.0,0.000,0.000,0.0
52.8026,27025,305046,0.000,0.000,0.0,0.000,0.000,0.0,0.000,0.000,0.0
52.8026,27026,305051,0.000,0.000,0.0,0.000,0.000,0.0,0.000,0.000,0.0
52.8026,27027,305056,0.000,0.000,0.0,0.000,0.000,0.0,0.000,0.000,0.0
52.8026,27028,305061,0.000,0.000,0.0,0.000,0.000,0.0,0.000,0.000,0.0
52.8026,27029,305066,0.000,0.000,0.0,0.000,0.000,0.0,0.000,0.000,0.0
52.8026,27030,305071,0.000,0.000,0.0,0.000,0.000,0.0,0.000,0.000,0.0
52.8026,27031,305076,0.000,0.000,0.0,0.000,0.000,0.0,0.000,0.000,0.0
52.8026,27032,305081,0.000,0.000,0.0,0.000,0.000,0.0,0.000,0.000,0.0
52.8026,27033,305086,0.000,0.000,0.0,0.000,0.000,0.0,0.000,0.000,0.0
52.8026,27034,305091,0.000,0.000,0.0,0.000,0.000,0.0,0.000,0.000,0.0
52.9232,27035,305096,0.000,0.000,0.0,0.000,0.000,0.0,0.000,0.000,0.0
52.9232,27036,305101,0.000,0.000,0.0,0.000,0.000,0.0,0.000,0.000,0.0
52.9232,27037,305106,0.000,0.000,0.0,0.000,0.000,0.0,0.000,0.000,0.0
52.9232,27038,305111,0.000,0.000,0.0,0.000,0.000,0.0,0.000,0.000,0.0
52.9232,27039,305116,0.000,0.000,0.0,0.000,0.000,0.0,0.000,0.000,0.0
52.9232,27040,305121,0.000,0.000,0.0,0.000,0.000,0.0,0.000,0.000,0.0
52.9232,27041,305126,0.000,0.000,0.0,0.000,0.000,0.0,0.000,0.000,0.0
52.9232,27042,305131,0.000,0.000,0.0,0.000,0.000,0.0,0.000,0.000,0.0
52.9240,27043,305136,0.000,0.000,0.0,0.000,0.000,0.0,0.000,0.000,0.0
52.9240,27044,305141,0.000,0.000,0.0,0.000,0.000,0.0,0.000,0.000,0.0
52.9240,27045,305146,0.000,0.000,0.0,0.000,0.000,0.0,0.000,0.000,0.0
52.9240,27046,305151,0.000,0.000,0.0,0.000,0.000,0.0,0.000,0.000,0.0
52.9240,27047,305156,0.000,0.000,0.0,0.000,0.000,0.0,0.000,0.000,0.0
52.9240,27048,305161,0.000,0.000,0.0,0.000,0.000,0.0,0.000,0.000,0.0
52.9240,27049,305166,0.000,0.000,0.0,0.000,0.000,0.0,0.000,0.000,0.0
52.9240,27050,305171,0.000,0.000,0.0,0.000,0.000,0.0,0.000,0.000,0.0
52.9240,27051,305176,0.000,0.000,0.0,0.000,0.000,0.0,0.000,0.000,0.0
52.9240,27052,305181,0.000,0.000,0.0,0.000,0.000,0.0,0.000,0.000,0.0
52.9240,27053,305186,0.000,0.000,0.0,0.000,0.000,0.0,0.000,0.000,0.0
52.9240,27054,305191,0.000,0.000,0.0,0.000,0.000,0.0,0.000,0.000,0.0
52.9240,27055,305196,0.000,0.000,0.0,0.000,0.000,0.0,0.000,0.000,0.0
52.9240,27056,305201,0.000,0.000,0.0,0.000,0.000,0.0,0.000,0.000,0.0
52.9240,27057,305206,0.000,0.000,0.0,0.000,0.000,0.0,0.000,0.000,0.0
52.9240,27058,305211,0.000,0.000,0.0,0.000,0.000,0.0,0.000,0.000,0.0
53.0032,27059,305216,0.000,0.000,0.0,0.000,0.000,0.0,0.000,0.000,0.0
53.0032,27060,305221,0.000,0.000,0.0,0.000,0.000,0.0,0.000,0.000,0.0
53.0032,27061,305226,0.000,0.000,0.0,0.000,0.000,0.0,0.000,0.000,0.0
53.0032,27062,305231,0.000,0.000,0.0,0.000,0.000,0.0,0.000,0.000,0.0
53.0032,27063,305236,0.000,0.000,0.0,0.000,0.000,0.0,0.000,0.000,0.0
53.0032,27064,305241,0.000,0.000,0.0,0.000,0.000,0.0,0.000,0.000,0.0
53.0032,27065,305246,0.000,0.000,0.0,0.000,0.000,0.0,0.000,0.000,0.0
53.0032,27066,305251,0.000,0.000,0.0,0.000,0.000,0.0,0.000,0.000,0.0
53.0032,27067,305256,0.000,0.000,0.0,0.000,0.000,0.0,0.000,0.000,0.0
53.0032,27068,305261,0.000,0.000,0.0,0.000,0.000,0.0,0.000,0.000,0.0
53.0032,27069,305266,0.000,0.000,0.0,0.000,0.000,0.0,0.000,0.000,0.0
53.0032,27070,305271,0.000,0.000,0.0,0.000,0.000,0.0,0.000,0.000,0.0
53.0032,27071,305276,0.000,0.000,0.0,0.000,0.000,0.0,0.000,0.000,0.0
53.0032,27072,305281,0.000,0.000,0.0,0.000,0.000,0.0,0.000,0.000,0.0
53.0032,27073,305286,0.000,0.000,0.0,0.000,0.000,0.0,0.000,0.000,0.0
53.0032,27074,305291,0.000,0.000,0.0,0.000,0.000,0.0,0.000,0.000,0.0
53.1468,27075,305296,0.000,0.000,0.0,0.000,0.000,0.0,0.000,0.000,0.0
53.1468,27076,305301,0.000,0.000,0.0,0.000,0.000,0.0,0.000,0.000,0.0
53.1468,27077,305306,0.000,0.000,0.0,0.000,0.000,0.0,0.000,0.000,0.0
53.1468,27078,305311,0.000,0.000,0.0,0.000,0.000,0.0,0.000,0.000,0.0
53.1468,27079,305316,0.000,0.000,0.0,0.000,0.000,0.0,0.000,0.000,0.0
53.1468,27080,305321,0.000,0.000,0.0,0.000,0.000,0.0,0.000,0.000,0.0
53.1468,27081,305326,0.000,0.000,0.0,0.000,0.000,0.0,0.000,0.000,0.0
53.1468,27082,305331,0.000,0.000,0.0,0.000,0.000,0.0,0.000,0.000,0.0
53.1468,27083,305336,0.000,0.000,0.0,0.000,0.000,0.0,0.000,0.000,0.0
53.1468,27084,305341,0.000,0.000,0.0,0.000,0.000,0.0,0.000,0.000,0.0
53.1468,27085,305346,0.000,0.000,0.0,0.000,0.000,0.0,0.000,0.000,0.0
53.1468,27086,305351,0.000,0.000,0.0,0.000,0.000,0.0,0.000,0.000,0.0
53.1468,27087,305356,0.000,0.000,0.0,0.000,0.000,0.0,0.000,0.000,0.0
53.1468,27088,305361,0.000,0.000,0.0,0.000,0.000,0.0,0.000,0.000,0.0
53.1468,27089,305366,0.000,0.000,0.0,0.000,0.000,0.0,0.000,0.000,0.0
53.1468,27090,305371,0.000,0.000,0.0,0.000,0.000,0.0,0.000,0.000,0.0
53.1468,27091,305376,0.000,0.000,0.0,0.000,0.000,0.0,0.000,0.000,0.0
53.1468,27092,305381,0.000,0.000,0.0,0.000,0.000,0.0,0.000,0.000,0.0
53.1468,27093,305386,0.000,0.000,0.0,0.000,0.000,0.0,0.000,0.000,0.0
53.1468,27094,305391,0.000,0.000,0.0,0.000,0.000,0.0,0.000,0.000,0.0
53.1468,27095,305396,0.000,0.000,0.0,0.000,0.000,0.0,0.000,0.000,0.0
53.1468,27096,305401,0.000,0.000,0.0,0.000,0.000,0.0,0.000,0.000,0.0
53.1468,27097,305406,0.000,0.000,0.0,0.000,0.000,0.0,0.000,0.000,0.0
53.1468,27098,305411,0.000,0.000,0.0,0.000,0.000,0.0,0.000,0.000,0.0
53.2443,27099,305416,0.000,0.000,0.0,0.000,0.000,0.0,0.000,0.000,0.0
53.2443,27100,305421,0.000,0.000,0.0,0.000,0.000,0.0,0.000,0.000,0.0
53.2443,27101,305426,0.000,0.000,0.0,0.000,0.000,0.0,0.000,0.000,0.0
53.2443,27102,305431,0.000,0.000,0.0,0.000,0.000,0.0,0.000,0.000,0.0
53.2443,27103,305436,0.000,0.000,0.0,0.000,0.000,0.0,0.000,0.000,0.0
53.2443,27104,305441,0.000,0.000,0.0,0.000,0.000,0.0,0.000,0.000,0.0
53.2443,27105,305446,0.000,0.000,0.0,0.000,0.000,0.0,0.000,0.000,0.0
53.2443,27106,305451,0.000,0.000,0.0,0.000,0.000,0.0,0.000,0.000,0.0
53.2443,27107,305456,0.000,0.000,0.0,0.000,0.000,0.0,0.000,0.000,0.0
53.2443,27108,305461,0.000,0.000,0.0,0.000,0.000,0.0,0.000,0.000,0.0
53.2443,27109,305466,0.000,0.000,0.0,0.000,0.000,0.0,0.000,0.000,0.0
53.2452,27110,305471,0.000,0.000,0.0,0.000,0.000,0.0,0.000,0.000,0.0
53.2452,27111,305476,0.000,0.000,0.0,0.000,0.000,0.0,0.000,0.000,0.0
53.2452,27112,305481,0.000,0.000,0.0,0.000,0.000,0.0,0.000,0.000,0.0
53.2452,27113,305486,0.000,0.000,0.0,0.000,0.000,0.0,0.000,0.000,0.0
53.2452,27114,305491,0.000,0.000,0.0,0.000,0.000,0.0,0.000,0.000,0.0
53.2452,27115,305496,0.000,0.000,0.0,0.000,0.000,0.0,0.000,0.000,0.0
53.2452,27116,305501,0.000,0.000,0.0,0.000,0.000,0.0,0.000,0.000,0.0
53.2452,27117,305506,0.000,0.000,0.0,0.000,0.000,0.0,0.000,0.000,0.0
53.2452,27118,305511,0.000,0.000,0.0,0.000,0.000,0.0,0.000,0.000,0.0
53.2452,27119,305516,0.000,0.000,0.0,0.000,0.000,0.0,0.000,0.000,0.0
53.2452,27120,305521,0.000,0.000,0.0,0.000,0.000,0.0,0.000,0.000,0.0
53.2452,27121,305526,0.000,0.000,0.0,0.000,0.000,0.0,0.000,0.000,0.0
53.2452,27122,305531,0.000,0.000,0.0,0.000,0.000,0.0,0.000,0.000,0.0
53.3025,27123,305536,0.000,0.000,0.0,0.000,0.000,0.0,0.000,0.000,0.0
53.3025,27124,305541,0.000,0.000,0.0,0.000,0.000,0.0,0.000,0.000,0.0
53.3025,27125,305546,0.000,0.000,0.0,0.000,0.000,0.0,0.000,0.000,0.0
53.3025,27126,305551,0.000,0.000,0.0,0.000,0.000,0.0,0.000,0.000,0.0
53.3025,27127,305556,0.000,0.000,0.0,0.000,0.000,0.0,0.000,0.000,0.0
53.3025,27128,305561,0.000,0.000,0.0,0.000,0.000,0.0,0.000,0.000,0.0
53.3025,27129,305566,0.000,0.000,0.0,0.000,0.000,0.0,0.000,0.000,0.0
53.3025,27130,305571,0.000,0.000,0.0,0.000,0.000,0.0,0.000,0.000,0.0
53.3025,27131,305576,0.000,0.000,0.0,0.000,0.000,0.0,0.000,0.000,0.0
53.3025,27132,305581,0.000,0.000,0.0,0.000,0.000,0.0,0.000,0.000,0.0
53.3025,27133,305586,0.000,0.000,0.0,0.000,0.000,0.0,0.000,0.000,0.0
53.3025,27134,305591,0.000,0.000,0.0,0.000,0.000,0.0,0.000,0.000,0.0
53.3025,27135,305596,0.000,0.000,0.0,0.000,0.000,0.0,0.000,0.000,0.0
53.3025,27136,305601,0.000,0.000,0.0,0.000,0.000,0.0,0.000,0.000,0.0
53.3025,27137,305606,0.000,0.000,0.0,0.000,0.000,0.0,0.000,0.000,0.0
53.3025,27138,305611,0.000,0.000,0.0,0.000,0.000,0.0,0.000,0.000,0.0
53.4159,27139,305616,0.000,0.000,0.0,0.000,0.000,0.0,0.000,0.000,0.0
53.4159,27140,305621,0.000,0.000,0.0,0.000,0.000,0.0,0.000,0.000,0.0
53.4159,27141,305626,0.000,0.000,0.0,0.000,0.000,0.0,0.000,0.000,0.0
53.4159,27142,305631,0.000,0.000,0.0,0.000,0.000,0.0,0.000,0.000,0.0
53.4159,27143,305636,0.000,0.000,0.0,0.000,0.000,0.0,0.000,0.000,0.0
53.4159,27144,305641,0.000,0.000,0.0,0.000,0.000,0.0,0.000,0.000,0.0
53.4159,27145,305646,0.000,0.000,0.0,0.000,0.000,0.0,0.000,0.000,0.0
53.4159,27146,305651,0.000,0.000,0.0,0.000,0.000,0.0,0.000,0.000,0.0
53.4159,27147,305656,0.000,0.000,0.0,0.000,0.000,0.0,0.000,0.000,0.0
53.4159,27148,305661,0.000,0.000,0.0,0.000,0.000,0.0,0.000,0.000,0.0
53.4159,27149,305666,0.000,0.000,0.0,0.000,0.000,0.0,0.000,0.000,0.0
53.4159,27150,305671,0.000,0.000,0.0,0.000,0.000,0.0,0.000,0.000,0.0
53.4159,27151,305676,0.000,0.000,0.0,0.000,0.000,0.0,0.000,0.000,0.0
53.4159,27152,305681,0.000,0.000,0.0,0.000,0.000,0.0,0.000,0.000,0.0
53.4159,27153,305686,0.000,0.000,0.0,0.000,0.000,0.0,0.000,0.000,0.0
53.4159,27154,305691,0.000,0.000,0.0,0.000,0.000,0.0,0.000,0.000,0.0
53.4733,27155,305696,0.000,0.000,0.0,0.000,0.000,0.0,0.000,0.000,0.0
53.4733,27156,305701,0.000,0.000,0.0,0.000,0.000,0.0,0.000,0.000,0.0
53.4733,27157,305706,0.000,0.000,0.0,0.000,0.000,0.0,0.000,0.000,0.0
53.4733,27158,305711,0.000,0.000,0.0,0.000,0.000,0.0,0.000,0.000,0.0
53.4733,27159,305716,0.000,0.000,0.0,0.000,0.000,0.0,0.000,0.000,0.0
53.4733,27160,305721,0.000,0.000,0.0,0.000,0.000,0.0,0.000,0.000,0.0
53.4733,27161,305726,0.000,0.000,0.0,0.000,0.000,0.0,0.000,0.000,0.0
53.4733,27162,305731,0.000,0.000,0.0,0.000,0.000,0.0,0.000,0.000,0.0
53.4733,27163,305736,0.000,0.000,0.0,0.000,0.000,0.0,0.000,0.000,0.0
53.4733,27164,305741,0.000,0.000,0.0,0.000,0.000,0.0,0.000,0.000,0.0
53.4733,27165,305746,0.000,0.000,0.0,0.000,0.000,0.0,0.000,0.000,0.0
53.4733,27166,305751,0.000,0.000,0.0,0.000,0.000,0.0,0.000,0.000,0.0
53.4733,27167,305756,0.000,0.000,0.0,0.000,0.000,0.0,0.000,0.000,0.0
53.4733,27168,305761,0.000,0.000,0.0,0.000,0.000,0.0,0.000,0.000,0.0
53.4733,27169,305766,0.000,0.000,0.0,0.000,0.000,0.0,0.000,0.000,0.0
53.4733,27170,305771,0.000,0.000,0.0,0.000,0.000,0.0,0.000,0.000,0.0
53.5969,27171,305776,0.000,0.000,0.0,0.000,0.000,0.0,0.000,0.000,0.0
53.5969,27172,305781,0.000,0.000,0.0,0.000,0.000,0.0,0.000,0.000,0.0
53.5969,27173,305786,0.000,0.000,0.0,0.000,0.000,0.0,0.000,0.000,0.0
53.5969,27174,305791,0.000,0.000,0.0,0.000,0.000,0.0,0.000,0.000,0.0
53.5969,27175,305796,0.000,0.000,0.0,0.000,0.000,0.0,0.000,0.000,0.0
53.5969,27176,305801,0.000,0.000,0.0,0.000,0.000,0.0,0.000,0.000,0.0
53.5969,27177,305806,0.000,0.000,0.0,0.000,0.000,0.0,0.000,0.000,0.0
53.5969,27178,305811,0.000,0.000,0.0,0.000,0.000,0.0,0.000,0.000,0.0
53.5969,27179,305816,0.000,0.000,0.0,0.000,0.000,0.0,0.000,0.000,0.0
53.5969,27180,305821,0.000,0.000,0.0,0.000,0.000,0.0,0.000,0.000,0.0
53.5969,27181,305826,0.000,0.000,0.0,0.000,0.000,0.0,0.000,0.000,0.0
53.5969,27182,305831,0.000,0.000,0.0,0.000,0.000,0.0,0.000,0.000,0.0
53.5969,27183,305836,0.000,0.000,0.0,0.000,0.000,0.0,0.000,0.000,0.0
53.5969,27184,305841,0.000,0.000,0.0,0.000,0.000,0.0,0.000,0.000,0.0
53.5969,27185,305846,0.000,0.000,0.0,0.000,0.000,0.0,0.000,0.000,0.0
53.5969,27186,305851,0.000,0.000,0.0,0.000,0.000,0.0,0.000,0.000,0.0
53.6828,27187,305856,0.000,0.000,0.0,0.000,0.000,0.0,0.000,0.000,0.0
53.6828,27188,305861,0.000,0.000,0.0,0.000,0.000,0.0,0.000,0.000,0.0
53.6828,27189,305866,0.000,0.000,0.0,0.000,0.000,0.0,0.000,0.000,0.0
53.6828,27190,305871,0.000,0.000,0.0,0.000,0.000,0.0,0.000,0.000,0.0
53.6828,27191,305876,0.000,0.000,0.0,0.000,0.000,0.0,0.000,0.000,0.0
53.6828,27192,305881,0.000,0.000,0.0,0.000,0.000,0.0,0.000,0.000,0.0
53.6828,27193,305886,0.000,0.000,0.0,0.000,0.000,0.0,0.000,0.000,0.0
53.6828,27194,305891,0.000,0.000,0.0,0.000,0.000,0.0,0.000,0.000,0.0
53.6828,27195,305896,0.000,0.000,0.0,0.000,0.000,0.0,0.000,0.000,0.0
53.6828,27196,305901,0.000,0.000,0.0,0.000,0.000,0.0,0.000,0.000,0.0
53.6828,27197,305906,0.000,0.000,0.0,0.000,0.000,0.0,0.000,0.000,0.0
53.6828,27198,305911,0.000,0.000,0.0,0.000,0.000,0.0,0.000,0.000,0.0
53.6828,27199,305916,0.000,0.000,0.0,0.000,0.000,0.0,0.000,0.000,0.0
53.6828,27200,305921,0.000,0.000,0.0,0.000,0.000,0.0,0.000,0.000,0.0
53.6828,27201,305926,0.000,0.000,0.0,0.000,0.000,0.0,0.000,0.000,0.0
53.6828,27202,305931,0.000,0.000,0.0,0.000,0.000,0.0,0.000,0.000,0.0
53.6828,27203,305936,0.000,0.000,0.0,0.000,0.000,0.0,0.000,0.000,0.0
53.6828,27204,305941,0.000,0.000,0.0,0.000,0.000,0.0,0.000,0.000,0.0
53.6828,27205,305946,0.000,0.000,0.0,0.000,0.000,0.0,0.000,0.000,0.0
53.6828,27206,305951,0.000,0.000,0.0,0.000,0.000,0.0,0.000,0.000,0.0
53.6828,27207,305956,0.000,0.000,0.0,0.000,0.000,0.0,0.000,0.000,0.0
53.6828,27208,305961,0.000,0.000,0.0,0.000,0.000,0.0,0.000,0.000,0.0
53.6828,27209,305966,0.000,0.000,0.0,0.000,0.000,0.0,0.000,0.000,0.0
53.6828,27210,305971,0.000,0.000,0.0,0.000,0.000,0.0,0.000,0.000,0.0
53.8017,27211,305976,0.000,0.000,0.0,0.000,0.000,0.0,0.000,0.000,0.0
53.8017,27212,305981,0.000,0.000,0.0,0.000,0.000,0.0,0.000,0.000,0.0
53.8017,27213,305986,0.000,0.000,0.0,0.000,0.000,0.0,0.000,0.000,0.0
53.8017,27214,305991,0.000,0.000,0.0,0.000,0.000,0.0,0.000,0.000,0.0
53.8017,27215,305996,0.000,0.000,0.0,0.000,0.000,0.0,0.000,0.000,0.0
53.8017,27216,306001,0.000,0.000,0.0,0.000,0.000,0.0,0.000,0.000,0.0
53.8017,27217,306006,0.000,0.000,0.0,0.000,0.000,0.0,0.000,0.000,0.0
53.8017,27218,306011,0.000,0.000,0.0,0.000,0.000,0.0,0.000,0.000,0.0
53.8017,27219,306016,0.000,0.000,0.0,0.000,0.000,0.0,0.000,0.000,0.0
53.8017,27220,306021,0.000,0.000,0.0,0.000,0.000,0.0,0.000,0.000,0.0
53.8017,27221,306026,0.000,0.000,0.0,0.000,0.000,0.0,0.000,0.000,0.0
53.8017,27222,306031,0.000,0.000,0.0,0.000,0.000,0.0,0.000,0.000,0.0
53.8017,27223,306036,0.000,0.000,0.0,0.000,0.000,0.0,0.000,0.000,0.0
53.8017,27224,306041,0.000,0.000,0.0,0.000,0.000,0.0,0.000,0.000,0.0
53.8017,27225,306046,0.000,0.000,0.0,0.000,0.000,0.0,0.000,0.000,0.0
53.8017,27226,306051,0.000,0.000,0.0,0.000,0.000,0.0,0.000,0.000,0.0
53.8017,27227,306056,0.000,0.000,0.0,0.000,0.000,0.0,0.000,0.000,0.0
53.8017,27228,306061,0.000,0.000,0.0,0.000,0.000,0.0,0.000,0.000,0.0
53.8017,27229,306066,0.000,0.000,0.0,0.000,0.000,0.0,0.000,0.000,0.0
53.8017,27230,306071,0.000,0.000,0.0,0.000,0.000,0.0,0.000,0.000,0.0
53.8017,27231,306076,0.000,0.000,0.0,0.000,0.000,0.0,0.000,0.000,0.0
53.8017,27232,306081,0.000,0.000,0.0,0.000,0.000,0.0,0.000,0.000,0.0
53.8017,27233,306086,0.000,0.000,0.0,0.000,0.000,0.0,0.000,0.000,0.0
53.8017,27234,306091,0.000,0.000,0.0,0.000,0.000,0.0,0.000,0.000,0.0
53.9252,27235,306096,0.000,0.000,0.0,0.000,0.000,0.0,0.000,0.000,0.0
53.9252,27236,306101,0.000,0.000,0.0,0.000,0.000,0.0,0.000,0.000,0.0
53.9252,27237,306106,0.000,0.000,0.0,0.000,0.000,0.0,0.000,0.000,0.0
53.9252,27238,306111,0.000,0.000,0.0,0.000,0.000,0.0,0.000,0.000,0.0
53.9252,27239,306116,0.000,0.000,0.0,0.000,0.000,0.0,0.000,0.000,0.0
53.9252,27240,306121,0.000,0.000,0.0,0.000,0.000,0.0,0.000,0.000,0.0
53.9252,27241,306126,0.000,0.000,0.0,0.000,0.000,0.0,0.000,0.000,0.0
53.9252,27242,306131,0.000,0.000,0.0,0.000,0.000,0.0,0.000,0.000,0.0
53.9252,27243,306136,0.000,0.000,0.0,0.000,0.000,0.0,0.000,0.000,0.0
53.9252,27244,306141,0.000,0.000,0.0,0.000,0.000,0.0,0.000,0.000,0.0
53.9252,27245,306146,0.000,0.000,0.0,0.000,0.000,0.0,0.000,0.000,0.0
53.9252,27246,306151,0.000,0.000,0.0,0.000,0.000,0.0,0.000,0.000,0.0
53.9252,27247,306156,0.000,0.000,0.0,0.000,0.000,0.0,0.000,0.000,0.0
53.9252,27248,306161,0.000,0.000,0.0,0.000,0.000,0.0,0.000,0.000,0.0
53.9252,27249,306166,0.000,0.000,0.0,0.000,0.000,0.0,0.000,0.000,0.0
53.9252,27250,306171,0.000,0.000,0.0,0.000,0.000,0.0,0.000,0.000,0.0
53.9252,27251,306176,0.000,0.000,0.0,0.000,0.000,0.0,0.000,0.000,0.0
53.9252,27252,306181,0.000,0.000,0.0,0.000,0.000,0.0,0.000,0.000,0.0
53.9252,27253,306186,0.000,0.000,0.0,0.000,0.000,0.0,0.000,0.000,0.0
53.9252,27254,306191,0.000,0.000,0.0,0.000,0.000,0.0,0.000,0.000,0.0
53.9252,27255,306196,0.000,0.000,0.0,0.000,0.000,0.0,0.000,0.000,0.0
53.9252,27256,306201,0.000,0.000,0.0,0.000,0.000,0.0,0.000,0.000,0.0
53.9252,27257,306206,0.000,0.000,0.0,0.000,0.000,0.0,0.000,0.000,0.0
53.9252,27258,306211,0.000,0.000,0.0,0.000,0.000,0.0,0.000,0.000,0.0
54.0480,27259,306216,0.000,0.000,0.0,0.000,0.000,0.0,0.000,0.000,0.0
54.0480,27260,306221,0.000,0.000,0.0,0.000,0.000,0.0,0.000,0.000,0.0
54.0480,27261,306226,0.000,0.000,0.0,0.000,0.000,0.0,0.000,0.000,0.0
54.0480,27262,306231,0.000,0.000,0.0,0.000,0.000,0.0,0.000,0.000,0.0
54.0480,27263,306236,0.000,0.000,0.0,0.000,0.000,0.0,0.000,0.000,0.0
54.0480,27264,306241,0.000,0.000,0.0,0.000,0.000,0.0,0.000,0.000,0.0
54.0480,27265,306246,0.000,0.000,0.0,0.000,0.000,0.0,0.000,0.000,0.0
54.0480,27266,306251,0.000,0.000,0.0,0.000,0.000,0.0,0.000,0.000,0.0
54.0480,27267,306256,0.000,0.000,0.0,0.000,0.000,0.0,0.000,0.000,0.0
54.0480,27268,306261,0.000,0.000,0.0,0.000,0.000,0.0,0.000,0.000,0.0
54.0480,27269,306266,0.000,0.000,0.0,0.000,0.000,0.0,0.000,0.000,0.0
54.0480,27270,306271,0.000,0.000,0.0,0.000,0.000,0.0,0.000,0.000,0.0
54.0480,27271,306276,0.000,0.000,0.0,0.000,0.000,0.0,0.000,0.000,0.0
54.0480,27272,306281,0.000,0.000,0.0,0.000,0.000,0.0,0.000,0.000,0.0
54.0480,27273,306286,0.000,0.000,0.0,0.000,0.000,0.0,0.000,0.000,0.0
54.0480,27274,306291,0.000,0.000,0.0,0.000,0.000,0.0,0.000,0.000,0.0
54.0480,27275,306296,0.000,0.000,0.0,0.000,0.000,0.0,0.000,0.000,0.0
54.0480,27276,306301,0.000,0.000,0.0,0.000,0.000,0.0,0.000,0.000,0.0
54.0480,27277,306306,0.000,0.000,0.0,0.000,0.000,0.0,0.000,0.000,0.0
54.0480,27278,306311,0.000,0.000,0.0,0.000,0.000,0.0,0.000,0.000,0.0
54.0480,27279,306316,0.000,0.000,0.0,0.000,0.000,0.0,0.000,0.000,0.0
54.0480,27280,306321,0.000,0.000,0.0,0.000,0.000,0.0,0.000,0.000,0.0
54.0480,27281,306326,0.000,0.000,0.0,0.000,0.000,0.0,0.000,0.000,0.0
54.0480,27282,306331,0.000,0.000,0.0,0.000,0.000,0.0,0.000,0.000,0.0
54.0991,27283,306336,0.000,0.000,0.0,0.000,0.000,0.0,0.000,0.000,0.0
54.0991,27284,306341,0.000,0.000,0.0,0.000,0.000,0.0,0.000,0.000,0.0
54.0991,27285,306346,0.000,0.000,0.0,0.000,0.000,0.0,0.000,0.000,0.0
54.0991,27286,306351,0.000,0.000,0.0,0.000,0.000,0.0,0.000,0.000,0.0
54.0991,27287,306356,0.000,0.000,0.0,0.000,0.000,0.0,0.000,0.000,0.0
54.0991,27288,306361,0.000,0.000,0.0,0.000,0.000,0.0,0.000,0.000,0.0
54.0991,27289,306366,0.000,0.000,0.0,0.000,0.000,0.0,0.000,0.000,0.0
54.0991,27290,306371,0.000,0.000,0.0,0.000,0.000,0.0,0.000,0.000,0.0
54.0991,27291,306376,0.000,0.000,0.0,0.000,0.000,0.0,0.000,0.000,0.0
54.0991,27292,306381,0.000,0.000,0.0,0.000,0.000,0.0,0.000,0.000,0.0
54.0991,27293,306386,0.000,0.000,0.0,0.000,0.000,0.0,0.000,0.000,0.0
54.0991,27294,306391,0.000,0.000,0.0,0.000,0.000,0.0,0.000,0.000,0.0
54.0991,27295,306396,0.000,0.000,0.0,0.000,0.000,0.0,0.000,0.000,0.0
54.0991,27296,306401,0.000,0.000,0.0,0.000,0.000,0.0,0.000,0.000,0.0
54.0991,27297,306406,0.000,0.000,0.0,0.000,0.000,0.0,0.000,0.000,0.0
54.0991,27298,306411,0.000,0.000,0.0,0.000,0.000,0.0,0.000,0.000,0.0
54.1630,27299,306416,0.000,0.000,0.0,0.000,0.000,0.0,0.000,0.000,0.0
54.1630,27300,306421,0.000,0.000,0.0,0.000,0.000,0.0,0.000,0.000,0.0
54.1630,27301,306426,0.000,0.000,0.0,0.000,0.000,0.0,0.000,0.000,0.0
54.1630,27302,306431,0.000,0.000,0.0,0.000,0.000,0.0,0.000,0.000,0.0
54.1630,27303,306436,0.000,0.000,0.0,0.000,0.000,0.0,0.000,0.000,0.0
54.1630,27304,306441,0.000,0.000,0.0,0.000,0.000,0.0,0.000,0.000,0.0
54.1630,27305,306446,0.000,0.000,0.0,0.000,0.000,0.0,0.000,0.000,0.0
54.1630,27306,306451,0.000,0.000,0.0,0.000,0.000,0.0,0.000,0.000,0.0
54.2400,27307,306456,0.000,0.000,0.0,0.000,0.000,0.0,0.000,0.000,0.0
54.2400,27308,306461,0.000,0.000,0.0,0.000,0.000,0.0,0.000,0.000,0.0
54.2400,27309,306466,0.000,0.000,0.0,0.000,0.000,0.0,0.000,0.000,0.0
54.2400,27310,306471,0.000,0.000,0.0,0.000,0.000,0.0,0.000,0.000,0.0
54.2400,27311,306476,0.000,0.000,0.0,0.000,0.000,0.0,0.000,0.000,0.0
54.2400,27312,306481,0.000,0.000,0.0,0.000,0.000,0.0,0.000,0.000,0.0
54.2400,27313,306486,0.000,0.000,0.0,0.000,0.000,0.0,0.000,0.000,0.0
54.2400,27314,306491,0.000,0.000,0.0,0.000,0.000,0.0,0.000,0.000,0.0
54.2400,27315,306496,0.000,0.000,0.0,0.000,0.000,0.0,0.000,0.000,0.0
54.2400,27316,306501,0.000,0.000,0.0,0.000,0.000,0.0,0.000,0.000,0.0
54.2400,27317,306506,0.000,0.000,0.0,0.000,0.000,0.0,0.000,0.000,0.0
54.2400,27318,306511,0.000,0.000,0.0,0.000,0.000,0.0,0.000,0.000,0.0
54.2400,27319,306516,0.000,0.000,0.0,0.000,0.000,0.0,0.000,0.000,0.0
54.2400,27320,306521,0.000,0.000,0.0,0.000,0.000,0.0,0.000,0.000,0.0
54.2400,27321,306526,0.000,0.000,0.0,0.000,0.000,0.0,0.000,0.000,0.0
54.2400,27322,306531,0.000,0.000,0.0,0.000,0.000,0.0,0.000,0.000,0.0
54.3074,27323,306536,0.000,0.000,0.0,0.000,0.000,0.0,0.000,0.000,0.0
54.3074,27324,306541,0.000,0.000,0.0,0.000,0.000,0.0,0.000,0.000,0.0
54.3074,27325,306546,0.000,0.000,0.0,0.000,0.000,0.0,0.000,0.000,0.0
54.3074,27326,306551,0.000,0.000,0.0,0.000,0.000,0.0,0.000,0.000,0.0
54.3074,27327,306556,0.000,0.000,0.0,0.000,0.000,0.0,0.000,0.000,0.0
54.3074,27328,306561,0.000,0.000,0.0,0.000,0.000,0.0,0.000,0.000,0.0
54.3074,27329,306566,0.000,0.000,0.0,0.000,0.000,0.0,0.000,0.000,0.0
54.3074,27330,306571,0.000,0.000,0.0,0.000,0.000,0.0,0.000,0.000,0.0
54.3074,27331,306576,0.000,0.000,0.0,0.000,0.000,0.0,0.000,0.000,0.0
54.3074,27332,306581,0.000,0.000,0.0,0.000,0.000,0.0,0.000,0.000,0.0
54.3074,27333,306586,0.000,0.000,0.0,0.000,0.000,0.0,0.000,0.000,0.0
54.3074,27334,306591,0.000,0.000,0.0,0.000,0.000,0.0,0.000,0.000,0.0
54.3074,27335,306596,0.000,0.000,0.0,0.000,0.000,0.0,0.000,0.000,0.0
54.3074,27336,306601,0.000,0.000,0.0,0.000,0.000,0.0,0.000,0.000,0.0
54.3074,27337,306606,0.000,0.000,0.0,0.000,0.000,0.0,0.000,0.000,0.0
54.3074,27338,306611,0.000,0.000,0.0,0.000,0.000,0.0,0.000,0.000,0.0
54.3697,27339,306616,0.000,0.000,0.0,0.000,0.000,0.0,0.000,0.000,0.0
54.3697,27340,306621,0.000,0.000,0.0,0.000,0.000,0.0,0.000,0.000,0.0
54.3697,27341,306626,0.000,0.000,0.0,0.000,0.000,0.0,0.000,0.000,0.0
54.3697,27342,306631,0.000,0.000,0.0,0.000,0.000,0.0,0.000,0.000,0.0
54.3697,27343,306636,0.000,0.000,0.0,0.000,0.000,0.0,0.000,0.000,0.0
54.3697,27344,306641,0.000,0.000,0.0,0.000,0.000,0.0,0.000,0.000,0.0
54.3697,27345,306646,0.000,0.000,0.0,0.000,0.000,0.0,0.000,0.000,0.0
54.3697,27346,306651,0.000,0.000,0.0,0.000,0.000,0.0,0.000,0.000,0.0
54.3707,27347,306656,0.000,0.000,0.0,0.000,0.000,0.0,0.000,0.000,0.0
54.3707,27348,306661,0.000,0.000,0.0,0.000,0.000,0.0,0.000,0.000,0.0
54.3707,27349,306666,0.000,0.000,0.0,0.000,0.000,0.0,0.000,0.000,0.0
54.3707,27350,306671,0.000,0.000,0.0,0.000,0.000,0.0,0.000,0.000,0.0
54.3707,27351,306676,0.000,0.000,0.0,0.000,0.000,0.0,0.000,0.000,0.0
54.3707,27352,306681,0.000,0.000,0.0,0.000,0.000,0.0,0.000,0.000,0.0
54.3707,27353,306686,0.000,0.000,0.0,0.000,0.000,0.0,0.000,0.000,0.0
54.3707,27354,306691,0.000,0.000,0.0,0.000,0.000,0.0,0.000,0.000,0.0
54.4832,27355,306696,0.000,0.000,0.0,0.000,0.000,0.0,0.000,0.000,0.0
54.4832,27356,306701,0.000,0.000,0.0,0.000,0.000,0.0,0.000,0.000,0.0
54.4832,27357,306706,0.000,0.000,0.0,0.000,0.000,0.0,0.000,0.000,0.0
54.4832,27358,306711,0.000,0.000,0.0,0.000,0.000,0.0,0.000,0.000,0.0
54.4832,27359,306716,0.000,0.000,0.0,0.000,0.000,0.0,0.000,0.000,0.0
54.4832,27360,306721,0.000,0.000,0.0,0.000,0.000,0.0,0.000,0.000,0.0
54.4832,27361,306726,0.000,0.000,0.0,0.000,0.000,0.0,0.000,0.000,0.0
54.4832,27362,306731,0.000,0.000,0.0,0.000,0.000,0.0,0.000,0.000,0.0
54.4832,27363,306736,0.000,0.000,0.0,0.000,0.000,0.0,0.000,0.000,0.0
54.4832,27364,306741,0.000,0.000,0.0,0.000,0.000,0.0,0.000,0.000,0.0
54.4832,27365,306746,0.000,0.000,0.0,0.000,0.000,0.0,0.000,0.000,0.0
54.4832,27366,306751,0.000,0.000,0.0,0.000,0.000,0.0,0.000,0.000,0.0
54.4832,27367,306756,0.000,0.000,0.0,0.000,0.000,0.0,0.000,0.000,0.0
54.4832,27368,306761,0.000,0.000,0.0,0.000,0.000,0.0,0.000,0.000,0.0
54.4832,27369,306766,0.000,0.000,0.0,0.000,0.000,0.0,0.000,0.000,0.0
54.4832,27370,306771,0.000,0.000,0.0,0.000,0.000,0.0,0.000,0.000,0.0
54.5352,27371,306776,0.000,0.000,0.0,0.000,0.000,0.0,0.000,0.000,0.0
54.5352,27372,306781,0.000,0.000,0.0,0.000,0.000,0.0,0.000,0.000,0.0
54.5352,27373,306786,0.000,0.000,0.0,0.000,0.000,0.0,0.000,0.000,0.0
54.5352,27374,306791,0.000,0.000,0.0,0.000,0.000,0.0,0.000,0.000,0.0
54.5352,27375,306796,0.000,0.000,0.0,0.000,0.000,0.0,0.000,0.000,0.0
54.5352,27376,306801,0.000,0.000,0.0,0.000,0.000,0.0,0.000,0.000,0.0
54.5352,27377,306806,0.000,0.000,0.0,0.000,0.000,0.0,0.000,0.000,0.0
54.5352,27378,306811,0.000,0.000,0.0,0.000,0.000,0.0,0.000,0.000,0.0
54.5352,27379,306816,0.000,0.000,0.0,0.000,0.000,0.0,0.000,0.000,0.0
54.5352,27380,306821,0.000,0.000,0.0,0.000,0.000,0.0,0.000,0.000,0.0
54.5352,27381,306826,0.000,0.000,0.0,0.000,0.000,0.0,0.000,0.000,0.0
54.5352,27382,306831,0.000,0.000,0.0,0.000,0.000,0.0,0.000,0.000,0.0
54.5352,27383,306836,0.000,0.000,0.0,0.000,0.000,0.0,0.000,0.000,0.0
54.5352,27384,306841,0.000,0.000,0.0,0.000,0.000,0.0,0.000,0.000,0.0
54.5352,27385,306846,0.000,0.000,0.0,0.000,0.000,0.0,0.000,0.000,0.0
54.5352,27386,306851,0.000,0.000,0.0,0.000,0.000,0.0,0.000,0.000,0.0
54.6009,27387,306856,0.000,0.000,0.0,0.000,0.000,0.0,0.000,0.000,0.0
54.6009,27388,306861,0.000,0.000,0.0,0.000,0.000,0.0,0.000,0.000,0.0
54.6009,27389,306866,0.000,0.000,0.0,0.000,0.000,0.0,0.000,0.000,0.0
54.6009,27390,306871,0.000,0.000,0.0,0.000,0.000,0.0,0.000,0.000,0.0
54.6009,27391,306876,0.000,0.000,0.0,0.000,0.000,0.0,0.000,0.000,0.0
54.6009,27392,306881,0.000,0.000,0.0,0.000,0.000,0.0,0.000,0.000,0.0
54.6009,27393,306886,0.000,0.000,0.0,0.000,0.000,0.0,0.000,0.000,0.0
54.6009,27394,306891,0.000,0.000,0.0,0.000,0.000,0.0,0.000,0.000,0.0
54.6754,27395,306896,0.000,0.000,0.0,0.000,0.000,0.0,0.000,0.000,0.0
54.6754,27396,306901,0.000,0.000,0.0,0.000,0.000,0.0,0.000,0.000,0.0
54.6754,27397,306906,0.000,0.000,0.0,0.000,0.000,0.0,0.000,0.000,0.0
54.6754,27398,306911,0.000,0.000,0.0,0.000,0.000,0.0,0.000,0.000,0.0
54.6754,27399,306916,0.000,0.000,0.0,0.000,0.000,0.0,0.000,0.000,0.0
54.6754,27400,306921,0.000,0.000,0.0,0.000,0.000,0.0,0.000,0.000,0.0
54.6754,27401,306926,0.000,0.000,0.0,0.000,0.000,0.0,0.000,0.000,0.0
54.6754,27402,306931,0.000,0.000,0.0,0.000,0.000,0.0,0.000,0.000,0.0
54.6754,27403,306936,0.000,0.000,0.0,0.000,0.000,0.0,0.000,0.000,0.0
54.6754,27404,306941,0.000,0.000,0.0,0.000,0.000,0.0,0.000,0.000,0.0
54.6754,27405,306946,0.000,0.000,0.0,0.000,0.000,0.0,0.000,0.000,0.0
54.6754,27406,306951,0.000,0.000,0.0,0.000,0.000,0.0,0.000,0.000,0.0
54.6754,27407,306956,0.000,0.000,0.0,0.000,0.000,0.0,0.000,0.000,0.0
54.6754,27408,306961,0.000,0.000,0.0,0.000,0.000,0.0,0.000,0.000,0.0
54.6754,27409,306966,0.000,0.000,0.0,0.000,0.000,0.0,0.000,0.000,0.0
54.6754,27410,306971,0.000,0.000,0.0,0.000,0.000,0.0,0.000,0.000,0.0
54.7650,27411,306976,0.000,0.000,0.0,0.000,0.000,0.0,0.000,0.000,0.0
54.7650,27412,306981,0.000,0.000,0.0,0.000,0.000,0.0,0.000,0.000,0.0
54.7650,27413,306986,0.000,0.000,0.0,0.000,0.000,0.0,0.000,0.000,0.0
54.7650,27414,306991,0.000,0.000,0.0,0.000,0.000,0.0,0.000,0.000,0.0
54.7650,27415,306996,0.000,0.000,0.0,0.000,0.000,0.0,0.000,0.000,0.0
54.7650,27416,307001,0.000,0.000,0.0,0.000,0.000,0.0,0.000,0.000,0.0
54.7650,27417,307006,0.000,0.000,0.0,0.000,0.000,0.0,0.000,0.000,0.0
54.7650,27418,307011,0.000,0.000,0.0,0.000,0.000,0.0,0.000,0.000,0.0
54.7650,27419,307016,0.000,0.000,0.0,0.000,0.000,0.0,0.000,0.000,0.0
54.7650,27420,307021,0.000,0.000,0.0,0.000,0.000,0.0,0.000,0.000,0.0
54.7650,27421,307026,0.000,0.000,0.0,0.000,0.000,0.0,0.000,0.000,0.0
54.7650,27422,307031,0.000,0.000,0.0,0.000,0.000,0.0,0.000,0.000,0.0
54.7650,27423,307036,0.000,0.000,0.0,0.000,0.000,0.0,0.000,0.000,0.0
54.7650,27424,307041,0.000,0.000,0.0,0.000,0.000,0.0,0.000,0.000,0.0
54.7650,27425,307046,0.000,0.000,0.0,0.000,0.000,0.0,0.000,0.000,0.0
54.7650,27426,307051,0.000,0.000,0.0,0.000,0.000,0.0,0.000,0.000,0.0
54.8183,27427,307056,0.000,0.000,0.0,0.000,0.000,0.0,0.000,0.000,0.0
54.8183,27428,307061,0.000,0.000,0.0,0.000,0.000,0.0,0.000,0.000,0.0
54.8183,27429,307066,0.000,0.000,0.0,0.000,0.000,0.0,0.000,0.000,0.0
54.8183,27430,307071,0.000,0.000,0.0,0.000,0.000,0.0,0.000,0.000,0.0
54.8183,27431,307076,0.000,0.000,0.0,0.000,0.000,0.0,0.000,0.000,0.0
54.8183,27432,307081,0.000,0.000,0.0,0.000,0.000,0.0,0.000,0.000,0.0
54.8183,27433,307086,0.000,0.000,0.0,0.000,0.000,0.0,0.000,0.000,0.0
54.8183,27434,307091,0.000,0.000,0.0,0.000,0.000,0.0,0.000,0.000,0.0
54.8183,27435,307096,0.000,0.000,0.0,0.000,0.000,0.0,0.000,0.000,0.0
54.8183,27436,307101,0.000,0.000,0.0,0.000,0.000,0.0,0.000,0.000,0.0
54.8183,27437,307106,0.000,0.000,0.0,0.000,0.000,0.0,0.000,0.000,0.0
54.8183,27438,307111,0.000,0.000,0.0,0.000,0.000,0.0,0.000,0.000,0.0
54.8183,27439,307116,0.000,0.000,0.0,0.000,0.000,0.0,0.000,0.000,0.0
54.8183,27440,307121,0.000,0.000,0.0,0.000,0.000,0.0,0.000,0.000,0.0
54.8183,27441,307126,0.000,0.000,0.0,0.000,0.000,0.0,0.000,0.000,0.0
54.8183,27442,307131,0.000,0.000,0.0,0.000,0.000,0.0,0.000,0.000,0.0
54.9254,27443,307136,0.000,0.000,0.0,0.000,0.000,0.0,0.000,0.000,0.0
54.9254,27444,307141,0.000,0.000,0.0,0.000,0.000,0.0,0.000,0.000,0.0
54.9254,27445,307146,0.000,0.000,0.0,0.000,0.000,0.0,0.000,0.000,0.0
54.9254,27446,307151,0.000,0.000,0.0,0.000,0.000,0.0,0.000,0.000,0.0
54.9254,27447,307156,0.000,0.000,0.0,0.000,0.000,0.0,0.000,0.000,0.0
54.9254,27448,307161,0.000,0.000,0.0,0.000,0.000,0.0,0.000,0.000,0.0
54.9254,27449,307166,0.000,0.000,0.0,0.000,0.000,0.0,0.000,0.000,0.0
54.9254,27450,307171,0.000,0.000,0.0,0.000,0.000,0.0,0.000,0.000,0.0
54.9254,27451,307176,0.000,0.000,0.0,0.000,0.000,0.0,0.000,0.000,0.0
54.9254,27452,307181,0.000,0.000,0.0,0.000,0.000,0.0,0.000,0.000,0.0
54.9254,27453,307186,0.000,0.000,0.0,0.000,0.000,0.0,0.000,0.000,0.0
54.9254,27454,307191,0.000,0.000,0.0,0.000,0.000,0.0,0.000,0.000,0.0
54.9254,27455,307196,0.000,0.000,0.0,0.000,0.000,0.0,0.000,0.000,0.0
54.9254,27456,307201,0.000,0.000,0.0,0.000,0.000,0.0,0.000,0.000,0.0
54.9254,27457,307206,0.000,0.000,0.0,0.000,0.000,0.0,0.000,0.000,0.0
54.9254,27458,307211,0.000,0.000,0.0,0.000,0.000,0.0,0.000,0.000,0.0
55.0456,27459,307216,0.000,0.000,0.0,0.000,0.000,0.0,0.000,0.000,0.0
55.0456,27460,307221,0.000,0.000,0.0,0.000,0.000,0.0,0.000,0.000,0.0
55.0456,27461,307226,0.000,0.000,0.0,0.000,0.000,0.0,0.000,0.000,0.0
55.0456,27462,307231,0.000,0.000,0.0,0.000,0.000,0.0,0.000,0.000,0.0
55.0456,27463,307236,0.000,0.000,0.0,0.000,0.000,0.0,0.000,0.000,0.0
55.0456,27464,307241,0.000,0.000,0.0,0.000,0.000,0.0,0.000,0.000,0.0
55.0456,27465,307246,0.000,0.000,0.0,0.000,0.000,0.0,0.000,0.000,0.0
55.0456,27466,307251,0.000,0.000,0.0,0.000,0.000,0.0,0.000,0.000,0.0
55.0456,27467,307256,0.000,0.000,0.0,0.000,0.000,0.0,0.000,0.000,0.0
55.0456,27468,307261,0.000,0.000,0.0,0.000,0.000,0.0,0.000,0.000,0.0
55.0456,27469,307266,0.000,0.000,0.0,0.000,0.000,0.0,0.000,0.000,0.0
55.0456,27470,307271,0.000,0.000,0.0,0.000,0.000,0.0,0.000,0.000,0.0
55.0456,27471,307276,0.000,0.000,0.0,0.000,0.000,0.0,0.000,0.000,0.0
55.0456,27472,307281,0.000,0.000,0.0,0.000,0.000,0.0,0.000,0.000,0.0
55.0456,27473,307286,0.000,0.000,0.0,0.000,0.000,0.0,0.000,0.000,0.0
55.0456,27474,307291,0.000,0.000,0.0,0.000,0.000,0.0,0.000,0.000,0.0
55.0456,27475,307296,0.000,0.000,0.0,0.000,0.000,0.0,0.000,0.000,0.0
55.0456,27476,307301,0.000,0.000,0.0,0.000,0.000,0.0,0.000,0.000,0.0
55.0456,27477,307306,0.000,0.000,0.0,0.000,0.000,0.0,0.000,0.000,0.0
55.0456,27478,307311,0.000,0.000,0.0,0.000,0.000,0.0,0.000,0.000,0.0
55.0456,27479,307316,0.000,0.000,0.0,0.000,0.000,0.0,0.000,0.000,0.0
55.0456,27480,307321,0.000,0.000,0.0,0.000,0.000,0.0,0.000,0.000,0.0
55.0456,27481,307326,0.000,0.000,0.0,0.000,0.000,0.0,0.000,0.000,0.0
55.0456,27482,307331,0.000,0.000,0.0,0.000,0.000,0.0,0.000,0.000,0.0
55.1131,27483,307336,0.000,0.000,0.0,0.000,0.000,0.0,0.000,0.000,0.0
55.1131,27484,307341,0.000,0.000,0.0,0.000,0.000,0.0,0.000,0.000,0.0
55.1131,27485,307346,0.000,0.000,0.0,0.000,0.000,0.0,0.000,0.000,0.0
55.1131,27486,307351,0.000,0.000,0.0,0.000,0.000,0.0,0.000,0.000,0.0
55.1131,27487,307356,0.000,0.000,0.0,0.000,0.000,0.0,0.000,0.000,0.0
55.1131,27488,307361,0.000,0.000,0.0,0.000,0.000,0.0,0.000,0.000,0.0
55.1131,27489,307366,0.000,0.000,0.0,0.000,0.000,0.0,0.000,0.000,0.0
55.1131,27490,307371,0.000,0.000,0.0,0.000,0.000,0.0,0.000,0.000,0.0
55.1131,27491,307376,0.000,0.000,0.0,0.000,0.000,0.0,0.000,0.000,0.0
55.1131,27492,307381,0.000,0.000,0.0,0.000,0.000,0.0,0.000,0.000,0.0
55.1131,27493,307386,0.000,0.000,0.0,0.000,0.000,0.0,0.000,0.000,0.0
55.1131,27494,307391,0.000,0.000,0.0,0.000,0.000,0.0,0.000,0.000,0.0
55.1131,27495,307396,0.000,0.000,0.0,0.000,0.000,0.0,0.000,0.000,0.0
55.1131,27496,307401,0.000,0.000,0.0,0.000,0.000,0.0,0.000,0.000,0.0
55.1131,27497,307406,0.000,0.000,0.0,0.000,0.000,0.0,0.000,0.000,0.0
55.1131,27498,307411,0.000,0.000,0.0,0.000,0.000,0.0,0.000,0.000,0.0
55.1632,27499,307416,0.000,0.000,0.0,0.000,0.000,0.0,0.000,0.000,0.0
55.1632,27500,307421,0.000,0.000,0.0,0.000,0.000,0.0,0.000,0.000,0.0
55.1632,27501,307426,0.000,0.000,0.0,0.000,0.000,0.0,0.000,0.000,0.0
55.1632,27502,307431,0.000,0.000,0.0,0.000,0.000,0.0,0.000,0.000,0.0
55.1632,27503,307436,0.000,0.000,0.0,0.000,0.000,0.0,0.000,0.000,0.0
55.1632,27504,307441,0.000,0.000,0.0,0.000,0.000,0.0,0.000,0.000,0.0
55.1632,27505,307446,0.000,0.000,0.0,0.000,0.000,0.0,0.000,0.000,0.0
55.1632,27506,307451,0.000,0.000,0.0,0.000,0.000,0.0,0.000,0.000,0.0
55.1632,27507,307456,0.000,0.000,0.0,0.000,0.000,0.0,0.000,0.000,0.0
55.1632,27508,307461,0.000,0.000,0.0,0.000,0.000,0.0,0.000,0.000,0.0
55.1632,27509,307466,0.000,0.000,0.0,0.000,0.000,0.0,0.000,0.000,0.0
55.1632,27510,307471,0.000,0.000,0.0,0.000,0.000,0.0,0.000,0.000,0.0
55.1632,27511,307476,0.000,0.000,0.0,0.000,0.000,0.0,0.000,0.000,0.0
55.1632,27512,307481,0.000,0.000,0.0,0.000,0.000,0.0,0.000,0.000,0.0
55.1632,27513,307486,0.000,0.000,0.0,0.000,0.000,0.0,0.000,0.000,0.0
55.1632,27514,307491,0.000,0.000,0.0,0.000,0.000,0.0,0.000,0.000,0.0
55.2927,27515,307496,0.000,0.000,0.0,0.000,0.000,0.0,0.000,0.000,0.0
55.2927,27516,307501,0.000,0.000,0.0,0.000,0.000,0.0,0.000,0.000,0.0
55.2927,27517,307506,0.000,0.000,0.0,0.000,0.000,0.0,0.000,0.000,0.0
55.2927,27518,307511,0.000,0.000,0.0,0.000,0.000,0.0,0.000,0.000,0.0
55.2927,27519,307516,0.000,0.000,0.0,0.000,0.000,0.0,0.000,0.000,0.0
55.2927,27520,307521,0.000,0.000,0.0,0.000,0.000,0.0,0.000,0.000,0.0
55.2927,27521,307526,0.000,0.000,0.0,0.000,0.000,0.0,0.000,0.000,0.0
55.2927,27522,307531,0.000,0.000,0.0,0.000,0.000,0.0,0.000,0.000,0.0
55.2927,27523,307536,0.000,0.000,0.0,0.000,0.000,0.0,0.000,0.000,0.0
55.2927,27524,307541,0.000,0.000,0.0,0.000,0.000,0.0,0.000,0.000,0.0
55.2927,27525,307546,0.000,0.000,0.0,0.000,0.000,0.0,0.000,0.000,0.0
55.2927,27526,307551,0.000,0.000,0.0,0.000,0.000,0.0,0.000,0.000,0.0
55.2927,27527,307556,0.000,0.000,0.0,0.000,0.000,0.0,0.000,0.000,0.0
55.2927,27528,307561,0.000,0.000,0.0,0.000,0.000,0.0,0.000,0.000,0.0
55.2927,27529,307566,0.000,0.000,0.0,0.000,0.000,0.0,0.000,0.000,0.0
55.2927,27530,307571,0.000,0.000,0.0,0.000,0.000,0.0,0.000,0.000,0.0
55.3833,27531,307576,0.000,0.000,0.0,0.000,0.000,0.0,0.000,0.000,0.0
55.3833,27532,307581,0.000,0.000,0.0,0.000,0.000,0.0,0.000,0.000,0.0
55.3833,27533,307586,0.000,0.000,0.0,0.000,0.000,0.0,0.000,0.000,0.0
55.3833,27534,307591,0.000,0.000,0.0,0.000,0.000,0.0,0.000,0.000,0.0
55.3833,27535,307596,0.000,0.000,0.0,0.000,0.000,0.0,0.000,0.000,0.0
55.3833,27536,307601,0.000,0.000,0.0,0.000,0.000,0.0,0.000,0.000,0.0
55.3833,27537,307606,0.000,0.000,0.0,0.000,0.000,0.0,0.000,0.000,0.0
55.3833,27538,307611,0.000,0.000,0.0,0.000,0.000,0.0,0.000,0.000,0.0
55.3833,27539,307616,0.000,0.000,0.0,0.000,0.000,0.0,0.000,0.000,0.0
55.3833,27540,307621,0.000,0.000,0.0,0.000,0.000,0.0,0.000,0.000,0.0
55.3833,27541,307626,0.000,0.000,0.0,0.000,0.000,0.0,0.000,0.000,0.0
55.3833,27542,307631,0.000,0.000,0.0,0.000,0.000,0.0,0.000,0.000,0.0
55.3833,27543,307636,0.000,0.000,0.0,0.000,0.000,0.0,0.000,0.000,0.0
55.3833,27544,307641,0.000,0.000,0.0,0.000,0.000,0.0,0.000,0.000,0.0
55.3833,27545,307646,0.000,0.000,0.0,0.000,0.000,0.0,0.000,0.000,0.0
55.3833,27546,307651,0.000,0.000,0.0,0.000,0.000,0.0,0.000,0.000,0.0
55.3833,27547,307656,0.000,0.000,0.0,0.000,0.000,0.0,0.000,0.000,0.0
55.3833,27548,307661,0.000,0.000,0.0,0.000,0.000,0.0,0.000,0.000,0.0
55.3833,27549,307666,0.000,0.000,0.0,0.000,0.000,0.0,0.000,0.000,0.0
55.3833,27550,307671,0.000,0.000,0.0,0.000,0.000,0.0,0.000,0.000,0.0
55.3833,27551,307676,0.000,0.000,0.0,0.000,0.000,0.0,0.000,0.000,0.0
55.3833,27552,307681,0.000,0.000,0.0,0.000,0.000,0.0,0.000,0.000,0.0
55.3833,27553,307686,0.000,0.000,0.0,0.000,0.000,0.0,0.000,0.000,0.0
55.3833,27554,307691,0.000,0.000,0.0,0.000,0.000,0.0,0.000,0.000,0.0
55.4828,27555,307696,0.000,0.000,0.0,0.000,0.000,0.0,0.000,0.000,0.0
55.4828,27556,307701,0.000,0.000,0.0,0.000,0.000,0.0,0.000,0.000,0.0
55.4828,27557,307706,0.000,0.000,0.0,0.000,0.000,0.0,0.000,0.000,0.0
55.4828,27558,307711,0.000,0.000,0.0,0.000,0.000,0.0,0.000,0.000,0.0
55.4828,27559,307716,0.000,0.000,0.0,0.000,0.000,0.0,0.000,0.000,0.0
55.4828,27560,307721,0.000,0.000,0.0,0.000,0.000,0.0,0.000,0.000,0.0
55.4828,27561,307726,0.000,0.000,0.0,0.000,0.000,0.0,0.000,0.000,0.0
55.4828,27562,307731,0.000,0.000,0.0,0.000,0.000,0.0,0.000,0.000,0.0
55.4828,27563,307736,0.000,0.000,0.0,0.000,0.000,0.0,0.000,0.000,0.0
55.4828,27564,307741,0.000,0.000,0.0,0.000,0.000,0.0,0.000,0.000,0.0
55.4828,27565,307746,0.000,0.000,0.0,0.000,0.000,0.0,0.000,0.000,0.0
55.4828,27566,307751,0.000,0.000,0.0,0.000,0.000,0.0,0.000,0.000,0.0
55.4828,27567,307756,0.000,0.000,0.0,0.000,0.000,0.0,0.000,0.000,0.0
55.4828,27568,307761,0.000,0.000,0.0,0.000,0.000,0.0,0.000,0.000,0.0
55.4828,27569,307766,0.000,0.000,0.0,0.000,0.000,0.0,0.000,0.000,0.0
55.4828,27570,307771,0.000,0.000,0.0,0.000,0.000,0.0,0.000,0.000,0.0
55.5434,27571,307776,0.000,0.000,0.0,0.000,0.000,0.0,0.000,0.000,0.0
55.5434,27572,307781,0.000,0.000,0.0,0.000,0.000,0.0,0.000,0.000,0.0
55.5434,27573,307786,0.000,0.000,0.0,0.000,0.000,0.0,0.000,0.000,0.0
55.5434,27574,307791,0.000,0.000,0.0,0.000,0.000,0.0,0.000,0.000,0.0
55.5434,27575,307796,0.000,0.000,0.0,0.000,0.000,0.0,0.000,0.000,0.0
55.5434,27576,307801,0.000,0.000,0.0,0.000,0.000,0.0,0.000,0.000,0.0
55.5434,27577,307806,0.000,0.000,0.0,0.000,0.000,0.0,0.000,0.000,0.0
55.5434,27578,307811,0.000,0.000,0.0,0.000,0.000,0.0,0.000,0.000,0.0
55.5434,27579,307816,0.000,0.000,0.0,0.000,0.000,0.0,0.000,0.000,0.0
55.5434,27580,307821,0.000,0.000,0.0,0.000,0.000,0.0,0.000,0.000,0.0
55.5434,27581,307826,0.000,0.000,0.0,0.000,0.000,0.0,0.000,0.000,0.0
55.5434,27582,307831,0.000,0.000,0.0,0.000,0.000,0.0,0.000,0.000,0.0
55.5434,27583,307836,0.000,0.000,0.0,0.000,0.000,0.0,0.000,0.000,0.0
55.5434,27584,307841,0.000,0.000,0.0,0.000,0.000,0.0,0.000,0.000,0.0
55.5434,27585,307846,0.000,0.000,0.0,0.000,0.000,0.0,0.000,0.000,0.0
55.5434,27586,307851,0.000,0.000,0.0,0.000,0.000,0.0,0.000,0.000,0.0
55.6084,27587,307856,0.000,0.000,0.0,0.000,0.000,0.0,0.000,0.000,0.0
55.6084,27588,307861,0.000,0.000,0.0,0.000,0.000,0.0,0.000,0.000,0.0
55.6084,27589,307866,0.000,0.000,0.0,0.000,0.000,0.0,0.000,0.000,0.0
55.6084,27590,307871,0.000,0.000,0.0,0.000,0.000,0.0,0.000,0.000,0.0
55.6084,27591,307876,0.000,0.000,0.0,0.000,0.000,0.0,0.000,0.000,0.0
55.6084,27592,307881,0.000,0.000,0.0,0.000,0.000,0.0,0.000,0.000,0.0
55.6084,27593,307886,0.000,0.000,0.0,0.000,0.000,0.0,0.000,0.000,0.0
55.6084,27594,307891,0.000,0.000,0.0,0.000,0.000,0.0,0.000,0.000,0.0
55.6696,27595,307896,0.000,0.000,0.0,0.000,0.000,0.0,0.000,0.000,0.0
55.6696,27596,307901,0.000,0.000,0.0,0.000,0.000,0.0,0.000,0.000,0.0
55.6696,27597,307906,0.000,0.000,0.0,0.000,0.000,0.0,0.000,0.000,0.0
55.6696,27598,307911,0.000,0.000,0.0,0.000,0.000,0.0,0.000,0.000,0.0
55.6696,27599,307916,0.000,0.000,0.0,0.000,0.000,0.0,0.000,0.000,0.0
55.6696,27600,307921,0.000,0.000,0.0,0.000,0.000,0.0,0.000,0.000,0.0
55.6696,27601,307926,0.000,0.000,0.0,0.000,0.000,0.0,0.000,0.000,0.0
55.6696,27602,307931,0.000,0.000,0.0,0.000,0.000,0.0,0.000,0.000,0.0
55.6696,27603,307936,0.000,0.000,0.0,0.000,0.000,0.0,0.000,0.000,0.0
55.6696,27604,307941,0.000,0.000,0.0,0.000,0.000,0.0,0.000,0.000,0.0
55.6696,27605,307946,0.000,0.000,0.0,0.000,0.000,0.0,0.000,0.000,0.0
55.6696,27606,307951,0.000,0.000,0.0,0.000,0.000,0.0,0.000,0.000,0.0
55.6696,27607,307956,0.000,0.000,0.0,0.000,0.000,0.0,0.000,0.000,0.0
55.6696,27608,307961,0.000,0.000,0.0,0.000,0.000,0.0,0.000,0.000,0.0
55.6696,27609,307966,0.000,0.000,0.0,0.000,0.000,0.0,0.000,0.000,0.0
55.6696,27610,307971,0.000,0.000,0.0,0.000,0.000,0.0,0.000,0.000,0.0
55.7645,27611,307976,0.000,0.000,0.0,0.000,0.000,0.0,0.000,0.000,0.0
55.7645,27612,307981,0.000,0.000,0.0,0.000,0.000,0.0,0.000,0.000,0.0
55.7645,27613,307986,0.000,0.000,0.0,0.000,0.000,0.0,0.000,0.000,0.0
55.7645,27614,307991,0.000,0.000,0.0,0.000,0.000,0.0,0.000,0.000,0.0
55.7645,27615,307996,0.000,0.000,0.0,0.000,0.000,0.0,0.000,0.000,0.0
55.7645,27616,308001,0.000,0.000,0.0,0.000,0.000,0.0,0.000,0.000,0.0
55.7645,27617,308006,0.000,0.000,0.0,0.000,0.000,0.0,0.000,0.000,0.0
55.7645,27618,308011,0.000,0.000,0.0,0.000,0.000,0.0,0.000,0.000,0.0
55.7645,27619,308016,0.000,0.000,0.0,0.000,0.000,0.0,0.000,0.000,0.0
55.7645,27620,308021,0.000,0.000,0.0,0.000,0.000,0.0,0.000,0.000,0.0
55.7645,27621,308026,0.000,0.000,0.0,0.000,0.000,0.0,0.000,0.000,0.0
55.7645,27622,308031,0.000,0.000,0.0,0.000,0.000,0.0,0.000,0.000,0.0
55.7645,27623,308036,0.000,0.000,0.0,0.000,0.000,0.0,0.000,0.000,0.0
55.7645,27624,308041,0.000,0.000,0.0,0.000,0.000,0.0,0.000,0.000,0.0
55.7645,27625,308046,0.000,0.000,0.0,0.000,0.000,0.0,0.000,0.000,0.0
55.7645,27626,308051,0.000,0.000,0.0,0.000,0.000,0.0,0.000,0.000,0.0
55.8220,27627,308056,0.000,0.000,0.0,0.000,0.000,0.0,0.000,0.000,0.0
55.8220,27628,308061,0.000,0.000,0.0,0.000,0.000,0.0,0.000,0.000,0.0
55.8220,27629,308066,0.000,0.000,0.0,0.000,0.000,0.0,0.000,0.000,0.0
55.8220,27630,308071,0.000,0.000,0.0,0.000,0.000,0.0,0.000,0.000,0.0
55.8220,27631,308076,0.000,0.000,0.0,0.000,0.000,0.0,0.000,0.000,0.0
55.8220,27632,308081,0.000,0.000,0.0,0.000,0.000,0.0,0.000,0.000,0.0
55.8220,27633,308086,0.000,0.000,0.0,0.000,0.000,0.0,0.000,0.000,0.0
55.8220,27634,308091,0.000,0.000,0.0,0.000,0.000,0.0,0.000,0.000,0.0
55.8220,27635,308096,0.000,0.000,0.0,0.000,0.000,0.0,0.000,0.000,0.0
55.8220,27636,308101,0.000,0.000,0.0,0.000,0.000,0.0,0.000,0.000,0.0
55.8220,27637,308106,0.000,0.000,0.0,0.000,0.000,0.0,0.000,0.000,0.0
55.8220,27638,308111,0.000,0.000,0.0,0.000,0.000,0.0,0.000,0.000,0.0
55.8220,27639,308116,0.000,0.000,0.0,0.000,0.000,0.0,0.000,0.000,0.0
55.8220,27640,308121,0.000,0.000,0.0,0.000,0.000,0.0,0.000,0.000,0.0
55.8220,27641,308126,0.000,0.000,0.0,0.000,0.000,0.0,0.000,0.000,0.0
55.8220,27642,308131,0.000,0.000,0.0,0.000,0.000,0.0,0.000,0.000,0.0
55.9502,27643,308136,0.000,0.000,0.0,0.000,0.000,0.0,0.000,0.000,0.0
55.9502,27644,308141,0.000,0.000,0.0,0.000,0.000,0.0,0.000,0.000,0.0
55.9502,27645,308146,0.000,0.000,0.0,0.000,0.000,0.0,0.000,0.000,0.0
55.9502,27646,308151,0.000,0.000,0.0,0.000,0.000,0.0,0.000,0.000,0.0
55.9502,27647,308156,0.000,0.000,0.0,0.000,0.000,0.0,0.000,0.000,0.0
55.9502,27648,308161,0.000,0.000,0.0,0.000,0.000,0.0,0.000,0.000,0.0
55.9502,27649,308166,0.000,0.000,0.0,0.000,0.000,0.0,0.000,0.000,0.0
55.9502,27650,308171,0.000,0.000,0.0,0.000,0.000,0.0,0.000,0.000,0.0
55.9502,27651,308176,0.000,0.000,0.0,0.000,0.000,0.0,0.000,0.000,0.0
55.9502,27652,308181,0.000,0.000,0.0,0.000,0.000,0.0,0.000,0.000,0.0
55.9502,27653,308186,0.000,0.000,0.0,0.000,0.000,0.0,0.000,0.000,0.0
55.9502,27654,308191,0.000,0.000,0.0,0.000,0.000,0.0,0.000,0.000,0.0
55.9502,27655,308196,0.000,0.000,0.0,0.000,0.000,0.0,0.000,0.000,0.0
55.9502,27656,308201,0.000,0.000,0.0,0.000,0.000,0.0,0.000,0.000,0.0
55.9502,27657,308206,0.000,0.000,0.0,0.000,0.000,0.0,0.000,0.000,0.0
55.9502,27658,308211,0.000,0.000,0.0,0.000,0.000,0.0,0.000,0.000,0.0
56.0034,27659,308216,0.000,0.000,0.0,0.000,0.000,0.0,0.000,0.000,0.0
56.0034,27660,308221,0.000,0.000,0.0,0.000,0.000,0.0,0.000,0.000,0.0
56.0034,27661,308226,0.000,0.000,0.0,0.000,0.000,0.0,0.000,0.000,0.0
56.0034,27662,308231,0.000,0.000,0.0,0.000,0.000,0.0,0.000,0.000,0.0
56.0034,27663,308236,0.000,0.000,0.0,0.000,0.000,0.0,0.000,0.000,0.0
56.0034,27664,308241,0.000,0.000,0.0,0.000,0.000,0.0,0.000,0.000,0.0
56.0034,27665,308246,0.000,0.000,0.0,0.000,0.000,0.0,0.000,0.000,0.0
56.0034,27666,308251,0.000,0.000,0.0,0.000,0.000,0.0,0.000,0.000,0.0
56.0044,27667,308256,0.000,0.000,0.0,0.000,0.000,0.0,0.000,0.000,0.0
56.0044,27668,308261,0.000,0.000,0.0,0.000,0.000,0.0,0.000,0.000,0.0
56.0044,27669,308266,0.000,0.000,0.0,0.000,0.000,0.0,0.000,0.000,0.0
56.0044,27670,308271,0.000,0.000,0.0,0.000,0.000,0.0,0.000,0.000,0.0
56.0044,27671,308276,0.000,0.000,0.0,0.000,0.000,0.0,0.000,0.000,0.0
56.0044,27672,308281,0.000,0.000,0.0,0.000,0.000,0.0,0.000,0.000,0.0
56.0044,27673,308286,0.000,0.000,0.0,0.000,0.000,0.0,0.000,0.000,0.0
56.0044,27674,308291,0.000,0.000,0.0,0.000,0.000,0.0,0.000,0.000,0.0
56.1017,27675,308296,0.000,0.000,0.0,0.000,0.000,0.0,0.000,0.000,0.0
56.1017,27676,308301,0.000,0.000,0.0,0.000,0.000,0.0,0.000,0.000,0.0
56.1017,27677,308306,0.000,0.000,0.0,0.000,0.000,0.0,0.000,0.000,0.0
56.1017,27678,308311,0.000,0.000,0.0,0.000,0.000,0.0,0.000,0.000,0.0
56.1017,27679,308316,0.000,0.000,0.0,0.000,0.000,0.0,0.000,0.000,0.0
56.1017,27680,308321,0.000,0.000,0.0,0.000,0.000,0.0,0.000,0.000,0.0
56.1017,27681,308326,0.000,0.000,0.0,0.000,0.000,0.0,0.000,0.000,0.0
56.1017,27682,308331,0.000,0.000,0.0,0.000,0.000,0.0,0.000,0.000,0.0
56.1017,27683,308336,0.000,0.000,0.0,0.000,0.000,0.0,0.000,0.000,0.0
56.1017,27684,308341,0.000,0.000,0.0,0.000,0.000,0.0,0.000,0.000,0.0
56.1017,27685,308346,0.000,0.000,0.0,0.000,0.000,0.0,0.000,0.000,0.0
56.1017,27686,308351,0.000,0.000,0.0,0.000,0.000,0.0,0.000,0.000,0.0
56.1017,27687,308356,0.000,0.000,0.0,0.000,0.000,0.0,0.000,0.000,0.0
56.1017,27688,308361,0.000,0.000,0.0,0.000,0.000,0.0,0.000,0.000,0.0
56.1017,27689,308366,0.000,0.000,0.0,0.000,0.000,0.0,0.000,0.000,0.0
56.1017,27690,308371,0.000,0.000,0.0,0.000,0.000,0.0,0.000,0.000,0.0
56.1787,27691,308376,0.000,0.000,0.0,0.000,0.000,0.0,0.000,0.000,0.0
56.1787,27692,308381,0.000,0.000,0.0,0.000,0.000,0.0,0.000,0.000,0.0
56.1787,27693,308386,0.000,0.000,0.0,0.000,0.000,0.0,0.000,0.000,0.0
56.1787,27694,308391,0.000,0.000,0.0,0.000,0.000,0.0,0.000,0.000,0.0
56.1787,27695,308396,0.000,0.000,0.0,0.000,0.000,0.0,0.000,0.000,0.0
56.1787,27696,308401,0.000,0.000,0.0,0.000,0.000,0.0,0.000,0.000,0.0
56.1787,27697,308406,0.000,0.000,0.0,0.000,0.000,0.0,0.000,0.000,0.0
56.1787,27698,308411,0.000,0.000,0.0,0.000,0.000,0.0,0.000,0.000,0.0
56.1787,27699,308416,0.000,0.000,0.0,0.000,0.000,0.0,0.000,0.000,0.0
56.1787,27700,308421,0.000,0.000,0.0,0.000,0.000,0.0,0.000,0.000,0.0
56.1787,27701,308426,0.000,0.000,0.0,0.000,0.000,0.0,0.000,0.000,0.0
56.1787,27702,308431,0.000,0.000,0.0,0.000,0.000,0.0,0.000,0.000,0.0
56.1787,27703,308436,0.000,0.000,0.0,0.000,0.000,0.0,0.000,0.000,0.0
56.1787,27704,308441,0.000,0.000,0.0,0.000,0.000,0.0,0.000,0.000,0.0
56.1787,27705,308446,0.000,0.000,0.0,0.000,0.000,0.0,0.000,0.000,0.0
56.1787,27706,308451,0.000,0.000,0.0,0.000,0.000,0.0,0.000,0.000,0.0
56.2520,27707,308456,0.000,0.000,0.0,0.000,0.000,0.0,0.000,0.000,0.0
56.2520,27708,308461,0.000,0.000,0.0,0.000,0.000,0.0,0.000,0.000,0.0
56.2520,27709,308466,0.000,0.000,0.0,0.000,0.000,0.0,0.000,0.000,0.0
56.2520,27710,308471,0.000,0.000,0.0,0.000,0.000,0.0,0.000,0.000,0.0
56.2520,27711,308476,0.000,0.000,0.0,0.000,0.000,0.0,0.000,0.000,0.0
56.2520,27712,308481,0.000,0.000,0.0,0.000,0.000,0.0,0.000,0.000,0.0
56.2520,27713,308486,0.000,0.000,0.0,0.000,0.000,0.0,0.000,0.000,0.0
56.2520,27714,308491,0.000,0.000,0.0,0.000,0.000,0.0,0.000,0.000,0.0
56.2520,27715,308496,0.000,0.000,0.0,0.000,0.000,0.0,0.000,0.000,0.0
56.2520,27716,308501,0.000,0.000,0.0,0.000,0.000,0.0,0.000,0.000,0.0
56.2520,27717,308506,0.000,0.000,0.0,0.000,0.000,0.0,0.000,0.000,0.0
56.2520,27718,308511,0.000,0.000,0.0,0.000,0.000,0.0,0.000,0.000,0.0
56.2520,27719,308516,0.000,0.000,0.0,0.000,0.000,0.0,0.000,0.000,0.0
56.2520,27720,308521,0.000,0.000,0.0,0.000,0.000,0.0,0.000,0.000,0.0
56.2520,27721,308526,0.000,0.000,0.0,0.000,0.000,0.0,0.000,0.000,0.0
56.2520,27722,308531,0.000,0.000,0.0,0.000,0.000,0.0,0.000,0.000,0.0
56.3680,27723,308536,0.000,0.000,0.0,0.000,0.000,0.0,0.000,0.000,0.0
56.3680,27724,308541,0.000,0.000,0.0,0.000,0.000,0.0,0.000,0.000,0.0
56.3680,27725,308546,0.000,0.000,0.0,0.000,0.000,0.0,0.000,0.000,0.0
56.3680,27726,308551,0.000,0.000,0.0,0.000,0.000,0.0,0.000,0.000,0.0
56.3680,27727,308556,0.000,0.000,0.0,0.000,0.000,0.0,0.000,0.000,0.0
56.3680,27728,308561,0.000,0.000,0.0,0.000,0.000,0.0,0.000,0.000,0.0
56.3680,27729,308566,0.000,0.000,0.0,0.000,0.000,0.0,0.000,0.000,0.0
56.3680,27730,308571,0.000,0.000,0.0,0.000,0.000,0.0,0.000,0.000,0.0
56.3680,27731,308576,0.000,0.000,0.0,0.000,0.000,0.0,0.000,0.000,0.0
56.3680,27732,308581,0.000,0.000,0.0,0.000,0.000,0.0,0.000,0.000,0.0
56.3680,27733,308586,0.000,0.000,0.0,0.000,0.000,0.0,0.000,0.000,0.0
56.3680,27734,308591,0.000,0.000,0.0,0.000,0.000,0.0,0.000,0.000,0.0
56.3680,27735,308596,0.000,0.000,0.0,0.000,0.000,0.0,0.000,0.000,0.0
56.3680,27736,308601,0.000,0.000,0.0,0.000,0.000,0.0,0.000,0.000,0.0
56.3680,27737,308606,0.000,0.000,0.0,0.000,0.000,0.0,0.000,0.000,0.0
56.3680,27738,308611,0.000,0.000,0.0,0.000,0.000,0.0,0.000,0.000,0.0
56.3680,27739,308616,0.000,0.000,0.0,0.000,0.000,0.0,0.000,0.000,0.0
56.3680,27740,308621,0.000,0.000,0.0,0.000,0.000,0.0,0.000,0.000,0.0
56.3680,27741,308626,0.000,0.000,0.0,0.000,0.000,0.0,0.000,0.000,0.0
56.3680,27742,308631,0.000,0.000,0.0,0.000,0.000,0.0,0.000,0.000,0.0
56.3680,27743,308636,0.000,0.000,0.0,0.000,0.000,0.0,0.000,0.000,0.0
56.3680,27744,308641,0.000,0.000,0.0,0.000,0.000,0.0,0.000,0.000,0.0
56.3680,27745,308646,0.000,0.000,0.0,0.000,0.000,0.0,0.000,0.000,0.0
56.3680,27746,308651,0.000,0.000,0.0,0.000,0.000,0.0,0.000,0.000,0.0
56.4282,27747,308656,0.000,0.000,0.0,0.000,0.000,0.0,0.000,0.000,0.0
56.4282,27748,308661,0.000,0.000,0.0,0.000,0.000,0.0,0.000,0.000,0.0
56.4282,27749,308666,0.000,0.000,0.0,0.000,0.000,0.0,0.000,0.000,0.0
56.4282,27750,308671,0.000,0.000,0.0,0.000,0.000,0.0,0.000,0.000,0.0
56.4282,27751,308676,0.000,0.000,0.0,0.000,0.000,0.0,0.000,0.000,0.0
56.4282,27752,308681,0.000,0.000,0.0,0.000,0.000,0.0,0.000,0.000,0.0
56.4282,27753,308686,0.000,0.000,0.0,0.000,0.000,0.0,0.000,0.000,0.0
56.4282,27754,308691,0.000,0.000,0.0,0.000,0.000,0.0,0.000,0.000,0.0
56.4282,27755,308696,0.000,0.000,0.0,0.000,0.000,0.0,0.000,0.000,0.0
56.4282,27756,308701,0.000,0.000,0.0,0.000,0.000,0.0,0.000,0.000,0.0
56.4282,27757,308706,0.000,0.000,0.0,0.000,0.000,0.0,0.000,0.000,0.0
56.4282,27758,308711,0.000,0.000,0.0,0.000,0.000,0.0,0.000,0.000,0.0
56.4282,27759,308716,0.000,0.000,0.0,0.000,0.000,0.0,0.000,0.000,0.0
56.4282,27760,308721,0.000,0.000,0.0,0.000,0.000,0.0,0.000,0.000,0.0
56.4282,27761,308726,0.000,0.000,0.0,0.000,0.000,0.0,0.000,0.000,0.0
56.4282,27762,308731,0.000,0.000,0.0,0.000,0.000,0.0,0.000,0.000,0.0
56.5226,27763,308736,0.000,0.000,0.0,0.000,0.000,0.0,0.000,0.000,0.0
56.5226,27764,308741,0.000,0.000,0.0,0.000,0.000,0.0,0.000,0.000,0.0
56.5226,27765,308746,0.000,0.000,0.0,0.000,0.000,0.0,0.000,0.000,0.0
56.5226,27766,308751,0.000,0.000,0.0,0.000,0.000,0.0,0.000,0.000,0.0
56.5226,27767,308756,0.000,0.000,0.0,0.000,0.000,0.0,0.000,0.000,0.0
56.5226,27768,308761,0.000,0.000,0.0,0.000,0.000,0.0,0.000,0.000,0.0
56.5226,27769,308766,0.000,0.000,0.0,0.000,0.000,0.0,0.000,0.000,0.0
56.5226,27770,308771,0.000,0.000,0.0,0.000,0.000,0.0,0.000,0.000,0.0
56.5226,27771,308776,0.000,0.000,0.0,0.000,0.000,0.0,0.000,0.000,0.0
56.5226,27772,308781,0.000,0.000,0.0,0.000,0.000,0.0,0.000,0.000,0.0
56.5226,27773,308786,0.000,0.000,0.0,0.000,0.000,0.0,0.000,0.000,0.0
56.5226,27774,308791,0.000,0.000,0.0,0.000,0.000,0.0,0.000,0.000,0.0
56.5226,27775,308796,0.000,0.000,0.0,0.000,0.000,0.0,0.000,0.000,0.0
56.5226,27776,308801,0.000,0.000,0.0,0.000,0.000,0.0,0.000,0.000,0.0
56.5226,27777,308806,0.000,0.000,0.0,0.000,0.000,0.0,0.000,0.000,0.0
56.5226,27778,308811,0.000,0.000,0.0,0.000,0.000,0.0,0.000,0.000,0.0
56.5888,27779,308816,0.000,0.000,0.0,0.000,0.000,0.0,0.000,0.000,0.0
56.5888,27780,308821,0.000,0.000,0.0,0.000,0.000,0.0,0.000,0.000,0.0
56.5888,27781,308826,0.000,0.000,0.0,0.000,0.000,0.0,0.000,0.000,0.0
56.5888,27782,308831,0.000,0.000,0.0,0.000,0.000,0.0,0.000,0.000,0.0
56.5888,27783,308836,0.000,0.000,0.0,0.000,0.000,0.0,0.000,0.000,0.0
56.5888,27784,308841,0.000,0.000,0.0,0.000,0.000,0.0,0.000,0.000,0.0
56.5888,27785,308846,0.000,0.000,0.0,0.000,0.000,0.0,0.000,0.000,0.0
56.5888,27786,308851,0.000,0.000,0.0,0.000,0.000,0.0,0.000,0.000,0.0
56.5888,27787,308856,0.000,0.000,0.0,0.000,0.000,0.0,0.000,0.000,0.0
56.5888,27788,308861,0.000,0.000,0.0,0.000,0.000,0.0,0.000,0.000,0.0
56.5888,27789,308866,0.000,0.000,0.0,0.000,0.000,0.0,0.000,0.000,0.0
56.5888,27790,308871,0.000,0.000,0.0,0.000,0.000,0.0,0.000,0.000,0.0
56.5888,27791,308876,0.000,0.000,0.0,0.000,0.000,0.0,0.000,0.000,0.0
56.5888,27792,308881,0.000,0.000,0.0,0.000,0.000,0.0,0.000,0.000,0.0
56.5888,27793,308886,0.000,0.000,0.0,0.000,0.000,0.0,0.000,0.000,0.0
56.5888,27794,308891,0.000,0.000,0.0,0.000,0.000,0.0,0.000,0.000,0.0
56.6487,27795,308896,0.000,0.000,0.0,0.000,0.000,0.0,0.000,0.000,0.0
56.6487,27796,308901,0.000,0.000,0.0,0.000,0.000,0.0,0.000,0.000,0.0
56.6487,27797,308906,0.000,0.000,0.0,0.000,0.000,0.0,0.000,0.000,0.0
56.6487,27798,308911,0.000,0.000,0.0,0.000,0.000,0.0,0.000,0.000,0.0
56.6487,27799,308916,0.000,0.000,0.0,0.000,0.000,0.0,0.000,0.000,0.0
56.6487,27800,308921,0.000,0.000,0.0,0.000,0.000,0.0,0.000,0.000,0.0
56.6487,27801,308926,0.000,0.000,0.0,0.000,0.000,0.0,0.000,0.000,0.0
56.6487,27802,308931,0.000,0.000,0.0,0.000,0.000,0.0,0.000,0.000,0.0
56.6487,27803,308936,0.000,0.000,0.0,0.000,0.000,0.0,0.000,0.000,0.0
56.6487,27804,308941,0.000,0.000,0.0,0.000,0.000,0.0,0.000,0.000,0.0
56.6487,27805,308946,0.000,0.000,0.0,0.000,0.000,0.0,0.000,0.000,0.0
56.6487,27806,308951,0.000,0.000,0.0,0.000,0.000,0.0,0.000,0.000,0.0
56.6487,27807,308956,0.000,0.000,0.0,0.000,0.000,0.0,0.000,0.000,0.0
56.6487,27808,308961,0.000,0.000,0.0,0.000,0.000,0.0,0.000,0.000,0.0
56.6487,27809,308966,0.000,0.000,0.0,0.000,0.000,0.0,0.000,0.000,0.0
56.6487,27810,308971,0.000,0.000,0.0,0.000,0.000,0.0,0.000,0.000,0.0
56.7709,27811,308976,0.000,0.000,0.0,0.000,0.000,0.0,0.000,0.000,0.0
56.7709,27812,308981,0.000,0.000,0.0,0.000,0.000,0.0,0.000,0.000,0.0
56.7709,27813,308986,0.000,0.000,0.0,0.000,0.000,0.0,0.000,0.000,0.0
56.7709,27814,308991,0.000,0.000,0.0,0.000,0.000,0.0,0.000,0.000,0.0
56.7709,27815,308996,0.000,0.000,0.0,0.000,0.000,0.0,0.000,0.000,0.0
56.7709,27816,309001,0.000,0.000,0.0,0.000,0.000,0.0,0.000,0.000,0.0
56.7709,27817,309006,0.000,0.000,0.0,0.000,0.000,0.0,0.000,0.000,0.0
56.7709,27818,309011,0.000,0.000,0.0,0.000,0.000,0.0,0.000,0.000,0.0
56.7709,27819,309016,0.000,0.000,0.0,0.000,0.000,0.0,0.000,0.000,0.0
56.7709,27820,309021,0.000,0.000,0.0,0.000,0.000,0.0,0.000,0.000,0.0
56.7709,27821,309026,0.000,0.000,0.0,0.000,0.000,0.0,0.000,0.000,0.0
56.7709,27822,309031,0.000,0.000,0.0,0.000,0.000,0.0,0.000,0.000,0.0
56.7709,27823,309036,0.000,0.000,0.0,0.000,0.000,0.0,0.000,0.000,0.0
56.7709,27824,309041,0.000,0.000,0.0,0.000,0.000,0.0,0.000,0.000,0.0
56.7709,27825,309046,0.000,0.000,0.0,0.000,0.000,0.0,0.000,0.000,0.0
56.7709,27826,309051,0.000,0.000,0.0,0.000,0.000,0.0,0.000,0.000,0.0
56.9285,27827,309056,0.000,0.000,0.0,0.000,0.000,0.0,0.000,0.000,0.0
56.9294,27828,309061,0.000,0.000,0.0,0.000,0.000,0.0,0.000,0.000,0.0
56.9294,27829,309066,0.000,0.000,0.0,0.000,0.000,0.0,0.000,0.000,0.0
56.9294,27830,309071,0.000,0.000,0.0,0.000,0.000,0.0,0.000,0.000,0.0
56.9294,27831,309076,0.000,0.000,0.0,0.000,0.000,0.0,0.000,0.000,0.0
56.9294,27832,309081,0.000,0.000,0.0,0.000,0.000,0.0,0.000,0.000,0.0
56.9294,27833,309086,0.000,0.000,0.0,0.000,0.000,0.0,0.000,0.000,0.0
56.9294,27834,309091,0.000,0.000,0.0,0.000,0.000,0.0,0.000,0.000,0.0
56.9294,27835,309096,0.000,0.000,0.0,0.000,0.000,0.0,0.000,0.000,0.0
56.9294,27836,309101,0.000,0.000,0.0,0.000,0.000,0.0,0.000,0.000,0.0
56.9294,27837,309106,0.000,0.000,0.0,0.000,0.000,0.0,0.000,0.000,0.0
56.9294,27838,309111,0.000,0.000,0.0,0.000,0.000,0.0,0.000,0.000,0.0
56.9294,27839,309116,0.000,0.000,0.0,0.000,0.000,0.0,0.000,0.000,0.0
56.9294,27840,309121,0.000,0.000,0.0,0.000,0.000,0.0,0.000,0.000,0.0
56.9294,27841,309126,0.000,0.000,0.0,0.000,0.000,0.0,0.000,0.000,0.0
56.9294,27842,309131,0.000,0.000,0.0,0.000,0.000,0.0,0.000,0.000,0.0
56.9294,27843,309136,0.000,0.000,0.0,0.000,0.000,0.0,0.000,0.000,0.0
56.9294,27844,309141,0.000,0.000,0.0,0.000,0.000,0.0,0.000,0.000,0.0
56.9294,27845,309146,0.000,0.000,0.0,0.000,0.000,0.0,0.000,0.000,0.0
56.9294,27846,309151,0.000,0.000,0.0,0.000,0.000,0.0,0.000,0.000,0.0
56.9294,27847,309156,0.000,0.000,0.0,0.000,0.000,0.0,0.000,0.000,0.0
56.9294,27848,309161,0.000,0.000,0.0,0.000,0.000,0.0,0.000,0.000,0.0
56.9294,27849,309166,0.000,0.000,0.0,0.000,0.000,0.0,0.000,0.000,0.0
56.9294,27850,309171,0.000,0.000,0.0,0.000,0.000,0.0,0.000,0.000,0.0
56.9910,27851,309176,0.000,0.000,0.0,0.000,0.000,0.0,0.000,0.000,0.0
56.9910,27852,309181,0.000,0.000,0.0,0.000,0.000,0.0,0.000,0.000,0.0
56.9910,27853,309186,0.000,0.000,0.0,0.000,0.000,0.0,0.000,0.000,0.0
56.9910,27854,309191,0.000,0.000,0.0,0.000,0.000,0.0,0.000,0.000,0.0
56.9910,27855,309196,0.000,0.000,0.0,0.000,0.000,0.0,0.000,0.000,0.0
56.9910,27856,309201,0.000,0.000,0.0,0.000,0.000,0.0,0.000,0.000,0.0
56.9910,27857,309206,0.000,0.000,0.0,0.000,0.000,0.0,0.000,0.000,0.0
56.9910,27858,309211,0.000,0.000,0.0,0.000,0.000,0.0,0.000,0.000,0.0
56.9910,27859,309216,0.000,0.000,0.0,0.000,0.000,0.0,0.000,0.000,0.0
56.9910,27860,309221,0.000,0.000,0.0,0.000,0.000,0.0,0.000,0.000,0.0
56.9910,27861,309226,0.000,0.000,0.0,0.000,0.000,0.0,0.000,0.000,0.0
56.9910,27862,309231,0.000,0.000,0.0,0.000,0.000,0.0,0.000,0.000,0.0
56.9910,27863,309236,0.000,0.000,0.0,0.000,0.000,0.0,0.000,0.000,0.0
56.9910,27864,309241,0.000,0.000,0.0,0.000,0.000,0.0,0.000,0.000,0.0
56.9910,27865,309246,0.000,0.000,0.0,0.000,0.000,0.0,0.000,0.000,0.0
56.9910,27866,309251,0.000,0.000,0.0,0.000,0.000,0.0,0.000,0.000,0.0
56.9910,27867,309264,0.000,0.000,0.0,0.000,0.000,0.0,0.000,0.000,0.0
56.9910,27868,309269,0.000,0.000,0.0,0.000,0.000,0.0,0.000,0.000,0.0
56.9910,27869,309274,0.000,0.000,0.0,0.000,0.000,0.0,0.000,0.000,0.0
56.9910,27870,309279,0.000,0.000,0.0,0.000,0.000,0.0,0.000,0.000,0.0
56.9910,27871,309284,0.000,0.000,0.0,0.000,0.000,0.0,0.000,0.000,0.0
56.9910,27872,309289,0.000,0.000,0.0,0.000,0.000,0.0,0.000,0.000,0.0
56.9910,27873,309294,0.000,0.000,0.0,0.000,0.000,0.0,0.000,0.000,0.0
56.9910,27874,309299,0.000,0.000,0.0,0.000,0.000,0.0,0.000,0.000,0.0
57.1018,27875,309304,0.000,0.000,0.0,0.000,0.000,0.0,0.000,0.000,0.0
57.1018,27876,309309,0.000,0.000,0.0,0.000,0.000,0.0,0.000,0.000,0.0
57.1018,27877,309314,0.000,0.000,0.0,0.000,0.000,0.0,0.000,0.000,0.0
57.1018,27878,309319,0.000,0.000,0.0,0.000,0.000,0.0,0.000,0.000,0.0
57.1018,27879,309324,0.000,0.000,0.0,0.000,0.000,0.0,0.000,0.000,0.0
57.1018,27880,309329,0.000,0.000,0.0,0.000,0.000,0.0,0.000,0.000,0.0
57.1018,27881,309334,0.000,0.000,0.0,0.000,0.000,0.0,0.000,0.000,0.0
57.1018,27882,309339,0.000,0.000,0.0,0.000,0.000,0.0,0.000,0.000,0.0
57.1018,27883,309344,0.000,0.000,0.0,0.000,0.000,0.0,0.000,0.000,0.0
57.1018,27884,309349,0.000,0.000,0.0,0.000,0.000,0.0,0.000,0.000,0.0
57.1018,27885,309354,0.000,0.000,0.0,0.000,0.000,0.0,0.000,0.000,0.0
57.1018,27886,309359,0.000,0.000,0.0,0.000,0.000,0.0,0.000,0.000,0.0
57.1018,27887,309364,0.000,0.000,0.0,0.000,0.000,0.0,0.000,0.000,0.0
57.1018,27888,309369,0.000,0.000,0.0,0.000,0.000,0.0,0.000,0.000,0.0
57.1018,27889,309374,0.000,0.000,0.0,0.000,0.000,0.0,0.000,0.000,0.0
57.1018,27890,309379,0.000,0.000,0.0,0.000,0.000,0.0,0.000,0.000,0.0
57.2135,27891,309384,0.000,0.000,0.0,0.000,0.000,0.0,0.000,0.000,0.0
57.2135,27892,309389,0.000,0.000,0.0,0.000,0.000,0.0,0.000,0.000,0.0
57.2135,27893,309394,0.000,0.000,0.0,0.000,0.000,0.0,0.000,0.000,0.0
57.2135,27894,309399,0.000,0.000,0.0,0.000,0.000,0.0,0.000,0.000,0.0
57.2135,27895,309404,0.000,0.000,0.0,0.000,0.000,0.0,0.000,0.000,0.0
57.2135,27896,309409,0.000,0.000,0.0,0.000,0.000,0.0,0.000,0.000,0.0
57.2135,27897,309414,0.000,0.000,0.0,0.000,0.000,0.0,0.000,0.000,0.0
57.2135,27898,309419,0.000,0.000,0.0,0.000,0.000,0.0,0.000,0.000,0.0
57.2135,27899,309424,0.000,0.000,0.0,0.000,0.000,0.0,0.000,0.000,0.0
57.2135,27900,309429,0.000,0.000,0.0,0.000,0.000,0.0,0.000,0.000,0.0
57.2135,27901,309434,0.000,0.000,0.0,0.000,0.000,0.0,0.000,0.000,0.0
57.2135,27902,309439,0.000,0.000,0.0,0.000,0.000,0.0,0.000,0.000,0.0
57.2135,27903,309444,0.000,0.000,0.0,0.000,0.000,0.0,0.000,0.000,0.0
57.2135,27904,309449,0.000,0.000,0.0,0.000,0.000,0.0,0.000,0.000,0.0
57.2135,27905,309454,0.000,0.000,0.0,0.000,0.000,0.0,0.000,0.000,0.0
57.2135,27906,309459,0.000,0.000,0.0,0.000,0.000,0.0,0.000,0.000,0.0
57.2135,27907,309464,0.000,0.000,0.0,0.000,0.000,0.0,0.000,0.000,0.0
57.2135,27908,309469,0.000,0.000,0.0,0.000,0.000,0.0,0.000,0.000,0.0
57.2135,27909,309474,0.000,0.000,0.0,0.000,0.000,0.0,0.000,0.000,0.0
57.2135,27910,309479,0.000,0.000,0.0,0.000,0.000,0.0,0.000,0.000,0.0
57.2135,27911,309484,0.000,0.000,0.0,0.000,0.000,0.0,0.000,0.000,0.0
57.2135,27912,309489,0.000,0.000,0.0,0.000,0.000,0.0,0.000,0.000,0.0
57.2135,27913,309494,0.000,0.000,0.0,0.000,0.000,0.0,0.000,0.000,0.0
57.2135,27914,309499,0.000,0.000,0.0,0.000,0.000,0.0,0.000,0.000,0.0
57.2702,27915,309504,0.000,0.000,0.0,0.000,0.000,0.0,0.000,0.000,0.0
57.2702,27916,309509,0.000,0.000,0.0,0.000,0.000,0.0,0.000,0.000,0.0
57.2702,27917,309514,0.000,0.000,0.0,0.000,0.000,0.0,0.000,0.000,0.0
57.2702,27918,309519,0.000,0.000,0.0,0.000,0.000,0.0,0.000,0.000,0.0
57.2702,27919,309524,0.000,0.000,0.0,0.000,0.000,0.0,0.000,0.000,0.0
57.2702,27920,309529,0.000,0.000,0.0,0.000,0.000,0.0,0.000,0.000,0.0
57.2702,27921,309534,0.000,0.000,0.0,0.000,0.000,0.0,0.000,0.000,0.0
57.2702,27922,309539,0.000,0.000,0.0,0.000,0.000,0.0,0.000,0.000,0.0
57.2702,27923,309544,0.000,0.000,0.0,0.000,0.000,0.0,0.000,0.000,0.0
57.2702,27924,309549,0.000,0.000,0.0,0.000,0.000,0.0,0.000,0.000,0.0
57.2702,27925,309554,0.000,0.000,0.0,0.000,0.000,0.0,0.000,0.000,0.0
57.2702,27926,309559,0.000,0.000,0.0,0.000,0.000,0.0,0.000,0.000,0.0
57.2702,27927,309564,0.000,0.000,0.0,0.000,0.000,0.0,0.000,0.000,0.0
57.2702,27928,309569,0.000,0.000,0.0,0.000,0.000,0.0,0.000,0.000,0.0
57.2702,27929,309574,0.000,0.000,0.0,0.000,0.000,0.0,0.000,0.000,0.0
57.2702,27930,309579,0.000,0.000,0.0,0.000,0.000,0.0,0.000,0.000,0.0
57.3769,27931,309584,0.000,0.000,0.0,0.000,0.000,0.0,0.000,0.000,0.0
57.3769,27932,309589,0.000,0.000,0.0,0.000,0.000,0.0,0.000,0.000,0.0
57.3769,27933,309594,0.000,0.000,0.0,0.000,0.000,0.0,0.000,0.000,0.0
57.3769,27934,309599,0.000,0.000,0.0,0.000,0.000,0.0,0.000,0.000,0.0
57.3769,27935,309604,0.000,0.000,0.0,0.000,0.000,0.0,0.000,0.000,0.0
57.3769,27936,309609,0.000,0.000,0.0,0.000,0.000,0.0,0.000,0.000,0.0
57.3769,27937,309614,0.000,0.000,0.0,0.000,0.000,0.0,0.000,0.000,0.0
57.3769,27938,309619,0.000,0.000,0.0,0.000,0.000,0.0,0.000,0.000,0.0
57.3769,27939,309624,0.000,0.000,0.0,0.000,0.000,0.0,0.000,0.000,0.0
57.3769,27940,309629,0.000,0.000,0.0,0.000,0.000,0.0,0.000,0.000,0.0
57.3769,27941,309634,0.000,0.000,0.0,0.000,0.000,0.0,0.000,0.000,0.0
57.3769,27942,309639,0.000,0.000,0.0,0.000,0.000,0.0,0.000,0.000,0.0
57.3769,27943,309644,0.000,0.000,0.0,0.000,0.000,0.0,0.000,0.000,0.0
57.3769,27944,309649,0.000,0.000,0.0,0.000,0.000,0.0,0.000,0.000,0.0
57.3769,27945,309654,0.000,0.000,0.0,0.000,0.000,0.0,0.000,0.000,0.0
57.3769,27946,309659,0.000,0.000,0.0,0.000,0.000,0.0,0.000,0.000,0.0
57.4430,27947,309664,0.000,0.000,0.0,0.000,0.000,0.0,0.000,0.000,0.0
57.4430,27948,309669,0.000,0.000,0.0,0.000,0.000,0.0,0.000,0.000,0.0
57.4430,27949,309674,0.000,0.000,0.0,0.000,0.000,0.0,0.000,0.000,0.0
57.4430,27950,309679,0.000,0.000,0.0,0.000,0.000,0.0,0.000,0.000,0.0
57.4430,27951,309684,0.000,0.000,0.0,0.000,0.000,0.0,0.000,0.000,0.0
57.4430,27952,309689,0.000,0.000,0.0,0.000,0.000,0.0,0.000,0.000,0.0
57.4430,27953,309694,0.000,0.000,0.0,0.000,0.000,0.0,0.000,0.000,0.0
57.4430,27954,309699,0.000,0.000,0.0,0.000,0.000,0.0,0.000,0.000,0.0
57.4430,27955,309704,0.000,0.000,0.0,0.000,0.000,0.0,0.000,0.000,0.0
57.4430,27956,309709,0.000,0.000,0.0,0.000,0.000,0.0,0.000,0.000,0.0
57.4430,27957,309714,0.000,0.000,0.0,0.000,0.000,0.0,0.000,0.000,0.0
57.4430,27958,309719,0.000,0.000,0.0,0.000,0.000,0.0,0.000,0.000,0.0
57.4430,27959,309724,0.000,0.000,0.0,0.000,0.000,0.0,0.000,0.000,0.0
57.4430,27960,309729,0.000,0.000,0.0,0.000,0.000,0.0,0.000,0.000,0.0
57.4430,27961,309734,0.000,0.000,0.0,0.000,0.000,0.0,0.000,0.000,0.0
57.4430,27962,309739,0.000,0.000,0.0,0.000,0.000,0.0,0.000,0.000,0.0
57.5369,27963,309744,0.000,0.000,0.0,0.000,0.000,0.0,0.000,0.000,0.0
57.5369,27964,309749,0.000,0.000,0.0,0.000,0.000,0.0,0.000,0.000,0.0
57.5369,27965,309754,0.000,0.000,0.0,0.000,0.000,0.0,0.000,0.000,0.0
57.5369,27966,309759,0.000,0.000,0.0,0.000,0.000,0.0,0.000,0.000,0.0
57.5369,27967,309764,0.000,0.000,0.0,0.000,0.000,0.0,0.000,0.000,0.0
57.5369,27968,309769,0.000,0.000,0.0,0.000,0.000,0.0,0.000,0.000,0.0
57.5369,27969,309774,0.000,0.000,0.0,0.000,0.000,0.0,0.000,0.000,0.0
57.5369,27970,309779,0.000,0.000,0.0,0.000,0.000,0.0,0.000,0.000,0.0
57.5369,27971,309784,0.000,0.000,0.0,0.000,0.000,0.0,0.000,0.000,0.0
57.5369,27972,309789,0.000,0.000,0.0,0.000,0.000,0.0,0.000,0.000,0.0
57.5369,27973,309794,0.000,0.000,0.0,0.000,0.000,0.0,0.000,0.000,0.0
57.5369,27974,309799,0.000,0.000,0.0,0.000,0.000,0.0,0.000,0.000,0.0
57.5369,27975,309804,0.000,0.000,0.0,0.000,0.000,0.0,0.000,0.000,0.0
57.5369,27976,309809,0.000,0.000,0.0,0.000,0.000,0.0,0.000,0.000,0.0
57.5369,27977,309814,0.000,0.000,0.0,0.000,0.000,0.0,0.000,0.000,0.0
57.5369,27978,309819,0.000,0.000,0.0,0.000,0.000,0.0,0.000,0.000,0.0
57.6359,27979,309824,0.000,0.000,0.0,0.000,0.000,0.0,0.000,0.000,0.0
57.6359,27980,309829,0.000,0.000,0.0,0.000,0.000,0.0,0.000,0.000,0.0
57.6359,27981,309834,0.000,0.000,0.0,0.000,0.000,0.0,0.000,0.000,0.0
57.6359,27982,309839,0.000,0.000,0.0,0.000,0.000,0.0,0.000,0.000,0.0
57.6359,27983,309844,0.000,0.000,0.0,0.000,0.000,0.0,0.000,0.000,0.0
57.6359,27984,309849,0.000,0.000,0.0,0.000,0.000,0.0,0.000,0.000,0.0
57.6359,27985,309854,0.000,0.000,0.0,0.000,0.000,0.0,0.000,0.000,0.0
57.6359,27986,309859,0.000,0.000,0.0,0.000,0.000,0.0,0.000,0.000,0.0
57.6359,27987,309864,0.000,0.000,0.0,0.000,0.000,0.0,0.000,0.000,0.0
57.6359,27988,309869,0.000,0.000,0.0,0.000,0.000,0.0,0.000,0.000,0.0
57.6359,27989,309874,0.000,0.000,0.0,0.000,0.000,0.0,0.000,0.000,0.0
57.6359,27990,309879,0.000,0.000,0.0,0.000,0.000,0.0,0.000,0.000,0.0
57.6359,27991,309884,0.000,0.000,0.0,0.000,0.000,0.0,0.000,0.000,0.0
57.6359,27992,309889,0.000,0.000,0.0,0.000,0.000,0.0,0.000,0.000,0.0
57.6359,27993,309894,0.000,0.000,0.0,0.000,0.000,0.0,0.000,0.000,0.0
57.6359,27994,309899,0.000,0.000,0.0,0.000,0.000,0.0,0.000,0.000,0.0
57.6359,27995,309904,0.000,0.000,0.0,0.000,0.000,0.0,0.000,0.000,0.0
57.6359,27996,309909,0.000,0.000,0.0,0.000,0.000,0.0,0.000,0.000,0.0
57.6359,27997,309914,0.000,0.000,0.0,0.000,0.000,0.0,0.000,0.000,0.0
57.6359,27998,309919,0.000,0.000,0.0,0.000,0.000,0.0,0.000,0.000,0.0
57.6359,27999,309924,0.000,0.000,0.0,0.000,0.000,0.0,0.000,0.000,0.0
57.6359,28000,309929,0.000,0.000,0.0,0.000,0.000,0.0,0.000,0.000,0.0
57.6359,28001,309934,0.000,0.000,0.0,0.000,0.000,0.0,0.000,0.000,0.0
57.6359,28002,309939,0.000,0.000,0.0,0.000,0.000,0.0,0.000,0.000,0.0
58.7179,28003,309944,0.000,0.000,0.0,0.000,0.000,0.0,0.000,0.000,0.0
58.7179,28004,309949,0.000,0.000,0.0,0.000,0.000,0.0,0.000,0.000,0.0
58.7179,28005,309954,0.000,0.000,0.0,0.000,0.000,0.0,0.000,0.000,0.0
58.7179,28006,309959,0.000,0.000,0.0,0.000,0.000,0.0,0.000,0.000,0.0
58.7179,28007,309964,0.000,0.000,0.0,0.000,0.000,0.0,0.000,0.000,0.0
58.7179,28008,309969,0.000,0.000,0.0,0.000,0.000,0.0,0.000,0.000,0.0
58.7179,28009,309974,0.000,0.000,0.0,0.000,0.000,0.0,0.000,0.000,0.0
58.7179,28010,309979,0.000,0.000,0.0,0.000,0.000,0.0,0.000,0.000,0.0
58.7179,28011,309984,0.000,0.000,0.0,0.000,0.000,0.0,0.000,0.000,0.0
58.7179,28012,309989,0.000,0.000,0.0,0.000,0.000,0.0,0.000,0.000,0.0
58.7179,28013,309994,0.000,0.000,0.0,0.000,0.000,0.0,0.000,0.000,0.0
58.7179,28014,309999,0.000,0.000,0.0,0.000,0.000,0.0,0.000,0.000,0.0
58.7179,28015,310004,0.000,0.000,0.0,0.000,0.000,0.0,0.000,0.000,0.0
58.7179,28016,310009,0.000,0.000,0.0,0.000,0.000,0.0,0.000,0.000,0.0
58.7179,28017,310014,0.000,0.000,0.0,0.000,0.000,0.0,0.000,0.000,0.0
58.7179,28018,310019,0.000,0.000,0.0,0.000,0.000,0.0,0.000,0.000,0.0
58.7179,28019,310024,0.000,0.000,0.0,0.000,0.000,0.0,0.000,0.000,0.0
58.7179,28020,310029,0.000,0.000,0.0,0.000,0.000,0.0,0.000,0.000,0.0
58.7179,28021,310034,0.000,0.000,0.0,0.000,0.000,0.0,0.000,0.000,0.0
58.7179,28022,310039,0.000,0.000,0.0,0.000,0.000,0.0,0.000,0.000,0.0
58.7179,28023,310044,0.000,0.000,0.0,0.000,0.000,0.0,0.000,0.000,0.0
58.7179,28024,310049,0.000,0.000,0.0,0.000,0.000,0.0,0.000,0.000,0.0
58.7179,28025,310054,0.000,0.000,0.0,0.000,0.000,0.0,0.000,0.000,0.0
58.7179,28026,310059,0.000,0.000,0.0,0.000,0.000,0.0,0.000,0.000,0.0
58.7179,28027,310064,0.000,0.000,0.0,0.000,0.000,0.0,0.000,0.000,0.0
58.7179,28028,310069,0.000,0.000,0.0,0.000,0.000,0.0,0.000,0.000,0.0
58.7179,28029,310074,0.000,0.000,0.0,0.000,0.000,0.0,0.000,0.000,0.0
58.7179,28030,310079,0.000,0.000,0.0,0.000,0.000,0.0,0.000,0.000,0.0
58.7179,28031,310084,0.000,0.000,0.0,0.000,0.000,0.0,0.000,0.000,0.0
58.7179,28032,310089,0.000,0.000,0.0,0.000,0.000,0.0,0.000,0.000,0.0
58.7179,28033,310094,0.000,0.000,0.0,0.000,0.000,0.0,0.000,0.000,0.0
58.7179,28034,310099,0.000,0.000,0.0,0.000,0.000,0.0,0.000,0.000,0.0
58.7391,28035,310104,0.000,0.000,0.0,0.000,0.000,0.0,0.000,0.000,0.0
58.7391,28036,310109,0.000,0.000,0.0,0.000,0.000,0.0,0.000,0.000,0.0
58.7391,28037,310114,0.000,0.000,0.0,0.000,0.000,0.0,0.000,0.000,0.0
58.7391,28038,310119,0.000,0.000,0.0,0.000,0.000,0.0,0.000,0.000,0.0
58.7391,28039,310124,0.000,0.000,0.0,0.000,0.000,0.0,0.000,0.000,0.0
58.7391,28040,310129,0.000,0.000,0.0,0.000,0.000,0.0,0.000,0.000,0.0
58.7391,28041,310134,0.000,0.000,0.0,0.000,0.000,0.0,0.000,0.000,0.0
58.7391,28042,310139,0.000,0.000,0.0,0.000,0.000,0.0,0.000,0.000,0.0
58.7391,28043,310144,0.000,0.000,0.0,0.000,0.000,0.0,0.000,0.000,0.0
58.7391,28044,310149,0.000,0.000,0.0,0.000,0.000,0.0,0.000,0.000,0.0
58.7391,28045,310154,0.000,0.000,0.0,0.000,0.000,0.0,0.000,0.000,0.0
58.7391,28046,310159,0.000,0.000,0.0,0.000,0.000,0.0,0.000,0.000,0.0
58.7391,28047,310164,0.000,0.000,0.0,0.000,0.000,0.0,0.000,0.000,0.0
58.7391,28048,310169,0.000,0.000,0.0,0.000,0.000,0.0,0.000,0.000,0.0
58.7391,28049,310174,0.000,0.000,0.0,0.000,0.000,0.0,0.000,0.000,0.0
58.7391,28050,310179,0.000,0.000,0.0,0.000,0.000,0.0,0.000,0.000,0.0
60.2517,28051,310184,0.000,0.000,0.0,0.000,0.000,0.0,0.000,0.000,0.0
60.2517,28052,310189,0.000,0.000,0.0,0.000,0.000,0.0,0.000,0.000,0.0
60.2517,28053,310194,0.000,0.000,0.0,0.000,0.000,0.0,0.000,0.000,0.0
60.2517,28054,310199,0.000,0.000,0.0,0.000,0.000,0.0,0.000,0.000,0.0
60.2517,28055,310204,0.000,0.000,0.0,0.000,0.000,0.0,0.000,0.000,0.0
60.2517,28056,310209,0.000,0.000,0.0,0.000,0.000,0.0,0.000,0.000,0.0
60.2517,28057,310214,0.000,0.000,0.0,0.000,0.000,0.0,0.000,0.000,0.0
60.2517,28058,310219,0.000,0.000,0.0,0.000,0.000,0.0,0.000,0.000,0.0
60.2517,28059,311058,0.000,0.000,0.0,0.000,0.000,0.0,0.000,0.000,0.0
60.2517,28060,311063,0.000,0.000,0.0,0.000,0.000,0.0,0.000,0.000,0.0
60.2517,28061,311068,0.000,0.000,0.0,0.000,0.000,0.0,0.000,0.000,0.0
60.2517,28062,311073,0.000,0.000,0.0,0.000,0.000,0.0,0.000,0.000,0.0
60.2517,28063,311078,0.000,0.000,0.0,0.000,0.000,0.0,0.000,0.000,0.0
60.2517,28064,311083,0.000,0.000,0.0,0.000,0.000,0.0,0.000,0.000,0.0
60.2517,28065,311088,0.000,0.000,0.0,0.000,0.000,0.0,0.000,0.000,0.0
60.2517,28066,311093,0.000,0.000,0.0,0.000,0.000,0.0,0.000,0.000,0.0
60.2517,28067,311098,0.000,0.000,0.0,0.000,0.000,0.0,0.000,0.000,0.0
60.2517,28068,311103,0.000,0.000,0.0,0.000,0.000,0.0,0.000,0.000,0.0
60.2517,28069,311108,0.000,0.000,0.0,0.000,0.000,0.0,0.000,0.000,0.0
60.2517,28070,311113,0.000,0.000,0.0,0.000,0.000,0.0,0.000,0.000,0.0
60.2517,28071,311118,0.000,0.000,0.0,0.000,0.000,0.0,0.000,0.000,0.0
60.2517,28072,311123,0.000,0.000,0.0,0.000,0.000,0.0,0.000,0.000,0.0
60.2517,28073,311128,0.000,0.000,0.0,0.000,0.000,0.0,0.000,0.000,0.0
60.2517,28074,311133,0.000,0.000,0.0,0.000,0.000,0.0,0.000,0.000,0.0
60.2517,28075,311138,0.000,0.000,0.0,0.000,0.000,0.0,0.000,0.000,0.0
60.2527,28076,311143,0.000,0.000,0.0,0.000,0.000,0.0,0.000,0.000,0.0
60.2527,28077,311148,0.000,0.000,0.0,0.000,0.000,0.0,0.000,0.000,0.0
60.2527,28078,311153,0.000,0.000,0.0,0.000,0.000,0.0,0.000,0.000,0.0
60.2527,28079,311158,0.000,0.000,0.0,0.000,0.000,0.0,0.000,0.000,0.0
60.2527,28080,311163,0.000,0.000,0.0,0.000,0.000,0.0,0.000,0.000,0.0
60.2527,28081,311168,0.000,0.000,0.0,0.000,0.000,0.0,0.000,0.000,0.0
60.2527,28082,311173,0.000,0.000,0.0,0.000,0.000,0.0,0.000,0.000,0.0
60.2527,28083,311178,0.000,0.000,0.0,0.000,0.000,0.0,0.000,0.000,0.0
60.2527,28084,311183,0.000,0.000,0.0,0.000,0.000,0.0,0.000,0.000,0.0
60.2527,28085,311188,0.000,0.000,0.0,0.000,0.000,0.0,0.000,0.000,0.0
60.2527,28086,311193,0.000,0.000,0.0,0.000,0.000,0.0,0.000,0.000,0.0
60.2527,28087,311198,0.000,0.000,0.0,0.000,0.000,0.0,0.000,0.000,0.0
60.2527,28088,311203,0.000,0.000,0.0,0.000,0.000,0.0,0.000,0.000,0.0
60.2527,28089,311208,0.000,0.000,0.0,0.000,0.000,0.0,0.000,0.000,0.0
60.2527,28090,311213,0.000,0.000,0.0,0.000,0.000,0.0,0.000,0.000,0.0
60.2527,28091,311218,0.000,0.000,0.0,0.000,0.000,0.0,0.000,0.000,0.0
60.2757,28092,311223,0.000,0.000,0.0,0.000,0.000,0.0,0.000,0.000,0.0
60.2757,28093,311228,0.000,0.000,0.0,0.000,0.000,0.0,0.000,0.000,0.0
60.2757,28094,311233,0.000,0.000,0.0,0.000,0.000,0.0,0.000,0.000,0.0
60.2757,28095,311238,0.000,0.000,0.0,0.000,0.000,0.0,0.000,0.000,0.0
60.2757,28096,311243,0.000,0.000,0.0,0.000,0.000,0.0,0.000,0.000,0.0
60.2757,28097,311248,0.000,0.000,0.0,0.000,0.000,0.0,0.000,0.000,0.0
60.2757,28098,311253,0.000,0.000,0.0,0.000,0.000,0.0,0.000,0.000,0.0
60.2757,28099,311258,0.000,0.000,0.0,0.000,0.000,0.0,0.000,0.000,0.0
60.3451,28100,311399,0.000,0.000,0.0,0.000,0.000,0.0,0.000,0.000,0.0
60.3451,28101,311404,0.000,0.000,0.0,0.000,0.000,0.0,0.000,0.000,0.0
60.3451,28102,311409,0.000,0.000,0.0,0.000,0.000,0.0,0.000,0.000,0.0
60.3451,28103,311414,0.000,0.000,0.0,0.000,0.000,0.0,0.000,0.000,0.0
60.3451,28104,311419,0.000,0.000,0.0,0.000,0.000,0.0,0.000,0.000,0.0
60.3451,28105,311424,0.000,0.000,0.0,0.000,0.000,0.0,0.000,0.000,0.0
60.3451,28106,311429,0.000,0.000,0.0,0.000,0.000,0.0,0.000,0.000,0.0
60.3451,28107,311434,0.000,0.000,0.0,0.000,0.000,0.0,0.000,0.000,0.0
60.3451,28108,312592,0.000,0.000,0.0,0.000,0.000,0.0,0.000,0.000,0.0
60.3451,28109,312596,0.000,0.000,0.0,0.000,0.000,0.0,0.000,0.000,0.0
60.3451,28110,312601,0.000,0.000,0.0,0.000,0.000,0.0,0.000,0.000,0.0
60.3451,28111,312606,0.000,0.000,0.0,0.000,0.000,0.0,0.000,0.000,0.0
60.3451,28112,312611,0.000,0.000,0.0,0.000,0.000,0.0,0.000,0.000,0.0
60.3451,28113,312616,0.000,0.000,0.0,0.000,0.000,0.0,0.000,0.000,0.0
60.3451,28114,312621,0.000,0.000,0.0,0.000,0.000,0.0,0.000,0.000,0.0
60.3451,28115,312626,0.000,0.000,0.0,0.000,0.000,0.0,0.000,0.000,0.0
60.3451,28116,312631,0.000,0.000,0.0,0.000,0.000,0.0,0.000,0.000,0.0
60.4539,28117,312636,0.000,0.000,0.0,0.000,0.000,0.0,0.000,0.000,0.0
60.4539,28118,312641,0.000,0.000,0.0,0.000,0.000,0.0,0.000,0.000,0.0
60.4539,28119,312646,0.000,0.000,0.0,0.000,0.000,0.0,0.000,0.000,0.0
60.4539,28120,312651,0.000,0.000,0.0,0.000,0.000,0.0,0.000,0.000,0.0
60.4539,28121,312656,0.000,0.000,0.0,0.000,0.000,0.0,0.000,0.000,0.0
60.4539,28122,312661,0.000,0.000,0.0,0.000,0.000,0.0,0.000,0.000,0.0
60.4539,28123,312666,0.000,0.000,0.0,0.000,0.000,0.0,0.000,0.000,0.0
60.4539,28124,312671,0.000,0.000,0.0,0.000,0.000,0.0,0.000,0.000,0.0
60.4539,28125,312676,0.000,0.000,0.0,0.000,0.000,0.0,0.000,0.000,0.0
60.4539,28126,312681,0.000,0.000,0.0,0.000,0.000,0.0,0.000,0.000,0.0
60.4539,28127,312686,0.000,0.000,0.0,0.000,0.000,0.0,0.000,0.000,0.0
60.4539,28128,312691,0.000,0.000,0.0,0.000,0.000,0.0,0.000,0.000,0.0
60.4539,28129,312696,0.000,0.000,0.0,0.000,0.000,0.0,0.000,0.000,0.0
60.4539,28130,312701,0.000,0.000,0.0,0.000,0.000,0.0,0.000,0.000,0.0
60.4539,28131,312706,0.000,0.000,0.0,0.000,0.000,0.0,0.000,0.000,0.0
60.4539,28132,312711,0.000,0.000,0.0,0.000,0.000,0.0,0.000,0.000,0.0
60.5563,28133,312716,0.000,0.000,0.0,0.000,0.000,0.0,0.000,0.000,0.0
60.5563,28134,312721,0.000,0.000,0.0,0.000,0.000,0.0,0.000,0.000,0.0
60.5563,28135,312726,0.000,0.000,0.0,0.000,0.000,0.0,0.000,0.000,0.0
60.5563,28136,312731,0.000,0.000,0.0,0.000,0.000,0.0,0.000,0.000,0.0
60.5563,28137,312736,0.000,0.000,0.0,0.000,0.000,0.0,0.000,0.000,0.0
60.5563,28138,312741,0.000,0.000,0.0,0.000,0.000,0.0,0.000,0.000,0.0
60.5563,28139,312746,0.000,0.000,0.0,0.000,0.000,0.0,0.000,0.000,0.0
60.5563,28140,312751,0.000,0.000,0.0,0.000,0.000,0.0,0.000,0.000,0.0
60.5563,28141,312756,0.000,0.000,0.0,0.000,0.000,0.0,0.000,0.000,0.0
60.5563,28142,312761,0.000,0.000,0.0,0.000,0.000,0.0,0.000,0.000,0.0
60.5563,28143,312766,0.000,0.000,0.0,0.000,0.000,0.0,0.000,0.000,0.0
60.5563,28144,312771,0.000,0.000,0.0,0.000,0.000,0.0,0.000,0.000,0.0
60.5563,28145,312776,0.000,0.000,0.0,0.000,0.000,0.0,0.000,0.000,0.0
60.5563,28146,312781,0.000,0.000,0.0,0.000,0.000,0.0,0.000,0.000,0.0
60.5563,28147,312786,0.000,0.000,0.0,0.000,0.000,0.0,0.000,0.000,0.0
60.5563,28148,312791,0.000,0.000,0.0,0.000,0.000,0.0,0.000,0.000,0.0
60.5563,28149,312796,0.000,0.000,0.0,0.000,0.000,0.0,0.000,0.000,0.0
60.5563,28150,312801,0.000,0.000,0.0,0.000,0.000,0.0,0.000,0.000,0.0
60.5563,28151,312806,0.000,0.000,0.0,0.000,0.000,0.0,0.000,0.000,0.0
60.5563,28152,312811,0.000,0.000,0.0,0.000,0.000,0.0,0.000,0.000,0.0
60.5570,28153,312816,0.000,0.000,0.0,0.000,0.000,0.0,0.000,0.000,0.0
60.5570,28154,312821,0.000,0.000,0.0,0.000,0.000,0.0,0.000,0.000,0.0
60.5570,28155,312826,0.000,0.000,0.0,0.000,0.000,0.0,0.000,0.000,0.0
60.5570,28156,312831,0.000,0.000,0.0,0.000,0.000,0.0,0.000,0.000,0.0
60.6187,28157,312836,0.000,0.000,0.0,0.000,0.000,0.0,0.000,0.000,0.0
60.6187,28158,312841,0.000,0.000,0.0,0.000,0.000,0.0,0.000,0.000,0.0
60.6187,28159,312846,0.000,0.000,0.0,0.000,0.000,0.0,0.000,0.000,0.0
60.6187,28160,312851,0.000,0.000,0.0,0.000,0.000,0.0,0.000,0.000,0.0
60.6187,28161,312856,0.000,0.000,0.0,0.000,0.000,0.0,0.000,0.000,0.0
60.6187,28162,312861,0.000,0.000,0.0,0.000,0.000,0.0,0.000,0.000,0.0
60.6187,28163,312866,0.000,0.000,0.0,0.000,0.000,0.0,0.000,0.000,0.0
60.6187,28164,312871,0.000,0.000,0.0,0.000,0.000,0.0,0.000,0.000,0.0
60.6187,28165,312876,0.000,0.000,0.0,0.000,0.000,0.0,0.000,0.000,0.0
60.6187,28166,312881,0.000,0.000,0.0,0.000,0.000,0.0,0.000,0.000,0.0
60.6187,28167,312886,0.000,0.000,0.0,0.000,0.000,0.0,0.000,0.000,0.0
60.6187,28168,312891,0.000,0.000,0.0,0.000,0.000,0.0,0.000,0.000,0.0
60.6187,28169,312896,0.000,0.000,0.0,0.000,0.000,0.0,0.000,0.000,0.0
60.6187,28170,312901,0.000,0.000,0.0,0.000,0.000,0.0,0.000,0.000,0.0
60.6187,28171,312906,0.000,0.000,0.0,0.000,0.000,0.0,0.000,0.000,0.0
60.6187,28172,312911,0.000,0.000,0.0,0.000,0.000,0.0,0.000,0.000,0.0
60.6874,28173,312916,0.000,0.000,0.0,0.000,0.000,0.0,0.000,0.000,0.0
60.6874,28174,312921,0.000,0.000,0.0,0.000,0.000,0.0,0.000,0.000,0.0
60.6874,28175,312926,0.000,0.000,0.0,0.000,0.000,0.0,0.000,0.000,0.0
60.6874,28176,312931,0.000,0.000,0.0,0.000,0.000,0.0,0.000,0.000,0.0
60.6874,28177,312936,0.000,0.000,0.0,0.000,0.000,0.0,0.000,0.000,0.0
60.6874,28178,312941,0.000,0.000,0.0,0.000,0.000,0.0,0.000,0.000,0.0
60.6874,28179,312946,0.000,0.000,0.0,0.000,0.000,0.0,0.000,0.000,0.0
60.6874,28180,312951,0.000,0.000,0.0,0.000,0.000,0.0,0.000,0.000,0.0
60.6874,28181,312956,0.000,0.000,0.0,0.000,0.000,0.0,0.000,0.000,0.0
60.6874,28182,312961,0.000,0.000,0.0,0.000,0.000,0.0,0.000,0.000,0.0
60.6874,28183,312966,0.000,0.000,0.0,0.000,0.000,0.0,0.000,0.000,0.0
60.6874,28184,312971,0.000,0.000,0.0,0.000,0.000,0.0,0.000,0.000,0.0
60.6874,28185,312976,0.000,0.000,0.0,0.000,0.000,0.0,0.000,0.000,0.0
60.6874,28186,312981,0.000,0.000,0.0,0.000,0.000,0.0,0.000,0.000,0.0
60.6874,28187,312986,0.000,0.000,0.0,0.000,0.000,0.0,0.000,0.000,0.0
60.6874,28188,312991,0.000,0.000,0.0,0.000,0.000,0.0,0.000,0.000,0.0
60.7874,28189,312996,0.000,0.000,0.0,0.000,0.000,0.0,0.000,0.000,0.0
60.7874,28190,313001,0.000,0.000,0.0,0.000,0.000,0.0,0.000,0.000,0.0
60.7874,28191,313006,0.000,0.000,0.0,0.000,0.000,0.0,0.000,0.000,0.0
60.7874,28192,313011,0.000,0.000,0.0,0.000,0.000,0.0,0.000,0.000,0.0
60.7874,28193,313016,0.000,0.000,0.0,0.000,0.000,0.0,0.000,0.000,0.0
60.7874,28194,313021,0.000,0.000,0.0,0.000,0.000,0.0,0.000,0.000,0.0
60.7874,28195,313026,0.000,0.000,0.0,0.000,0.000,0.0,0.000,0.000,0.0
60.7874,28196,313031,0.000,0.000,0.0,0.000,0.000,0.0,0.000,0.000,0.0
60.7874,28197,313036,0.000,0.000,0.0,0.000,0.000,0.0,0.000,0.000,0.0
60.7874,28198,313041,0.000,0.000,0.0,0.000,0.000,0.0,0.000,0.000,0.0
60.7874,28199,313046,0.000,0.000,0.0,0.000,0.000,0.0,0.000,0.000,0.0
60.7874,28200,313051,0.000,0.000,0.0,0.000,0.000,0.0,0.000,0.000,0.0
60.7874,28201,313056,0.000,0.000,0.0,0.000,0.000,0.0,0.000,0.000,0.0
60.7874,28202,313061,0.000,0.000,0.0,0.000,0.000,0.0,0.000,0.000,0.0
60.7874,28203,313066,0.000,0.000,0.0,0.000,0.000,0.0,0.000,0.000,0.0
60.7874,28204,313071,0.000,0.000,0.0,0.000,0.000,0.0,0.000,0.000,0.0
60.8475,28205,313076,0.000,0.000,0.0,0.000,0.000,0.0,0.000,0.000,0.0
60.8475,28206,313081,0.000,0.000,0.0,0.000,0.000,0.0,0.000,0.000,0.0
60.8475,28207,313086,0.000,0.000,0.0,0.000,0.000,0.0,0.000,0.000,0.0
60.8475,28208,313091,0.000,0.000,0.0,0.000,0.000,0.0,0.000,0.000,0.0
60.8475,28209,313096,0.000,0.000,0.0,0.000,0.000,0.0,0.000,0.000,0.0
60.8475,28210,313101,0.000,0.000,0.0,0.000,0.000,0.0,0.000,0.000,0.0
60.8475,28211,313106,0.000,0.000,0.0,0.000,0.000,0.0,0.000,0.000,0.0
60.8475,28212,313111,0.000,0.000,0.0,0.000,0.000,0.0,0.000,0.000,0.0
60.8475,28213,313116,0.000,0.000,0.0,0.000,0.000,0.0,0.000,0.000,0.0
60.8475,28214,313121,0.000,0.000,0.0,0.000,0.000,0.0,0.000,0.000,0.0
60.8475,28215,313126,0.000,0.000,0.0,0.000,0.000,0.0,0.000,0.000,0.0
60.8475,28216,313131,0.000,0.000,0.0,0.000,0.000,0.0,0.000,0.000,0.0
60.8475,28217,313136,0.000,0.000,0.0,0.000,0.000,0.0,0.000,0.000,0.0
60.8475,28218,313141,0.000,0.000,0.0,0.000,0.000,0.0,0.000,0.000,0.0
60.8475,28219,313146,0.000,0.000,0.0,0.000,0.000,0.0,0.000,0.000,0.0
60.8475,28220,313151,0.000,0.000,0.0,0.000,0.000,0.0,0.000,0.000,0.0
60.9666,28221,313156,0.000,0.000,0.0,0.000,0.000,0.0,0.000,0.000,0.0
60.9666,28222,313161,0.000,0.000,0.0,0.000,0.000,0.0,0.000,0.000,0.0
60.9666,28223,313166,0.000,0.000,0.0,0.000,0.000,0.0,0.000,0.000,0.0
60.9666,28224,313171,0.000,0.000,0.0,0.000,0.000,0.0,0.000,0.000,0.0
60.9666,28225,313176,0.000,0.000,0.0,0.000,0.000,0.0,0.000,0.000,0.0
60.9666,28226,313181,0.000,0.000,0.0,0.000,0.000,0.0,0.000,0.000,0.0
60.9666,28227,313186,0.000,0.000,0.0,0.000,0.000,0.0,0.000,0.000,0.0
60.9666,28228,313191,0.000,0.000,0.0,0.000,0.000,0.0,0.000,0.000,0.0
60.9666,28229,313196,0.000,0.000,0.0,0.000,0.000,0.0,0.000,0.000,0.0
60.9666,28230,313201,0.000,0.000,0.0,0.000,0.000,0.0,0.000,0.000,0.0
60.9666,28231,313206,0.000,0.000,0.0,0.000,0.000,0.0,0.000,0.000,0.0
60.9666,28232,313211,0.000,0.000,0.0,0.000,0.000,0.0,0.000,0.000,0.0
60.9666,28233,313216,0.000,0.000,0.0,0.000,0.000,0.0,0.000,0.000,0.0
60.9666,28234,313221,0.000,0.000,0.0,0.000,0.000,0.0,0.000,0.000,0.0
60.9666,28235,313226,0.000,0.000,0.0,0.000,0.000,0.0,0.000,0.000,0.0
60.9666,28236,313231,0.000,0.000,0.0,0.000,0.000,0.0,0.000,0.000,0.0
61.0541,28237,313236,0.000,0.000,0.0,0.000,0.000,0.0,0.000,0.000,0.0
61.0541,28238,313241,0.000,0.000,0.0,0.000,0.000,0.0,0.000,0.000,0.0
61.0541,28239,313246,0.000,0.000,0.0,0.000,0.000,0.0,0.000,0.000,0.0
61.0541,28240,313251,0.000,0.000,0.0,0.000,0.000,0.0,0.000,0.000,0.0
61.0541,28241,313256,0.000,0.000,0.0,0.000,0.000,0.0,0.000,0.000,0.0
61.0541,28242,313261,0.000,0.000,0.0,0.000,0.000,0.0,0.000,0.000,0.0
61.0541,28243,313266,0.000,0.000,0.0,0.000,0.000,0.0,0.000,0.000,0.0
61.0541,28244,313271,0.000,0.000,0.0,0.000,0.000,0.0,0.000,0.000,0.0
61.0541,28245,313276,0.000,0.000,0.0,0.000,0.000,0.0,0.000,0.000,0.0
61.0541,28246,313281,0.000,0.000,0.0,0.000,0.000,0.0,0.000,0.000,0.0
61.0541,28247,313286,0.000,0.000,0.0,0.000,0.000,0.0,0.000,0.000,0.0
61.0541,28248,313291,0.000,0.000,0.0,0.000,0.000,0.0,0.000,0.000,0.0
61.0541,28249,313296,0.000,0.000,0.0,0.000,0.000,0.0,0.000,0.000,0.0
61.0541,28250,313301,0.000,0.000,0.0,0.000,0.000,0.0,0.000,0.000,0.0
61.0541,28251,313306,0.000,0.000,0.0,0.000,0.000,0.0,0.000,0.000,0.0
61.0541,28252,313311,0.000,0.000,0.0,0.000,0.000,0.0,0.000,0.000,0.0
61.0541,28253,313316,0.000,0.000,0.0,0.000,0.000,0.0,0.000,0.000,0.0
61.0541,28254,313321,0.000,0.000,0.0,0.000,0.000,0.0,0.000,0.000,0.0
61.0541,28255,313326,0.000,0.000,0.0,0.000,0.000,0.0,0.000,0.000,0.0
61.0541,28256,313331,0.000,0.000,0.0,0.000,0.000,0.0,0.000,0.000,0.0
61.0541,28257,313336,0.000,0.000,0.0,0.000,0.000,0.0,0.000,0.000,0.0
61.0541,28258,313341,0.000,0.000,0.0,0.000,0.000,0.0,0.000,0.000,0.0
61.0541,28259,313346,0.000,0.000,0.0,0.000,0.000,0.0,0.000,0.000,0.0
61.0541,28260,313351,0.000,0.000,0.0,0.000,0.000,0.0,0.000,0.000,0.0
61.1502,28261,313356,0.000,0.000,0.0,0.000,0.000,0.0,0.000,0.000,0.0
61.1502,28262,313361,0.000,0.000,0.0,0.000,0.000,0.0,0.000,0.000,0.0
61.1502,28263,313366,0.000,0.000,0.0,0.000,0.000,0.0,0.000,0.000,0.0
61.1502,28264,313371,0.000,0.000,0.0,0.000,0.000,0.0,0.000,0.000,0.0
61.1502,28265,313376,0.000,0.000,0.0,0.000,0.000,0.0,0.000,0.000,0.0
61.1502,28266,313381,0.000,0.000,0.0,0.000,0.000,0.0,0.000,0.000,0.0
61.1502,28267,313386,0.000,0.000,0.0,0.000,0.000,0.0,0.000,0.000,0.0
61.1502,28268,313391,0.000,0.000,0.0,0.000,0.000,0.0,0.000,0.000,0.0
61.1502,28269,313396,0.000,0.000,0.0,0.000,0.000,0.0,0.000,0.000,0.0
61.1502,28270,313401,0.000,0.000,0.0,0.000,0.000,0.0,0.000,0.000,0.0
61.1502,28271,313406,0.000,0.000,0.0,0.000,0.000,0.0,0.000,0.000,0.0
61.1502,28272,313411,0.000,0.000,0.0,0.000,0.000,0.0,0.000,0.000,0.0
61.1502,28273,313416,0.000,0.000,0.0,0.000,0.000,0.0,0.000,0.000,0.0
61.1502,28274,313421,0.000,0.000,0.0,0.000,0.000,0.0,0.000,0.000,0.0
61.1502,28275,313426,0.000,0.000,0.0,0.000,0.000,0.0,0.000,0.000,0.0
61.1502,28276,313431,0.000,0.000,0.0,0.000,0.000,0.0,0.000,0.000,0.0
61.2804,28277,313436,0.000,0.000,0.0,0.000,0.000,0.0,0.000,0.000,0.0
61.2804,28278,313441,0.000,0.000,0.0,0.000,0.000,0.0,0.000,0.000,0.0
61.2804,28279,313446,0.000,0.000,0.0,0.000,0.000,0.0,0.000,0.000,0.0
61.2804,28280,313451,0.000,0.000,0.0,0.000,0.000,0.0,0.000,0.000,0.0
61.2804,28281,313456,0.000,0.000,0.0,0.000,0.000,0.0,0.000,0.000,0.0
61.2804,28282,313461,0.000,0.000,0.0,0.000,0.000,0.0,0.000,0.000,0.0
61.2804,28283,313466,0.000,0.000,0.0,0.000,0.000,0.0,0.000,0.000,0.0
61.2804,28284,313471,0.000,0.000,0.0,0.000,0.000,0.0,0.000,0.000,0.0
61.2804,28285,313476,0.000,0.000,0.0,0.000,0.000,0.0,0.000,0.000,0.0
61.2804,28286,313481,0.000,0.000,0.0,0.000,0.000,0.0,0.000,0.000,0.0
61.2804,28287,313486,0.000,0.000,0.0,0.000,0.000,0.0,0.000,0.000,0.0
61.2804,28288,313491,0.000,0.000,0.0,0.000,0.000,0.0,0.000,0.000,0.0
61.2804,28289,313496,0.000,0.000,0.0,0.000,0.000,0.0,0.000,0.000,0.0
61.2804,28290,313501,0.000,0.000,0.0,0.000,0.000,0.0,0.000,0.000,0.0
61.2804,28291,313506,0.000,0.000,0.0,0.000,0.000,0.0,0.000,0.000,0.0
61.2804,28292,313511,0.000,0.000,0.0,0.000,0.000,0.0,0.000,0.000,0.0
61.2804,28293,313516,0.000,0.000,0.0,0.000,0.000,0.0,0.000,0.000,0.0
61.2804,28294,313521,0.000,0.000,0.0,0.000,0.000,0.0,0.000,0.000,0.0
61.2804,28295,313526,0.000,0.000,0.0,0.000,0.000,0.0,0.000,0.000,0.0
61.2804,28296,313531,0.000,0.000,0.0,0.000,0.000,0.0,0.000,0.000,0.0
61.2804,28297,313536,0.000,0.000,0.0,0.000,0.000,0.0,0.000,0.000,0.0
61.2804,28298,313541,0.000,0.000,0.0,0.000,0.000,0.0,0.000,0.000,0.0
61.2804,28299,313546,0.000,0.000,0.0,0.000,0.000,0.0,0.000,0.000,0.0
61.2804,28300,313551,0.000,0.000,0.0,0.000,0.000,0.0,0.000,0.000,0.0
61.3338,28301,313556,0.000,0.000,0.0,0.000,0.000,0.0,0.000,0.000,0.0
61.3338,28302,313561,0.000,0.000,0.0,0.000,0.000,0.0,0.000,0.000,0.0
61.3338,28303,313566,0.000,0.000,0.0,0.000,0.000,0.0,0.000,0.000,0.0
61.3338,28304,313571,0.000,0.000,0.0,0.000,0.000,0.0,0.000,0.000,0.0
61.3338,28305,313576,0.000,0.000,0.0,0.000,0.000,0.0,0.000,0.000,0.0
61.3338,28306,313581,0.000,0.000,0.0,0.000,0.000,0.0,0.000,0.000,0.0
61.3338,28307,313586,0.000,0.000,0.0,0.000,0.000,0.0,0.000,0.000,0.0
61.3338,28308,313591,0.000,0.000,0.0,0.000,0.000,0.0,0.000,0.000,0.0
61.3338,28309,313596,0.000,0.000,0.0,0.000,0.000,0.0,0.000,0.000,0.0
61.3338,28310,313601,0.000,0.000,0.0,0.000,0.000,0.0,0.000,0.000,0.0
61.3338,28311,313606,0.000,0.000,0.0,0.000,0.000,0.0,0.000,0.000,0.0
61.3338,28312,313611,0.000,0.000,0.0,0.000,0.000,0.0,0.000,0.000,0.0
61.3338,28313,313616,0.000,0.000,0.0,0.000,0.000,0.0,0.000,0.000,0.0
61.3338,28314,313621,0.000,0.000,0.0,0.000,0.000,0.0,0.000,0.000,0.0
61.3338,28315,313626,0.000,0.000,0.0,0.000,0.000,0.0,0.000,0.000,0.0
61.3338,28316,313631,0.000,0.000,0.0,0.000,0.000,0.0,0.000,0.000,0.0
61.4211,28317,313636,0.000,0.000,0.0,0.000,0.000,0.0,0.000,0.000,0.0
61.4211,28318,313641,0.000,0.000,0.0,0.000,0.000,0.0,0.000,0.000,0.0
61.4211,28319,313646,0.000,0.000,0.0,0.000,0.000,0.0,0.000,0.000,0.0
61.4211,28320,313651,0.000,0.000,0.0,0.000,0.000,0.0,0.000,0.000,0.0
61.4211,28321,313656,0.000,0.000,0.0,0.000,0.000,0.0,0.000,0.000,0.0
61.4211,28322,313661,0.000,0.000,0.0,0.000,0.000,0.0,0.000,0.000,0.0
61.4211,28323,313666,0.000,0.000,0.0,0.000,0.000,0.0,0.000,0.000,0.0
61.4211,28324,313671,0.000,0.000,0.0,0.000,0.000,0.0,0.000,0.000,0.0
61.4211,28325,313676,0.000,0.000,0.0,0.000,0.000,0.0,0.000,0.000,0.0
61.4211,28326,313681,0.000,0.000,0.0,0.000,0.000,0.0,0.000,0.000,0.0
61.4211,28327,313686,0.000,0.000,0.0,0.000,0.000,0.0,0.000,0.000,0.0
61.4211,28328,313691,0.000,0.000,0.0,0.000,0.000,0.0,0.000,0.000,0.0
61.4211,28329,313696,0.000,0.000,0.0,0.000,0.000,0.0,0.000,0.000,0.0
61.4211,28330,313701,0.000,0.000,0.0,0.000,0.000,0.0,0.000,0.000,0.0
61.4211,28331,313706,0.000,0.000,0.0,0.000,0.000,0.0,0.000,0.000,0.0
61.4211,28332,313711,0.000,0.000,0.0,0.000,0.000,0.0,0.000,0.000,0.0
61.4767,28333,313716,0.000,0.000,0.0,0.000,0.000,0.0,0.000,0.000,0.0
61.4767,28334,313721,0.000,0.000,0.0,0.000,0.000,0.0,0.000,0.000,0.0
61.4767,28335,313726,0.000,0.000,0.0,0.000,0.000,0.0,0.000,0.000,0.0
61.4767,28336,313731,0.000,0.000,0.0,0.000,0.000,0.0,0.000,0.000,0.0
61.4767,28337,313736,0.000,0.000,0.0,0.000,0.000,0.0,0.000,0.000,0.0
61.4767,28338,313741,0.000,0.000,0.0,0.000,0.000,0.0,0.000,0.000,0.0
61.4767,28339,313746,0.000,0.000,0.0,0.000,0.000,0.0,0.000,0.000,0.0
61.4767,28340,313751,0.000,0.000,0.0,0.000,0.000,0.0,0.000,0.000,0.0
61.4767,28341,313756,0.000,0.000,0.0,0.000,0.000,0.0,0.000,0.000,0.0
61.4767,28342,313761,0.000,0.000,0.0,0.000,0.000,0.0,0.000,0.000,0.0
61.4767,28343,313766,0.000,0.000,0.0,0.000,0.000,0.0,0.000,0.000,0.0
61.4767,28344,313771,0.000,0.000,0.0,0.000,0.000,0.0,0.000,0.000,0.0
61.4767,28345,313776,0.000,0.000,0.0,0.000,0.000,0.0,0.000,0.000,0.0
61.4767,28346,313781,0.000,0.000,0.0,0.000,0.000,0.0,0.000,0.000,0.0
61.4767,28347,313786,0.000,0.000,0.0,0.000,0.000,0.0,0.000,0.000,0.0
61.4767,28348,313791,0.000,0.000,0.0,0.000,0.000,0.0,0.000,0.000,0.0
61.5367,28349,313796,0.000,0.000,0.0,0.000,0.000,0.0,0.000,0.000,0.0
61.5367,28350,313801,0.000,0.000,0.0,0.000,0.000,0.0,0.000,0.000,0.0
61.5367,28351,313806,0.000,0.000,0.0,0.000,0.000,0.0,0.000,0.000,0.0
61.5367,28352,313811,0.000,0.000,0.0,0.000,0.000,0.0,0.000,0.000,0.0
61.5367,28353,313816,0.000,0.000,0.0,0.000,0.000,0.0,0.000,0.000,0.0
61.5367,28354,313821,0.000,0.000,0.0,0.000,0.000,0.0,0.000,0.000,0.0
61.5367,28355,313826,0.000,0.000,0.0,0.000,0.000,0.0,0.000,0.000,0.0
61.5367,28356,313831,0.000,0.000,0.0,0.000,0.000,0.0,0.000,0.000,0.0
61.6053,28357,313836,0.000,0.000,0.0,0.000,0.000,0.0,0.000,0.000,0.0
61.6053,28358,313841,0.000,0.000,0.0,0.000,0.000,0.0,0.000,0.000,0.0
61.6053,28359,313846,0.000,0.000,0.0,0.000,0.000,0.0,0.000,0.000,0.0
61.6053,28360,313851,0.000,0.000,0.0,0.000,0.000,0.0,0.000,0.000,0.0
61.6053,28361,313856,0.000,0.000,0.0,0.000,0.000,0.0,0.000,0.000,0.0
61.6053,28362,313861,0.000,0.000,0.0,0.000,0.000,0.0,0.000,0.000,0.0
61.6053,28363,313866,0.000,0.000,0.0,0.000,0.000,0.0,0.000,0.000,0.0
61.6053,28364,313871,0.000,0.000,0.0,0.000,0.000,0.0,0.000,0.000,0.0
61.6053,28365,313876,0.000,0.000,0.0,0.000,0.000,0.0,0.000,0.000,0.0
61.6053,28366,313881,0.000,0.000,0.0,0.000,0.000,0.0,0.000,0.000,0.0
61.6053,28367,313886,0.000,0.000,0.0,0.000,0.000,0.0,0.000,0.000,0.0
61.6053,28368,313891,0.000,0.000,0.0,0.000,0.000,0.0,0.000,0.000,0.0
61.6053,28369,313896,0.000,0.000,0.0,0.000,0.000,0.0,0.000,0.000,0.0
61.6053,28370,313901,0.000,0.000,0.0,0.000,0.000,0.0,0.000,0.000,0.0
61.6053,28371,313906,0.000,0.000,0.0,0.000,0.000,0.0,0.000,0.000,0.0
61.6053,28372,313911,0.000,0.000,0.0,0.000,0.000,0.0,0.000,0.000,0.0
61.6663,28373,313916,0.000,0.000,0.0,0.000,0.000,0.0,0.000,0.000,0.0
61.6663,28374,313921,0.000,0.000,0.0,0.000,0.000,0.0,0.000,0.000,0.0
61.6663,28375,313926,0.000,0.000,0.0,0.000,0.000,0.0,0.000,0.000,0.0
61.6663,28376,313931,0.000,0.000,0.0,0.000,0.000,0.0,0.000,0.000,0.0
61.6663,28377,313936,0.000,0.000,0.0,0.000,0.000,0.0,0.000,0.000,0.0
61.6663,28378,313941,0.000,0.000,0.0,0.000,0.000,0.0,0.000,0.000,0.0
61.6663,28379,313946,0.000,0.000,0.0,0.000,0.000,0.0,0.000,0.000,0.0
61.6663,28380,313951,0.000,0.000,0.0,0.000,0.000,0.0,0.000,0.000,0.0
61.6663,28381,313956,0.000,0.000,0.0,0.000,0.000,0.0,0.000,0.000,0.0
61.6663,28382,313961,0.000,0.000,0.0,0.000,0.000,0.0,0.000,0.000,0.0
61.6663,28383,313966,0.000,0.000,0.0,0.000,0.000,0.0,0.000,0.000,0.0
61.6663,28384,313971,0.000,0.000,0.0,0.000,0.000,0.0,0.000,0.000,0.0
61.6663,28385,313976,0.000,0.000,0.0,0.000,0.000,0.0,0.000,0.000,0.0
61.6663,28386,313981,0.000,0.000,0.0,0.000,0.000,0.0,0.000,0.000,0.0
61.6663,28387,313986,0.000,0.000,0.0,0.000,0.000,0.0,0.000,0.000,0.0
61.6663,28388,313991,0.000,0.000,0.0,0.000,0.000,0.0,0.000,0.000,0.0
61.7888,28389,313996,0.000,0.000,0.0,0.000,0.000,0.0,0.000,0.000,0.0
61.7888,28390,314001,0.000,0.000,0.0,0.000,0.000,0.0,0.000,0.000,0.0
61.7888,28391,314006,0.000,0.000,0.0,0.000,0.000,0.0,0.000,0.000,0.0
61.7888,28392,314011,0.000,0.000,0.0,0.000,0.000,0.0,0.000,0.000,0.0
61.7888,28393,314016,0.000,0.000,0.0,0.000,0.000,0.0,0.000,0.000,0.0
61.7888,28394,314021,0.000,0.000,0.0,0.000,0.000,0.0,0.000,0.000,0.0
61.7888,28395,314026,0.000,0.000,0.0,0.000,0.000,0.0,0.000,0.000,0.0
61.7888,28396,314031,0.000,0.000,0.0,0.000,0.000,0.0,0.000,0.000,0.0
61.7888,28397,314036,0.000,0.000,0.0,0.000,0.000,0.0,0.000,0.000,0.0
61.7888,28398,314041,0.000,0.000,0.0,0.000,0.000,0.0,0.000,0.000,0.0
61.7888,28399,314046,0.000,0.000,0.0,0.000,0.000,0.0,0.000,0.000,0.0
61.7888,28400,314051,0.000,0.000,0.0,0.000,0.000,0.0,0.000,0.000,0.0
61.7888,28401,314056,0.000,0.000,0.0,0.000,0.000,0.0,0.000,0.000,0.0
61.7888,28402,314061,0.000,0.000,0.0,0.000,0.000,0.0,0.000,0.000,0.0
61.7888,28403,314066,0.000,0.000,0.0,0.000,0.000,0.0,0.000,0.000,0.0
61.7888,28404,314071,0.000,0.000,0.0,0.000,0.000,0.0,0.000,0.000,0.0
61.9358,28405,314076,0.000,0.000,0.0,0.000,0.000,0.0,0.000,0.000,0.0
61.9358,28406,314081,0.000,0.000,0.0,0.000,0.000,0.0,0.000,0.000,0.0
61.9358,28407,314086,0.000,0.000,0.0,0.000,0.000,0.0,0.000,0.000,0.0
61.9358,28408,314091,0.000,0.000,0.0,0.000,0.000,0.0,0.000,0.000,0.0
61.9358,28409,314096,0.000,0.000,0.0,0.000,0.000,0.0,0.000,0.000,0.0
61.9358,28410,314101,0.000,0.000,0.0,0.000,0.000,0.0,0.000,0.000,0.0
61.9358,28411,314106,0.000,0.000,0.0,0.000,0.000,0.0,0.000,0.000,0.0
61.9358,28412,314111,0.000,0.000,0.0,0.000,0.000,0.0,0.000,0.000,0.0
61.9368,28413,314116,0.000,0.000,0.0,0.000,0.000,0.0,0.000,0.000,0.0
61.9368,28414,314121,0.000,0.000,0.0,0.000,0.000,0.0,0.000,0.000,0.0
61.9368,28415,314126,0.000,0.000,0.0,0.000,0.000,0.0,0.000,0.000,0.0
61.9368,28416,314131,0.000,0.000,0.0,0.000,0.000,0.0,0.000,0.000,0.0
61.9368,28417,314136,0.000,0.000,0.0,0.000,0.000,0.0,0.000,0.000,0.0
61.9368,28418,314141,0.000,0.000,0.0,0.000,0.000,0.0,0.000,0.000,0.0
61.9368,28419,314146,0.000,0.000,0.0,0.000,0.000,0.0,0.000,0.000,0.0
61.9368,28420,314151,0.000,0.000,0.0,0.000,0.000,0.0,0.000,0.000,0.0
61.9368,28421,314156,0.000,0.000,0.0,0.000,0.000,0.0,0.000,0.000,0.0
61.9368,28422,314161,0.000,0.000,0.0,0.000,0.000,0.0,0.000,0.000,0.0
61.9368,28423,314166,0.000,0.000,0.0,0.000,0.000,0.0,0.000,0.000,0.0
61.9368,28424,314171,0.000,0.000,0.0,0.000,0.000,0.0,0.000,0.000,0.0
61.9368,28425,314176,0.000,0.000,0.0,0.000,0.000,0.0,0.000,0.000,0.0
61.9368,28426,314181,0.000,0.000,0.0,0.000,0.000,0.0,0.000,0.000,0.0
61.9368,28427,314186,0.000,0.000,0.0,0.000,0.000,0.0,0.000,0.000,0.0
61.9368,28428,314191,0.000,0.000,0.0,0.000,0.000,0.0,0.000,0.000,0.0
61.9936,28429,314196,0.000,0.000,0.0,0.000,0.000,0.0,0.000,0.000,0.0
61.9936,28430,314201,0.000,0.000,0.0,0.000,0.000,0.0,0.000,0.000,0.0
61.9936,28431,314206,0.000,0.000,0.0,0.000,0.000,0.0,0.000,0.000,0.0
61.9936,28432,314211,0.000,0.000,0.0,0.000,0.000,0.0,0.000,0.000,0.0
61.9936,28433,314216,0.000,0.000,0.0,0.000,0.000,0.0,0.000,0.000,0.0
61.9936,28434,314221,0.000,0.000,0.0,0.000,0.000,0.0,0.000,0.000,0.0
61.9936,28435,314226,0.000,0.000,0.0,0.000,0.000,0.0,0.000,0.000,0.0
61.9936,28436,314231,0.000,0.000,0.0,0.000,0.000,0.0,0.000,0.000,0.0
61.9936,28437,314236,0.000,0.000,0.0,0.000,0.000,0.0,0.000,0.000,0.0
61.9936,28438,314241,0.000,0.000,0.0,0.000,0.000,0.0,0.000,0.000,0.0
61.9936,28439,314246,0.000,0.000,0.0,0.000,0.000,0.0,0.000,0.000,0.0
61.9936,28440,314251,0.000,0.000,0.0,0.000,0.000,0.0,0.000,0.000,0.0
61.9936,28441,314256,0.000,0.000,0.0,0.000,0.000,0.0,0.000,0.000,0.0
61.9936,28442,314261,0.000,0.000,0.0,0.000,0.000,0.0,0.000,0.000,0.0
61.9936,28443,314266,0.000,0.000,0.0,0.000,0.000,0.0,0.000,0.000,0.0
61.9936,28444,314271,0.000,0.000,0.0,0.000,0.000,0.0,0.000,0.000,0.0
61.9944,28445,314276,0.000,0.000,0.0,0.000,0.000,0.0,0.000,0.000,0.0
61.9944,28446,314281,0.000,0.000,0.0,0.000,0.000,0.0,0.000,0.000,0.0
61.9944,28447,314286,0.000,0.000,0.0,0.000,0.000,0.0,0.000,0.000,0.0
61.9944,28448,314291,0.000,0.000,0.0,0.000,0.000,0.0,0.000,0.000,0.0
61.9944,28449,314296,0.000,0.000,0.0,0.000,0.000,0.0,0.000,0.000,0.0
61.9944,28450,314301,0.000,0.000,0.0,0.000,0.000,0.0,0.000,0.000,0.0
61.9944,28451,314306,0.000,0.000,0.0,0.000,0.000,0.0,0.000,0.000,0.0
61.9944,28452,314311,0.000,0.000,0.0,0.000,0.000,0.0,0.000,0.000,0.0
62.1201,28453,314316,0.000,0.000,0.0,0.000,0.000,0.0,0.000,0.000,0.0
62.1201,28454,314321,0.000,0.000,0.0,0.000,0.000,0.0,0.000,0.000,0.0
62.1201,28455,314326,0.000,0.000,0.0,0.000,0.000,0.0,0.000,0.000,0.0
62.1201,28456,314331,0.000,0.000,0.0,0.000,0.000,0.0,0.000,0.000,0.0
62.1201,28457,314336,0.000,0.000,0.0,0.000,0.000,0.0,0.000,0.000,0.0
62.1201,28458,314341,0.000,0.000,0.0,0.000,0.000,0.0,0.000,0.000,0.0
62.1201,28459,314346,0.000,0.000,0.0,0.000,0.000,0.0,0.000,0.000,0.0
62.1201,28460,314351,0.000,0.000,0.0,0.000,0.000,0.0,0.000,0.000,0.0
62.1201,28461,314356,0.000,0.000,0.0,0.000,0.000,0.0,0.000,0.000,0.0
62.1201,28462,314361,0.000,0.000,0.0,0.000,0.000,0.0,0.000,0.000,0.0
62.1201,28463,314366,0.000,0.000,0.0,0.000,0.000,0.0,0.000,0.000,0.0
62.1201,28464,314371,0.000,0.000,0.0,0.000,0.000,0.0,0.000,0.000,0.0
62.1201,28465,314376,0.000,0.000,0.0,0.000,0.000,0.0,0.000,0.000,0.0
62.1201,28466,314381,0.000,0.000,0.0,0.000,0.000,0.0,0.000,0.000,0.0
62.1201,28467,314386,0.000,0.000,0.0,0.000,0.000,0.0,0.000,0.000,0.0
62.1201,28468,314391,0.000,0.000,0.0,0.000,0.000,0.0,0.000,0.000,0.0
62.2284,28469,314396,0.000,0.000,0.0,0.000,0.000,0.0,0.000,0.000,0.0
62.2284,28470,314401,0.000,0.000,0.0,0.000,0.000,0.0,0.000,0.000,0.0
62.2284,28471,314406,0.000,0.000,0.0,0.000,0.000,0.0,0.000,0.000,0.0
62.2284,28472,314411,0.000,0.000,0.0,0.000,0.000,0.0,0.000,0.000,0.0
62.2284,28473,314416,0.000,0.000,0.0,0.000,0.000,0.0,0.000,0.000,0.0
62.2284,28474,314421,0.000,0.000,0.0,0.000,0.000,0.0,0.000,0.000,0.0
62.2284,28475,314426,0.000,0.000,0.0,0.000,0.000,0.0,0.000,0.000,0.0
62.2284,28476,314431,0.000,0.000,0.0,0.000,0.000,0.0,0.000,0.000,0.0
62.2284,28477,314436,0.000,0.000,0.0,0.000,0.000,0.0,0.000,0.000,0.0
62.2284,28478,314441,0.000,0.000,0.0,0.000,0.000,0.0,0.000,0.000,0.0
62.2284,28479,314446,0.000,0.000,0.0,0.000,0.000,0.0,0.000,0.000,0.0
62.2284,28480,314451,0.000,0.000,0.0,0.000,0.000,0.0,0.000,0.000,0.0
62.2284,28481,314456,0.000,0.000,0.0,0.000,0.000,0.0,0.000,0.000,0.0
62.2284,28482,314461,0.000,0.000,0.0,0.000,0.000,0.0,0.000,0.000,0.0
62.2284,28483,314466,0.000,0.000,0.0,0.000,0.000,0.0,0.000,0.000,0.0
62.2284,28484,314471,0.000,0.000,0.0,0.000,0.000,0.0,0.000,0.000,0.0
62.2284,28485,314476,0.000,0.000,0.0,0.000,0.000,0.0,0.000,0.000,0.0
62.2284,28486,314481,0.000,0.000,0.0,0.000,0.000,0.0,0.000,0.000,0.0
62.2284,28487,314486,0.000,0.000,0.0,0.000,0.000,0.0,0.000,0.000,0.0
62.2284,28488,314491,0.000,0.000,0.0,0.000,0.000,0.0,0.000,0.000,0.0
62.2284,28489,314496,0.000,0.000,0.0,0.000,0.000,0.0,0.000,0.000,0.0
62.2284,28490,314501,0.000,0.000,0.0,0.000,0.000,0.0,0.000,0.000,0.0
62.2284,28491,314506,0.000,0.000,0.0,0.000,0.000,0.0,0.000,0.000,0.0
62.2284,28492,314511,0.000,0.000,0.0,0.000,0.000,0.0,0.000,0.000,0.0
62.3038,28493,314516,0.000,0.000,0.0,0.000,0.000,0.0,0.000,0.000,0.0
62.3038,28494,314521,0.000,0.000,0.0,0.000,0.000,0.0,0.000,0.000,0.0
62.3038,28495,314526,0.000,0.000,0.0,0.000,0.000,0.0,0.000,0.000,0.0
62.3038,28496,314531,0.000,0.000,0.0,0.000,0.000,0.0,0.000,0.000,0.0
62.3038,28497,314536,0.000,0.000,0.0,0.000,0.000,0.0,0.000,0.000,0.0
62.3038,28498,314541,0.000,0.000,0.0,0.000,0.000,0.0,0.000,0.000,0.0
62.3038,28499,314546,0.000,0.000,0.0,0.000,0.000,0.0,0.000,0.000,0.0
62.3038,28500,314551,0.000,0.000,0.0,0.000,0.000,0.0,0.000,0.000,0.0
62.3038,28501,314556,0.000,0.000,0.0,0.000,0.000,0.0,0.000,0.000,0.0
62.3038,28502,314561,0.000,0.000,0.0,0.000,0.000,0.0,0.000,0.000,0.0
62.3038,28503,314566,0.000,0.000,0.0,0.000,0.000,0.0,0.000,0.000,0.0
62.3038,28504,314571,0.000,0.000,0.0,0.000,0.000,0.0,0.000,0.000,0.0
62.3038,28505,314576,0.000,0.000,0.0,0.000,0.000,0.0,0.000,0.000,0.0
62.3038,28506,314581,0.000,0.000,0.0,0.000,0.000,0.0,0.000,0.000,0.0
62.3038,28507,314586,0.000,0.000,0.0,0.000,0.000,0.0,0.000,0.000,0.0
62.3038,28508,314591,0.000,0.000,0.0,0.000,0.000,0.0,0.000,0.000,0.0
62.3695,28509,314596,0.000,0.000,0.0,0.000,0.000,0.0,0.000,0.000,0.0
62.3695,28510,314601,0.000,0.000,0.0,0.000,0.000,0.0,0.000,0.000,0.0
62.3695,28511,314606,0.000,0.000,0.0,0.000,0.000,0.0,0.000,0.000,0.0
62.3695,28512,314611,0.000,0.000,0.0,0.000,0.000,0.0,0.000,0.000,0.0
62.3695,28513,314616,0.000,0.000,0.0,0.000,0.000,0.0,0.000,0.000,0.0
62.3695,28514,314621,0.000,0.000,0.0,0.000,0.000,0.0,0.000,0.000,0.0
62.3695,28515,314626,0.000,0.000,0.0,0.000,0.000,0.0,0.000,0.000,0.0
62.3695,28516,314631,0.000,0.000,0.0,0.000,0.000,0.0,0.000,0.000,0.0
62.3695,28517,314636,0.000,0.000,0.0,0.000,0.000,0.0,0.000,0.000,0.0
62.3695,28518,314641,0.000,0.000,0.0,0.000,0.000,0.0,0.000,0.000,0.0
62.3695,28519,314646,0.000,0.000,0.0,0.000,0.000,0.0,0.000,0.000,0.0
62.3695,28520,314651,0.000,0.000,0.0,0.000,0.000,0.0,0.000,0.000,0.0
62.3695,28521,314656,0.000,0.000,0.0,0.000,0.000,0.0,0.000,0.000,0.0
62.3695,28522,314661,0.000,0.000,0.0,0.000,0.000,0.0,0.000,0.000,0.0
62.3695,28523,314666,0.000,0.000,0.0,0.000,0.000,0.0,0.000,0.000,0.0
62.3695,28524,314671,0.000,0.000,0.0,0.000,0.000,0.0,0.000,0.000,0.0
62.4276,28525,314676,0.000,0.000,0.0,0.000,0.000,0.0,0.000,0.000,0.0
62.4276,28526,314681,0.000,0.000,0.0,0.000,0.000,0.0,0.000,0.000,0.0
62.4276,28527,314686,0.000,0.000,0.0,0.000,0.000,0.0,0.000,0.000,0.0
62.4276,28528,314691,0.000,0.000,0.0,0.000,0.000,0.0,0.000,0.000,0.0
62.4276,28529,314696,0.000,0.000,0.0,0.000,0.000,0.0,0.000,0.000,0.0
62.4276,28530,314701,0.000,0.000,0.0,0.000,0.000,0.0,0.000,0.000,0.0
62.4276,28531,314706,0.000,0.000,0.0,0.000,0.000,0.0,0.000,0.000,0.0
62.4276,28532,314711,0.000,0.000,0.0,0.000,0.000,0.0,0.000,0.000,0.0
62.4276,28533,314716,0.000,0.000,0.0,0.000,0.000,0.0,0.000,0.000,0.0
62.4276,28534,314721,0.000,0.000,0.0,0.000,0.000,0.0,0.000,0.000,0.0
62.4276,28535,314726,0.000,0.000,0.0,0.000,0.000,0.0,0.000,0.000,0.0
62.4276,28536,314731,0.000,0.000,0.0,0.000,0.000,0.0,0.000,0.000,0.0
62.4276,28537,314736,0.000,0.000,0.0,0.000,0.000,0.0,0.000,0.000,0.0
62.4276,28538,314741,0.000,0.000,0.0,0.000,0.000,0.0,0.000,0.000,0.0
62.4276,28539,314746,0.000,0.000,0.0,0.000,0.000,0.0,0.000,0.000,0.0
62.4276,28540,314751,0.000,0.000,0.0,0.000,0.000,0.0,0.000,0.000,0.0
62.5487,28541,314756,0.000,0.000,0.0,0.000,0.000,0.0,0.000,0.000,0.0
62.5487,28542,314761,0.000,0.000,0.0,0.000,0.000,0.0,0.000,0.000,0.0
62.5487,28543,314766,0.000,0.000,0.0,0.000,0.000,0.0,0.000,0.000,0.0
62.5487,28544,314771,0.000,0.000,0.0,0.000,0.000,0.0,0.000,0.000,0.0
62.5487,28545,314776,0.000,0.000,0.0,0.000,0.000,0.0,0.000,0.000,0.0
62.5487,28546,314781,0.000,0.000,0.0,0.000,0.000,0.0,0.000,0.000,0.0
62.5487,28547,314786,0.000,0.000,0.0,0.000,0.000,0.0,0.000,0.000,0.0
62.5487,28548,314791,0.000,0.000,0.0,0.000,0.000,0.0,0.000,0.000,0.0
62.5487,28549,314796,0.000,0.000,0.0,0.000,0.000,0.0,0.000,0.000,0.0
62.5487,28550,314801,0.000,0.000,0.0,0.000,0.000,0.0,0.000,0.000,0.0
62.5487,28551,314806,0.000,0.000,0.0,0.000,0.000,0.0,0.000,0.000,0.0
62.5487,28552,314811,0.000,0.000,0.0,0.000,0.000,0.0,0.000,0.000,0.0
62.5487,28553,314816,0.000,0.000,0.0,0.000,0.000,0.0,0.000,0.000,0.0
62.5487,28554,314821,0.000,0.000,0.0,0.000,0.000,0.0,0.000,0.000,0.0
62.5487,28555,314826,0.000,0.000,0.0,0.000,0.000,0.0,0.000,0.000,0.0
62.5487,28556,314831,0.000,0.000,0.0,0.000,0.000,0.0,0.000,0.000,0.0
62.6643,28557,314836,0.000,0.000,0.0,0.000,0.000,0.0,0.000,0.000,0.0
62.6643,28558,314841,0.000,0.000,0.0,0.000,0.000,0.0,0.000,0.000,0.0
62.6643,28559,314846,0.000,0.000,0.0,0.000,0.000,0.0,0.000,0.000,0.0
62.6643,28560,314851,0.000,0.000,0.0,0.000,0.000,0.0,0.000,0.000,0.0
62.6643,28561,314856,0.000,0.000,0.0,0.000,0.000,0.0,0.000,0.000,0.0
62.6643,28562,314861,0.000,0.000,0.0,0.000,0.000,0.0,0.000,0.000,0.0
62.6643,28563,314866,0.000,0.000,0.0,0.000,0.000,0.0,0.000,0.000,0.0
62.6643,28564,314871,0.000,0.000,0.0,0.000,0.000,0.0,0.000,0.000,0.0
62.6643,28565,314876,0.000,0.000,0.0,0.000,0.000,0.0,0.000,0.000,0.0
62.6643,28566,314881,0.000,0.000,0.0,0.000,0.000,0.0,0.000,0.000,0.0
62.6643,28567,314886,0.000,0.000,0.0,0.000,0.000,0.0,0.000,0.000,0.0
62.6643,28568,314891,0.000,0.000,0.0,0.000,0.000,0.0,0.000,0.000,0.0
62.6643,28569,314896,0.000,0.000,0.0,0.000,0.000,0.0,0.000,0.000,0.0
62.6643,28570,314901,0.000,0.000,0.0,0.000,0.000,0.0,0.000,0.000,0.0
62.6643,28571,314906,0.000,0.000,0.0,0.000,0.000,0.0,0.000,0.000,0.0
62.6643,28572,314911,0.000,0.000,0.0,0.000,0.000,0.0,0.000,0.000,0.0
62.6643,28573,314916,0.000,0.000,0.0,0.000,0.000,0.0,0.000,0.000,0.0
62.6643,28574,314921,0.000,0.000,0.0,0.000,0.000,0.0,0.000,0.000,0.0
62.6643,28575,314926,0.000,0.000,0.0,0.000,0.000,0.0,0.000,0.000,0.0
62.6643,28576,314931,0.000,0.000,0.0,0.000,0.000,0.0,0.000,0.000,0.0
62.6643,28577,314936,0.000,0.000,0.0,0.000,0.000,0.0,0.000,0.000,0.0
62.6643,28578,314941,0.000,0.000,0.0,0.000,0.000,0.0,0.000,0.000,0.0
62.6643,28579,314946,0.000,0.000,0.0,0.000,0.000,0.0,0.000,0.000,0.0
62.6643,28580,314951,0.000,0.000,0.0,0.000,0.000,0.0,0.000,0.000,0.0
62.7585,28581,314956,0.000,0.000,0.0,0.000,0.000,0.0,0.000,0.000,0.0
62.7585,28582,314961,0.000,0.000,0.0,0.000,0.000,0.0,0.000,0.000,0.0
62.7585,28583,314966,0.000,0.000,0.0,0.000,0.000,0.0,0.000,0.000,0.0
62.7585,28584,314971,0.000,0.000,0.0,0.000,0.000,0.0,0.000,0.000,0.0
62.7585,28585,314976,0.000,0.000,0.0,0.000,0.000,0.0,0.000,0.000,0.0
62.7585,28586,314981,0.000,0.000,0.0,0.000,0.000,0.0,0.000,0.000,0.0
62.7585,28587,314986,0.000,0.000,0.0,0.000,0.000,0.0,0.000,0.000,0.0
62.7585,28588,314991,0.000,0.000,0.0,0.000,0.000,0.0,0.000,0.000,0.0
62.7585,28589,314996,0.000,0.000,0.0,0.000,0.000,0.0,0.000,0.000,0.0
62.7585,28590,315001,0.000,0.000,0.0,0.000,0.000,0.0,0.000,0.000,0.0
62.7585,28591,315006,0.000,0.000,0.0,0.000,0.000,0.0,0.000,0.000,0.0
62.7585,28592,315011,0.000,0.000,0.0,0.000,0.000,0.0,0.000,0.000,0.0
62.7585,28593,315016,0.000,0.000,0.0,0.000,0.000,0.0,0.000,0.000,0.0
62.7585,28594,315021,0.000,0.000,0.0,0.000,0.000,0.0,0.000,0.000,0.0
62.7585,28595,315026,0.000,0.000,0.0,0.000,0.000,0.0,0.000,0.000,0.0
62.7585,28596,315031,0.000,0.000,0.0,0.000,0.000,0.0,0.000,0.000,0.0
62.7585,28597,315036,0.000,0.000,0.0,0.000,0.000,0.0,0.000,0.000,0.0
62.7585,28598,315041,0.000,0.000,0.0,0.000,0.000,0.0,0.000,0.000,0.0
62.7585,28599,315046,0.000,0.000,0.0,0.000,0.000,0.0,0.000,0.000,0.0
62.7585,28600,315051,0.000,0.000,0.0,0.000,0.000,0.0,0.000,0.000,0.0
62.7585,28601,315056,0.000,0.000,0.0,0.000,0.000,0.0,0.000,0.000,0.0
62.7585,28602,315061,0.000,0.000,0.0,0.000,0.000,0.0,0.000,0.000,0.0
62.7585,28603,315066,0.000,0.000,0.0,0.000,0.000,0.0,0.000,0.000,0.0
62.7585,28604,315071,0.000,0.000,0.0,0.000,0.000,0.0,0.000,0.000,0.0
62.8675,28605,315076,0.000,0.000,0.0,0.000,0.000,0.0,0.000,0.000,0.0
62.8675,28606,315081,0.000,0.000,0.0,0.000,0.000,0.0,0.000,0.000,0.0
62.8675,28607,315086,0.000,0.000,0.0,0.000,0.000,0.0,0.000,0.000,0.0
62.8675,28608,315091,0.000,0.000,0.0,0.000,0.000,0.0,0.000,0.000,0.0
62.8675,28609,315096,0.000,0.000,0.0,0.000,0.000,0.0,0.000,0.000,0.0
62.8675,28610,315101,0.000,0.000,0.0,0.000,0.000,0.0,0.000,0.000,0.0
62.8675,28611,315106,0.000,0.000,0.0,0.000,0.000,0.0,0.000,0.000,0.0
62.8675,28612,315111,0.000,0.000,0.0,0.000,0.000,0.0,0.000,0.000,0.0
62.8675,28613,315116,0.000,0.000,0.0,0.000,0.000,0.0,0.000,0.000,0.0
62.8675,28614,315121,0.000,0.000,0.0,0.000,0.000,0.0,0.000,0.000,0.0
62.8675,28615,315126,0.000,0.000,0.0,0.000,0.000,0.0,0.000,0.000,0.0
62.8675,28616,315131,0.000,0.000,0.0,0.000,0.000,0.0,0.000,0.000,0.0
62.8675,28617,315136,0.000,0.000,0.0,0.000,0.000,0.0,0.000,0.000,0.0
62.8675,28618,315141,0.000,0.000,0.0,0.000,0.000,0.0,0.000,0.000,0.0
62.8675,28619,315146,0.000,0.000,0.0,0.000,0.000,0.0,0.000,0.000,0.0
62.8675,28620,315151,0.000,0.000,0.0,0.000,0.000,0.0,0.000,0.000,0.0
62.9565,28621,315156,0.000,0.000,0.0,0.000,0.000,0.0,0.000,0.000,0.0
62.9565,28622,315161,0.000,0.000,0.0,0.000,0.000,0.0,0.000,0.000,0.0
62.9565,28623,315166,0.000,0.000,0.0,0.000,0.000,0.0,0.000,0.000,0.0
62.9565,28624,315171,0.000,0.000,0.0,0.000,0.000,0.0,0.000,0.000,0.0
62.9565,28625,315176,0.000,0.000,0.0,0.000,0.000,0.0,0.000,0.000,0.0
62.9565,28626,315181,0.000,0.000,0.0,0.000,0.000,0.0,0.000,0.000,0.0
62.9565,28627,315186,0.000,0.000,0.0,0.000,0.000,0.0,0.000,0.000,0.0
62.9565,28628,315191,0.000,0.000,0.0,0.000,0.000,0.0,0.000,0.000,0.0
62.9565,28629,315196,0.000,0.000,0.0,0.000,0.000,0.0,0.000,0.000,0.0
62.9565,28630,315201,0.000,0.000,0.0,0.000,0.000,0.0,0.000,0.000,0.0
62.9565,28631,315206,0.000,0.000,0.0,0.000,0.000,0.0,0.000,0.000,0.0
62.9565,28632,315211,0.000,0.000,0.0,0.000,0.000,0.0,0.000,0.000,0.0
62.9565,28633,315216,0.000,0.000,0.0,0.000,0.000,0.0,0.000,0.000,0.0
62.9565,28634,315221,0.000,0.000,0.0,0.000,0.000,0.0,0.000,0.000,0.0
62.9565,28635,315226,0.000,0.000,0.0,0.000,0.000,0.0,0.000,0.000,0.0
62.9565,28636,315231,0.000,0.000,0.0,0.000,0.000,0.0,0.000,0.000,0.0
62.9565,28637,315236,0.000,0.000,0.0,0.000,0.000,0.0,0.000,0.000,0.0
62.9565,28638,315241,0.000,0.000,0.0,0.000,0.000,0.0,0.000,0.000,0.0
62.9565,28639,315246,0.000,0.000,0.0,0.000,0.000,0.0,0.000,0.000,0.0
62.9565,28640,315251,0.000,0.000,0.0,0.000,0.000,0.0,0.000,0.000,0.0
62.9565,28641,315256,0.000,0.000,0.0,0.000,0.000,0.0,0.000,0.000,0.0
62.9565,28642,315261,0.000,0.000,0.0,0.000,0.000,0.0,0.000,0.000,0.0
62.9565,28643,315266,0.000,0.000,0.0,0.000,0.000,0.0,0.000,0.000,0.0
62.9565,28644,315271,0.000,0.000,0.0,0.000,0.000,0.0,0.000,0.000,0.0
63.0658,28645,315276,0.000,0.000,0.0,0.000,0.000,0.0,0.000,0.000,0.0
63.0658,28646,315281,0.000,0.000,0.0,0.000,0.000,0.0,0.000,0.000,0.0
63.0658,28647,315286,0.000,0.000,0.0,0.000,0.000,0.0,0.000,0.000,0.0
63.0658,28648,315291,0.000,0.000,0.0,0.000,0.000,0.0,0.000,0.000,0.0
63.0658,28649,315296,0.000,0.000,0.0,0.000,0.000,0.0,0.000,0.000,0.0
63.0658,28650,315301,0.000,0.000,0.0,0.000,0.000,0.0,0.000,0.000,0.0
63.0658,28651,315306,0.000,0.000,0.0,0.000,0.000,0.0,0.000,0.000,0.0
63.0658,28652,315311,0.000,0.000,0.0,0.000,0.000,0.0,0.000,0.000,0.0
63.0658,28653,315316,0.000,0.000,0.0,0.000,0.000,0.0,0.000,0.000,0.0
63.0658,28654,315321,0.000,0.000,0.0,0.000,0.000,0.0,0.000,0.000,0.0
63.0658,28655,315326,0.000,0.000,0.0,0.000,0.000,0.0,0.000,0.000,0.0
63.0658,28656,315331,0.000,0.000,0.0,0.000,0.000,0.0,0.000,0.000,0.0
63.0658,28657,315336,0.000,0.000,0.0,0.000,0.000,0.0,0.000,0.000,0.0
63.0658,28658,315341,0.000,0.000,0.0,0.000,0.000,0.0,0.000,0.000,0.0
63.0658,28659,315346,0.000,0.000,0.0,0.000,0.000,0.0,0.000,0.000,0.0
63.0658,28660,315351,0.000,0.000,0.0,0.000,0.000,0.0,0.000,0.000,0.0
63.1773,28661,315356,0.000,0.000,0.0,0.000,0.000,0.0,0.000,0.000,0.0
63.1773,28662,315361,0.000,0.000,0.0,0.000,0.000,0.0,0.000,0.000,0.0
63.1773,28663,315366,0.000,0.000,0.0,0.000,0.000,0.0,0.000,0.000,0.0
63.1773,28664,315371,0.000,0.000,0.0,0.000,0.000,0.0,0.000,0.000,0.0
63.1773,28665,315376,0.000,0.000,0.0,0.000,0.000,0.0,0.000,0.000,0.0
63.1773,28666,315381,0.000,0.000,0.0,0.000,0.000,0.0,0.000,0.000,0.0
63.1773,28667,315386,0.000,0.000,0.0,0.000,0.000,0.0,0.000,0.000,0.0
63.1773,28668,315391,0.000,0.000,0.0,0.000,0.000,0.0,0.000,0.000,0.0
63.1773,28669,315396,0.000,0.000,0.0,0.000,0.000,0.0,0.000,0.000,0.0
63.1773,28670,315401,0.000,0.000,0.0,0.000,0.000,0.0,0.000,0.000,0.0
63.1773,28671,315406,0.000,0.000,0.0,0.000,0.000,0.0,0.000,0.000,0.0
63.1773,28672,315411,0.000,0.000,0.0,0.000,0.000,0.0,0.000,0.000,0.0
63.1773,28673,315416,0.000,0.000,0.0,0.000,0.000,0.0,0.000,0.000,0.0
63.1773,28674,315421,0.000,0.000,0.0,0.000,0.000,0.0,0.000,0.000,0.0
63.1773,28675,315426,0.000,0.000,0.0,0.000,0.000,0.0,0.000,0.000,0.0
63.1773,28676,315431,0.000,0.000,0.0,0.000,0.000,0.0,0.000,0.000,0.0
63.1773,28677,315436,0.000,0.000,0.0,0.000,0.000,0.0,0.000,0.000,0.0
63.1773,28678,315441,0.000,0.000,0.0,0.000,0.000,0.0,0.000,0.000,0.0
63.1773,28679,315446,0.000,0.000,0.0,0.000,0.000,0.0,0.000,0.000,0.0
63.1773,28680,315451,0.000,0.000,0.0,0.000,0.000,0.0,0.000,0.000,0.0
63.1773,28681,315456,0.000,0.000,0.0,0.000,0.000,0.0,0.000,0.000,0.0
63.1773,28682,315461,0.000,0.000,0.0,0.000,0.000,0.0,0.000,0.000,0.0
63.1773,28683,315466,0.000,0.000,0.0,0.000,0.000,0.0,0.000,0.000,0.0
63.1773,28684,315471,0.000,0.000,0.0,0.000,0.000,0.0,0.000,0.000,0.0
63.2683,28685,315476,0.000,0.000,0.0,0.000,0.000,0.0,0.000,0.000,0.0
63.2683,28686,315481,0.000,0.000,0.0,0.000,0.000,0.0,0.000,0.000,0.0
63.2683,28687,315486,0.000,0.000,0.0,0.000,0.000,0.0,0.000,0.000,0.0
63.2683,28688,315491,0.000,0.000,0.0,0.000,0.000,0.0,0.000,0.000,0.0
63.2683,28689,315496,0.000,0.000,0.0,0.000,0.000,0.0,0.000,0.000,0.0
63.2683,28690,315501,0.000,0.000,0.0,0.000,0.000,0.0,0.000,0.000,0.0
63.2683,28691,315506,0.000,0.000,0.0,0.000,0.000,0.0,0.000,0.000,0.0
63.2683,28692,315511,0.000,0.000,0.0,0.000,0.000,0.0,0.000,0.000,0.0
63.2683,28693,315516,0.000,0.000,0.0,0.000,0.000,0.0,0.000,0.000,0.0
63.2683,28694,315521,0.000,0.000,0.0,0.000,0.000,0.0,0.000,0.000,0.0
63.2683,28695,315526,0.000,0.000,0.0,0.000,0.000,0.0,0.000,0.000,0.0
63.2683,28696,315531,0.000,0.000,0.0,0.000,0.000,0.0,0.000,0.000,0.0
63.2683,28697,315536,0.000,0.000,0.0,0.000,0.000,0.0,0.000,0.000,0.0
63.2683,28698,315541,0.000,0.000,0.0,0.000,0.000,0.0,0.000,0.000,0.0
63.2683,28699,315546,0.000,0.000,0.0,0.000,0.000,0.0,0.000,0.000,0.0
63.2683,28700,315551,0.000,0.000,0.0,0.000,0.000,0.0,0.000,0.000,0.0
63.3689,28701,315556,0.000,0.000,0.0,0.000,0.000,0.0,0.000,0.000,0.0
63.3689,28702,315561,0.000,0.000,0.0,0.000,0.000,0.0,0.000,0.000,0.0
63.3689,28703,315566,0.000,0.000,0.0,0.000,0.000,0.0,0.000,0.000,0.0
63.3689,28704,315571,0.000,0.000,0.0,0.000,0.000,0.0,0.000,0.000,0.0
63.3689,28705,315576,0.000,0.000,0.0,0.000,0.000,0.0,0.000,0.000,0.0
63.3689,28706,315581,0.000,0.000,0.0,0.000,0.000,0.0,0.000,0.000,0.0
63.3689,28707,315586,0.000,0.000,0.0,0.000,0.000,0.0,0.000,0.000,0.0
63.3689,28708,315591,0.000,0.000,0.0,0.000,0.000,0.0,0.000,0.000,0.0
63.3689,28709,315596,0.000,0.000,0.0,0.000,0.000,0.0,0.000,0.000,0.0
63.3689,28710,315601,0.000,0.000,0.0,0.000,0.000,0.0,0.000,0.000,0.0
63.3689,28711,315606,0.000,0.000,0.0,0.000,0.000,0.0,0.000,0.000,0.0
63.3689,28712,315611,0.000,0.000,0.0,0.000,0.000,0.0,0.000,0.000,0.0
63.3689,28713,315616,0.000,0.000,0.0,0.000,0.000,0.0,0.000,0.000,0.0
63.3689,28714,315621,0.000,0.000,0.0,0.000,0.000,0.0,0.000,0.000,0.0
63.3689,28715,315626,0.000,0.000,0.0,0.000,0.000,0.0,0.000,0.000,0.0
63.3689,28716,315631,0.000,0.000,0.0,0.000,0.000,0.0,0.000,0.000,0.0
63.3689,28717,315636,0.000,0.000,0.0,0.000,0.000,0.0,0.000,0.000,0.0
63.3689,28718,315641,0.000,0.000,0.0,0.000,0.000,0.0,0.000,0.000,0.0
63.3689,28719,315646,0.000,0.000,0.0,0.000,0.000,0.0,0.000,0.000,0.0
63.3689,28720,315651,0.000,0.000,0.0,0.000,0.000,0.0,0.000,0.000,0.0
63.3689,28721,315656,0.000,0.000,0.0,0.000,0.000,0.0,0.000,0.000,0.0
63.3689,28722,315661,0.000,0.000,0.0,0.000,0.000,0.0,0.000,0.000,0.0
63.3689,28723,315666,0.000,0.000,0.0,0.000,0.000,0.0,0.000,0.000,0.0
63.3689,28724,315671,0.000,0.000,0.0,0.000,0.000,0.0,0.000,0.000,0.0
63.4288,28725,315676,0.000,0.000,0.0,0.000,0.000,0.0,0.000,0.000,0.0
63.4288,28726,315681,0.000,0.000,0.0,0.000,0.000,0.0,0.000,0.000,0.0
63.4288,28727,315686,0.000,0.000,0.0,0.000,0.000,0.0,0.000,0.000,0.0
63.4288,28728,315691,0.000,0.000,0.0,0.000,0.000,0.0,0.000,0.000,0.0
63.4288,28729,315696,0.000,0.000,0.0,0.000,0.000,0.0,0.000,0.000,0.0
63.4288,28730,315701,0.000,0.000,0.0,0.000,0.000,0.0,0.000,0.000,0.0
63.4288,28731,315706,0.000,0.000,0.0,0.000,0.000,0.0,0.000,0.000,0.0
63.4288,28732,315711,0.000,0.000,0.0,0.000,0.000,0.0,0.000,0.000,0.0
63.4288,28733,315716,0.000,0.000,0.0,0.000,0.000,0.0,0.000,0.000,0.0
63.4288,28734,315721,0.000,0.000,0.0,0.000,0.000,0.0,0.000,0.000,0.0
63.4288,28735,315726,0.000,0.000,0.0,0.000,0.000,0.0,0.000,0.000,0.0
63.4288,28736,315731,0.000,0.000,0.0,0.000,0.000,0.0,0.000,0.000,0.0
63.4288,28737,315736,0.000,0.000,0.0,0.000,0.000,0.0,0.000,0.000,0.0
63.4288,28738,315741,0.000,0.000,0.0,0.000,0.000,0.0,0.000,0.000,0.0
63.4288,28739,315746,0.000,0.000,0.0,0.000,0.000,0.0,0.000,0.000,0.0
63.4288,28740,315751,0.000,0.000,0.0,0.000,0.000,0.0,0.000,0.000,0.0
63.6636,28741,315756,0.000,0.000,0.0,0.000,0.000,0.0,0.000,0.000,0.0
63.6636,28742,315761,0.000,0.000,0.0,0.000,0.000,0.0,0.000,0.000,0.0
63.6636,28743,315766,0.000,0.000,0.0,0.000,0.000,0.0,0.000,0.000,0.0
63.6636,28744,315771,0.000,0.000,0.0,0.000,0.000,0.0,0.000,0.000,0.0
63.6636,28745,315776,0.000,0.000,0.0,0.000,0.000,0.0,0.000,0.000,0.0
63.6636,28746,315781,0.000,0.000,0.0,0.000,0.000,0.0,0.000,0.000,0.0
63.6636,28747,315786,0.000,0.000,0.0,0.000,0.000,0.0,0.000,0.000,0.0
63.6636,28748,315791,0.000,0.000,0.0,0.000,0.000,0.0,0.000,0.000,0.0
63.6636,28749,315796,0.000,0.000,0.0,0.000,0.000,0.0,0.000,0.000,0.0
63.6636,28750,315801,0.000,0.000,0.0,0.000,0.000,0.0,0.000,0.000,0.0
63.6636,28751,315806,0.000,0.000,0.0,0.000,0.000,0.0,0.000,0.000,0.0
63.6636,28752,315811,0.000,0.000,0.0,0.000,0.000,0.0,0.000,0.000,0.0
63.6636,28753,315816,0.000,0.000,0.0,0.000,0.000,0.0,0.000,0.000,0.0
63.6636,28754,315821,0.000,0.000,0.0,0.000,0.000,0.0,0.000,0.000,0.0
63.6636,28755,315826,0.000,0.000,0.0,0.000,0.000,0.0,0.000,0.000,0.0
63.6636,28756,315831,0.000,0.000,0.0,0.000,0.000,0.0,0.000,0.000,0.0
63.7084,28757,315836,0.000,0.000,0.0,0.000,0.000,0.0,0.000,0.000,0.0
63.7084,28758,315841,0.000,0.000,0.0,0.000,0.000,0.0,0.000,0.000,0.0
63.7084,28759,315846,0.000,0.000,0.0,0.000,0.000,0.0,0.000,0.000,0.0
63.7084,28760,315851,0.000,0.000,0.0,0.000,0.000,0.0,0.000,0.000,0.0
63.7084,28761,315856,0.000,0.000,0.0,0.000,0.000,0.0,0.000,0.000,0.0
63.7084,28762,315861,0.000,0.000,0.0,0.000,0.000,0.0,0.000,0.000,0.0
63.7084,28763,315866,0.000,0.000,0.0,0.000,0.000,0.0,0.000,0.000,0.0
63.7084,28764,315871,0.000,0.000,0.0,0.000,0.000,0.0,0.000,0.000,0.0
63.7084,28765,315876,0.000,0.000,0.0,0.000,0.000,0.0,0.000,0.000,0.0
63.7084,28766,315881,0.000,0.000,0.0,0.000,0.000,0.0,0.000,0.000,0.0
63.7084,28767,315886,0.000,0.000,0.0,0.000,0.000,0.0,0.000,0.000,0.0
63.7084,28768,315891,0.000,0.000,0.0,0.000,0.000,0.0,0.000,0.000,0.0
63.7084,28769,315896,0.000,0.000,0.0,0.000,0.000,0.0,0.000,0.000,0.0
63.7084,28770,315901,0.000,0.000,0.0,0.000,0.000,0.0,0.000,0.000,0.0
63.7084,28771,315906,0.000,0.000,0.0,0.000,0.000,0.0,0.000,0.000,0.0
63.7084,28772,315911,0.000,0.000,0.0,0.000,0.000,0.0,0.000,0.000,0.0
63.7084,28773,315916,0.000,0.000,0.0,0.000,0.000,0.0,0.000,0.000,0.0
63.7084,28774,315921,0.000,0.000,0.0,0.000,0.000,0.0,0.000,0.000,0.0
63.7084,28775,315926,0.000,0.000,0.0,0.000,0.000,0.0,0.000,0.000,0.0
63.7084,28776,315931,0.000,0.000,0.0,0.000,0.000,0.0,0.000,0.000,0.0
63.7084,28777,315936,0.000,0.000,0.0,0.000,0.000,0.0,0.000,0.000,0.0
63.7084,28778,315941,0.000,0.000,0.0,0.000,0.000,0.0,0.000,0.000,0.0
63.7084,28779,315946,0.000,0.000,0.0,0.000,0.000,0.0,0.000,0.000,0.0
63.7084,28780,315951,0.000,0.000,0.0,0.000,0.000,0.0,0.000,0.000,0.0
63.7217,28781,316004,0.000,0.000,0.0,0.000,0.000,0.0,0.000,0.000,0.0
63.7217,28782,316008,0.000,0.000,0.0,0.000,0.000,0.0,0.000,0.000,0.0
63.7217,28783,316013,0.000,0.000,0.0,0.000,0.000,0.0,0.000,0.000,0.0
63.7217,28784,316018,0.000,0.000,0.0,0.000,0.000,0.0,0.000,0.000,0.0
63.7217,28785,316023,0.000,0.000,0.0,0.000,0.000,0.0,0.000,0.000,0.0
63.7217,28786,316028,0.000,0.000,0.0,0.000,0.000,0.0,0.000,0.000,0.0
63.7217,28787,316033,0.000,0.000,0.0,0.000,0.000,0.0,0.000,0.000,0.0
63.7217,28788,316038,0.000,0.000,0.0,0.000,0.000,0.0,0.000,0.000,0.0
63.8372,28789,316043,0.000,0.000,0.0,0.000,0.000,0.0,0.000,0.000,0.0
63.8372,28790,316048,0.000,0.000,0.0,0.000,0.000,0.0,0.000,0.000,0.0
63.8372,28791,316053,0.000,0.000,0.0,0.000,0.000,0.0,0.000,0.000,0.0
63.8372,28792,316058,0.000,0.000,0.0,0.000,0.000,0.0,0.000,0.000,0.0
63.8372,28793,316063,0.000,0.000,0.0,0.000,0.000,0.0,0.000,0.000,0.0
63.8372,28794,316068,0.000,0.000,0.0,0.000,0.000,0.0,0.000,0.000,0.0
63.8372,28795,316073,0.000,0.000,0.0,0.000,0.000,0.0,0.000,0.000,0.0
63.8372,28796,316078,0.000,0.000,0.0,0.000,0.000,0.0,0.000,0.000,0.0
63.8372,28797,316083,0.000,0.000,0.0,0.000,0.000,0.0,0.000,0.000,0.0
63.8372,28798,316088,0.000,0.000,0.0,0.000,0.000,0.0,0.000,0.000,0.0
63.8372,28799,316093,0.000,0.000,0.0,0.000,0.000,0.0,0.000,0.000,0.0
63.8372,28800,316098,0.000,0.000,0.0,0.000,0.000,0.0,0.000,0.000,0.0
63.8372,28801,316103,0.000,0.000,0.0,0.000,0.000,0.0,0.000,0.000,0.0
63.8372,28802,316108,0.000,0.000,0.0,0.000,0.000,0.0,0.000,0.000,0.0
63.8372,28803,316113,0.000,0.000,0.0,0.000,0.000,0.0,0.000,0.000,0.0
63.8372,28804,316118,0.000,0.000,0.0,0.000,0.000,0.0,0.000,0.000,0.0
63.8953,28805,316123,0.000,0.000,0.0,0.000,0.000,0.0,0.000,0.000,0.0
63.8953,28806,316128,0.000,0.000,0.0,0.000,0.000,0.0,0.000,0.000,0.0
63.8953,28807,316133,0.000,0.000,0.0,0.000,0.000,0.0,0.000,0.000,0.0
63.8953,28808,316138,0.000,0.000,0.0,0.000,0.000,0.0,0.000,0.000,0.0
63.8953,28809,316143,0.000,0.000,0.0,0.000,0.000,0.0,0.000,0.000,0.0
63.8953,28810,316148,0.000,0.000,0.0,0.000,0.000,0.0,0.000,0.000,0.0
63.8953,28811,316153,0.000,0.000,0.0,0.000,0.000,0.0,0.000,0.000,0.0
63.8953,28812,316158,0.000,0.000,0.0,0.000,0.000,0.0,0.000,0.000,0.0
63.8953,28813,316163,0.000,0.000,0.0,0.000,0.000,0.0,0.000,0.000,0.0
63.8953,28814,316168,0.000,0.000,0.0,0.000,0.000,0.0,0.000,0.000,0.0
63.8953,28815,316173,0.000,0.000,0.0,0.000,0.000,0.0,0.000,0.000,0.0
63.8953,28816,316178,0.000,0.000,0.0,0.000,0.000,0.0,0.000,0.000,0.0
63.8953,28817,316183,0.000,0.000,0.0,0.000,0.000,0.0,0.000,0.000,0.0
63.8953,28818,316188,0.000,0.000,0.0,0.000,0.000,0.0,0.000,0.000,0.0
63.8953,28819,316193,0.000,0.000,0.0,0.000,0.000,0.0,0.000,0.000,0.0
63.8953,28820,316198,0.000,0.000,0.0,0.000,0.000,0.0,0.000,0.000,0.0
63.9817,28821,316203,0.000,0.000,0.0,0.000,0.000,0.0,0.000,0.000,0.0
63.9817,28822,316208,0.000,0.000,0.0,0.000,0.000,0.0,0.000,0.000,0.0
63.9817,28823,316213,0.000,0.000,0.0,0.000,0.000,0.0,0.000,0.000,0.0
63.9817,28824,316218,0.000,0.000,0.0,0.000,0.000,0.0,0.000,0.000,0.0
63.9817,28825,316223,0.000,0.000,0.0,0.000,0.000,0.0,0.000,0.000,0.0
63.9817,28826,316228,0.000,0.000,0.0,0.000,0.000,0.0,0.000,0.000,0.0
63.9817,28827,316233,0.000,0.000,0.0,0.000,0.000,0.0,0.000,0.000,0.0
63.9817,28828,316238,0.000,0.000,0.0,0.000,0.000,0.0,0.000,0.000,0.0
63.9817,28829,316243,0.000,0.000,0.0,0.000,0.000,0.0,0.000,0.000,0.0
63.9817,28830,316248,0.000,0.000,0.0,0.000,0.000,0.0,0.000,0.000,0.0
63.9817,28831,316253,0.000,0.000,0.0,0.000,0.000,0.0,0.000,0.000,0.0
63.9817,28832,316258,0.000,0.000,0.0,0.000,0.000,0.0,0.000,0.000,0.0
63.9817,28833,316263,0.000,0.000,0.0,0.000,0.000,0.0,0.000,0.000,0.0
63.9817,28834,316268,0.000,0.000,0.0,0.000,0.000,0.0,0.000,0.000,0.0
63.9817,28835,316273,0.000,0.000,0.0,0.000,0.000,0.0,0.000,0.000,0.0
63.9817,28836,316278,0.000,0.000,0.0,0.000,0.000,0.0,0.000,0.000,0.0
64.0398,28837,316283,0.000,0.000,0.0,0.000,0.000,0.0,0.000,0.000,0.0
64.0398,28838,316288,0.000,0.000,0.0,0.000,0.000,0.0,0.000,0.000,0.0
64.0398,28839,316293,0.000,0.000,0.0,0.000,0.000,0.0,0.000,0.000,0.0
64.0398,28840,316298,0.000,0.000,0.0,0.000,0.000,0.0,0.000,0.000,0.0
64.0398,28841,316303,0.000,0.000,0.0,0.000,0.000,0.0,0.000,0.000,0.0
64.0398,28842,316308,0.000,0.000,0.0,0.000,0.000,0.0,0.000,0.000,0.0
64.0398,28843,316313,0.000,0.000,0.0,0.000,0.000,0.0,0.000,0.000,0.0
64.0398,28844,316318,0.000,0.000,0.0,0.000,0.000,0.0,0.000,0.000,0.0
64.0398,28845,316323,0.000,0.000,0.0,0.000,0.000,0.0,0.000,0.000,0.0
64.0398,28846,316328,0.000,0.000,0.0,0.000,0.000,0.0,0.000,0.000,0.0
64.0398,28847,316333,0.000,0.000,0.0,0.000,0.000,0.0,0.000,0.000,0.0
64.0398,28848,316338,0.000,0.000,0.0,0.000,0.000,0.0,0.000,0.000,0.0
64.0398,28849,316343,0.000,0.000,0.0,0.000,0.000,0.0,0.000,0.000,0.0
64.0398,28850,316348,0.000,0.000,0.0,0.000,0.000,0.0,0.000,0.000,0.0
64.0398,28851,316353,0.000,0.000,0.0,0.000,0.000,0.0,0.000,0.000,0.0
64.0398,28852,316358,0.000,0.000,0.0,0.000,0.000,0.0,0.000,0.000,0.0
64.0991,28853,316363,0.000,0.000,0.0,0.000,0.000,0.0,0.000,0.000,0.0
64.0991,28854,316368,0.000,0.000,0.0,0.000,0.000,0.0,0.000,0.000,0.0
64.0991,28855,316373,0.000,0.000,0.0,0.000,0.000,0.0,0.000,0.000,0.0
64.0991,28856,316378,0.000,0.000,0.0,0.000,0.000,0.0,0.000,0.000,0.0
64.0991,28857,316383,0.000,0.000,0.0,0.000,0.000,0.0,0.000,0.000,0.0
64.0991,28858,316388,0.000,0.000,0.0,0.000,0.000,0.0,0.000,0.000,0.0
64.0991,28859,316393,0.000,0.000,0.0,0.000,0.000,0.0,0.000,0.000,0.0
64.0991,28860,316398,0.000,0.000,0.0,0.000,0.000,0.0,0.000,0.000,0.0
64.1873,28861,316403,0.000,0.000,0.0,0.000,0.000,0.0,0.000,0.000,0.0
64.1873,28862,316408,0.000,0.000,0.0,0.000,0.000,0.0,0.000,0.000,0.0
64.1873,28863,316413,0.000,0.000,0.0,0.000,0.000,0.0,0.000,0.000,0.0
64.1873,28864,316418,0.000,0.000,0.0,0.000,0.000,0.0,0.000,0.000,0.0
64.1873,28865,316423,0.000,0.000,0.0,0.000,0.000,0.0,0.000,0.000,0.0
64.1873,28866,316428,0.000,0.000,0.0,0.000,0.000,0.0,0.000,0.000,0.0
64.1873,28867,316433,0.000,0.000,0.0,0.000,0.000,0.0,0.000,0.000,0.0
64.1873,28868,316438,0.000,0.000,0.0,0.000,0.000,0.0,0.000,0.000,0.0
64.1873,28869,316443,0.000,0.000,0.0,0.000,0.000,0.0,0.000,0.000,0.0
64.1873,28870,316448,0.000,0.000,0.0,0.000,0.000,0.0,0.000,0.000,0.0
64.1873,28871,316453,0.000,0.000,0.0,0.000,0.000,0.0,0.000,0.000,0.0
64.1873,28872,316458,0.000,0.000,0.0,0.000,0.000,0.0,0.000,0.000,0.0
64.1873,28873,316463,0.000,0.000,0.0,0.000,0.000,0.0,0.000,0.000,0.0
64.1873,28874,316468,0.000,0.000,0.0,0.000,0.000,0.0,0.000,0.000,0.0
64.1873,28875,316473,0.000,0.000,0.0,0.000,0.000,0.0,0.000,0.000,0.0
64.1873,28876,316478,0.000,0.000,0.0,0.000,0.000,0.0,0.000,0.000,0.0
64.2423,28877,316483,0.000,0.000,0.0,0.000,0.000,0.0,0.000,0.000,0.0
64.2423,28878,316488,0.000,0.000,0.0,0.000,0.000,0.0,0.000,0.000,0.0
64.2423,28879,316493,0.000,0.000,0.0,0.000,0.000,0.0,0.000,0.000,0.0
64.2423,28880,316498,0.000,0.000,0.0,0.000,0.000,0.0,0.000,0.000,0.0
64.2423,28881,316503,0.000,0.000,0.0,0.000,0.000,0.0,0.000,0.000,0.0
64.2423,28882,316508,0.000,0.000,0.0,0.000,0.000,0.0,0.000,0.000,0.0
64.2423,28883,316513,0.000,0.000,0.0,0.000,0.000,0.0,0.000,0.000,0.0
64.2423,28884,316518,0.000,0.000,0.0,0.000,0.000,0.0,0.000,0.000,0.0
64.2423,28885,316523,0.000,0.000,0.0,0.000,0.000,0.0,0.000,0.000,0.0
64.2423,28886,316528,0.000,0.000,0.0,0.000,0.000,0.0,0.000,0.000,0.0
64.2423,28887,316533,0.000,0.000,0.0,0.000,0.000,0.0,0.000,0.000,0.0
64.2423,28888,316538,0.000,0.000,0.0,0.000,0.000,0.0,0.000,0.000,0.0
64.2423,28889,316543,0.000,0.000,0.0,0.000,0.000,0.0,0.000,0.000,0.0
64.2423,28890,316548,0.000,0.000,0.0,0.000,0.000,0.0,0.000,0.000,0.0
64.2423,28891,316553,0.000,0.000,0.0,0.000,0.000,0.0,0.000,0.000,0.0
64.2423,28892,316558,0.000,0.000,0.0,0.000,0.000,0.0,0.000,0.000,0.0
64.3020,28893,316563,0.000,0.000,0.0,0.000,0.000,0.0,0.000,0.000,0.0
64.3020,28894,316568,0.000,0.000,0.0,0.000,0.000,0.0,0.000,0.000,0.0
64.3020,28895,316573,0.000,0.000,0.0,0.000,0.000,0.0,0.000,0.000,0.0
64.3020,28896,316578,0.000,0.000,0.0,0.000,0.000,0.0,0.000,0.000,0.0
64.3020,28897,316583,0.000,0.000,0.0,0.000,0.000,0.0,0.000,0.000,0.0
64.3020,28898,316588,0.000,0.000,0.0,0.000,0.000,0.0,0.000,0.000,0.0
64.3020,28899,316593,0.000,0.000,0.0,0.000,0.000,0.0,0.000,0.000,0.0
64.3020,28900,316598,0.000,0.000,0.0,0.000,0.000,0.0,0.000,0.000,0.0
65.7483,28901,316603,0.000,0.000,0.0,0.000,0.000,0.0,0.000,0.000,0.0
65.7483,28902,316608,0.000,0.000,0.0,0.000,0.000,0.0,0.000,0.000,0.0
65.7483,28903,316613,0.000,0.000,0.0,0.000,0.000,0.0,0.000,0.000,0.0
65.7483,28904,316618,0.000,0.000,0.0,0.000,0.000,0.0,0.000,0.000,0.0
65.7483,28905,316623,0.000,0.000,0.0,0.000,0.000,0.0,0.000,0.000,0.0
65.7483,28906,316628,0.000,0.000,0.0,0.000,0.000,0.0,0.000,0.000,0.0
65.7483,28907,316633,0.000,0.000,0.0,0.000,0.000,0.0,0.000,0.000,0.0
65.7483,28908,316638,0.000,0.000,0.0,0.000,0.000,0.0,0.000,0.000,0.0
65.7483,28909,316643,0.000,0.000,0.0,0.000,0.000,0.0,0.000,0.000,0.0
65.7483,28910,316648,0.000,0.000,0.0,0.000,0.000,0.0,0.000,0.000,0.0
65.7483,28911,316653,0.000,0.000,0.0,0.000,0.000,0.0,0.000,0.000,0.0
65.7483,28912,316658,0.000,0.000,0.0,0.000,0.000,0.0,0.000,0.000,0.0
65.7483,28913,316663,0.000,0.000,0.0,0.000,0.000,0.0,0.000,0.000,0.0
65.7483,28914,316668,0.000,0.000,0.0,0.000,0.000,0.0,0.000,0.000,0.0
65.7483,28915,316673,0.000,0.000,0.0,0.000,0.000,0.0,0.000,0.000,0.0
65.7483,28916,316678,0.000,0.000,0.0,0.000,0.000,0.0,0.000,0.000,0.0
65.7483,28917,316683,0.000,0.000,0.0,0.000,0.000,0.0,0.000,0.000,0.0
65.7483,28918,316688,0.000,0.000,0.0,0.000,0.000,0.0,0.000,0.000,0.0
65.7483,28919,316693,0.000,0.000,0.0,0.000,0.000,0.0,0.000,0.000,0.0
65.7483,28920,316698,0.000,0.000,0.0,0.000,0.000,0.0,0.000,0.000,0.0
65.7483,28921,316703,0.000,0.000,0.0,0.000,0.000,0.0,0.000,0.000,0.0
65.7483,28922,316708,0.000,0.000,0.0,0.000,0.000,0.0,0.000,0.000,0.0
65.7483,28923,316713,0.000,0.000,0.0,0.000,0.000,0.0,0.000,0.000,0.0
65.7483,28924,316718,0.000,0.000,0.0,0.000,0.000,0.0,0.000,0.000,0.0
65.7483,28925,316723,0.000,0.000,0.0,0.000,0.000,0.0,0.000,0.000,0.0
65.7483,28926,316728,0.000,0.000,0.0,0.000,0.000,0.0,0.000,0.000,0.0
65.7483,28927,316733,0.000,0.000,0.0,0.000,0.000,0.0,0.000,0.000,0.0
65.7483,28928,316738,0.000,0.000,0.0,0.000,0.000,0.0,0.000,0.000,0.0
65.7483,28929,316743,0.000,0.000,0.0,0.000,0.000,0.0,0.000,0.000,0.0
65.7483,28930,316748,0.000,0.000,0.0,0.000,0.000,0.0,0.000,0.000,0.0
65.7483,28931,316753,0.000,0.000,0.0,0.000,0.000,0.0,0.000,0.000,0.0
65.7483,28932,316758,0.000,0.000,0.0,0.000,0.000,0.0,0.000,0.000,0.0
65.7483,28933,316763,0.000,0.000,0.0,0.000,0.000,0.0,0.000,0.000,0.0
65.7483,28934,316768,0.000,0.000,0.0,0.000,0.000,0.0,0.000,0.000,0.0
65.7483,28935,316773,0.000,0.000,0.0,0.000,0.000,0.0,0.000,0.000,0.0
65.7483,28936,316778,0.000,0.000,0.0,0.000,0.000,0.0,0.000,0.000,0.0
65.7483,28937,316783,0.000,0.000,0.0,0.000,0.000,0.0,0.000,0.000,0.0
65.7483,28938,316788,0.000,0.000,0.0,0.000,0.000,0.0,0.000,0.000,0.0
65.7483,28939,316793,0.000,0.000,0.0,0.000,0.000,0.0,0.000,0.000,0.0
65.7483,28940,316798,0.000,0.000,0.0,0.000,0.000,0.0,0.000,0.000,0.0
65.7630,28941,316803,0.000,0.000,0.0,0.000,0.000,0.0,0.000,0.000,0.0
65.7630,28942,316808,0.000,0.000,0.0,0.000,0.000,0.0,0.000,0.000,0.0
65.7630,28943,316813,0.000,0.000,0.0,0.000,0.000,0.0,0.000,0.000,0.0
65.7630,28944,316818,0.000,0.000,0.0,0.000,0.000,0.0,0.000,0.000,0.0
65.7630,28945,316823,0.000,0.000,0.0,0.000,0.000,0.0,0.000,0.000,0.0
65.7630,28946,316828,0.000,0.000,0.0,0.000,0.000,0.0,0.000,0.000,0.0
65.7630,28947,316833,0.000,0.000,0.0,0.000,0.000,0.0,0.000,0.000,0.0
65.7630,28948,316838,0.000,0.000,0.0,0.000,0.000,0.0,0.000,0.000,0.0
65.8154,28949,316843,0.000,0.000,0.0,0.000,0.000,0.0,0.000,0.000,0.0
65.8154,28950,316848,0.000,0.000,0.0,0.000,0.000,0.0,0.000,0.000,0.0
65.8154,28951,316853,0.000,0.000,0.0,0.000,0.000,0.0,0.000,0.000,0.0
65.8154,28952,316858,0.000,0.000,0.0,0.000,0.000,0.0,0.000,0.000,0.0
65.8154,28953,316863,0.000,0.000,0.0,0.000,0.000,0.0,0.000,0.000,0.0
65.8154,28954,316868,0.000,0.000,0.0,0.000,0.000,0.0,0.000,0.000,0.0
65.8154,28955,316873,0.000,0.000,0.0,0.000,0.000,0.0,0.000,0.000,0.0
65.8154,28956,316878,0.000,0.000,0.0,0.000,0.000,0.0,0.000,0.000,0.0
65.8154,28957,318091,0.000,0.000,0.0,0.000,0.000,0.0,0.000,0.000,0.0
65.8154,28958,318096,0.000,0.000,0.0,0.000,0.000,0.0,0.000,0.000,0.0
65.8154,28959,318101,0.000,0.000,0.0,0.000,0.000,0.0,0.000,0.000,0.0
65.8154,28960,318106,0.000,0.000,0.0,0.000,0.000,0.0,0.000,0.000,0.0
65.8154,28961,318111,0.000,0.000,0.0,0.000,0.000,0.0,0.000,0.000,0.0
65.8154,28962,318116,0.000,0.000,0.0,0.000,0.000,0.0,0.000,0.000,0.0
65.8154,28963,318121,0.000,0.000,0.0,0.000,0.000,0.0,0.000,0.000,0.0
65.8154,28964,318126,0.000,0.000,0.0,0.000,0.000,0.0,0.000,0.000,0.0
65.8154,28965,318131,0.000,0.000,0.0,0.000,0.000,0.0,0.000,0.000,0.0
68.7535,28966,318136,0.000,0.000,0.0,0.000,0.000,0.0,0.000,0.000,0.0
68.7535,28967,318141,0.000,0.000,0.0,0.000,0.000,0.0,0.000,0.000,0.0
68.7535,28968,318146,0.000,0.000,0.0,0.000,0.000,0.0,0.000,0.000,0.0
68.7535,28969,318151,0.000,0.000,0.0,0.000,0.000,0.0,0.000,0.000,0.0
68.7535,28970,318156,0.000,0.000,0.0,0.000,0.000,0.0,0.000,0.000,0.0
68.7535,28971,318161,0.000,0.000,0.0,0.000,0.000,0.0,0.000,0.000,0.0
68.7535,28972,318166,0.000,0.000,0.0,0.000,0.000,0.0,0.000,0.000,0.0
68.7535,28973,318171,0.000,0.000,0.0,0.000,0.000,0.0,0.000,0.000,0.0
68.7535,28974,318176,0.000,0.000,0.0,0.000,0.000,0.0,0.000,0.000,0.0
68.7535,28975,318181,0.000,0.000,0.0,0.000,0.000,0.0,0.000,0.000,0.0
68.7535,28976,318186,0.000,0.000,0.0,0.000,0.000,0.0,0.000,0.000,0.0
68.7535,28977,318191,0.000,0.000,0.0,0.000,0.000,0.0,0.000,0.000,0.0
68.7535,28978,318196,0.000,0.000,0.0,0.000,0.000,0.0,0.000,0.000,0.0
68.7535,28979,318201,0.000,0.000,0.0,0.000,0.000,0.0,0.000,0.000,0.0
68.7535,28980,318206,0.000,0.000,0.0,0.000,0.000,0.0,0.000,0.000,0.0
68.7535,28981,318211,0.000,0.000,0.0,0.000,0.000,0.0,0.000,0.000,0.0
68.7535,28982,318216,0.000,0.000,0.0,0.000,0.000,0.0,0.000,0.000,0.0
68.7535,28983,318221,0.000,0.000,0.0,0.000,0.000,0.0,0.000,0.000,0.0
68.7535,28984,318226,0.000,0.000,0.0,0.000,0.000,0.0,0.000,0.000,0.0
68.7535,28985,318231,0.000,0.000,0.0,0.000,0.000,0.0,0.000,0.000,0.0
68.7535,28986,318236,0.000,0.000,0.0,0.000,0.000,0.0,0.000,0.000,0.0
68.7535,28987,318241,0.000,0.000,0.0,0.000,0.000,0.0,0.000,0.000,0.0
68.7535,28988,318246,0.000,0.000,0.0,0.000,0.000,0.0,0.000,0.000,0.0
68.7535,28989,318251,0.000,0.000,0.0,0.000,0.000,0.0,0.000,0.000,0.0
68.7535,28990,318256,0.000,0.000,0.0,0.000,0.000,0.0,0.000,0.000,0.0
68.7535,28991,318261,0.000,0.000,0.0,0.000,0.000,0.0,0.000,0.000,0.0
68.7535,28992,318266,0.000,0.000,0.0,0.000,0.000,0.0,0.000,0.000,0.0
68.7535,28993,318271,0.000,0.000,0.0,0.000,0.000,0.0,0.000,0.000,0.0
68.7535,28994,318276,0.000,0.000,0.0,0.000,0.000,0.0,0.000,0.000,0.0
68.7535,28995,318281,0.000,0.000,0.0,0.000,0.000,0.0,0.000,0.000,0.0
68.7535,28996,318286,0.000,0.000,0.0,0.000,0.000,0.0,0.000,0.000,0.0
68.7535,28997,318291,0.000,0.000,0.0,0.000,0.000,0.0,0.000,0.000,0.0
68.7535,28998,318296,0.000,0.000,0.0,0.000,0.000,0.0,0.000,0.000,0.0
68.7535,28999,318301,0.000,0.000,0.0,0.000,0.000,0.0,0.000,0.000,0.0
68.7535,29000,318306,0.000,0.000,0.0,0.000,0.000,0.0,0.000,0.000,0.0
68.7535,29001,318311,0.000,0.000,0.0,0.000,0.000,0.0,0.000,0.000,0.0
68.7535,29002,318316,0.000,0.000,0.0,0.000,0.000,0.0,0.000,0.000,0.0
68.7535,29003,318321,0.000,0.000,0.0,0.000,0.000,0.0,0.000,0.000,0.0
68.7535,29004,318326,0.000,0.000,0.0,0.000,0.000,0.0,0.000,0.000,0.0
68.7535,29005,318331,0.000,0.000,0.0,0.000,0.000,0.0,0.000,0.000,0.0
68.7535,29006,318563,0.000,0.000,0.0,0.000,0.000,0.0,0.000,0.000,0.0
68.7678,29007,318568,0.000,0.000,0.0,0.000,0.000,0.0,0.000,0.000,0.0
68.7678,29008,318573,0.000,0.000,0.0,0.000,0.000,0.0,0.000,0.000,0.0
68.7678,29009,318578,0.000,0.000,0.0,0.000,0.000,0.0,0.000,0.000,0.0
68.7678,29010,318583,0.000,0.000,0.0,0.000,0.000,0.0,0.000,0.000,0.0
68.7678,29011,318588,0.000,0.000,0.0,0.000,0.000,0.0,0.000,0.000,0.0
68.7678,29012,318593,0.000,0.000,0.0,0.000,0.000,0.0,0.000,0.000,0.0
68.7678,29013,318598,0.000,0.000,0.0,0.000,0.000,0.0,0.000,0.000,0.0
68.7678,29014,318603,0.000,0.000,0.0,0.000,0.000,0.0,0.000,0.000,0.0
70.2173,29015,318608,0.000,0.000,0.0,0.000,0.000,0.0,0.000,0.000,0.0
70.2173,29016,318613,0.000,0.000,0.0,0.000,0.000,0.0,0.000,0.000,0.0
70.2173,29017,318618,0.000,0.000,0.0,0.000,0.000,0.0,0.000,0.000,0.0
70.2173,29018,318623,0.000,0.000,0.0,0.000,0.000,0.0,0.000,0.000,0.0
70.2173,29019,318628,0.000,0.000,0.0,0.000,0.000,0.0,0.000,0.000,0.0
70.2173,29020,318633,0.000,0.000,0.0,0.000,0.000,0.0,0.000,0.000,0.0
70.2173,29021,318638,0.000,0.000,0.0,0.000,0.000,0.0,0.000,0.000,0.0
70.2173,29022,318643,0.000,0.000,0.0,0.000,0.000,0.0,0.000,0.000,0.0
70.2173,29023,321098,0.000,0.000,0.0,0.000,0.000,0.0,0.000,0.000,0.0
70.2173,29024,321103,0.000,0.000,0.0,0.000,0.000,0.0,0.000,0.000,0.0
70.2173,29025,321108,0.000,0.000,0.0,0.000,0.000,0.0,0.000,0.000,0.0
70.2173,29026,321113,0.000,0.000,0.0,0.000,0.000,0.0,0.000,0.000,0.0
70.2173,29027,321118,0.000,0.000,0.0,0.000,0.000,0.0,0.000,0.000,0.0
70.2173,29028,321123,0.000,0.000,0.0,0.000,0.000,0.0,0.000,0.000,0.0
70.2173,29029,321128,0.000,0.000,0.0,0.000,0.000,0.0,0.000,0.000,0.0
70.2173,29030,321133,0.000,0.000,0.0,0.000,0.000,0.0,0.000,0.000,0.0
70.2173,29031,321138,0.000,0.000,0.0,0.000,0.000,0.0,0.000,0.000,0.0
70.2173,29032,321143,0.000,0.000,0.0,0.000,0.000,0.0,0.000,0.000,0.0
70.2173,29033,321148,0.000,0.000,0.0,0.000,0.000,0.0,0.000,0.000,0.0
70.2173,29034,321153,0.000,0.000,0.0,0.000,0.000,0.0,0.000,0.000,0.0
70.2173,29035,321158,0.000,0.000,0.0,0.000,0.000,0.0,0.000,0.000,0.0
70.2173,29036,321163,0.000,0.000,0.0,0.000,0.000,0.0,0.000,0.000,0.0
70.2173,29037,321168,0.000,0.000,0.0,0.000,0.000,0.0,0.000,0.000,0.0
70.2173,29038,321173,0.000,0.000,0.0,0.000,0.000,0.0,0.000,0.000,0.0
70.2173,29039,321178,0.000,0.000,0.0,0.000,0.000,0.0,0.000,0.000,0.0
70.2173,29040,321183,0.000,0.000,0.0,0.000,0.000,0.0,0.000,0.000,0.0
70.2173,29041,321188,0.000,0.000,0.0,0.000,0.000,0.0,0.000,0.000,0.0
70.2173,29042,321193,0.000,0.000,0.0,0.000,0.000,0.0,0.000,0.000,0.0
70.2173,29043,321198,0.000,0.000,0.0,0.000,0.000,0.0,0.000,0.000,0.0
70.2173,29044,321203,0.000,0.000,0.0,0.000,0.000,0.0,0.000,0.000,0.0
70.2173,29045,321208,0.000,0.000,0.0,0.000,0.000,0.0,0.000,0.000,0.0
70.2173,29046,321213,0.000,0.000,0.0,0.000,0.000,0.0,0.000,0.000,0.0
70.2173,29047,321218,0.000,0.000,0.0,0.000,0.000,0.0,0.000,0.000,0.0
70.2319,29048,321223,0.000,0.000,0.0,0.000,0.000,0.0,0.000,0.000,0.0
70.2319,29049,321228,0.000,0.000,0.0,0.000,0.000,0.0,0.000,0.000,0.0
70.2319,29050,321233,0.000,0.000,0.0,0.000,0.000,0.0,0.000,0.000,0.0
70.2319,29051,321238,0.000,0.000,0.0,0.000,0.000,0.0,0.000,0.000,0.0
70.2319,29052,321243,0.000,0.000,0.0,0.000,0.000,0.0,0.000,0.000,0.0
70.2319,29053,321248,0.000,0.000,0.0,0.000,0.000,0.0,0.000,0.000,0.0
70.2319,29054,321253,0.000,0.000,0.0,0.000,0.000,0.0,0.000,0.000,0.0
70.2319,29055,321258,0.000,0.000,0.0,0.000,0.000,0.0,0.000,0.000,0.0
70.2319,29056,321263,0.000,0.000,0.0,0.000,0.000,0.0,0.000,0.000,0.0
70.2319,29057,321268,0.000,0.000,0.0,0.000,0.000,0.0,0.000,0.000,0.0
70.2319,29058,321273,0.000,0.000,0.0,0.000,0.000,0.0,0.000,0.000,0.0
70.2319,29059,321278,0.000,0.000,0.0,0.000,0.000,0.0,0.000,0.000,0.0
70.2319,29060,321283,0.000,0.000,0.0,0.000,0.000,0.0,0.000,0.000,0.0
70.2319,29061,321288,0.000,0.000,0.0,0.000,0.000,0.0,0.000,0.000,0.0
70.2319,29062,321293,0.000,0.000,0.0,0.000,0.000,0.0,0.000,0.000,0.0
70.2319,29063,321298,0.000,0.000,0.0,0.000,0.000,0.0,0.000,0.000,0.0
70.2833,29064,321303,0.000,0.000,0.0,0.000,0.000,0.0,0.000,0.000,0.0
70.2833,29065,321308,0.000,0.000,0.0,0.000,0.000,0.0,0.000,0.000,0.0
70.2833,29066,321313,0.000,0.000,0.0,0.000,0.000,0.0,0.000,0.000,0.0
70.2833,29067,321318,0.000,0.000,0.0,0.000,0.000,0.0,0.000,0.000,0.0
70.2833,29068,321323,0.000,0.000,0.0,0.000,0.000,0.0,0.000,0.000,0.0
70.2833,29069,321328,0.000,0.000,0.0,0.000,0.000,0.0,0.000,0.000,0.0
70.2833,29070,321333,0.000,0.000,0.0,0.000,0.000,0.0,0.000,0.000,0.0
70.2833,29071,321338,0.000,0.000,0.0,0.000,0.000,0.0,0.000,0.000,0.0
70.2833,29072,322562,0.000,0.000,0.0,0.000,0.000,0.0,0.000,0.000,0.0
70.2833,29073,322567,0.000,0.000,0.0,0.000,0.000,0.0,0.000,0.000,0.0
70.2833,29074,322572,0.000,0.000,0.0,0.000,0.000,0.0,0.000,0.000,0.0
70.2833,29075,322577,0.000,0.000,0.0,0.000,0.000,0.0,0.000,0.000,0.0
70.2833,29076,322582,0.000,0.000,0.0,0.000,0.000,0.0,0.000,0.000,0.0
70.2833,29077,322587,0.000,0.000,0.0,0.000,0.000,0.0,0.000,0.000,0.0
70.2833,29078,322592,0.000,0.000,0.0,0.000,0.000,0.0,0.000,0.000,0.0
70.2833,29079,322597,0.000,0.000,0.0,0.000,0.000,0.0,0.000,0.000,0.0
70.2833,29080,322602,0.000,0.000,0.0,0.000,0.000,0.0,0.000,0.000,0.0
70.3925,29081,322607,0.000,0.000,0.0,0.000,0.000,0.0,0.000,0.000,0.0
70.3925,29082,322612,0.000,0.000,0.0,0.000,0.000,0.0,0.000,0.000,0.0
70.3925,29083,322617,0.000,0.000,0.0,0.000,0.000,0.0,0.000,0.000,0.0
70.3925,29084,322622,0.000,0.000,0.0,0.000,0.000,0.0,0.000,0.000,0.0
70.3925,29085,322627,0.000,0.000,0.0,0.000,0.000,0.0,0.000,0.000,0.0
70.3925,29086,322632,0.000,0.000,0.0,0.000,0.000,0.0,0.000,0.000,0.0
70.3925,29087,322637,0.000,0.000,0.0,0.000,0.000,0.0,0.000,0.000,0.0
70.3925,29088,322642,0.000,0.000,0.0,0.000,0.000,0.0,0.000,0.000,0.0
70.3925,29089,322647,0.000,0.000,0.0,0.000,0.000,0.0,0.000,0.000,0.0
70.3925,29090,322652,0.000,0.000,0.0,0.000,0.000,0.0,0.000,0.000,0.0
70.3925,29091,322657,0.000,0.000,0.0,0.000,0.000,0.0,0.000,0.000,0.0
70.3925,29092,322662,0.000,0.000,0.0,0.000,0.000,0.0,0.000,0.000,0.0
70.3925,29093,322667,0.000,0.000,0.0,0.000,0.000,0.0,0.000,0.000,0.0
70.3925,29094,322672,0.000,0.000,0.0,0.000,0.000,0.0,0.000,0.000,0.0
70.3925,29095,322677,0.000,0.000,0.0,0.000,0.000,0.0,0.000,0.000,0.0
70.3925,29096,322682,0.000,0.000,0.0,0.000,0.000,0.0,0.000,0.000,0.0
70.5164,29097,322687,0.000,0.000,0.0,0.000,0.000,0.0,0.000,0.000,0.0
70.5164,29098,322692,0.000,0.000,0.0,0.000,0.000,0.0,0.000,0.000,0.0
70.5164,29099,322697,0.000,0.000,0.0,0.000,0.000,0.0,0.000,0.000,0.0
70.5164,29100,322702,0.000,0.000,0.0,0.000,0.000,0.0,0.000,0.000,0.0
70.5174,29101,322707,0.000,0.000,0.0,0.000,0.000,0.0,0.000,0.000,0.0
70.5174,29102,322712,0.000,0.000,0.0,0.000,0.000,0.0,0.000,0.000,0.0
70.5174,29103,322717,0.000,0.000,0.0,0.000,0.000,0.0,0.000,0.000,0.0
70.5174,29104,322722,0.000,0.000,0.0,0.000,0.000,0.0,0.000,0.000,0.0
70.5174,29105,322727,0.000,0.000,0.0,0.000,0.000,0.0,0.000,0.000,0.0
70.5174,29106,322732,0.000,0.000,0.0,0.000,0.000,0.0,0.000,0.000,0.0
70.5174,29107,322737,0.000,0.000,0.0,0.000,0.000,0.0,0.000,0.000,0.0
70.5174,29108,322742,0.000,0.000,0.0,0.000,0.000,0.0,0.000,0.000,0.0
70.5174,29109,322747,0.000,0.000,0.0,0.000,0.000,0.0,0.000,0.000,0.0
70.5174,29110,322752,0.000,0.000,0.0,0.000,0.000,0.0,0.000,0.000,0.0
70.5174,29111,322757,0.000,0.000,0.0,0.000,0.000,0.0,0.000,0.000,0.0
70.5174,29112,322762,0.000,0.000,0.0,0.000,0.000,0.0,0.000,0.000,0.0
70.5174,29113,322767,0.000,0.000,0.0,0.000,0.000,0.0,0.000,0.000,0.0
70.5174,29114,322772,0.000,0.000,0.0,0.000,0.000,0.0,0.000,0.000,0.0
70.5174,29115,322777,0.000,0.000,0.0,0.000,0.000,0.0,0.000,0.000,0.0
70.5174,29116,322782,0.000,0.000,0.0,0.000,0.000,0.0,0.000,0.000,0.0
70.5174,29117,322787,0.000,0.000,0.0,0.000,0.000,0.0,0.000,0.000,0.0
70.5174,29118,322792,0.000,0.000,0.0,0.000,0.000,0.0,0.000,0.000,0.0
70.5174,29119,322797,0.000,0.000,0.0,0.000,0.000,0.0,0.000,0.000,0.0
70.5174,29120,322802,0.000,0.000,0.0,0.000,0.000,0.0,0.000,0.000,0.0
70.5892,29121,322807,0.000,0.000,0.0,0.000,0.000,0.0,0.000,0.000,0.0
70.5892,29122,322812,0.000,0.000,0.0,0.000,0.000,0.0,0.000,0.000,0.0
70.5892,29123,322817,0.000,0.000,0.0,0.000,0.000,0.0,0.000,0.000,0.0
70.5892,29124,322822,0.000,0.000,0.0,0.000,0.000,0.0,0.000,0.000,0.0
70.5892,29125,322827,0.000,0.000,0.0,0.000,0.000,0.0,0.000,0.000,0.0
70.5892,29126,322832,0.000,0.000,0.0,0.000,0.000,0.0,0.000,0.000,0.0
70.5892,29127,322837,0.000,0.000,0.0,0.000,0.000,0.0,0.000,0.000,0.0
70.5892,29128,322842,0.000,0.000,0.0,0.000,0.000,0.0,0.000,0.000,0.0
70.5892,29129,322847,0.000,0.000,0.0,0.000,0.000,0.0,0.000,0.000,0.0
70.5892,29130,322852,0.000,0.000,0.0,0.000,0.000,0.0,0.000,0.000,0.0
70.5892,29131,322857,0.000,0.000,0.0,0.000,0.000,0.0,0.000,0.000,0.0
70.5892,29132,322862,0.000,0.000,0.0,0.000,0.000,0.0,0.000,0.000,0.0
70.5892,29133,322867,0.000,0.000,0.0,0.000,0.000,0.0,0.000,0.000,0.0
70.5892,29134,322872,0.000,0.000,0.0,0.000,0.000,0.0,0.000,0.000,0.0
70.5892,29135,322877,0.000,0.000,0.0,0.000,0.000,0.0,0.000,0.000,0.0
70.5892,29136,322882,0.000,0.000,0.0,0.000,0.000,0.0,0.000,0.000,0.0
70.7234,29137,322887,0.000,0.000,0.0,0.000,0.000,0.0,0.000,0.000,0.0
70.7234,29138,322892,0.000,0.000,0.0,0.000,0.000,0.0,0.000,0.000,0.0
70.7234,29139,322897,0.000,0.000,0.0,0.000,0.000,0.0,0.000,0.000,0.0
70.7234,29140,322902,0.000,0.000,0.0,0.000,0.000,0.0,0.000,0.000,0.0
70.7234,29141,322907,0.000,0.000,0.0,0.000,0.000,0.0,0.000,0.000,0.0
70.7234,29142,322912,0.000,0.000,0.0,0.000,0.000,0.0,0.000,0.000,0.0
70.7234,29143,322917,0.000,0.000,0.0,0.000,0.000,0.0,0.000,0.000,0.0
70.7234,29144,322922,0.000,0.000,0.0,0.000,0.000,0.0,0.000,0.000,0.0
70.7234,29145,322927,0.000,0.000,0.0,0.000,0.000,0.0,0.000,0.000,0.0
70.7234,29146,322932,0.000,0.000,0.0,0.000,0.000,0.0,0.000,0.000,0.0
70.7234,29147,322937,0.000,0.000,0.0,0.000,0.000,0.0,0.000,0.000,0.0
70.7234,29148,322942,0.000,0.000,0.0,0.000,0.000,0.0,0.000,0.000,0.0
70.7234,29149,322947,0.000,0.000,0.0,0.000,0.000,0.0,0.000,0.000,0.0
70.7234,29150,322952,0.000,0.000,0.0,0.000,0.000,0.0,0.000,0.000,0.0
70.7234,29151,322957,0.000,0.000,0.0,0.000,0.000,0.0,0.000,0.000,0.0
70.7234,29152,322962,0.000,0.000,0.0,0.000,0.000,0.0,0.000,0.000,0.0
70.7887,29153,322967,0.000,0.000,0.0,0.000,0.000,0.0,0.000,0.000,0.0
70.7887,29154,322972,0.000,0.000,0.0,0.000,0.000,0.0,0.000,0.000,0.0
70.7887,29155,322977,0.000,0.000,0.0,0.000,0.000,0.0,0.000,0.000,0.0
70.7887,29156,322982,0.000,0.000,0.0,0.000,0.000,0.0,0.000,0.000,0.0
70.7887,29157,322987,0.000,0.000,0.0,0.000,0.000,0.0,0.000,0.000,0.0
70.7887,29158,322992,0.000,0.000,0.0,0.000,0.000,0.0,0.000,0.000,0.0
70.7887,29159,322997,0.000,0.000,0.0,0.000,0.000,0.0,0.000,0.000,0.0
70.7887,29160,323002,0.000,0.000,0.0,0.000,0.000,0.0,0.000,0.000,0.0
70.7887,29161,323007,0.000,0.000,0.0,0.000,0.000,0.0,0.000,0.000,0.0
70.7887,29162,323012,0.000,0.000,0.0,0.000,0.000,0.0,0.000,0.000,0.0
70.7887,29163,323017,0.000,0.000,0.0,0.000,0.000,0.0,0.000,0.000,0.0
70.7887,29164,323022,0.000,0.000,0.0,0.000,0.000,0.0,0.000,0.000,0.0
70.7887,29165,323027,0.000,0.000,0.0,0.000,0.000,0.0,0.000,0.000,0.0
70.7887,29166,323032,0.000,0.000,0.0,0.000,0.000,0.0,0.000,0.000,0.0
70.7887,29167,323037,0.000,0.000,0.0,0.000,0.000,0.0,0.000,0.000,0.0
70.7887,29168,323042,0.000,0.000,0.0,0.000,0.000,0.0,0.000,0.000,0.0
70.7887,29169,323047,0.000,0.000,0.0,0.000,0.000,0.0,0.000,0.000,0.0
70.7887,29170,323052,0.000,0.000,0.0,0.000,0.000,0.0,0.000,0.000,0.0
70.7887,29171,323057,0.000,0.000,0.0,0.000,0.000,0.0,0.000,0.000,0.0
70.7887,29172,323062,0.000,0.000,0.0,0.000,0.000,0.0,0.000,0.000,0.0
70.7887,29173,323067,0.000,0.000,0.0,0.000,0.000,0.0,0.000,0.000,0.0
70.7887,29174,323072,0.000,0.000,0.0,0.000,0.000,0.0,0.000,0.000,0.0
70.7887,29175,323077,0.000,0.000,0.0,0.000,0.000,0.0,0.000,0.000,0.0
70.7887,29176,323082,0.000,0.000,0.0,0.000,0.000,0.0,0.000,0.000,0.0
70.8477,29177,323087,0.000,0.000,0.0,0.000,0.000,0.0,0.000,0.000,0.0
70.8477,29178,323092,0.000,0.000,0.0,0.000,0.000,0.0,0.000,0.000,0.0
70.8477,29179,323097,0.000,0.000,0.0,0.000,0.000,0.0,0.000,0.000,0.0
70.8477,29180,323102,0.000,0.000,0.0,0.000,0.000,0.0,0.000,0.000,0.0
70.8477,29181,323107,0.000,0.000,0.0,0.000,0.000,0.0,0.000,0.000,0.0
70.8477,29182,323112,0.000,0.000,0.0,0.000,0.000,0.0,0.000,0.000,0.0
70.8477,29183,323117,0.000,0.000,0.0,0.000,0.000,0.0,0.000,0.000,0.0
70.8477,29184,323122,0.000,0.000,0.0,0.000,0.000,0.0,0.000,0.000,0.0
70.8477,29185,323127,0.000,0.000,0.0,0.000,0.000,0.0,0.000,0.000,0.0
70.8477,29186,323132,0.000,0.000,0.0,0.000,0.000,0.0,0.000,0.000,0.0
70.8477,29187,323137,0.000,0.000,0.0,0.000,0.000,0.0,0.000,0.000,0.0
70.8477,29188,323142,0.000,0.000,0.0,0.000,0.000,0.0,0.000,0.000,0.0
70.8477,29189,323147,0.000,0.000,0.0,0.000,0.000,0.0,0.000,0.000,0.0
70.8477,29190,323152,0.000,0.000,0.0,0.000,0.000,0.0,0.000,0.000,0.0
70.8477,29191,323157,0.000,0.000,0.0,0.000,0.000,0.0,0.000,0.000,0.0
70.8477,29192,323162,0.000,0.000,0.0,0.000,0.000,0.0,0.000,0.000,0.0
70.9478,29193,323167,0.000,0.000,0.0,0.000,0.000,0.0,0.000,0.000,0.0
70.9478,29194,323172,0.000,0.000,0.0,0.000,0.000,0.0,0.000,0.000,0.0
70.9478,29195,323177,0.000,0.000,0.0,0.000,0.000,0.0,0.000,0.000,0.0
70.9478,29196,323182,0.000,0.000,0.0,0.000,0.000,0.0,0.000,0.000,0.0
70.9478,29197,323187,0.000,0.000,0.0,0.000,0.000,0.0,0.000,0.000,0.0
70.9478,29198,323192,0.000,0.000,0.0,0.000,0.000,0.0,0.000,0.000,0.0
70.9478,29199,323197,0.000,0.000,0.0,0.000,0.000,0.0,0.000,0.000,0.0
70.9478,29200,323202,0.000,0.000,0.0,0.000,0.000,0.0,0.000,0.000,0.0
70.9478,29201,323207,0.000,0.000,0.0,0.000,0.000,0.0,0.000,0.000,0.0
70.9478,29202,323212,0.000,0.000,0.0,0.000,0.000,0.0,0.000,0.000,0.0
70.9478,29203,323217,0.000,0.000,0.0,0.000,0.000,0.0,0.000,0.000,0.0
70.9478,29204,323222,0.000,0.000,0.0,0.000,0.000,0.0,0.000,0.000,0.0
70.9478,29205,323227,0.000,0.000,0.0,0.000,0.000,0.0,0.000,0.000,0.0
70.9478,29206,323232,0.000,0.000,0.0,0.000,0.000,0.0,0.000,0.000,0.0
70.9478,29207,323237,0.000,0.000,0.0,0.000,0.000,0.0,0.000,0.000,0.0
70.9478,29208,323242,0.000,0.000,0.0,0.000,0.000,0.0,0.000,0.000,0.0
71.0063,29209,323247,0.000,0.000,0.0,0.000,0.000,0.0,0.000,0.000,0.0
71.0063,29210,323252,0.000,0.000,0.0,0.000,0.000,0.0,0.000,0.000,0.0
71.0063,29211,323257,0.000,0.000,0.0,0.000,0.000,0.0,0.000,0.000,0.0
71.0063,29212,323262,0.000,0.000,0.0,0.000,0.000,0.0,0.000,0.000,0.0
71.0063,29213,323267,0.000,0.000,0.0,0.000,0.000,0.0,0.000,0.000,0.0
71.0063,29214,323272,0.000,0.000,0.0,0.000,0.000,0.0,0.000,0.000,0.0
71.0063,29215,323277,0.000,0.000,0.0,0.000,0.000,0.0,0.000,0.000,0.0
71.0063,29216,323282,0.000,0.000,0.0,0.000,0.000,0.0,0.000,0.000,0.0
71.0063,29217,323287,0.000,0.000,0.0,0.000,0.000,0.0,0.000,0.000,0.0
71.0063,29218,323292,0.000,0.000,0.0,0.000,0.000,0.0,0.000,0.000,0.0
71.0063,29219,323297,0.000,0.000,0.0,0.000,0.000,0.0,0.000,0.000,0.0
71.0063,29220,323302,0.000,0.000,0.0,0.000,0.000,0.0,0.000,0.000,0.0
71.0063,29221,323307,0.000,0.000,0.0,0.000,0.000,0.0,0.000,0.000,0.0
71.0063,29222,323312,0.000,0.000,0.0,0.000,0.000,0.0,0.000,0.000,0.0
71.0063,29223,323317,0.000,0.000,0.0,0.000,0.000,0.0,0.000,0.000,0.0
71.0063,29224,323322,0.000,0.000,0.0,0.000,0.000,0.0,0.000,0.000,0.0
88.8495,29225,323327,0.000,0.000,0.0,0.000,0.000,0.0,0.000,0.000,0.0
88.8495,29226,323332,0.000,0.000,0.0,0.000,0.000,0.0,0.000,0.000,0.0
88.8495,29227,323337,0.000,0.000,0.0,0.000,0.000,0.0,0.000,0.000,0.0
88.8495,29228,323342,0.000,0.000,0.0,0.000,0.000,0.0,0.000,0.000,0.0
88.8495,29229,323347,0.000,0.000,0.0,0.000,0.000,0.0,0.000,0.000,0.0
88.8495,29230,323352,0.000,0.000,0.0,0.000,0.000,0.0,0.000,0.000,0.0
88.8495,29231,323357,0.000,0.000,0.0,0.000,0.000,0.0,0.000,0.000,0.0
88.8495,29232,323362,0.000,0.000,0.0,0.000,0.000,0.0,0.000,0.000,0.0
88.8495,29233,323367,0.000,0.000,0.0,0.000,0.000,0.0,0.000,0.000,0.0
88.8495,29234,323372,0.000,0.000,0.0,0.000,0.000,0.0,0.000,0.000,0.0
88.8495,29235,323377,0.000,0.000,0.0,0.000,0.000,0.0,0.000,0.000,0.0
88.8495,29236,323382,0.000,0.000,0.0,0.000,0.000,0.0,0.000,0.000,0.0
88.8495,29237,323387,0.000,0.000,0.0,0.000,0.000,0.0,0.000,0.000,0.0
88.8495,29238,323392,0.000,0.000,0.0,0.000,0.000,0.0,0.000,0.000,0.0
88.8495,29239,323397,0.000,0.000,0.0,0.000,0.000,0.0,0.000,0.000,0.0
88.8495,29240,323402,0.000,0.000,0.0,0.000,0.000,0.0,0.000,0.000,0.0
88.8495,29241,323407,0.000,0.000,0.0,0.000,0.000,0.0,0.000,0.000,0.0
88.8495,29242,323412,0.000,0.000,0.0,0.000,0.000,0.0,0.000,0.000,0.0
88.8495,29243,323417,0.000,0.000,0.0,0.000,0.000,0.0,0.000,0.000,0.0
88.8495,29244,323422,0.000,0.000,0.0,0.000,0.000,0.0,0.000,0.000,0.0
88.8495,29245,323427,0.000,0.000,0.0,0.000,0.000,0.0,0.000,0.000,0.0
88.8495,29246,323432,0.000,0.000,0.0,0.000,0.000,0.0,0.000,0.000,0.0
88.8495,29247,323437,0.000,0.000,0.0,0.000,0.000,0.0,0.000,0.000,0.0
88.8495,29248,323442,0.000,0.000,0.0,0.000,0.000,0.0,0.000,0.000,0.0
88.8495,29249,323447,0.000,0.000,0.0,0.000,0.000,0.0,0.000,0.000,0.0
88.8495,29250,323452,0.000,0.000,0.0,0.000,0.000,0.0,0.000,0.000,0.0
88.8495,29251,323457,0.000,0.000,0.0,0.000,0.000,0.0,0.000,0.000,0.0
88.8495,29252,323462,0.000,0.000,0.0,0.000,0.000,0.0,0.000,0.000,0.0
88.8495,29253,323467,0.000,0.000,0.0,0.000,0.000,0.0,0.000,0.000,0.0
88.8495,29254,323472,0.000,0.000,0.0,0.000,0.000,0.0,0.000,0.000,0.0
88.8495,29255,323477,0.000,0.000,0.0,0.000,0.000,0.0,0.000,0.000,0.0
88.8495,29256,323482,0.000,0.000,0.0,0.000,0.000,0.0,0.000,0.000,0.0
88.8495,29257,323487,0.000,0.000,0.0,0.000,0.000,0.0,0.000,0.000,0.0
88.8495,29258,323492,0.000,0.000,0.0,0.000,0.000,0.0,0.000,0.000,0.0
88.8495,29259,323497,0.000,0.000,0.0,0.000,0.000,0.0,0.000,0.000,0.0
88.8495,29260,323502,0.000,0.000,0.0,0.000,0.000,0.0,0.000,0.000,0.0
88.8495,29261,323507,0.000,0.000,0.0,0.000,0.000,0.0,0.000,0.000,0.0
88.8495,29262,323512,0.000,0.000,0.0,0.000,0.000,0.0,0.000,0.000,0.0
88.8495,29263,323517,0.000,0.000,0.0,0.000,0.000,0.0,0.000,0.000,0.0
88.8495,29264,323522,0.000,0.000,0.0,0.000,0.000,0.0,0.000,0.000,0.0
88.9694,29265,323684,0.000,0.000,0.0,0.000,0.000,0.0,0.000,0.000,0.0
88.9694,29266,323689,0.000,0.000,0.0,0.000,0.000,0.0,0.000,0.000,0.0
88.9694,29267,323694,0.000,0.000,0.0,0.000,0.000,0.0,0.000,0.000,0.0
88.9694,29268,323699,0.000,0.000,0.0,0.000,0.000,0.0,0.000,0.000,0.0
88.9694,29269,323704,0.000,0.000,0.0,0.000,0.000,0.0,0.000,0.000,0.0
88.9694,29270,323709,0.000,0.000,0.0,0.000,0.000,0.0,0.000,0.000,0.0
88.9694,29271,323714,0.000,0.000,0.0,0.000,0.000,0.0,0.000,0.000,0.0
88.9694,29272,323719,0.000,0.000,0.0,0.000,0.000,0.0,0.000,0.000,0.0
91.8563,29281,341300,-30.000,0.000,-189.0,-30.000,0.000,-189.0,-30.000,0.000,-189.0
91.8563,29282,341305,-30.000,-0.182,-189.0,-30.000,0.000,-189.0,-30.000,0.000,-189.0
91.8563,29283,341310,-30.000,-0.363,-189.0,-30.000,-0.182,-189.0,-30.000,-0.182,-189.0
91.8563,29284,341315,-30.000,-0.908,-189.0,-30.000,-0.726,-189.0,-30.000,-0.545,-189.0
91.8563,29285,341320,-30.000,-1.634,-189.0,-30.000,-1.271,-189.0,-30.000,-1.090,-189.0
91.8563,29286,341325,-30.000,-2.361,-189.0,-30.000,-1.998,-189.0,-30.000,-1.634,-189.0
91.8563,29287,341330,-30.000,-3.269,-189.0,-30.000,-2.724,-189.0,-30.000,-2.361,-189.0
91.8563,29288,341335,-30.000,-4.358,-189.0,-30.000,-4.358,-189.0,-30.000,-3.269,-189.0
91.8563,29289,341340,-30.000,-5.448,-189.0,-30.000,-5.266,-189.0,-30.000,-4.177,-189.0
91.8563,29290,341345,-30.000,-6.537,-189.0,-30.000,-6.537,-189.0,-30.000,-5.085,-189.0
91.8563,29291,341350,-30.000,-7.809,-189.0,-30.000,-7.627,-189.0,-30.000,-6.174,-189.0
91.8563,29292,341355,-30.000,-8.898,-189.0,-30.000,-8.898,-189.0,-30.000,-7.445,-189.0
91.8563,29293,341360,-30.000,-9.988,-189.0,-30.000,-10.169,-189.0,-30.000,-8.535,-189.0
91.8563,29294,341365,-30.000,-10.896,-189.0,-30.000,-11.259,-189.0,-30.000,-9.443,-189.0
91.8563,29295,341370,-30.000,-11.622,-189.0,-30.000,-12.167,-189.0,-30.000,-10.351,-189.0
91.8563,29296,341375,-30.000,-12.712,-189.0,-30.000,-12.893,-189.0,-30.000,-11.077,-189.0
91.8563,29297,341380,-30.000,-13.438,-189.0,-30.000,-13.801,-189.0,-30.000,-11.985,-189.0
92.0636,29298,341385,-30.000,-13.801,-189.0,-30.000,-13.801,-189.0,-30.000,-12.530,-189.0
92.0636,29299,341390,-30.000,-14.346,-189.0,-30.000,-14.528,-189.0,-30.000,-13.256,-189.0
92.0636,29300,341395,-30.000,-15.072,-189.0,-30.000,-14.891,-189.0,-30.000,-13.983,-189.0
92.0636,29301,341400,-30.000,-15.436,-158.9,-30.000,-15.617,-157.7,-30.000,-14.528,-164.7
92.0636,29302,341405,-30.000,-15.799,-158.9,-30.000,-16.162,-157.7,-30.000,-14.891,-164.7
92.0636,29303,341410,-30.000,-16.344,-158.9,-30.000,-16.707,-157.7,-30.000,-15.254,-164.7
92.0636,29304,341415,-30.000,-16.525,-158.9,-30.000,-16.707,-157.7,-30.000,-15.799,-164.7
92.0636,29305,341420,-30.000,-17.070,-158.9,-30.000,-17.070,-157.7,-30.000,-15.980,-164.7
92.0636,29306,341425,-30.000,-17.070,-158.9,-30.000,-17.433,-157.7,-30.000,-16.344,-164.7
92.0636,29307,341430,-30.000,-17.252,-158.9,-30.000,-17.615,-157.7,-30.000,-16.525,-164.7
92.0636,29308,341435,-30.000,-17.433,-158.9,-30.000,-17.796,-157.7,-30.000,-16.707,-164.7
92.0636,29309,341440,-30.000,-17.615,-158.9,-30.000,-17.978,-157.7,-30.000,-16.888,-164.7
92.0636,29310,341445,-30.000,-17.433,-158.9,-30.000,-18.341,-157.7,-30.000,-17.070,-164.7
92.0636,29311,341450,-30.000,-17.433,-158.9,-30.000,-18.160,-157.7,-30.000,-17.070,-164.7
92.0636,29312,341455,-30.000,-17.615,-158.9,-30.000,-18.341,-157.7,-30.000,-17.252,-164.7
92.0636,29313,341460,-30.000,-17.433,-158.9,-30.000,-18.341,-157.7,-30.000,-17.433,-164.7
92.1214,29314,341465,-30.000,-17.796,-158.9,-30.000,-18.523,-157.7,-30.000,-17.433,-164.7
92.1214,29315,341470,-30.000,-17.433,-158.9,-30.000,-18.523,-157.7,-30.000,-17.433,-164.7
92.1214,29316,341475,-30.000,-17.433,-158.9,-30.000,-18.523,-157.7,-30.000,-17.796,-164.7
92.1214,29317,341480,-30.000,-17.252,-158.9,-30.000,-18.341,-157.7,-30.000,-17.796,-164.7
92.1214,29318,341485,-30.000,-17.252,-158.9,-30.000,-18.341,-157.7,-30.000,-17.978,-164.7
92.1214,29319,341490,-30.000,-17.252,-158.9,-30.000,-18.341,-157.7,-30.000,-17.978,-164.7
92.1214,29320,341495,-30.000,-17.252,-158.9,-30.000,-17.978,-157.7,-30.000,-17.978,-164.7
92.1214,29321,341500,-30.000,-17.433,-181.4,-30.000,-18.341,-175.2,-30.000,-18.160,-178.7
92.1214,29322,341716,-30.000,-96.972,-0.0,-30.000,-99.333,-0.0,-30.000,-98.606,-0.0
92.1214,29323,344370,-30.000,-116.221,-0.0,-30.000,-122.395,-0.0,-30.000,-119.490,-0.0
92.1214,29324,344375,-30.000,-114.223,-0.0,-30.000,-120.579,-0.0,-30.000,-117.674,-0.0
92.1214,29325,344380,-30.000,-112.589,-0.0,-30.000,-118.763,-0.0,-30.000,-116.039,-0.0
92.1214,29326,344385,-30.000,-110.773,-0.0,-30.000,-116.947,-0.0,-30.000,-114.042,-0.0
92.1214,29327,344390,-30.000,-109.139,-0.0,-30.000,-115.313,-0.0,-30.000,-112.226,-0.0
92.1214,29328,344395,-30.000,-107.504,-0.0,-30.000,-113.497,-0.0,-30.000,-110.410,-0.0
92.1214,29329,344400,-30.000,-105.688,-0.0,-30.000,-111.681,-0.0,-30.000,-108.594,-0.0
92.1214,29330,344405,-30.000,-104.054,-0.0,-30.000,-110.047,-0.0,-30.000,-106.778,-0.0
92.1214,29331,344410,-30.000,-102.238,-0.0,-30.000,-108.049,-0.0,-30.000,-104.962,-0.0
92.2054,29332,344415,-30.000,-20.883,-0.0,-30.000,-25.060,-0.0,-30.000,-22.699,-0.0
92.2054,29333,344420,-30.000,0.000,-0.0,-30.000,0.000,-0.0,-30.000,0.000,-0.0
92.2054,29334,344425,-30.000,0.000,-0.0,-30.000,0.000,-0.0,-30.000,0.000,-0.0
92.2054,29335,344430,-30.000,0.000,-0.0,-30.000,0.000,-0.0,-30.000,0.000,-0.0
92.2054,29336,344435,-30.000,0.000,-0.0,-30.000,0.000,-0.0,-30.000,0.000,-0.0
92.2054,29337,344440,-30.000,0.000,-0.0,-30.000,0.000,-0.0,-30.000,0.000,-0.0
92.2054,29338,344445,-30.000,0.000,-0.0,-30.000,0.000,-0.0,-30.000,0.000,-0.0
92.2054,29339,344450,-30.000,0.000,-0.0,-30.000,0.000,-0.0,-30.000,0.000,-0.0
92.2054,29340,344455,-30.000,0.000,-0.0,-30.000,0.000,-0.0,-30.000,0.000,-0.0
92.2054,29341,344460,-30.000,0.000,-0.0,-30.000,0.000,-0.0,-30.000,0.000,-0.0
92.2054,29342,344465,-30.000,0.000,-0.0,-30.000,0.000,-0.0,-30.000,0.000,-0.0
92.2054,29343,344470,-30.000,0.000,-202.9,-30.000,0.000,-203.7,-30.000,0.000,-203.3
92.2054,29344,344475,-30.000,0.000,-202.9,-30.000,-0.182,-203.7,-30.000,-0.182,-203.3
92.2054,29345,344480,-30.000,-0.363,-202.9,-30.000,-0.363,-203.7,-30.000,-0.363,-203.3
92.2054,29346,344485,-30.000,-0.908,-202.9,-30.000,-1.090,-203.7,-30.000,-0.908,-203.3
92.2054,29347,344490,-30.000,-1.634,-202.9,-30.000,-1.634,-203.7,-30.000,-1.634,-203.3
122.5284,29398,374803,-30.000,-3950.602,-0.0,-30.000,-4042.308,-0.0,-30.000,-3931.717,-0.0
122.5284,29399,374808,-30.000,-3948.786,-0.0,-30.000,-4040.492,-0.0,-30.000,-3929.901,-0.0
122.5284,29400,374813,-30.000,-3946.970,-0.0,-30.000,-4038.676,-0.0,-30.000,-3928.085,-0.0
122.5284,29401,374818,-30.000,-3945.154,-0.0,-30.000,-4036.860,-0.0,-30.000,-3926.269,-0.0
122.5284,29402,374823,-30.000,-3943.338,-0.0,-30.000,-4035.044,-0.0,-30.000,-3924.089,-0.0
122.5284,29403,374828,-30.000,-3941.523,-0.0,-30.000,-4033.228,-0.0,-30.000,-3922.274,-0.0
122.5284,29404,374833,-30.000,-3939.525,-0.0,-30.000,-4031.412,-0.0,-30.000,-3920.458,-0.0
122.5284,29405,374838,-30.000,-3937.709,-0.0,-30.000,-4029.596,-0.0,-30.000,-3918.460,-0.0
122.5284,29406,374843,-30.000,-21.428,-0.0,-30.000,-26.513,-0.0,-30.000,-21.973,-0.0
122.5649,29407,374848,-30.000,0.000,-0.0,-30.000,0.000,-0.0,-30.000,0.000,-0.0
122.5649,29408,374853,-30.000,0.000,-0.0,-30.000,0.000,-0.0,-30.000,0.000,-0.0
122.5649,29409,374858,-30.000,0.000,-0.0,-30.000,0.000,-0.0,-30.000,0.000,-0.0
122.5649,29410,374863,-30.000,0.000,-0.0,-30.000,0.000,-0.0,-30.000,0.000,-0.0
122.5649,29411,374868,-30.000,0.000,-0.0,-30.000,0.000,-0.0,-30.000,0.000,-0.0
122.5649,29412,374873,-30.000,0.000,-0.0,-30.000,0.000,-0.0,-30.000,0.000,-0.0
122.5649,29413,374878,-30.000,0.000,-0.0,-30.000,0.000,-0.0,-30.000,0.000,-0.0
122.5649,29414,374883,-30.000,0.000,-0.0,-30.000,0.000,-0.0,-30.000,0.000,-0.0
122.5976,29415,374888,-30.000,0.000,-0.0,-30.000,0.000,-0.0,-30.000,0.000,-0.0
122.5976,29416,374893,-30.000,0.000,-0.0,-30.000,0.000,-0.0,-30.000,0.000,-0.0
122.5976,29417,374898,-30.000,0.000,-0.0,-30.000,0.000,-0.0,-30.000,0.000,-0.0
122.5976,29418,374903,-30.000,0.000,-255.0,-30.000,0.000,-255.0,-30.000,0.000,-255.0
122.5976,29419,374908,-30.000,-0.182,-255.0,-30.000,-0.182,-255.0,-30.000,0.000,-255.0
122.5976,29420,374913,-30.000,-0.545,-255.0,-30.000,-0.545,-255.0,-30.000,-0.363,-255.0
122.5976,29421,374918,-30.000,-1.271,-255.0,-30.000,-1.090,-255.0,-30.000,-0.726,-255.0
122.5976,29422,374923,-30.000,-1.998,-255.0,-30.000,-1.998,-255.0,-30.000,-1.453,-255.0
124.8331,29423,374928,-30.000,-3.087,-255.0,-30.000,-3.087,-255.0,-30.000,-1.998,-255.0
124.8331,29424,374933,-30.000,-4.540,-255.0,-30.000,-4.177,-255.0,-30.000,-3.087,-255.0
124.8331,29425,374938,-30.000,-5.811,-255.0,-30.000,-5.448,-255.0,-30.000,-3.813,-255.0
124.8331,29426,374943,-30.000,-7.264,-255.0,-30.000,-6.901,-255.0,-30.000,-4.903,-255.0
124.8331,29427,374948,-30.000,-8.717,-255.0,-30.000,-8.717,-255.0,-30.000,-5.811,-255.0
124.8331,29428,374953,-30.000,-10.351,-255.0,-30.000,-10.351,-255.0,-30.000,-7.082,-255.0
124.8331,29429,374958,-30.000,-11.804,-255.0,-30.000,-11.985,-255.0,-30.000,-8.353,-255.0
124.8331,29430,374963,-30.000,-13.256,-255.0,-30.000,-13.620,-255.0,-30.000,-9.261,-255.0
124.8331,29431,374968,-30.000,-14.346,-255.0,-30.000,-14.891,-255.0,-30.000,-10.169,-255.0
124.8331,29432,374973,-30.000,-15.617,-255.0,-30.000,-15.980,-255.0,-30.000,-10.896,-255.0
124.8331,29433,374978,-30.000,-16.525,-255.0,-30.000,-17.070,-255.0,-30.000,-11.985,-255.0
124.8331,29434,374983,-30.000,-17.070,-255.0,-30.000,-18.160,-255.0,-30.000,-12.530,-255.0
124.8331,29435,374988,-30.000,-17.796,-255.0,-30.000,-19.067,-255.0,-30.000,-13.620,-255.0
124.8331,29436,374993,-30.000,-18.523,-255.0,-30.000,-19.794,-255.0,-30.000,-14.164,-255.0
124.8331,29437,374998,-30.000,-19.249,-255.0,-30.000,-20.339,-255.0,-30.000,-15.254,-255.0
124.8331,29438,375003,-30.000,-19.794,-130.9,-30.000,-20.883,-123.9,-30.000,-15.799,-156.6
125.0171,29439,375008,-30.000,-20.339,-130.9,-30.000,-21.973,-123.9,-30.000,-16.525,-156.6
125.0171,29440,375013,-30.000,-20.520,-130.9,-30.000,-22.155,-123.9,-30.000,-17.252,-156.6
125.0171,29441,375018,-30.000,-20.702,-130.9,-30.000,-22.518,-123.9,-30.000,-17.796,-156.6
125.0171,29442,375023,-30.000,-20.702,-130.9,-30.000,-22.518,-123.9,-30.000,-18.341,-156.6
125.0171,29443,375028,-30.000,-20.702,-130.9,-30.000,-22.518,-123.9,-30.000,-18.704,-156.6
125.0171,29444,375033,-30.000,-20.702,-130.9,-30.000,-22.155,-123.9,-30.000,-18.886,-156.6
125.0171,29445,375038,-30.000,-20.520,-130.9,-30.000,-21.973,-123.9,-30.000,-18.886,-156.6
125.0171,29446,375043,-30.000,-20.157,-130.9,-30.000,-21.610,-123.9,-30.000,-19.067,-156.6
125.0171,29447,375048,-30.000,-19.794,-130.9,-30.000,-21.065,-123.9,-30.000,-19.067,-156.6
125.0171,29448,375053,-30.000,-19.431,-130.9,-30.000,-20.702,-123.9,-30.000,-19.067,-156.6
125.0171,29449,375058,-30.000,-18.886,-130.9,-30.000,-19.431,-123.9,-30.000,-18.886,-156.6
125.0171,29450,375063,-30.000,-18.704,-130.9,-30.000,-19.067,-123.9,-30.000,-18.704,-156.6
125.0171,29451,375068,-30.000,-18.523,-130.9,-30.000,-18.523,-123.9,-30.000,-18.704,-156.6
125.0171,29452,375073,-30.000,-18.160,-130.9,-30.000,-18.341,-123.9,-30.000,-18.523,-156.6
125.0171,29453,375078,-30.000,-17.615,-130.9,-30.000,-17.615,-123.9,-30.000,-18.341,-156.6
125.0171,29454,375083,-30.000,-17.252,-130.9,-30.000,-17.615,-123.9,-30.000,-18.341,-156.6
125.0548,29455,375088,-30.000,-17.070,-130.9,-30.000,-17.070,-123.9,-30.000,-18.341,-156.6
125.0548,29456,375093,-30.000,-16.888,-130.9,-30.000,-16.888,-123.9,-30.000,-18.341,-156.6
125.0548,29457,375098,-30.000,-16.525,-130.9,-30.000,-16.888,-123.9,-30.000,-18.160,-156.6
125.0548,29458,375103,-30.000,-16.344,-178.9,-30.000,-16.707,-174.2,-30.000,-18.160,-176.0
125.0548,29459,375108,-30.000,-16.162,-178.9,-30.000,-17.070,-174.2,-30.000,-18.160,-176.0
125.0548,29460,375113,-30.000,-15.980,-178.9,-30.000,-16.707,-174.2,-30.000,-17.978,-176.0
125.0548,29461,375118,-30.000,-15.799,-178.9,-30.000,-16.888,-174.2,-30.000,-17.978,-176.0
125.0548,29462,375123,-30.000,-15.799,-178.9,-30.000,-16.707,-174.2,-30.000,-17.978,-176.0
125.0548,29463,375314,-30.000,-85.531,-0.0,-30.000,-87.347,-0.0,-30.000,-88.074,-0.0
125.0548,29464,375319,-30.000,-85.895,-0.0,-30.000,-87.529,-0.0,-30.000,-88.074,-0.0
125.0548,29465,375324,-30.000,-85.895,-0.0,-30.000,-87.892,-0.0,-30.000,-87.892,-0.0
125.0548,29466,377344,-30.000,-100.059,-0.0,-30.000,-108.049,-0.0,-30.000,-105.688,-0.0
125.0670,29467,377349,-30.000,-98.606,-0.0,-30.000,-106.233,-0.0,-30.000,-103.872,-0.0
125.0680,29468,377354,-30.000,-96.972,-0.0,-30.000,-104.599,-0.0,-30.000,-102.056,-0.0
125.0680,29469,377359,-30.000,-95.519,-0.0,-30.000,-102.601,-0.0,-30.000,-100.241,-0.0
125.0680,29470,377364,-30.000,-93.885,-0.0,-30.000,-101.148,-0.0,-30.000,-98.606,-0.0
125.0680,29471,377369,-30.000,-92.250,-0.0,-30.000,-99.333,-0.0,-30.000,-96.790,-0.0
125.0680,29472,377374,-30.000,-90.616,-0.0,-30.000,-97.698,-0.0,-30.000,-94.974,-0.0
125.0680,29473,377379,-30.000,-19.431,-0.0,-30.000,-25.605,-0.0,-30.000,-23.063,-0.0
125.0680,29474,377384,-30.000,-17.433,-0.0,-30.000,-23.607,-0.0,-30.000,-21.247,-0.0
125.1200,29475,377389,-30.000,-15.799,-0.0,-30.000,-21.791,-0.0,-30.000,-19.612,-0.0
125.1200,29476,377394,-30.000,0.000,-0.0,-30.000,0.000,-0.0,-30.000,0.000,-0.0
125.1200,29477,377399,-30.000,0.000,-0.0,-30.000,0.000,-0.0,-30.000,0.000,-0.0
125.1200,29478,377404,-30.000,0.000,-0.0,-30.000,0.000,-0.0,-30.000,0.000,-0.0
125.1200,29479,377409,-30.000,0.000,-0.0,-30.000,0.000,-0.0,-30.000,0.000,-0.0
125.1200,29480,377414,-30.000,0.000,-0.0,-30.000,0.000,-0.0,-30.000,0.000,-0.0
125.1200,29481,377419,-30.000,0.000,-0.0,-30.000,0.000,-0.0,-30.000,0.000,-0.0
125.1200,29482,377424,-30.000,0.000,-0.0,-30.000,0.000,-0.0,-30.000,0.000,-0.0
147.4354,29483,377429,-30.000,0.000,-0.0,-30.000,0.000,-0.0,-30.000,0.000,-0.0
147.4354,29484,377434,-30.000,0.000,-0.0,-30.000,0.000,-0.0,-30.000,0.000,-0.0
147.4354,29485,377439,-30.000,0.000,-0.0,-30.000,0.000,-0.0,-30.000,0.000,-0.0
147.4354,29486,377444,-30.000,0.000,-201.0,-30.000,0.000,-202.0,-30.000,0.000,-201.7
147.4354,29487,377449,-30.000,0.000,-201.0,-30.000,0.000,-202.0,-30.000,0.000,-201.7
147.4354,29488,377454,-30.000,-0.363,-201.0,-30.000,-0.363,-202.0,-30.000,-0.182,-201.7
147.4354,29489,377459,-30.000,-0.908,-201.0,-30.000,-0.908,-202.0,-30.000,-0.545,-201.7
147.4354,29490,377464,-30.000,-1.453,-201.0,-30.000,-1.634,-202.0,-30.000,-1.090,-201.7
147.4354,29491,377469,-30.000,-2.361,-201.0,-30.000,-2.361,-202.0,-30.000,-1.634,-201.7
147.4354,29492,377474,-30.000,-3.269,-201.0,-30.000,-3.269,-202.0,-30.000,-2.361,-201.7
147.4354,29493,377479,-30.000,-4.177,-201.0,-30.000,-4.358,-202.0,-30.000,-3.087,-201.7
147.4354,29494,377484,-30.000,-5.448,-201.0,-30.000,-5.629,-202.0,-30.000,-3.995,-201.7
147.4354,29495,377489,-30.000,-6.719,-201.0,-30.000,-6.901,-202.0,-30.000,-4.903,-201.7
147.4354,29496,377494,-30.000,-7.809,-201.0,-30.000,-8.172,-202.0,-30.000,-5.993,-201.7
147.4354,29497,377499,-30.000,-9.261,-201.0,-30.000,-9.625,-202.0,-30.000,-7.264,-201.7
147.4354,29498,377504,-30.000,-10.169,-201.0,-30.000,-10.896,-202.0,-30.000,-8.353,-201.7
169.9617,29499,377509,-30.000,-11.077,-201.0,-30.000,-11.804,-202.0,-30.000,-9.261,-201.7
169.9617,29500,377514,-30.000,-11.985,-201.0,-30.000,-12.712,-202.0,-30.000,-10.169,-201.7
169.9617,29501,377519,-30.000,-12.712,-201.0,-30.000,-13.620,-202.0,-30.000,-11.077,-201.7
169.9617,29502,377524,-30.000,-13.256,-201.0,-30.000,-14.528,-202.0,-30.000,-11.985,-201.7
169.9617,29503,377529,-30.000,-13.983,-201.0,-30.000,-15.254,-202.0,-30.000,-12.893,-201.7
169.9617,29504,377534,-30.000,-14.346,-201.0,-30.000,-15.799,-202.0,-30.000,-13.620,-201.7
169.9617,29505,377539,-30.000,-14.891,-201.0,-30.000,-16.344,-202.0,-30.000,-14.528,-201.7
169.9617,29506,377544,-30.000,-15.617,-157.7,-30.000,-17.070,-148.4,-30.000,-15.072,-161.2
169.9617,29507,377549,-30.000,-15.980,-157.7,-30.000,-17.433,-148.4,-30.000,-15.617,-161.2
169.9617,29508,377554,-30.000,-16.525,-157.7,-30.000,-17.615,-148.4,-30.000,-16.162,-161.2
169.9617,29509,377559,-30.000,-16.707,-157.7,-30.000,-17.978,-148.4,-30.000,-16.525,-161.2
169.9617,29510,377564,-30.000,-17.070,-157.7,-30.000,-18.341,-148.4,-30.000,-16.888,-161.2
169.9617,29511,377569,-30.000,-17.433,-157.7,-30.000,-18.523,-148.4,-30.000,-17.252,-161.2
169.9617,29512,377574,-30.000,-17.615,-157.7,-30.000,-18.704,-148.4,-30.000,-17.433,-161.2
169.9617,29513,377579,-30.000,-17.796,-157.7,-30.000,-18.704,-148.4,-30.000,-17.433,-161.2
169.9617,29514,377584,-30.000,-17.978,-157.7,-30.000,-18.523,-148.4,-30.000,-17.615,-161.2
170.2971,29515,377589,-30.000,-17.796,-157.7,-30.000,-18.523,-148.4,-30.000,-17.615,-161.2
170.2971,29516,377594,-30.000,-17.978,-157.7,-30.000,-18.341,-148.4,-30.000,-17.796,-161.2
170.2971,29517,377599,-30.000,-17.978,-157.7,-30.000,-18.341,-148.4,-30.000,-17.796,-161.2
170.2971,29518,377604,-30.000,-17.796,-157.7,-30.000,-18.341,-148.4,-30.000,-17.796,-161.2
170.2971,29519,377609,-30.000,-17.978,-157.7,-30.000,-18.160,-148.4,-30.000,-17.796,-161.2
170.2971,29520,377614,-30.000,-17.796,-157.7,-30.000,-17.978,-148.4,-30.000,-17.796,-161.2
170.2977,29521,377619,-30.000,-17.796,-157.7,-30.000,-17.796,-148.4,-30.000,-17.796,-161.2
170.2977,29522,377624,-30.000,-17.796,-157.7,-30.000,-17.615,-148.4,-30.000,-17.796,-161.2
170.2977,29532,397688,10.000,-3918.460,0.0,10.000,-4101.871,0.0,10.000,-3890.495,0.0
170.2977,29533,399872,10.000,-3916.644,0.0,10.000,-4100.237,0.0,10.000,-3888.678,0.0
170.2977,29534,399877,10.000,-3915.010,0.0,10.000,-4098.421,0.0,10.000,-3886.863,0.0
170.2977,29535,399882,10.000,-3913.194,0.0,10.000,-4096.786,0.0,10.000,-3885.046,0.0
170.2977,29536,399887,10.000,-3911.559,0.0,10.000,-4094.970,0.0,10.000,-3883.230,0.0
170.2977,29537,399892,10.000,-3909.744,0.0,10.000,-4093.336,0.0,10.000,-3881.596,0.0
170.2977,29538,399897,10.000,-3907.928,0.0,10.000,-4091.520,0.0,10.000,-3879.599,0.0
170.2977,29539,399902,10.000,-3906.112,0.0,10.000,-4089.704,0.0,10.000,-3877.783,0.0
170.2977,29540,399907,10.000,-3904.477,0.0,10.000,-4087.888,0.0,10.000,-3875.967,0.0
170.2977,29541,399912,10.000,-19.431,0.0,10.000,-26.331,0.0,10.000,-24.515,0.0
172.7650,29542,399917,10.000,0.000,0.0,10.000,0.000,0.0,10.000,0.000,0.0
172.7650,29543,399922,10.000,0.000,0.0,10.000,0.000,0.0,10.000,0.000,0.0
172.7650,29544,399927,10.000,0.000,0.0,10.000,0.000,0.0,10.000,0.000,0.0
172.7650,29545,399932,10.000,0.000,0.0,10.000,0.000,0.0,10.000,0.000,0.0
172.7650,29546,399937,10.000,0.000,0.0,10.000,0.000,0.0,10.000,0.000,0.0
172.7650,29547,399942,10.000,0.000,0.0,10.000,0.000,0.0,10.000,0.000,0.0
172.7650,29548,399947,10.000,0.000,0.0,10.000,0.000,0.0,10.000,0.000,0.0
172.7650,29549,399952,10.000,0.000,0.0,10.000,0.000,0.0,10.000,0.000,0.0
172.7650,29558,420014,10.000,9288.047,0.0,10.000,10725.010,0.0,10.000,10140.455,0.0
172.7650,29559,422606,10.000,9312.744,0.0,10.000,10759.330,0.0,10.000,10169.873,0.0
172.7650,29560,422611,10.000,9312.744,0.0,10.000,10759.330,0.0,10.000,10169.873,0.0
172.7650,29561,422616,10.000,9312.744,0.0,10.000,10759.330,0.0,10.000,10169.873,0.0
172.7650,29562,422621,10.000,9312.744,0.0,10.000,10759.330,0.0,10.000,10169.873,0.0
172.7650,29563,422626,10.000,9312.744,0.0,10.000,10759.330,0.0,10.000,10169.873,0.0
172.7650,29564,422631,10.000,9312.744,0.0,10.000,10759.330,0.0,10.000,10169.691,0.0
172.7650,29565,422636,10.000,9312.199,0.0,10.000,10758.967,0.0,10.000,10169.510,0.0
172.7650,29566,422641,10.000,9311.654,0.0,10.000,10758.604,0.0,10.000,10169.328,0.0
172.7650,29567,422646,10.000,9310.928,0.0,10.000,10757.877,0.0,10.000,10169.146,0.0
172.7650,29568,422651,10.000,24.697,0.0,10.000,34.321,0.0,10.000,29.418,0.0
172.7650,29569,422656,10.000,0.000,0.0,10.000,0.000,0.0,10.000,0.000,0.0
172.7650,29570,422661,10.000,0.000,0.0,10.000,0.000,0.0,10.000,0.000,0.0
172.7650,29571,422666,10.000,0.000,0.0,10.000,0.000,0.0,10.000,0.000,0.0
172.7650,29572,422671,10.000,0.000,0.0,10.000,0.000,0.0,10.000,0.000,0.0
172.7650,29573,422676,10.000,0.000,0.0,10.000,0.000,0.0,10.000,0.000,0.0
172.7650,29574,422681,10.000,0.000,0.0,10.000,0.000,0.0,10.000,0.000,0.0
172.7650,29575,422686,10.000,0.000,0.0,10.000,0.000,0.0,10.000,0.000,0.0
172.7650,29576,422691,10.000,0.000,0.0,10.000,0.000,0.0,10.000,0.000,0.0
172.7650,29577,422696,10.000,0.000,0.0,10.000,0.000,0.0,10.000,0.000,0.0
172.7650,29578,422701,10.000,0.000,0.0,10.000,0.000,0.0,10.000,0.000,0.0
172.7650,29579,422706,10.000,0.000,255.0,10.000,0.000,255.0,10.000,0.000,255.0
172.7650,29580,422711,10.000,0.182,255.0,10.000,0.000,255.0,10.000,0.182,255.0
172.7650,29581,422716,10.000,0.000,255.0,10.000,0.363,255.0,10.000,0.363,255.0
172.7650,29582,422721,10.000,0.545,255.0,10.000,0.363,255.0,10.000,0.545,255.0
172.7650,29583,422726,10.000,1.453,255.0,10.000,1.271,255.0,10.000,0.726,255.0
172.7650,29584,423220,10.000,212.830,0.0,10.000,241.885,0.0,10.000,208.108,0.0
172.7743,29585,423225,10.000,215.190,0.0,10.000,244.245,0.0,10.000,210.287,0.0
172.7743,29586,423230,10.000,216.461,0.0,10.000,246.243,0.0,10.000,211.922,0.0
172.7743,29587,423235,10.000,218.277,0.0,10.000,248.604,0.0,10.000,213.919,0.0
172.7743,29588,423240,10.000,220.093,0.0,10.000,250.601,0.0,10.000,215.735,0.0
172.7743,29589,423245,10.000,221.728,0.0,10.000,252.417,0.0,10.000,217.369,0.0
172.7743,29590,423250,10.000,222.999,0.0,10.000,254.233,0.0,10.000,218.822,0.0
172.7743,29591,423255,10.000,224.452,0.0,10.000,255.323,0.0,10.000,220.093,0.0
172.7743,29592,423260,10.000,224.996,0.0,10.000,256.776,0.0,10.000,221.183,0.0
172.7958,29593,423265,10.000,225.178,0.0,10.000,257.139,0.0,10.000,222.091,0.0
172.7958,29594,423270,10.000,14.709,0.0,10.000,17.796,0.0,10.000,15.799,0.0
172.7958,29595,423275,10.000,13.256,0.0,10.000,16.525,0.0,10.000,14.709,0.0
172.7958,29596,423280,10.000,12.893,0.0,10.000,15.617,0.0,10.000,13.983,0.0
172.7958,29597,423285,10.000,11.804,0.0,10.000,14.164,0.0,10.000,12.893,0.0
172.7958,29598,423290,10.000,10.714,0.0,10.000,13.075,0.0,10.000,11.804,0.0
172.7958,29599,423295,10.000,9.806,0.0,10.000,11.985,0.0,10.000,10.896,0.0
172.7958,29600,423300,10.000,8.898,0.0,10.000,10.896,0.0,10.000,9.988,0.0
173.0113,29602,425170,10.000,12.712,8.7,10.000,19.612,0.0,10.000,14.891,0.0
173.0113,29603,425175,10.000,11.622,8.7,10.000,18.341,0.0,10.000,13.801,0.0
173.0113,29604,425180,10.000,10.714,8.7,10.000,17.070,0.0,10.000,12.712,0.0
173.0113,29605,425185,10.000,9.806,8.7,10.000,15.980,0.0,10.000,11.622,0.0
173.0113,29606,425190,10.000,8.898,8.7,10.000,14.891,0.0,10.000,10.714,0.0
173.0113,29607,425195,10.000,8.172,8.7,10.000,13.983,0.0,10.000,9.806,0.0
173.0113,29608,425200,10.000,7.445,8.7,10.000,13.075,0.0,10.000,9.080,0.0
173.0113,29609,425205,10.000,6.719,8.7,10.000,12.348,0.0,10.000,8.353,0.0
173.0113,29610,425210,10.000,6.174,25.0,10.000,11.622,0.0,10.000,7.627,16.0
173.0113,29611,425215,10.000,0.000,25.0,10.000,0.000,0.0,10.000,0.000,16.0
173.0113,29612,425220,10.000,0.000,25.0,10.000,0.000,0.0,10.000,0.000,16.0
173.0113,29613,425225,10.000,0.000,25.0,10.000,0.000,0.0,10.000,0.000,16.0
173.0113,29614,425230,10.000,0.000,25.0,10.000,0.000,0.0,10.000,0.000,16.0
173.0113,29615,425235,10.000,0.000,25.0,10.000,0.000,0.0,10.000,0.000,16.0
173.0113,29616,425240,10.000,0.000,25.0,10.000,0.000,0.0,10.000,0.000,16.0
173.0113,29617,425245,10.000,0.000,25.0,10.000,0.000,0.0,10.000,0.000,16.0
173.1208,29618,425250,10.000,0.000,25.0,10.000,0.000,0.0,10.000,0.000,16.0
173.1208,29619,425255,10.000,0.000,25.0,10.000,0.000,0.0,10.000,0.000,16.0
173.1208,29620,425260,10.000,0.000,25.0,10.000,0.000,0.0,10.000,0.000,16.0
173.1208,29621,425265,10.000,0.000,25.0,10.000,0.000,0.0,10.000,0.000,16.0
173.1208,29622,425270,10.000,0.000,25.0,10.000,0.000,0.0,10.000,0.000,16.0
173.1208,29623,425275,10.000,0.000,25.0,10.000,0.000,0.0,10.000,0.000,16.0
173.1208,29624,425280,10.000,0.000,25.0,10.000,0.000,0.0,10.000,0.000,16.0
173.1208,29625,425285,10.000,0.000,25.0,10.000,0.000,0.0,10.000,0.000,16.0
173.1208,29626,425290,10.000,0.000,25.0,10.000,0.000,0.0,10.000,0.000,16.0
173.1208,29627,425295,10.000,0.000,25.0,10.000,0.000,0.0,10.000,0.000,16.0
173.1208,29628,425300,10.000,0.000,25.0,10.000,0.000,0.0,10.000,0.000,16.0
173.1208,29629,425305,10.000,0.000,25.0,10.000,0.000,0.0,10.000,0.000,16.0
173.1208,29630,425310,10.000,0.000,72.5,10.000,0.000,64.4,10.000,0.000,69.4
173.1208,29631,425315,10.000,0.000,72.5,10.000,0.000,64.4,10.000,0.000,69.4
173.1208,29632,425320,10.000,0.182,72.5,10.000,0.182,64.4,10.000,0.182,69.4
173.1208,29633,425325,10.000,0.182,72.5,10.000,0.182,64.4,10.000,0.182,69.4
173.1745,29634,425330,10.000,0.545,72.5,10.000,0.545,64.4,10.000,0.363,69.4
173.1745,29635,425335,10.000,0.726,72.5,10.000,0.726,64.4,10.000,0.726,69.4
173.1745,29636,425340,10.000,0.908,72.5,10.000,1.090,64.4,10.000,0.908,69.4
173.1745,29637,425345,10.000,1.271,72.5,10.000,1.453,64.4,10.000,1.271,69.4
173.1745,29638,425350,10.000,1.634,72.5,10.000,1.816,64.4,10.000,1.634,69.4
173.1745,29639,425355,10.000,2.179,72.5,10.000,2.179,64.4,10.000,1.998,69.4
173.1745,29640,425360,10.000,2.542,72.5,10.000,2.724,64.4,10.000,2.361,69.4
173.1745,29641,425365,10.000,3.087,72.5,10.000,3.269,64.4,10.000,2.906,69.4
173.1745,29642,425370,10.000,3.269,72.5,10.000,3.632,64.4,10.000,3.087,69.4
173.1745,29643,425375,10.000,3.813,72.5,10.000,4.177,64.4,10.000,3.632,69.4
173.1745,29644,425380,10.000,3.995,72.5,10.000,4.358,64.4,10.000,3.995,69.4
173.1745,29645,425385,10.000,4.540,72.5,10.000,4.903,64.4,10.000,4.177,69.4
173.1745,29646,425390,10.000,4.903,72.5,10.000,5.085,64.4,10.000,4.721,69.4
173.1745,29647,425395,10.000,5.266,72.5,10.000,5.448,64.4,10.000,4.903,69.4
173.1745,29648,425400,10.000,5.448,72.5,10.000,5.811,64.4,10.000,5.266,69.4
173.1745,29649,425405,10.000,5.629,72.5,10.000,6.174,64.4,10.000,5.448,69.4
173.2188,29650,425410,10.000,5.811,57.5,10.000,6.356,45.2,10.000,5.811,54.2
173.2188,29651,425415,10.000,5.993,57.5,10.000,6.356,45.2,10.000,5.993,54.2
173.2188,29652,425420,10.000,6.356,57.5,10.000,6.537,45.2,10.000,6.174,54.2
173.2188,29653,425425,10.000,6.537,57.5,10.000,6.719,45.2,10.000,6.356,54.2
173.2188,29654,425430,10.000,6.537,57.5,10.000,6.901,45.2,10.000,6.537,54.2
173.2188,29655,425435,10.000,6.537,57.5,10.000,6.901,45.2,10.000,6.719,54.2
173.2188,29656,425440,10.000,6.719,57.5,10.000,7.082,45.2,10.000,6.537,54.2
173.2188,29657,425445,10.000,6.719,57.5,10.000,7.082,45.2,10.000,6.719,54.2
173.2188,29658,425450,10.000,6.901,57.5,10.000,6.901,45.2,10.000,6.719,54.2
173.2188,29659,425455,10.000,6.719,57.5,10.000,6.901,45.2,10.000,6.901,54.2
173.2188,29660,425460,10.000,6.901,57.5,10.000,6.901,45.2,10.000,6.901,54.2
173.2188,29661,425465,10.000,6.901,57.5,10.000,7.082,45.2,10.000,6.719,54.2
173.2188,29662,425470,10.000,6.901,57.5,10.000,6.901,45.2,10.000,6.901,54.2
173.2188,29663,425475,10.000,6.719,57.5,10.000,6.901,45.2,10.000,6.901,54.2
173.2188,29664,425480,10.000,6.901,57.5,10.000,6.901,45.2,10.000,6.901,54.2
173.2188,29665,425485,10.000,6.901,57.5,10.000,6.901,45.2,10.000,6.901,54.2
173.2332,29666,425490,10.000,6.719,57.5,10.000,6.719,45.2,10.000,6.901,54.2
173.2332,29667,425495,10.000,6.719,57.5,10.000,6.719,45.2,10.000,6.901,54.2
173.2332,29668,425500,10.000,6.537,57.5,10.000,6.901,45.2,10.000,6.901,54.2
173.2332,29669,425505,10.000,6.719,57.5,10.000,6.719,45.2,10.000,6.901,54.2
173.2332,29670,425510,10.000,6.537,63.2,10.000,6.719,52.0,10.000,6.901,57.5
173.2332,29671,425515,10.000,6.537,63.2,10.000,6.719,52.0,10.000,7.082,57.5
173.2332,29672,425520,10.000,6.356,63.2,10.000,6.719,52.0,10.000,7.082,57.5
173.2332,29673,425525,10.000,6.356,63.2,10.000,6.719,52.0,10.000,6.901,57.5
204.0208,29725,456159,15.000,63.740,0.0,15.000,72.093,0.0,15.000,66.464,0.0
204.0208,29726,456164,15.000,63.014,0.0,15.000,71.367,0.0,15.000,65.737,0.0
204.0208,29727,456169,15.000,62.287,0.0,15.000,70.459,0.0,15.000,64.829,0.0
204.0208,29728,456174,15.000,61.561,0.0,15.000,69.733,0.0,15.000,64.103,0.0
204.0208,29729,456179,15.000,60.834,0.0,15.000,68.825,0.0,15.000,63.195,0.0
204.0208,29730,456184,15.000,60.108,0.0,15.000,68.098,0.0,15.000,62.469,0.0
204.0208,29731,456189,15.000,59.382,0.0,15.000,67.190,0.0,15.000,61.561,0.0
204.0208,29732,456194,15.000,8.535,0.0,15.000,13.256,0.0,15.000,9.261,0.0
204.0208,29733,456199,15.000,0.000,0.0,15.000,0.000,0.0,15.000,0.000,0.0
204.0208,29734,456204,15.000,0.000,0.0,15.000,0.000,0.0,15.000,0.000,0.0
204.0208,29735,456209,15.000,0.000,0.0,15.000,0.000,0.0,15.000,0.000,0.0
204.0208,29736,456214,15.000,0.000,0.0,15.000,0.000,0.0,15.000,0.000,0.0
204.0208,29737,456219,15.000,0.000,0.0,15.000,0.000,0.0,15.000,0.000,0.0
204.0208,29738,456224,15.000,0.000,102.2,15.000,0.000,103.3,15.000,0.000,102.6
204.0208,29739,456229,15.000,0.000,102.2,15.000,0.000,103.3,15.000,0.000,102.6
204.0208,29740,456234,15.000,0.182,102.2,15.000,0.182,103.3,15.000,0.182,102.6
204.0378,29741,456239,15.000,0.363,102.2,15.000,0.545,103.3,15.000,0.363,102.6
204.0378,29742,456244,15.000,0.726,102.2,15.000,0.908,103.3,15.000,0.726,102.6
204.0378,29743,456249,15.000,1.090,102.2,15.000,1.271,103.3,15.000,1.090,102.6
204.0378,29744,456254,15.000,1.453,102.2,15.000,1.816,103.3,15.000,1.453,102.6
204.0378,29745,456259,15.000,1.998,102.2,15.000,2.361,103.3,15.000,1.998,102.6
204.0378,29746,456264,15.000,2.542,102.2,15.000,3.087,103.3,15.000,2.542,102.6
204.0378,29747,456269,15.000,3.087,102.2,15.000,3.813,103.3,15.000,3.087,102.6
204.0378,29748,456274,15.000,3.813,102.2,15.000,4.540,103.3,15.000,3.813,102.6
204.0378,29749,456279,15.000,4.540,102.2,15.000,5.448,103.3,15.000,4.358,102.6
204.0378,29750,456284,15.000,4.721,102.2,15.000,5.811,103.3,15.000,4.903,102.6
204.0378,29751,456289,15.000,5.266,102.2,15.000,6.174,103.3,15.000,5.629,102.6
204.0378,29752,456294,15.000,5.629,102.2,15.000,6.537,103.3,15.000,5.993,102.6
204.0378,29753,456299,15.000,6.174,102.2,15.000,7.082,103.3,15.000,6.537,102.6
204.0378,29754,456304,15.000,6.719,102.2,15.000,7.627,103.3,15.000,7.082,102.6
204.0378,29755,456309,15.000,6.901,102.2,15.000,7.627,103.3,15.000,7.264,102.6
204.0378,29756,456314,15.000,7.264,102.2,15.000,7.990,103.3,15.000,7.809,102.6
204.0508,29757,456319,15.000,7.627,102.2,15.000,8.172,103.3,15.000,8.172,102.6
204.0518,29758,456324,15.000,7.809,78.9,15.000,8.535,74.2,15.000,8.353,75.4
204.0518,29759,456329,15.000,7.990,78.9,15.000,8.717,74.2,15.000,8.717,75.4
204.0518,29760,456334,15.000,8.535,78.9,15.000,9.261,74.2,15.000,9.080,75.4
204.0518,29761,456339,15.000,8.717,78.9,15.000,9.625,74.2,15.000,9.080,75.4
204.0518,29762,456344,15.000,9.080,78.9,15.000,9.988,74.2,15.000,9.261,75.4
204.0518,29763,456349,15.000,9.080,78.9,15.000,9.988,74.2,15.000,9.443,75.4
204.0518,29764,456354,15.000,9.080,78.9,15.000,9.988,74.2,15.000,9.443,75.4
204.1427,29765,456359,15.000,9.261,78.9,15.000,10.533,74.2,15.000,9.625,75.4
204.1427,29766,456364,15.000,9.261,78.9,15.000,10.533,74.2,15.000,9.443,75.4
204.1427,29767,456369,15.000,9.261,78.9,15.000,10.533,74.2,15.000,9.625,75.4
204.1427,29768,456374,15.000,9.261,78.9,15.000,10.533,74.2,15.000,9.625,75.4
204.1427,29769,456379,15.000,9.261,78.9,15.000,10.351,74.2,15.000,9.625,75.4
204.1427,29770,456384,15.000,9.261,78.9,15.000,10.351,74.2,15.000,9.443,75.4
204.1427,29771,456389,15.000,9.261,78.9,15.000,10.351,74.2,15.000,9.443,75.4
204.1427,29772,456394,15.000,9.080,78.9,15.000,10.169,74.2,15.000,9.443,75.4
204.1427,29773,456399,15.000,9.080,78.9,15.000,10.169,74.2,15.000,9.443,75.4
204.1427,29774,456404,15.000,9.080,78.9,15.000,10.169,74.2,15.000,9.443,75.4
204.1427,29775,456409,15.000,9.080,78.9,15.000,10.169,74.2,15.000,9.443,75.4
204.1427,29776,456414,15.000,9.080,78.9,15.000,9.988,74.2,15.000,9.443,75.4
204.1427,29777,456419,15.000,9.080,78.9,15.000,9.988,74.2,15.000,9.261,75.4
204.1427,29778,456424,15.000,8.898,89.4,15.000,9.988,80.8,15.000,9.261,85.8
204.1427,29779,456429,15.000,8.898,89.4,15.000,9.988,80.8,15.000,9.443,85.8
204.1427,29780,456434,15.000,8.898,89.4,15.000,9.806,80.8,15.000,9.443,85.8
204.4895,29781,456439,15.000,8.898,89.4,15.000,9.806,80.8,15.000,9.443,85.8
204.4895,29782,456444,15.000,8.898,89.4,15.000,9.806,80.8,15.000,9.443,85.8
204.4895,29783,456449,15.000,8.898,89.4,15.000,9.988,80.8,15.000,9.443,85.8
204.4895,29784,456454,15.000,8.898,89.4,15.000,9.806,80.8,15.000,9.443,85.8
204.4895,29785,456459,15.000,8.898,89.4,15.000,9.806,80.8,15.000,9.443,85.8
204.4895,29786,456464,15.000,8.898,89.4,15.000,9.806,80.8,15.000,9.625,85.8
204.4895,29787,456469,15.000,8.717,89.4,15.000,9.988,80.8,15.000,9.625,85.8
204.4895,29788,456474,15.000,8.898,89.4,15.000,9.806,80.8,15.000,9.806,85.8
204.4895,29789,456479,15.000,8.898,89.4,15.000,9.988,80.8,15.000,9.625,85.8
204.4895,29790,456484,15.000,8.898,89.4,15.000,10.169,80.8,15.000,9.806,85.8
204.4895,29791,456489,15.000,8.898,89.4,15.000,9.988,80.8,15.000,9.806,85.8
204.4895,29792,456494,15.000,8.898,89.4,15.000,10.169,80.8,15.000,9.988,85.8
204.4895,29793,456499,15.000,8.898,89.4,15.000,9.988,80.8,15.000,9.806,85.8
204.4895,29794,456504,15.000,8.898,89.4,15.000,10.169,80.8,15.000,9.988,85.8
204.4895,29795,456509,15.000,8.898,89.4,15.000,9.988,80.8,15.000,9.988,85.8
204.4895,29796,456514,15.000,8.898,89.4,15.000,10.169,80.8,15.000,9.988,85.8
204.5442,29797,456519,15.000,9.080,89.4,15.000,10.169,80.8,15.000,10.169,85.8
204.5442,29798,456524,15.000,9.261,101.2,15.000,10.169,91.3,15.000,9.988,94.5
204.5442,29799,456529,15.000,9.261,101.2,15.000,9.806,91.3,15.000,10.169,94.5
204.5442,29800,456534,15.000,9.261,101.2,15.000,9.806,91.3,15.000,10.169,94.5
204.5442,29801,456539,15.000,9.261,101.2,15.000,9.806,91.3,15.000,10.351,94.5
204.5442,29802,456544,15.000,9.261,101.2,15.000,9.806,91.3,15.000,10.351,94.5
204.5442,29803,456549,15.000,9.261,101.2,15.000,9.988,91.3,15.000,10.351,94.5
204.5442,29804,456554,15.000,9.443,101.2,15.000,9.988,91.3,15.000,10.533,94.5
204.5442,29805,456559,15.000,9.443,101.2,15.000,9.806,91.3,15.000,10.714,94.5
204.5442,29806,456564,15.000,9.443,101.2,15.000,9.806,91.3,15.000,10.533,94.5
204.5442,29807,456569,15.000,9.625,101.2,15.000,9.806,91.3,15.000,10.533,94.5
204.5442,29808,456574,15.000,9.625,101.2,15.000,9.988,91.3,15.000,10.896,94.5
204.5442,29809,456579,15.000,9.625,101.2,15.000,10.351,91.3,15.000,10.714,94.5
204.5442,29810,456584,15.000,9.625,101.2,15.000,10.351,91.3,15.000,10.896,94.5
204.5442,29811,456589,15.000,9.806,101.2,15.000,10.714,91.3,15.000,10.896,94.5
204.5442,29812,456594,15.000,9.988,101.2,15.000,10.714,91.3,15.000,10.896,94.5
204.5442,29813,456599,15.000,9.988,101.2,15.000,10.714,91.3,15.000,11.077,94.5
204.5442,29814,456604,15.000,9.806,101.2,15.000,10.714,91.3,15.000,10.896,94.5
204.5442,29815,456609,15.000,9.806,101.2,15.000,11.077,91.3,15.000,10.896,94.5
204.5442,29816,456614,15.000,9.988,101.2,15.000,11.077,91.3,15.000,11.259,94.5
204.5442,29817,456619,15.000,9.988,101.2,15.000,11.259,91.3,15.000,11.259,94.5
204.5442,29818,456624,15.000,9.806,110.9,15.000,11.259,95.4,15.000,11.077,99.1
204.5442,29819,456629,15.000,9.988,110.9,15.000,11.077,95.4,15.000,11.259,99.1
204.5442,29820,456634,15.000,10.169,110.9,15.000,11.077,95.4,15.000,11.077,99.1
204.6510,29821,456831,15.000,53.026,0.0,15.000,49.394,0.0,15.000,55.387,0.0
204.6510,29822,456836,15.000,53.026,0.0,15.000,49.394,0.0,15.000,55.205,0.0
204.6510,29823,456841,15.000,53.026,0.0,15.000,49.394,0.0,15.000,55.205,0.0
204.6510,29824,456846,15.000,53.207,0.0,15.000,49.394,0.0,15.000,55.023,0.0
204.6510,29825,456851,15.000,53.026,0.0,15.000,49.031,0.0,15.000,54.660,0.0
204.6510,29826,456856,15.000,52.663,0.0,15.000,48.849,0.0,15.000,54.297,0.0
204.6510,29827,456861,15.000,52.299,0.0,15.000,48.304,0.0,15.000,53.934,0.0
204.6510,29828,456866,15.000,52.118,0.0,15.000,47.941,0.0,15.000,53.389,0.0
204.6510,29829,456871,15.000,51.573,0.0,15.000,47.760,0.0,15.000,53.026,0.0
204.6510,29830,456876,15.000,51.210,0.0,15.000,47.396,0.0,15.000,52.481,0.0
204.6510,29831,456884,15.000,7.990,0.0,15.000,8.717,0.0,15.000,7.990,0.0
204.6510,29832,456888,15.000,7.264,0.0,15.000,7.990,0.0,15.000,7.445,0.0
204.6510,29833,456893,15.000,6.901,0.0,15.000,7.445,0.0,15.000,6.901,0.0
204.6510,29834,456898,15.000,6.356,0.0,15.000,6.901,0.0,15.000,6.356,0.0
204.6510,29835,456903,15.000,5.993,0.0,15.000,6.719,0.0,15.000,6.174,0.0
204.6510,29836,456908,15.000,5.629,0.0,15.000,6.174,0.0,15.000,5.629,0.0
204.6510,29837,456913,15.000,5.266,0.0,15.000,5.811,0.0,15.000,5.266,0.0
204.6510,29838,456918,15.000,4.721,0.0,15.000,5.629,0.0,15.000,5.085,0.0
204.7298,29839,456923,15.000,4.540,0.0,15.000,5.266,0.0,15.000,4.721,0.0
204.7298,29840,456928,15.000,3.995,0.0,15.000,4.903,0.0,15.000,4.540,0.0
204.7298,29841,456933,15.000,3.632,80.3,15.000,4.358,74.0,15.000,3.995,75.5
204.7298,29842,456938,15.000,3.450,80.3,15.000,4.358,74.0,15.000,3.995,75.5
204.7298,29843,456943,15.000,3.269,80.3,15.000,4.177,74.0,15.000,3.813,75.5
204.7298,29844,456948,15.000,3.087,80.3,15.000,4.177,74.0,15.000,3.995,75.5
204.7298,29845,456953,15.000,3.087,80.3,15.000,3.995,74.0,15.000,3.995,75.5
204.7298,29846,456958,15.000,3.269,80.3,15.000,4.177,74.0,15.000,4.177,75.5
204.7298,29847,456963,15.000,3.450,80.3,15.000,4.540,74.0,15.000,4.358,75.5
204.7298,29848,456968,15.000,3.813,80.3,15.000,4.540,74.0,15.000,4.540,75.5
204.7298,29849,456973,15.000,3.995,80.3,15.000,4.903,74.0,15.000,4.721,75.5
204.7298,29850,456978,15.000,4.358,80.3,15.000,5.266,74.0,15.000,4.903,75.5
204.7298,29851,456983,15.000,4.540,80.3,15.000,5.629,74.0,15.000,5.266,75.5
204.7298,29852,456988,15.000,5.085,80.3,15.000,5.993,74.0,15.000,5.448,75.5
204.7298,29853,456993,15.000,5.266,80.3,15.000,6.356,74.0,15.000,5.811,75.5
204.7298,29854,456998,15.000,5.629,80.3,15.000,6.537,74.0,15.000,5.993,75.5
204.8423,29855,457003,15.000,5.993,80.3,15.000,6.901,74.0,15.000,5.993,75.5
204.8423,29856,457008,15.000,6.174,80.3,15.000,7.264,74.0,15.000,6.356,75.5
204.8423,29857,457013,15.000,6.356,80.3,15.000,7.445,74.0,15.000,6.537,75.5
204.8423,29858,457018,15.000,6.537,80.3,15.000,7.627,74.0,15.000,6.719,75.5
204.8423,29859,457023,15.000,6.719,80.3,15.000,7.809,74.0,15.000,6.901,75.5
204.8423,29860,457028,15.000,7.082,80.3,15.000,7.809,74.0,15.000,7.264,75.5
204.8423,29861,457033,15.000,7.264,77.2,15.000,7.990,69.7,15.000,7.264,73.7
204.8423,29862,457038,15.000,7.264,77.2,15.000,8.172,69.7,15.000,7.627,73.7
204.8423,29863,457043,15.000,7.627,77.2,15.000,8.353,69.7,15.000,7.627,73.7
204.8423,29864,457048,15.000,7.627,77.2,15.000,8.535,69.7,15.000,7.809,73.7
204.8423,29865,457053,15.000,7.809,77.2,15.000,8.535,69.7,15.000,7.990,73.7
204.8423,29866,457058,15.000,7.809,77.2,15.000,8.535,69.7,15.000,7.990,73.7
204.8423,29867,457063,15.000,7.990,77.2,15.000,8.535,69.7,15.000,8.172,73.7
204.8423,29868,457068,15.000,7.990,77.2,15.000,8.717,69.7,15.000,8.172,73.7
204.8423,29869,457073,15.000,8.172,77.2,15.000,8.717,69.7,15.000,8.353,73.7
204.8423,29870,457078,15.000,8.172,77.2,15.000,8.898,69.7,15.000,8.353,73.7
204.9300,29871,457083,15.000,8.172,77.2,15.000,8.898,69.7,15.000,8.535,73.7
204.9300,29872,457088,15.000,8.353,77.2,15.000,8.898,69.7,15.000,8.353,73.7
204.9300,29873,457093,15.000,8.353,77.2,15.000,8.898,69.7,15.000,8.535,73.7
204.9300,29874,457098,15.000,8.353,77.2,15.000,8.898,69.7,15.000,8.535,73.7
204.9300,29875,457103,15.000,8.353,77.2,15.000,8.898,69.7,15.000,8.717,73.7
204.9300,29876,457108,15.000,8.535,77.2,15.000,8.898,69.7,15.000,8.717,73.7
204.9300,29877,457113,15.000,8.353,77.2,15.000,8.898,69.7,15.000,8.535,73.7
204.9300,29878,457118,15.000,8.535,77.2,15.000,8.898,69.7,15.000,8.717,73.7
204.9300,29879,457123,15.000,8.535,77.2,15.000,8.898,69.7,15.000,8.717,73.7
204.9300,29880,457128,15.000,8.353,77.2,15.000,8.898,69.7,15.000,8.717,73.7
204.9300,29881,457133,15.000,8.535,87.3,15.000,8.898,80.4,15.000,8.717,82.5
204.9300,29882,457138,15.000,8.535,87.3,15.000,8.898,80.4,15.000,8.898,82.5
204.9300,29883,457143,15.000,8.353,87.3,15.000,8.898,80.4,15.000,8.898,82.5
204.9300,29884,457148,15.000,8.535,87.3,15.000,9.080,80.4,15.000,8.898,82.5
204.9300,29885,457153,15.000,8.535,87.3,15.000,8.898,80.4,15.000,8.898,82.5
204.9300,29886,457158,15.000,8.353,87.3,15.000,8.898,80.4,15.000,8.898,82.5
204.9300,29887,457163,15.000,8.535,87.3,15.000,8.898,80.4,15.000,9.080,82.5
204.9300,29888,457168,15.000,8.535,87.3,15.000,9.080,80.4,15.000,9.261,82.5
204.9300,29889,457173,15.000,8.535,87.3,15.000,9.080,80.4,15.000,9.261,82.5
204.9300,29890,457178,15.000,8.717,87.3,15.000,9.080,80.4,15.000,9.261,82.5
204.9300,29891,457183,15.000,8.717,87.3,15.000,9.261,80.4,15.000,9.261,82.5
204.9300,29892,457188,15.000,8.535,87.3,15.000,9.080,80.4,15.000,9.261,82.5
204.9300,29893,457193,15.000,8.717,87.3,15.000,9.261,80.4,15.000,9.443,82.5
204.9300,29894,457198,15.000,8.717,87.3,15.000,9.080,80.4,15.000,9.443,82.5
205.0590,29895,457203,15.000,8.717,87.3,15.000,9.625,80.4,15.000,9.625,82.5
205.0590,29896,457208,15.000,8.898,87.3,15.000,9.625,80.4,15.000,9.625,82.5
205.0590,29897,457213,15.000,8.898,87.3,15.000,9.625,80.4,15.000,9.625,82.5
205.0590,29898,457218,15.000,8.898,87.3,15.000,9.625,80.4,15.000,9.625,82.5
205.0590,29899,457223,15.000,8.898,87.3,15.000,9.806,80.4,15.000,9.625,82.5
205.0590,29900,457228,15.000,8.535,87.3,15.000,9.261,80.4,15.000,9.806,82.5
205.0590,29901,457233,15.000,8.535,102.3,15.000,9.261,92.2,15.000,9.806,90.1
205.0590,29902,457238,15.000,8.535,102.3,15.000,9.443,92.2,15.000,9.988,90.1
205.0590,29903,457243,15.000,8.717,102.3,15.000,9.443,92.2,15.000,9.806,90.1
205.0590,29904,457248,15.000,8.717,102.3,15.000,9.625,92.2,15.000,9.988,90.1
205.0590,29905,457253,15.000,8.717,102.3,15.000,9.625,92.2,15.000,9.806,90.1
205.0590,29906,457258,15.000,8.717,102.3,15.000,9.806,92.2,15.000,9.988,90.1
205.0590,29907,457263,15.000,8.717,102.3,15.000,9.988,92.2,15.000,10.169,90.1
205.0590,29908,457268,15.000,8.898,102.3,15.000,9.988,92.2,15.000,9.988,90.1
205.0590,29909,457273,15.000,8.898,102.3,15.000,9.988,92.2,15.000,10.169,90.1
205.0590,29910,457278,15.000,9.261,102.3,15.000,10.714,92.2,15.000,10.169,90.1
205.1423,29911,457283,15.000,9.443,102.3,15.000,10.714,92.2,15.000,10.351,90.1
205.1423,29912,457288,15.000,9.625,102.3,15.000,11.077,92.2,15.000,10.351,90.1
205.1423,29913,457293,15.000,9.625,102.3,15.000,10.896,92.2,15.000,10.533,90.1
205.1423,29914,457298,15.000,9.625,102.3,15.000,10.896,92.2,15.000,10.533,90.1
205.1423,29915,457303,15.000,9.806,102.3,15.000,10.714,92.2,15.000,10.714,90.1
205.1423,29916,457308,15.000,9.806,102.3,15.000,10.896,92.2,15.000,10.714,90.1
205.1423,29917,457313,15.000,9.988,102.3,15.000,10.896,92.2,15.000,10.714,90.1
205.1423,29918,457318,15.000,9.988,102.3,15.000,10.896,92.2,15.000,10.714,90.1
205.1423,29919,457323,15.000,9.988,102.3,15.000,10.896,92.2,15.000,10.714,90.1
205.1423,29920,457328,15.000,10.169,102.3,15.000,10.896,92.2,15.000,10.714,90.1
205.1423,29921,457333,15.000,10.169,106.7,15.000,10.896,95.0,15.000,10.714,96.4
205.1423,29922,457338,15.000,10.169,106.7,15.000,10.714,95.0,15.000,10.533,96.4
205.1423,29923,457343,15.000,10.169,106.7,15.000,10.533,95.0,15.000,10.533,96.4
205.1423,29924,457348,15.000,10.351,106.7,15.000,10.533,95.0,15.000,10.533,96.4
205.1423,29925,457353,15.000,10.351,106.7,15.000,10.169,95.0,15.000,10.533,96.4
205.1423,29926,457358,15.000,10.533,106.7,15.000,9.988,95.0,15.000,10.533,96.4
205.3533,29927,457363,15.000,10.351,106.7,15.000,9.625,95.0,15.000,10.533,96.4
205.3533,29928,457368,15.000,10.533,106.7,15.000,9.806,95.0,15.000,10.714,96.4
205.3533,29929,457373,15.000,10.533,106.7,15.000,9.806,95.0,15.000,10.533,96.4
205.3533,29930,457378,15.000,10.533,106.7,15.000,9.988,95.0,15.000,10.533,96.4
205.3533,29931,457383,15.000,10.351,106.7,15.000,9.988,95.0,15.000,10.533,96.4
205.3533,29932,457388,15.000,10.533,106.7,15.000,9.443,95.0,15.000,10.714,96.4
205.3533,29933,457393,15.000,10.533,106.7,15.000,9.806,95.0,15.000,10.714,96.4
205.3533,29934,457398,15.000,10.533,106.7,15.000,9.988,95.0,15.000,10.533,96.4
205.3533,29935,457403,15.000,10.351,106.7,15.000,10.351,95.0,15.000,10.533,96.4
205.3533,29936,457408,15.000,10.351,106.7,15.000,10.533,95.0,15.000,10.533,96.4
205.3533,29937,457413,15.000,10.533,106.7,15.000,10.896,95.0,15.000,10.533,96.4
205.3533,29938,457418,15.000,10.351,106.7,15.000,10.533,95.0,15.000,10.533,96.4
205.3533,29939,457423,15.000,10.351,106.7,15.000,10.714,95.0,15.000,10.714,96.4
205.3533,29940,457428,15.000,10.351,106.7,15.000,9.988,95.0,15.000,10.714,96.4
205.3533,29941,457433,15.000,10.351,116.8,15.000,10.169,109.3,15.000,10.533,107.5
205.3533,29942,457438,15.000,10.169,116.8,15.000,10.714,109.3,15.000,10.533,107.5
205.3655,29943,457443,15.000,9.988,116.8,15.000,10.533,109.3,15.000,10.533,107.5
205.3655,29944,457448,15.000,9.988,116.8,15.000,10.533,109.3,15.000,10.714,107.5
205.3655,29945,457453,15.000,10.169,116.8,15.000,10.533,109.3,15.000,10.714,107.5
205.3655,29946,457458,15.000,10.169,116.8,15.000,10.533,109.3,15.000,10.714,107.5
205.3655,29947,457463,15.000,10.169,116.8,15.000,10.714,109.3,15.000,10.533,107.5
205.3655,29948,457468,15.000,10.169,116.8,15.000,11.077,109.3,15.000,10.533,107.5
205.3665,29949,457473,15.000,10.351,116.8,15.000,11.077,109.3,15.000,10.533,107.5
205.3665,29950,457478,15.000,10.533,116.8,15.000,11.804,109.3,15.000,10.714,107.5
205.3665,29951,457483,15.000,10.714,116.8,15.000,11.804,109.3,15.000,10.896,107.5
205.3665,29952,457488,15.000,10.896,116.8,15.000,11.985,109.3,15.000,10.896,107.5
205.3665,29953,457493,15.000,11.259,116.8,15.000,12.348,109.3,15.000,10.896,107.5
205.3665,29954,457498,15.000,11.259,116.8,15.000,12.348,109.3,15.000,10.896,107.5
205.3665,29955,457503,15.000,11.440,116.8,15.000,12.712,109.3,15.000,10.896,107.5
205.3665,29956,457508,15.000,11.440,116.8,15.000,12.893,109.3,15.000,11.077,107.5
205.3665,29957,457513,15.000,11.622,116.8,15.000,12.893,109.3,15.000,11.259,107.5
205.3665,29958,457518,15.000,11.622,116.8,15.000,12.893,109.3,15.000,11.259,107.5
205.3665,29959,457547,15.000,17.433,82.1,15.000,19.431,60.9,15.000,17.070,75.8
205.3665,29960,457552,15.000,17.252,82.1,15.000,19.249,60.9,15.000,16.888,75.8
205.3665,29961,457557,15.000,17.433,82.1,15.000,19.249,60.9,15.000,16.888,75.8
205.3665,29962,457562,15.000,17.433,82.1,15.000,19.249,60.9,15.000,16.888,75.8
205.3665,29963,457567,15.000,17.252,82.1,15.000,19.067,60.9,15.000,16.888,75.8
205.3665,29964,457572,15.000,17.252,82.1,15.000,18.886,60.9,15.000,16.888,75.8
205.3665,29965,457577,15.000,17.070,82.1,15.000,18.704,60.9,15.000,16.888,75.8
205.3665,29966,457582,15.000,17.070,82.1,15.000,18.341,60.9,15.000,16.707,75.8
205.3871,29967,457587,15.000,16.888,82.1,15.000,18.160,60.9,15.000,16.707,75.8
205.3871,29968,457592,15.000,16.888,82.1,15.000,17.978,60.9,15.000,16.707,75.8
205.3871,29969,457597,15.000,10.896,82.1,15.000,11.077,60.9,15.000,10.714,75.8
205.3871,29970,457602,15.000,10.896,82.1,15.000,11.077,60.9,15.000,10.714,75.8
205.3871,29971,457607,15.000,10.533,82.1,15.000,10.714,60.9,15.000,10.714,75.8
205.3871,29972,457612,15.000,10.533,82.1,15.000,10.533,60.9,15.000,10.533,75.8
205.3871,29973,457617,15.000,10.351,82.1,15.000,10.351,60.9,15.000,10.533,75.8
205.3871,29974,457622,15.000,10.351,82.1,15.000,10.169,60.9,15.000,10.351,75.8
205.4585,29975,457627,15.000,10.169,82.1,15.000,9.988,60.9,15.000,10.351,75.8
205.4585,29976,457632,15.000,9.988,82.1,15.000,9.806,60.9,15.000,10.169,75.8
205.4585,29977,457637,15.000,9.988,82.1,15.000,9.625,60.9,15.000,9.988,75.8
205.4585,29978,457642,15.000,9.806,82.1,15.000,9.443,60.9,15.000,9.988,75.8
205.4585,29979,457647,15.000,9.806,126.3,15.000,9.443,115.9,15.000,9.988,117.3
205.4585,29980,457652,15.000,9.806,126.3,15.000,9.261,115.9,15.000,9.988,117.3
205.4585,29981,457657,15.000,9.806,126.3,15.000,9.261,115.9,15.000,9.806,117.3
205.4585,29982,457662,15.000,9.806,126.3,15.000,9.261,115.9,15.000,9.988,117.3
205.4595,29983,457710,15.000,19.975,126.3,15.000,17.978,115.9,15.000,19.975,117.3
205.4595,29984,457715,15.000,20.157,126.3,15.000,18.341,115.9,15.000,20.157,117.3
205.4595,29985,457720,15.000,20.339,126.3,15.000,18.523,115.9,15.000,20.339,117.3
205.4595,29986,457725,15.000,20.702,126.3,15.000,18.886,115.9,15.000,20.702,117.3
205.4595,29987,457730,15.000,20.883,126.3,15.000,19.249,115.9,15.000,21.065,117.3
205.4595,29988,457735,15.000,21.247,126.3,15.000,19.612,115.9,15.000,21.247,117.3
205.4595,29989,457740,15.000,21.610,126.3,15.000,20.157,115.9,15.000,21.610,117.3
205.4595,29990,457745,15.000,21.791,126.3,15.000,20.520,115.9,15.000,21.791,117.3
205.7121,29991,457750,15.000,22.155,58.0,15.000,20.883,54.0,15.000,22.155,49.9
205.7121,29992,457755,15.000,22.336,58.0,15.000,21.065,54.0,15.000,22.336,49.9
205.7121,29993,457760,15.000,12.530,58.0,15.000,12.712,54.0,15.000,12.530,49.9
205.7121,29994,457765,15.000,12.348,58.0,15.000,12.712,54.0,15.000,12.530,49.9
205.7121,29995,457770,15.000,11.985,58.0,15.000,12.712,54.0,15.000,12.348,49.9
205.7121,29996,457775,15.000,11.622,58.0,15.000,12.530,54.0,15.000,12.167,49.9
205.7121,29997,457780,15.000,11.259,58.0,15.000,12.348,54.0,15.000,11.985,49.9
205.7121,29998,457785,15.000,11.077,58.0,15.000,12.167,54.0,15.000,11.622,49.9
205.7121,29999,457790,15.000,10.714,58.0,15.000,11.622,54.0,15.000,11.440,49.9
205.7121,30000,457795,15.000,10.351,58.0,15.000,11.440,54.0,15.000,11.077,49.9
205.7121,30001,457800,15.000,9.988,58.0,15.000,11.077,54.0,15.000,10.714,49.9
205.7121,30002,457805,15.000,9.443,58.0,15.000,10.896,54.0,15.000,10.351,49.9
205.7121,30003,457810,15.000,9.080,58.0,15.000,10.533,54.0,15.000,9.988,49.9
205.7121,30004,457815,15.000,8.717,58.0,15.000,10.169,54.0,15.000,9.806,49.9
205.7121,30005,457820,15.000,8.898,58.0,15.000,9.988,54.0,15.000,9.625,49.9
205.7121,30006,457825,15.000,8.717,58.0,15.000,9.806,54.0,15.000,9.261,49.9
205.8323,30007,457830,15.000,8.535,58.0,15.000,9.443,54.0,15.000,9.080,49.9
205.8323,30008,457835,15.000,8.353,58.0,15.000,9.261,54.0,15.000,8.898,49.9
205.8323,30009,457840,15.000,7.990,58.0,15.000,9.261,54.0,15.000,8.717,49.9
205.8323,30010,457845,15.000,7.809,58.0,15.000,9.080,54.0,15.000,8.535,49.9
205.8323,30011,457850,15.000,7.627,136.3,15.000,8.898,118.8,15.000,8.353,123.5
205.8323,30012,457855,15.000,7.627,136.3,15.000,8.717,118.8,15.000,8.353,123.5
205.8323,30013,457860,15.000,7.627,136.3,15.000,8.717,118.8,15.000,8.172,123.5
205.8323,30014,457865,15.000,7.627,136.3,15.000,8.717,118.8,15.000,8.172,123.5
205.8323,30015,457870,15.000,7.627,136.3,15.000,8.898,118.8,15.000,8.353,123.5
205.8323,30016,457875,15.000,7.990,136.3,15.000,8.898,118.8,15.000,8.535,123.5
205.8323,30017,457880,15.000,8.172,136.3,15.000,9.261,118.8,15.000,8.717,123.5
205.8323,30018,457885,15.000,8.353,136.3,15.000,9.443,118.8,15.000,9.080,123.5
205.8323,30019,457890,15.000,8.717,136.3,15.000,9.625,118.8,15.000,9.261,123.5
205.8323,30020,457895,15.000,9.080,136.3,15.000,9.988,118.8,15.000,9.625,123.5
205.8323,30021,457900,15.000,9.443,136.3,15.000,10.351,118.8,15.000,9.988,123.5
205.8323,30022,457905,15.000,9.806,136.3,15.000,10.714,118.8,15.000,10.169,123.5
205.9192,30023,457910,15.000,10.169,136.3,15.000,10.896,118.8,15.000,10.533,123.5
205.9192,30024,457915,15.000,10.533,136.3,15.000,11.259,118.8,15.000,10.896,123.5
205.9192,30025,457920,15.000,10.896,136.3,15.000,11.440,118.8,15.000,10.896,123.5
205.9192,30026,457925,15.000,10.896,136.3,15.000,11.804,118.8,15.000,11.259,123.5
205.9192,30027,457930,15.000,11.259,136.3,15.000,11.985,118.8,15.000,11.440,123.5
205.9192,30028,457935,15.000,11.440,136.3,15.000,12.167,118.8,15.000,11.622,123.5
205.9192,30029,457940,15.000,11.804,136.3,15.000,12.530,118.8,15.000,11.804,123.5
205.9192,30030,457945,15.000,11.985,136.3,15.000,12.530,118.8,15.000,11.985,123.5
205.9192,30031,457950,15.000,12.167,122.4,15.000,12.712,106.9,15.000,12.167,112.6
205.9192,30032,457955,15.000,12.348,122.4,15.000,12.893,106.9,15.000,12.348,112.6
205.9192,30033,457960,15.000,12.348,122.4,15.000,13.075,106.9,15.000,12.712,112.6
205.9192,30034,457965,15.000,12.530,122.4,15.000,13.256,106.9,15.000,12.712,112.6
205.9192,30035,457970,15.000,12.530,122.4,15.000,13.256,106.9,15.000,12.893,112.6
205.9192,30036,457975,15.000,12.712,122.4,15.000,13.256,106.9,15.000,12.893,112.6
205.9192,30037,457980,15.000,12.530,122.4,15.000,13.256,106.9,15.000,12.893,112.6
205.9192,30038,457985,15.000,12.530,122.4,15.000,13.438,106.9,15.000,13.075,112.6
206.0796,30039,458112,15.000,43.220,0.0,15.000,45.217,0.0,15.000,44.309,0.0
206.0796,30040,458117,15.000,43.220,0.0,15.000,45.036,0.0,15.000,44.128,0.0
206.0796,30041,458122,15.000,43.038,0.0,15.000,45.036,0.0,15.000,43.946,0.0
206.0796,30042,458127,15.000,42.675,0.0,15.000,44.672,0.0,15.000,43.764,0.0
206.0796,30043,458132,15.000,42.312,0.0,15.000,44.309,0.0,15.000,43.220,0.0
206.0796,30044,458137,15.000,41.948,0.0,15.000,43.764,0.0,15.000,42.856,0.0
206.0796,30045,458142,15.000,41.404,0.0,15.000,43.401,0.0,15.000,42.312,0.0
206.0796,30046,458147,15.000,40.859,0.0,15.000,42.856,0.0,15.000,41.767,0.0
206.0796,30047,458152,15.000,40.496,0.0,15.000,42.312,0.0,15.000,41.222,0.0
206.0796,30048,458157,15.000,39.769,0.0,15.000,41.585,0.0,15.000,40.496,0.0
206.0796,30049,458162,15.000,8.353,0.0,15.000,8.898,0.0,15.000,8.535,0.0
206.0796,30050,458167,15.000,7.627,0.0,15.000,8.535,0.0,15.000,7.990,0.0
206.0796,30051,458172,15.000,7.082,0.0,15.000,7.809,0.0,15.000,7.445,0.0
206.0796,30052,458177,15.000,6.719,0.0,15.000,7.264,0.0,15.000,6.901,0.0
206.0796,30053,458182,15.000,6.174,0.0,15.000,6.901,0.0,15.000,6.537,0.0
206.0796,30054,458187,15.000,5.811,0.0,15.000,6.356,0.0,15.000,5.993,0.0
206.0796,30055,458241,15.000,7.809,96.3,15.000,9.443,68.0,15.000,9.080,75.9
206.0796,30056,458245,15.000,7.082,96.3,15.000,9.080,68.0,15.000,8.535,75.9
206.0796,30057,458250,15.000,6.719,96.3,15.000,8.717,68.0,15.000,8.172,75.9
206.0796,30058,458255,15.000,6.356,96.3,15.000,8.353,68.0,15.000,7.809,75.9
206.0796,30059,458260,15.000,6.174,96.3,15.000,8.172,68.0,15.000,7.627,75.9
206.0796,30060,458265,15.000,6.174,96.3,15.000,7.990,68.0,15.000,7.627,75.9
206.0796,30061,458270,15.000,6.174,96.3,15.000,7.990,68.0,15.000,7.445,75.9
206.0796,30062,458275,15.000,6.174,96.3,15.000,7.990,68.0,15.000,7.445,75.9
206.2657,30063,458280,15.000,6.356,96.3,15.000,7.990,68.0,15.000,7.445,75.9
206.2657,30064,458285,15.000,6.356,96.3,15.000,8.353,68.0,15.000,7.627,75.9
206.2657,30065,458290,15.000,4.358,96.3,15.000,4.903,68.0,15.000,4.358,75.9
206.2657,30066,458295,15.000,5.085,96.3,15.000,5.266,68.0,15.000,4.903,75.9
206.2657,30067,458300,15.000,5.448,96.3,15.000,5.629,68.0,15.000,5.266,75.9
206.2657,30068,458305,15.000,5.993,96.3,15.000,5.811,68.0,15.000,5.448,75.9
206.2657,30069,458310,15.000,6.356,96.3,15.000,6.174,68.0,15.000,5.811,75.9
206.2657,30070,458315,15.000,6.719,96.3,15.000,6.356,68.0,15.000,5.993,75.9
206.2657,30071,458320,15.000,6.901,96.3,15.000,6.719,68.0,15.000,6.356,75.9
206.2657,30072,458325,15.000,7.264,96.3,15.000,6.901,68.0,15.000,6.537,75.9
206.2657,30073,458330,15.000,7.627,96.3,15.000,7.082,68.0,15.000,6.901,75.9
206.2657,30074,458335,15.000,7.990,96.3,15.000,6.901,68.0,15.000,7.082,75.9
206.2657,30075,458340,15.000,8.172,106.2,15.000,7.082,68.0,15.000,7.264,75.9
206.2657,30076,458345,15.000,8.353,106.2,15.000,7.082,91.7,15.000,7.445,95.7
206.2657,30077,458350,15.000,8.535,106.2,15.000,7.264,91.7,15.000,7.445,95.7
206.2657,30078,458355,15.000,8.898,106.2,15.000,7.627,91.7,15.000,7.809,95.7
206.2657,30079,458422,15.000,22.155,106.2,15.000,19.794,91.7,15.000,20.157,95.7
206.2657,30080,458427,15.000,22.336,106.2,15.000,20.157,91.7,15.000,20.520,95.7
206.2657,30081,458432,15.000,22.518,106.2,15.000,20.339,91.7,15.000,20.883,95.7
206.2657,30082,458437,15.000,22.699,106.2,15.000,20.702,91.7,15.000,21.065,95.7
206.2657,30083,458442,15.000,22.881,27.5,15.000,21.065,91.7,15.000,21.247,95.7
206.2657,30084,458447,15.000,23.063,27.5,15.000,21.791,15.2,15.000,21.610,22.0
206.2657,30085,458452,15.000,23.063,27.5,15.000,22.155,15.2,15.000,21.973,22.0
206.2657,30086,458457,15.000,23.244,27.5,15.000,22.336,15.2,15.000,22.155,22.0
206.3715,30087,458462,15.000,23.063,27.5,15.000,22.336,15.2,15.000,22.336,22.0
206.3715,30088,458467,15.000,22.699,27.5,15.000,22.336,15.2,15.000,22.155,22.0
206.3715,30089,458472,15.000,9.625,27.5,15.000,10.351,15.2,15.000,9.988,22.0
206.3715,30090,458477,15.000,9.080,27.5,15.000,9.988,15.2,15.000,9.625,22.0
206.3715,30091,458482,15.000,8.898,27.5,15.000,9.625,15.2,15.000,9.261,22.0
206.3715,30092,458487,15.000,8.535,27.5,15.000,9.261,15.2,15.000,9.261,22.0
206.3715,30093,458492,15.000,7.990,27.5,15.000,8.898,15.2,15.000,8.717,22.0
206.3715,30094,458497,15.000,7.445,27.5,15.000,8.353,15.2,15.000,8.353,22.0
206.3725,30095,458502,15.000,7.264,27.5,15.000,7.809,15.2,15.000,7.990,22.0
206.3725,30096,458507,15.000,6.537,27.5,15.000,7.627,15.2,15.000,7.445,22.0
206.3725,30097,458512,15.000,6.356,27.5,15.000,7.264,15.2,15.000,7.264,22.0
206.3725,30098,458517,15.000,6.174,27.5,15.000,6.901,15.2,15.000,7.082,22.0
206.3725,30099,458522,15.000,5.811,27.5,15.000,6.537,15.2,15.000,6.719,22.0
206.3725,30100,458527,15.000,5.629,27.5,15.000,6.356,15.2,15.000,6.537,22.0
206.3725,30101,458532,15.000,5.448,27.5,15.000,5.993,15.2,15.000,6.356,22.0
206.3725,30102,458537,15.000,5.085,27.5,15.000,5.811,15.2,15.000,5.993,22.0
206.4359,30103,458542,15.000,4.903,126.6,15.000,5.629,15.2,15.000,5.993,22.0
206.4359,30104,458547,15.000,4.721,126.6,15.000,5.266,107.4,15.000,5.629,111.1
206.4359,30105,458552,15.000,4.540,126.6,15.000,5.266,107.4,15.000,5.448,111.1
206.4359,30106,458557,15.000,4.721,126.6,15.000,5.085,107.4,15.000,5.629,111.1
206.4359,30107,458562,15.000,4.903,126.6,15.000,5.085,107.4,15.000,5.448,111.1
206.4359,30108,458567,15.000,5.085,126.6,15.000,5.266,107.4,15.000,5.811,111.1
206.4359,30109,458572,15.000,5.266,126.6,15.000,5.448,107.4,15.000,5.993,111.1
206.4359,30110,458577,15.000,5.811,126.6,15.000,5.811,107.4,15.000,6.174,111.1
206.4370,30111,458582,15.000,5.811,126.6,15.000,6.356,107.4,15.000,6.537,111.1
206.4370,30112,458587,15.000,6.356,126.6,15.000,6.719,107.4,15.000,6.901,111.1
206.4370,30113,458592,15.000,6.901,126.6,15.000,7.082,107.4,15.000,7.264,111.1
206.4370,30114,458597,15.000,7.627,126.6,15.000,7.809,107.4,15.000,7.809,111.1
206.4370,30115,458602,15.000,7.990,126.6,15.000,8.172,107.4,15.000,8.172,111.1
206.4370,30116,458607,15.000,8.535,126.6,15.000,8.353,107.4,15.000,8.535,111.1
206.4370,30117,458612,15.000,8.898,126.6,15.000,8.353,107.4,15.000,9.080,111.1
206.4370,30118,458617,15.000,9.261,126.6,15.000,8.535,107.4,15.000,9.080,111.1
206.4370,30119,458669,15.000,20.339,48.6,15.000,19.612,35.7,15.000,20.339,36.3
206.4370,30120,458674,15.000,20.520,48.6,15.000,19.975,35.7,15.000,20.883,36.3
206.4370,30121,458679,15.000,21.065,48.6,15.000,20.157,35.7,15.000,21.065,36.3
206.4370,30122,458684,15.000,21.247,48.6,15.000,20.339,35.7,15.000,21.247,36.3
206.4370,30123,458689,15.000,21.428,48.6,15.000,20.520,35.7,15.000,21.428,36.3
206.4370,30124,458694,15.000,21.247,48.6,15.000,20.339,35.7,15.000,21.428,36.3
206.4370,30125,458699,15.000,21.247,48.6,15.000,20.339,35.7,15.000,21.428,36.3
206.4370,30126,458704,15.000,21.065,48.6,15.000,20.520,35.7,15.000,21.247,36.3
206.6453,30127,458709,15.000,20.883,48.6,15.000,20.883,35.7,15.000,21.065,36.3
206.6453,30128,458714,15.000,20.520,48.6,15.000,20.702,35.7,15.000,20.883,36.3
206.6453,30129,458719,15.000,9.443,48.6,15.000,9.806,35.7,15.000,9.625,36.3
206.6453,30130,458724,15.000,9.261,48.6,15.000,9.261,35.7,15.000,9.261,36.3
206.6453,30131,458729,15.000,8.898,48.6,15.000,8.898,35.7,15.000,8.898,36.3
206.6453,30132,458734,15.000,8.535,48.6,15.000,8.717,35.7,15.000,8.535,36.3
206.6453,30133,458739,15.000,8.172,48.6,15.000,8.172,35.7,15.000,8.172,36.3
206.6453,30134,458744,15.000,7.990,48.6,15.000,7.990,35.7,15.000,7.990,36.3
206.6453,30135,458749,15.000,7.809,48.6,15.000,7.809,35.7,15.000,7.627,36.3
206.6453,30136,458754,15.000,7.445,48.6,15.000,7.627,35.7,15.000,7.445,36.3
206.6453,30137,458759,15.000,7.264,48.6,15.000,7.445,35.7,15.000,7.264,36.3
206.6453,30138,458764,15.000,7.264,48.6,15.000,7.264,35.7,15.000,7.082,36.3
206.6453,30139,458769,15.000,7.082,123.2,15.000,7.082,107.3,15.000,6.901,112.0
206.6453,30140,458774,15.000,6.901,123.2,15.000,6.901,107.3,15.000,6.719,112.0
206.6453,30141,458779,15.000,6.901,123.2,15.000,6.901,107.3,15.000,6.537,112.0
206.6453,30142,458784,15.000,6.901,123.2,15.000,6.901,107.3,15.000,6.537,112.0
206.9445,30143,458789,15.000,6.901,123.2,15.000,7.082,107.3,15.000,6.719,112.0
206.9445,30144,458794,15.000,7.082,123.2,15.000,7.264,107.3,15.000,6.719,112.0
206.9445,30145,458799,15.000,7.264,123.2,15.000,7.445,107.3,15.000,7.082,112.0
206.9445,30146,458804,15.000,7.809,123.2,15.000,7.627,107.3,15.000,7.082,112.0
206.9445,30147,458809,15.000,7.990,123.2,15.000,7.990,107.3,15.000,7.264,112.0
206.9445,30148,458814,15.000,8.353,123.2,15.000,8.535,107.3,15.000,7.809,112.0
206.9445,30149,458819,15.000,8.717,123.2,15.000,8.717,107.3,15.000,8.172,112.0
206.9445,30150,458824,15.000,9.080,123.2,15.000,9.443,107.3,15.000,8.353,112.0
206.9445,30151,458829,15.000,9.443,123.2,15.000,9.443,107.3,15.000,8.898,112.0
206.9445,30152,458834,15.000,9.806,123.2,15.000,9.625,107.3,15.000,9.080,112.0
206.9445,30153,458839,15.000,10.169,123.2,15.000,10.169,107.3,15.000,9.261,112.0
206.9445,30154,458844,15.000,10.533,123.2,15.000,10.351,107.3,15.000,9.625,112.0
206.9445,30155,458849,15.000,10.714,123.2,15.000,10.533,107.3,15.000,9.806,112.0
206.9445,30156,458854,15.000,10.896,123.2,15.000,10.896,107.3,15.000,10.169,112.0
206.9445,30157,458859,15.000,10.896,123.2,15.000,11.077,107.3,15.000,10.351,112.0
206.9445,30158,458864,15.000,11.077,123.2,15.000,11.259,107.3,15.000,10.533,112.0
206.9788,30159,458873,15.000,12.348,106.1,15.000,12.530,89.0,15.000,11.622,98.7
206.9788,30160,458878,15.000,12.530,106.1,15.000,12.530,89.0,15.000,11.804,98.7
206.9788,30161,458883,15.000,12.530,106.1,15.000,12.893,89.0,15.000,11.804,98.7
206.9788,30162,458888,15.000,12.712,106.1,15.000,13.075,89.0,15.000,12.167,98.7
206.9788,30163,458893,15.000,12.893,106.1,15.000,13.075,89.0,15.000,12.167,98.7
206.9788,30164,458898,15.000,12.530,106.1,15.000,13.075,89.0,15.000,12.167,98.7
206.9788,30165,458903,15.000,12.712,106.1,15.000,13.256,89.0,15.000,12.348,98.7
206.9788,30166,458908,15.000,12.530,106.1,15.000,13.256,89.0,15.000,12.348,98.7
206.9788,30167,458913,15.000,12.893,106.1,15.000,13.075,89.0,15.000,12.348,98.7
206.9788,30168,458918,15.000,12.712,106.1,15.000,13.075,89.0,15.000,12.348,98.7
206.9788,30169,458923,15.000,11.804,106.1,15.000,11.985,89.0,15.000,11.440,98.7
206.9788,30170,458928,15.000,11.622,106.1,15.000,11.804,89.0,15.000,11.440,98.7
206.9788,30171,458933,15.000,11.804,106.1,15.000,11.985,89.0,15.000,11.440,98.7
206.9788,30172,458938,15.000,11.622,106.1,15.000,11.804,89.0,15.000,11.440,98.7
206.9788,30173,458943,15.000,11.440,106.1,15.000,11.804,89.0,15.000,11.440,98.7
206.9788,30174,458948,15.000,11.804,106.1,15.000,11.804,89.0,15.000,11.440,98.7
206.9788,30175,458953,15.000,11.622,106.1,15.000,11.804,89.0,15.000,11.259,98.7
206.9788,30176,458958,15.000,11.622,106.1,15.000,11.622,89.0,15.000,11.440,98.7
206.9788,30177,458963,15.000,11.440,106.1,15.000,11.622,89.0,15.000,11.440,98.7
206.9788,30178,458968,15.000,11.440,106.1,15.000,11.622,89.0,15.000,11.440,98.7
206.9788,30179,458973,15.000,11.259,119.8,15.000,11.622,101.2,15.000,11.440,108.2
206.9788,30180,458978,15.000,11.440,119.8,15.000,11.622,101.2,15.000,11.440,108.2
206.9788,30181,458983,15.000,11.440,119.8,15.000,11.622,101.2,15.000,11.622,108.2
206.9788,30182,458988,15.000,11.259,119.8,15.000,11.622,101.2,15.000,11.440,108.2
206.9910,30183,459044,15.000,23.971,119.8,15.000,23.971,101.2,15.000,23.971,108.2
206.9910,30184,459049,15.000,23.971,119.8,15.000,24.152,101.2,15.000,24.152,108.2
206.9910,30185,459054,15.000,24.152,119.8,15.000,24.152,101.2,15.000,24.334,108.2
206.9910,30186,459059,15.000,24.334,119.8,15.000,24.334,101.2,15.000,24.334,108.2
206.9910,30187,459064,15.000,24.515,119.8,15.000,24.334,101.2,15.000,24.515,108.2
206.9910,30188,459069,15.000,24.697,119.8,15.000,24.334,101.2,15.000,24.334,108.2
206.9910,30189,459074,15.000,24.879,40.8,15.000,24.515,26.1,15.000,24.515,32.5
206.9910,30190,459079,15.000,24.879,40.8,15.000,24.697,26.1,15.000,24.697,32.5
207.1068,30191,459084,15.000,24.697,40.8,15.000,24.515,26.1,15.000,24.515,32.5
207.1068,30192,459089,15.000,24.697,40.8,15.000,24.515,26.1,15.000,24.515,32.5
207.1068,30193,459094,15.000,11.985,40.8,15.000,11.985,26.1,15.000,11.985,32.5
207.1068,30194,459099,15.000,11.622,40.8,15.000,11.622,26.1,15.000,11.622,32.5
207.1068,30195,459104,15.000,11.259,40.8,15.000,11.259,26.1,15.000,11.259,32.5
207.1068,30196,459109,15.000,10.714,40.8,15.000,10.896,26.1,15.000,10.896,32.5
207.1068,30197,459114,15.000,10.351,40.8,15.000,10.533,26.1,15.000,10.533,32.5
207.1068,30198,459119,15.000,9.806,40.8,15.000,10.169,26.1,15.000,10.351,32.5
207.1068,30199,459324,15.000,28.329,0.0,15.000,30.326,0.0,15.000,32.506,0.0
207.1068,30200,459329,15.000,27.421,0.0,15.000,29.418,0.0,15.000,31.598,0.0
207.1068,30201,459334,15.000,26.694,0.0,15.000,28.692,0.0,15.000,31.053,0.0
207.1068,30202,459339,15.000,25.968,0.0,15.000,28.147,0.0,15.000,30.326,0.0
207.1068,30203,459344,15.000,25.060,0.0,15.000,27.421,0.0,15.000,29.600,0.0
207.1068,30204,459349,15.000,24.515,0.0,15.000,26.876,0.0,15.000,29.055,0.0
207.1068,30205,459354,15.000,23.789,0.0,15.000,26.150,0.0,15.000,28.692,0.0
207.1068,30206,459359,15.000,23.244,0.0,15.000,25.605,0.0,15.000,28.147,0.0
207.1068,30207,459364,15.000,22.518,0.0,15.000,25.242,0.0,15.000,27.421,0.0
207.3085,30208,459369,15.000,21.791,0.0,15.000,24.697,0.0,15.000,26.876,0.0
207.3085,30209,459374,15.000,2.179,0.0,15.000,3.450,0.0,15.000,3.813,0.0
207.3085,30210,459379,15.000,1.816,0.0,15.000,3.450,0.0,15.000,3.813,0.0
207.3085,30211,459384,15.000,1.453,0.0,15.000,3.269,0.0,15.000,3.450,0.0
207.3085,30212,459389,15.000,1.271,0.0,15.000,2.906,0.0,15.000,3.269,0.0
207.3085,30213,459394,15.000,1.090,0.0,15.000,2.906,0.0,15.000,3.269,0.0
207.3085,30214,459399,15.000,0.726,0.0,15.000,2.724,0.0,15.000,3.087,0.0
207.3085,30215,459404,15.000,0.545,0.0,15.000,2.724,0.0,15.000,2.724,0.0
207.3085,30216,459409,15.000,0.363,0.0,15.000,2.542,0.0,15.000,2.724,0.0
207.3085,30217,459414,15.000,0.182,0.0,15.000,2.361,0.0,15.000,2.724,0.0
207.3085,30218,459419,15.000,0.182,0.0,15.000,2.179,0.0,15.000,2.542,0.0
207.3085,30219,459424,15.000,0.000,149.2,15.000,2.179,114.6,15.000,2.361,115.1
207.3085,30220,459429,15.000,0.182,149.2,15.000,1.998,114.6,15.000,2.179,115.1
207.3085,30221,459434,15.000,0.363,149.2,15.000,2.179,114.6,15.000,2.361,115.1
207.3085,30222,459439,15.000,0.726,149.2,15.000,2.361,114.6,15.000,2.542,115.1
207.3085,30223,459444,15.000,1.090,149.2,15.000,2.542,114.6,15.000,2.724,115.1
207.3694,30224,459449,15.000,1.634,149.2,15.000,2.906,114.6,15.000,3.087,115.1
207.3694,30225,459454,15.000,2.361,149.2,15.000,3.450,114.6,15.000,3.450,115.1
207.3694,30226,459459,15.000,3.087,149.2,15.000,3.995,114.6,15.000,3.813,115.1
207.3694,30227,459464,15.000,3.995,149.2,15.000,4.540,114.6,15.000,4.358,115.1
207.3694,30228,459469,15.000,4.721,149.2,15.000,5.266,114.6,15.000,4.903,115.1
207.3694,30229,459474,15.000,5.629,149.2,15.000,5.993,114.6,15.000,5.448,115.1
207.3694,30230,459479,15.000,6.356,149.2,15.000,6.719,114.6,15.000,6.174,115.1
207.3694,30231,459484,15.000,7.082,149.2,15.000,7.264,114.6,15.000,6.719,115.1
207.3694,30232,459489,15.000,7.264,149.2,15.000,7.445,114.6,15.000,7.264,115.1
207.3694,30233,459494,15.000,7.990,149.2,15.000,7.990,114.6,15.000,7.627,115.1
207.3694,30234,459499,15.000,8.535,149.2,15.000,8.535,114.6,15.000,8.172,115.1
207.3694,30235,459504,15.000,9.080,149.2,15.000,8.898,114.6,15.000,8.535,115.1
207.3694,30236,459509,15.000,9.443,149.2,15.000,9.261,114.6,15.000,8.898,115.1
207.3694,30237,459514,15.000,9.806,149.2,15.000,9.806,114.6,15.000,9.261,115.1
207.3694,30238,459519,15.000,10.351,149.2,15.000,9.988,114.6,15.000,9.806,115.1
207.3694,30239,459524,15.000,10.714,111.5,15.000,10.351,88.2,15.000,10.169,90.4
207.3694,30240,459529,15.000,11.077,111.5,15.000,10.714,88.2,15.000,10.351,90.4
207.3694,30241,459534,15.000,11.622,111.5,15.000,10.896,88.2,15.000,10.533,90.4
207.3694,30242,459539,15.000,12.348,111.5,15.000,11.440,88.2,15.000,10.714,90.4
207.3694,30243,459544,15.000,12.348,111.5,15.000,11.440,88.2,15.000,10.896,90.4
207.3694,30244,459549,15.000,12.530,111.5,15.000,11.622,88.2,15.000,10.714,90.4
207.3694,30245,459554,15.000,12.530,111.5,15.000,11.622,88.2,15.000,10.896,90.4
207.3694,30246,459559,15.000,12.712,111.5,15.000,11.804,88.2,15.000,10.714,90.4
207.3694,30247,459564,15.000,12.712,111.5,15.000,11.622,88.2,15.000,10.533,90.4
207.4526,30248,459569,15.000,12.712,111.5,15.000,11.804,88.2,15.000,10.169,90.4
207.4526,30249,459574,15.000,12.712,111.5,15.000,11.622,88.2,15.000,9.806,90.4
207.4526,30250,459579,15.000,12.530,111.5,15.000,11.622,88.2,15.000,9.443,90.4
207.4526,30251,459584,15.000,12.348,111.5,15.000,11.622,88.2,15.000,9.261,90.4
207.4526,30252,459589,15.000,12.348,111.5,15.000,11.622,88.2,15.000,8.717,90.4
207.4526,30253,459594,15.000,12.348,111.5,15.000,11.804,88.2,15.000,8.353,90.4
207.4526,30254,459599,15.000,12.348,111.5,15.000,11.440,88.2,15.000,8.172,90.4
207.4526,30255,459604,15.000,12.348,111.5,15.000,11.440,88.2,15.000,7.809,90.4
207.4526,30256,459609,15.000,12.167,111.5,15.000,11.440,88.2,15.000,7.627,90.4
207.4526,30257,459614,15.000,12.167,111.5,15.000,11.440,88.2,15.000,7.445,90.4
207.4526,30258,459619,15.000,11.985,111.5,15.000,11.259,88.2,15.000,7.264,90.4
207.4526,30259,459624,15.000,11.985,114.5,15.000,11.440,92.9,15.000,7.082,122.3
207.4526,30260,459629,15.000,12.167,114.5,15.000,11.259,92.9,15.000,7.082,122.3
207.4526,30261,459634,15.000,11.985,114.5,15.000,11.259,92.9,15.000,6.901,122.3
207.4526,30262,459639,15.000,11.985,114.5,15.000,11.440,92.9,15.000,7.082,122.3
207.4526,30263,459644,15.000,12.167,114.5,15.000,11.259,92.9,15.000,7.082,122.3
207.6060,30264,459708,15.000,26.150,114.5,15.000,25.060,92.9,15.000,15.799,122.3
207.6060,30265,459713,15.000,25.968,114.5,15.000,25.060,92.9,15.000,15.799,122.3
207.6060,30266,459718,15.000,26.150,114.5,15.000,24.697,92.9,15.000,15.980,122.3
207.6060,30267,459723,15.000,26.150,114.5,15.000,24.879,92.9,15.000,16.162,122.3
207.6060,30268,459728,15.000,26.150,30.7,15.000,24.879,14.9,15.000,16.344,80.7
207.6060,30269,459733,15.000,26.150,30.7,15.000,24.697,14.9,15.000,16.525,80.7
207.6060,30270,459738,15.000,25.968,30.7,15.000,24.697,14.9,15.000,16.707,80.7
207.6060,30271,459743,15.000,25.968,30.7,15.000,24.697,14.9,15.000,16.888,80.7
207.6060,30272,459748,15.000,25.605,30.7,15.000,24.334,14.9,15.000,17.070,80.7
207.6060,30273,459753,15.000,25.242,30.7,15.000,24.152,14.9,15.000,17.252,80.7
207.6060,30274,459758,15.000,10.896,30.7,15.000,10.169,14.9,15.000,8.717,80.7
207.6060,30275,459763,15.000,10.533,30.7,15.000,9.988,14.9,15.000,8.898,80.7
207.6060,30276,459768,15.000,9.988,30.7,15.000,9.806,14.9,15.000,8.898,80.7
207.6060,30277,459773,15.000,9.625,30.7,15.000,9.080,14.9,15.000,8.898,80.7
207.6060,30278,459778,15.000,9.261,30.7,15.000,8.717,14.9,15.000,9.080,80.7
207.6060,30279,459783,15.000,8.535,30.7,15.000,8.353,14.9,15.000,9.261,80.7
207.6069,30280,459797,15.000,9.261,30.7,15.000,8.898,14.9,15.000,11.077,80.7
207.6069,30281,459802,15.000,8.717,30.7,15.000,8.353,14.9,15.000,10.896,80.7
207.6069,30282,459807,15.000,8.535,30.7,15.000,7.990,14.9,15.000,11.077,80.7
207.6069,30283,459812,15.000,8.172,30.7,15.000,7.627,14.9,15.000,11.077,80.7
207.6069,30284,459817,15.000,7.809,30.7,15.000,7.264,14.9,15.000,11.077,80.7
207.6069,30285,459822,15.000,7.627,30.7,15.000,6.901,14.9,15.000,11.077,80.7
207.6069,30286,459827,15.000,7.445,30.7,15.000,6.719,14.9,15.000,11.259,80.7
207.6069,30287,459832,15.000,7.082,129.1,15.000,6.537,111.6,15.000,11.259,111.3
207.7125,30288,459837,15.000,6.901,129.1,15.000,6.356,111.6,15.000,11.077,111.3
207.7125,30289,459842,15.000,7.082,129.1,15.000,6.174,111.6,15.000,11.259,111.3
207.7125,30290,459847,15.000,5.993,129.1,15.000,5.085,111.6,15.000,9.443,111.3
207.7125,30291,459852,15.000,5.811,129.1,15.000,5.266,111.6,15.000,9.806,111.3
207.7125,30292,459857,15.000,5.993,129.1,15.000,5.629,111.6,15.000,9.806,111.3
207.7125,30293,459862,15.000,6.356,129.1,15.000,5.811,111.6,15.000,9.988,111.3
207.7125,30294,459867,15.000,6.719,129.1,15.000,6.356,111.6,15.000,10.169,111.3
207.7125,30295,459872,15.000,7.264,129.1,15.000,6.719,111.6,15.000,10.351,111.3
207.7125,30296,459877,15.000,7.627,129.1,15.000,7.082,111.6,15.000,10.351,111.3
207.7125,30297,459882,15.000,8.172,129.1,15.000,7.809,111.6,15.000,10.714,111.3
207.7125,30298,459887,15.000,8.717,129.1,15.000,8.353,111.6,15.000,10.896,111.3
207.7125,30299,459892,15.000,9.080,129.1,15.000,8.898,111.6,15.000,11.077,111.3
207.7125,30300,459897,15.000,9.443,129.1,15.000,9.443,111.6,15.000,11.259,111.3
207.7125,30301,459902,15.000,10.169,129.1,15.000,9.806,111.6,15.000,11.440,111.3
207.7125,30302,459907,15.000,10.351,129.1,15.000,10.169,111.6,15.000,11.440,111.3
207.7125,30303,459912,15.000,10.714,129.1,15.000,10.533,111.6,15.000,11.622,111.3
207.9498,30304,459917,15.000,10.896,129.1,15.000,10.896,111.6,15.000,11.804,111.3
207.9498,30305,459922,15.000,11.077,129.1,15.000,11.077,111.6,15.000,11.804,111.3
207.9498,30306,459927,15.000,11.440,129.1,15.000,11.440,111.6,15.000,11.985,111.3
207.9498,30307,459932,15.000,11.259,118.2,15.000,11.622,96.2,15.000,11.985,114.7
207.9498,30308,459937,15.000,11.440,118.2,15.000,11.804,96.2,15.000,11.985,114.7
207.9498,30309,459942,15.000,11.622,118.2,15.000,11.985,96.2,15.000,11.985,114.7
207.9498,30310,459947,15.000,11.622,118.2,15.000,12.167,96.2,15.000,12.167,114.7
207.9498,30311,459952,15.000,11.804,118.2,15.000,12.348,96.2,15.000,12.167,114.7
207.9498,30312,459957,15.000,11.985,118.2,15.000,12.167,96.2,15.000,12.348,114.7
207.9498,30313,459962,15.000,11.622,118.2,15.000,12.348,96.2,15.000,12.348,114.7
207.9498,30314,459967,15.000,11.804,118.2,15.000,12.348,96.2,15.000,12.348,114.7
207.9498,30315,459972,15.000,11.804,118.2,15.000,12.530,96.2,15.000,12.348,114.7
207.9498,30316,459977,15.000,11.622,118.2,15.000,12.348,96.2,15.000,12.348,114.7
207.9498,30317,459982,15.000,11.985,118.2,15.000,12.167,96.2,15.000,12.348,114.7
207.9498,30318,459987,15.000,11.985,118.2,15.000,12.167,96.2,15.000,12.530,114.7
207.9498,30319,459992,15.000,11.985,118.2,15.000,12.167,96.2,15.000,12.530,114.7
207.9801,30320,460012,15.000,15.799,118.2,15.000,15.799,96.2,15.000,16.344,114.7
207.9801,30321,460017,15.000,15.436,118.2,15.000,15.617,96.2,15.000,15.980,114.7
207.9801,30322,460022,15.000,15.436,118.2,15.000,15.799,96.2,15.000,15.980,114.7
207.9801,30323,460027,15.000,15.799,118.2,15.000,15.617,96.2,15.000,15.799,114.7
207.9801,30324,460032,15.000,15.617,99.4,15.000,15.617,78.9,15.000,15.799,97.2
207.9801,30325,460037,15.000,15.617,99.4,15.000,15.617,78.9,15.000,15.799,97.2
207.9801,30326,460042,15.000,15.799,99.4,15.000,15.617,78.9,15.000,15.799,97.2
207.9801,30327,460047,15.000,15.617,99.4,15.000,15.799,78.9,15.000,15.617,97.2
207.9801,30328,460052,15.000,15.436,99.4,15.000,15.617,78.9,15.000,15.436,97.2
207.9801,30329,460057,15.000,15.436,99.4,15.000,15.436,78.9,15.000,15.254,97.2
207.9801,30330,460062,15.000,11.622,99.4,15.000,11.804,78.9,15.000,11.259,97.2
207.9801,30331,460067,15.000,11.804,99.4,15.000,11.804,78.9,15.000,11.622,97.2
207.9801,30332,460072,15.000,11.622,99.4,15.000,11.622,78.9,15.000,11.440,97.2
207.9801,30333,460077,15.000,11.440,99.4,15.000,11.622,78.9,15.000,11.440,97.2
207.9801,30334,460082,15.000,11.440,99.4,15.000,11.440,78.9,15.000,11.440,97.2
207.9801,30335,460087,15.000,11.259,99.4,15.000,11.259,78.9,15.000,11.440,97.2
207.9801,30336,460132,15.000,19.612,72.8,15.000,19.431,53.5,15.000,20.339,66.7
207.9801,30337,460137,15.000,19.431,72.8,15.000,19.249,53.5,15.000,20.520,66.7
207.9801,30338,460142,15.000,19.431,72.8,15.000,19.067,53.5,15.000,20.520,66.7
207.9801,30339,460147,15.000,19.249,72.8,15.000,19.067,53.5,15.000,20.339,66.7
207.9801,30340,460152,15.000,19.067,72.8,15.000,18.704,53.5,15.000,20.339,66.7
207.9801,30341,460157,15.000,18.886,72.8,15.000,18.523,53.5,15.000,19.975,66.7
207.9801,30342,460162,15.000,18.886,72.8,15.000,18.341,53.5,15.000,19.975,66.7
207.9801,30343,460167,15.000,18.704,72.8,15.000,18.160,53.5,15.000,19.794,66.7
208.0119,30344,460172,15.000,18.523,72.8,15.000,17.978,53.5,15.000,19.431,66.7
208.0119,30345,460177,15.000,18.341,72.8,15.000,17.796,53.5,15.000,19.431,66.7
208.0119,30346,460182,15.000,9.625,72.8,15.000,9.261,53.5,15.000,10.169,66.7
208.0119,30347,460187,15.000,9.625,72.8,15.000,9.080,53.5,15.000,9.806,66.7
208.0119,30348,460192,15.000,9.443,72.8,15.000,9.080,53.5,15.000,9.443,66.7
208.0119,30349,460197,15.000,9.080,72.8,15.000,8.717,53.5,15.000,9.443,66.7
208.0119,30350,460202,15.000,9.080,72.8,15.000,8.717,53.5,15.000,9.261,66.7
208.0119,30351,460207,15.000,9.080,72.8,15.000,8.535,53.5,15.000,9.261,66.7
208.1317,30352,460212,15.000,8.898,72.8,15.000,8.535,53.5,15.000,9.080,66.7
208.1317,30353,460217,15.000,8.717,72.8,15.000,8.353,53.5,15.000,8.898,66.7
208.1317,30354,460222,15.000,8.717,72.8,15.000,8.172,53.5,15.000,8.898,66.7
208.1317,30355,460227,15.000,8.535,72.8,15.000,8.172,53.5,15.000,8.535,66.7
208.1317,30356,460232,15.000,8.535,133.8,15.000,8.172,116.1,15.000,8.535,130.7
208.1317,30357,460237,15.000,8.535,133.8,15.000,8.172,116.1,15.000,8.353,130.7
208.1317,30358,460242,15.000,8.535,133.8,15.000,7.990,116.1,15.000,8.535,130.7
208.1317,30359,460247,15.000,8.717,133.8,15.000,8.172,116.1,15.000,8.535,130.7
208.1317,30360,460328,15.000,27.058,133.8,15.000,25.787,116.1,15.000,24.697,130.7
208.1317,30361,460333,15.000,27.239,27.3,15.000,26.150,15.0,15.000,24.697,40.4
208.1317,30362,460338,15.000,27.784,27.3,15.000,26.513,15.0,15.000,25.060,40.4
208.1326,30363,460343,15.000,28.147,27.3,15.000,27.058,15.0,15.000,25.423,40.4
208.1326,30364,460348,15.000,28.329,27.3,15.000,27.421,15.0,15.000,25.423,40.4
208.1326,30365,460353,15.000,28.692,27.3,15.000,27.602,15.0,15.000,25.787,40.4
208.1326,30366,460358,15.000,28.692,27.3,15.000,27.784,15.0,15.000,25.787,40.4
208.1326,30367,460363,15.000,28.874,27.3,15.000,27.784,15.0,15.000,25.968,40.4
208.2898,30368,460368,15.000,28.692,27.3,15.000,27.966,15.0,15.000,25.968,40.4
208.2898,30369,460373,15.000,28.692,27.3,15.000,27.784,15.0,15.000,25.968,40.4
208.2898,30370,460378,15.000,10.169,27.3,15.000,10.169,15.0,15.000,9.625,40.4
208.2898,30371,460383,15.000,9.806,27.3,15.000,9.806,15.0,15.000,9.443,40.4
208.2898,30372,460388,15.000,9.080,27.3,15.000,9.080,15.0,15.000,9.080,40.4
208.2898,30373,460393,15.000,8.717,27.3,15.000,8.535,15.0,15.000,8.717,40.4
208.2898,30374,460398,15.000,8.172,27.3,15.000,8.172,15.0,15.000,8.535,40.4
208.2898,30375,460403,15.000,7.809,27.3,15.000,7.627,15.0,15.000,8.172,40.4
208.2898,30376,460408,15.000,7.445,27.3,15.000,7.264,15.0,15.000,7.990,40.4
208.2898,30377,460413,15.000,6.901,27.3,15.000,6.901,15.0,15.000,7.809,40.4
208.2898,30378,460418,15.000,6.901,27.3,15.000,6.537,15.0,15.000,7.627,40.4
208.2898,30379,460423,15.000,6.537,27.3,15.000,6.356,15.0,15.000,7.445,40.4
208.2898,30380,460428,15.000,6.356,27.3,15.000,5.993,15.0,15.000,7.445,40.4
208.2898,30381,460433,15.000,6.174,136.6,15.000,5.629,123.2,15.000,7.264,132.0
208.2898,30382,460438,15.000,5.993,136.6,15.000,5.629,123.2,15.000,7.082,132.0
208.2898,30383,460443,15.000,5.993,136.6,15.000,5.629,123.2,15.000,7.082,132.0
208.2898,30384,460448,15.000,6.174,136.6,15.000,5.629,123.2,15.000,7.264,132.0
208.2898,30385,460453,15.000,6.356,136.6,15.000,5.811,123.2,15.000,7.264,132.0
208.2898,30386,460458,15.000,6.537,136.6,15.000,5.993,123.2,15.000,7.445,132.0
208.2898,30387,460463,15.000,7.082,136.6,15.000,6.537,123.2,15.000,7.627,132.0
208.2898,30388,460468,15.000,7.264,136.6,15.000,6.901,123.2,15.000,7.627,132.0
208.2898,30389,460473,15.000,7.809,136.6,15.000,7.264,123.2,15.000,7.809,132.0
208.2898,30390,460478,15.000,8.353,136.6,15.000,7.809,123.2,15.000,7.990,132.0
208.2898,30391,460483,15.000,8.898,136.6,15.000,8.717,123.2,15.000,8.535,132.0
208.3412,30392,460488,15.000,9.443,136.6,15.000,9.261,123.2,15.000,8.717,132.0
208.3412,30393,460493,15.000,9.806,136.6,15.000,9.625,123.2,15.000,8.898,132.0
208.3412,30394,460498,15.000,10.169,136.6,15.000,10.169,123.2,15.000,9.080,132.0
208.3412,30395,460503,15.000,10.533,136.6,15.000,10.714,123.2,15.000,9.261,132.0
208.3412,30396,460508,15.000,10.896,136.6,15.000,11.259,123.2,15.000,9.443,132.0
208.3412,30397,460513,15.000,10.896,136.6,15.000,11.440,123.2,15.000,9.625,132.0
208.3412,30398,460518,15.000,11.259,136.6,15.000,11.804,123.2,15.000,9.988,132.0
208.3412,30399,460523,15.000,11.440,136.6,15.000,12.167,123.2,15.000,10.169,132.0
208.3412,30400,460528,15.000,11.622,136.6,15.000,12.530,123.2,15.000,10.351,132.0
208.3412,30401,460533,15.000,11.804,118.2,15.000,12.530,98.0,15.000,10.169,129.0
208.3412,30402,460538,15.000,11.985,118.2,15.000,12.712,98.0,15.000,10.533,129.0
208.3412,30403,460543,15.000,12.167,118.2,15.000,12.893,98.0,15.000,10.714,129.0
208.3412,30404,460548,15.000,12.348,118.2,15.000,13.075,98.0,15.000,10.714,129.0
208.3412,30405,460553,15.000,12.348,118.2,15.000,13.075,98.0,15.000,10.896,129.0
208.3412,30406,460558,15.000,12.530,118.2,15.000,13.075,98.0,15.000,10.896,129.0
208.3412,30407,460563,15.000,12.712,118.2,15.000,13.075,98.0,15.000,11.077,129.0
208.4228,30408,460628,15.000,27.421,118.2,15.000,28.510,98.0,15.000,25.787,129.0
208.4228,30409,460633,15.000,27.239,27.2,15.000,28.329,3.1,15.000,25.787,40.2
208.4228,30410,460638,15.000,27.058,27.2,15.000,27.966,3.1,15.000,25.968,40.2
208.4228,30411,460643,15.000,26.876,27.2,15.000,27.784,3.1,15.000,26.331,40.2
208.4228,30412,460648,15.000,26.694,27.2,15.000,27.602,3.1,15.000,26.150,40.2
208.4228,30413,460653,15.000,26.331,27.2,15.000,27.239,3.1,15.000,26.150,40.2
208.4228,30414,460658,15.000,25.968,27.2,15.000,26.694,3.1,15.000,25.968,40.2
208.4228,30415,460663,15.000,25.423,27.2,15.000,26.331,3.1,15.000,25.968,40.2
208.4228,30416,460668,15.000,25.060,27.2,15.000,25.787,3.1,15.000,25.787,40.2
208.4228,30417,460673,15.000,24.334,27.2,15.000,25.242,3.1,15.000,25.423,40.2
208.4228,30418,460678,15.000,9.080,27.2,15.000,9.261,3.1,15.000,10.533,40.2
208.4228,30419,460683,15.000,8.717,27.2,15.000,8.717,3.1,15.000,10.169,40.2
208.4228,30420,460688,15.000,8.172,27.2,15.000,8.353,3.1,15.000,9.806,40.2
208.4228,30421,460693,15.000,7.627,27.2,15.000,7.809,3.1,15.000,9.443,40.2
208.4228,30422,460698,15.000,7.264,27.2,15.000,7.264,3.1,15.000,9.080,40.2
208.4228,30423,460703,15.000,6.901,27.2,15.000,6.901,3.1,15.000,8.717,40.2
208.5859,30424,460708,15.000,6.356,27.2,15.000,6.537,3.1,15.000,8.535,40.2
208.5871,30425,460713,15.000,6.174,27.2,15.000,5.993,3.1,15.000,8.353,40.2
208.5871,30426,460718,15.000,5.811,27.2,15.000,5.811,3.1,15.000,8.172,40.2
208.5871,30427,460723,15.000,5.811,27.2,15.000,5.448,3.1,15.000,7.990,40.2
208.5871,30428,460728,15.000,5.448,27.2,15.000,5.085,3.1,15.000,7.627,40.2
208.5871,30429,460733,15.000,5.266,141.9,15.000,5.085,123.6,15.000,7.627,133.9
208.5871,30430,460738,15.000,5.085,141.9,15.000,4.721,123.6,15.000,7.445,133.9
208.5871,30431,460743,15.000,5.266,141.9,15.000,4.721,123.6,15.000,7.264,133.9
208.5871,30432,460748,15.000,5.085,141.9,15.000,4.721,123.6,15.000,7.445,133.9
208.5871,30433,460753,15.000,5.266,141.9,15.000,4.903,123.6,15.000,7.627,133.9
208.5871,30434,460758,15.000,5.811,141.9,15.000,5.266,123.6,15.000,7.809,133.9
208.5871,30435,460763,15.000,6.174,141.9,15.000,5.811,123.6,15.000,7.809,133.9
208.5871,30436,460768,15.000,6.537,141.9,15.000,6.174,123.6,15.000,7.990,133.9
208.5871,30437,460773,15.000,6.901,141.9,15.000,6.719,123.6,15.000,8.172,133.9
208.5871,30438,460778,15.000,7.627,141.9,15.000,7.445,123.6,15.000,8.535,133.9
208.5871,30439,460783,15.000,8.172,141.9,15.000,7.809,123.6,15.000,8.717,133.9
208.6461,30440,460788,15.000,8.898,141.9,15.000,8.535,123.6,15.000,9.080,133.9
208.6461,30441,460793,15.000,9.261,141.9,15.000,9.080,123.6,15.000,9.443,133.9
208.6461,30442,460798,15.000,9.988,141.9,15.000,9.806,123.6,15.000,9.625,133.9
208.6461,30443,460803,15.000,10.351,141.9,15.000,10.169,123.6,15.000,9.806,133.9
208.6461,30444,460808,15.000,10.714,141.9,15.000,10.533,123.6,15.000,9.988,133.9
208.6461,30445,460813,15.000,10.896,141.9,15.000,10.896,123.6,15.000,10.169,133.9
208.6461,30446,460818,15.000,11.440,141.9,15.000,11.259,123.6,15.000,10.533,133.9
208.6461,30447,460823,15.000,11.804,141.9,15.000,11.622,123.6,15.000,10.714,133.9
208.6461,30448,460828,15.000,11.985,141.9,15.000,11.985,123.6,15.000,10.896,133.9
208.6461,30449,460833,15.000,11.985,118.5,15.000,12.348,97.0,15.000,11.259,125.3
208.6461,30450,460838,15.000,12.167,118.5,15.000,12.530,97.0,15.000,11.259,125.3
208.6461,30451,460843,15.000,12.348,118.5,15.000,12.712,97.0,15.000,11.259,125.3
208.6461,30452,460848,15.000,12.530,118.5,15.000,12.893,97.0,15.000,11.440,125.3
208.6461,30453,460853,15.000,12.712,118.5,15.000,13.075,97.0,15.000,11.440,125.3
208.6461,30454,460858,15.000,12.530,118.5,15.000,13.075,97.0,15.000,11.622,125.3
208.6461,30455,460863,15.000,12.712,118.5,15.000,13.075,97.0,15.000,11.622,125.3
208.7468,30456,460868,15.000,12.530,118.5,15.000,13.075,97.0,15.000,11.622,125.3
208.7468,30457,460873,15.000,12.530,118.5,15.000,13.075,97.0,15.000,11.622,125.3
208.7468,30458,460878,15.000,12.530,118.5,15.000,12.893,97.0,15.000,11.804,125.3
208.7468,30459,460883,15.000,12.712,118.5,15.000,12.893,97.0,15.000,11.804,125.3
208.7468,30460,460888,15.000,12.712,118.5,15.000,12.893,97.0,15.000,11.804,125.3
208.7468,30461,460893,15.000,12.712,118.5,15.000,12.893,97.0,15.000,11.985,125.3
208.7468,30462,460898,15.000,12.530,118.5,15.000,12.712,97.0,15.000,11.985,125.3
208.7468,30463,460903,15.000,12.530,118.5,15.000,12.712,97.0,15.000,11.985,125.3
208.7468,30464,460908,15.000,12.712,118.5,15.000,12.712,97.0,15.000,11.985,125.3
208.7468,30465,460913,15.000,12.712,118.5,15.000,12.712,97.0,15.000,12.167,125.3
208.7468,30466,460918,15.000,12.712,118.5,15.000,12.712,97.0,15.000,12.167,125.3
208.7468,30467,460923,15.000,12.712,118.5,15.000,12.712,97.0,15.000,12.348,125.3
208.7468,30468,460928,15.000,12.712,118.5,15.000,12.530,97.0,15.000,12.167,125.3
208.7468,30469,460933,15.000,12.712,121.6,15.000,12.530,102.8,15.000,12.167,128.5
208.7468,30470,460938,15.000,12.712,121.6,15.000,12.530,102.8,15.000,12.348,128.5
208.7468,30471,460943,15.000,12.712,121.6,15.000,12.530,102.8,15.000,12.348,128.5
208.9264,30472,460986,15.000,22.336,121.6,15.000,21.973,102.8,15.000,21.610,128.5
208.9264,30473,460991,15.000,22.336,121.6,15.000,21.973,102.8,15.000,21.791,128.5
208.9264,30474,460996,15.000,22.336,121.6,15.000,21.973,102.8,15.000,21.791,128.5
208.9264,30475,461001,15.000,22.336,121.6,15.000,21.973,102.8,15.000,21.610,128.5
208.9264,30476,461006,15.000,22.336,121.6,15.000,21.973,102.8,15.000,21.610,128.5
208.9264,30477,461011,15.000,22.336,121.6,15.000,21.973,102.8,15.000,21.610,128.5
208.9264,30478,461016,15.000,22.336,121.6,15.000,22.155,102.8,15.000,21.791,128.5
208.9264,30479,461021,15.000,22.336,121.6,15.000,22.155,102.8,15.000,21.791,128.5
208.9264,30480,461026,15.000,22.336,121.6,15.000,22.155,102.8,15.000,21.791,128.5
208.9264,30481,461031,15.000,22.336,121.6,15.000,22.155,102.8,15.000,21.973,128.5
208.9264,30482,461036,15.000,12.893,125.8,15.000,12.530,108.5,15.000,12.712,131.7
208.9264,30483,461041,15.000,12.893,125.8,15.000,12.712,108.5,15.000,12.712,131.7
208.9264,30484,461046,15.000,12.893,125.8,15.000,12.712,108.5,15.000,12.712,131.7
208.9264,30485,461051,15.000,12.893,125.8,15.000,12.712,108.5,15.000,13.075,131.7
208.9264,30486,461056,15.000,12.893,125.8,15.000,12.712,108.5,15.000,13.075,131.7
208.9264,30487,461061,15.000,12.893,125.8,15.000,12.712,108.5,15.000,13.075,131.7
208.9264,30488,461066,15.000,12.893,125.8,15.000,12.712,108.5,15.000,13.256,131.7
208.9264,30489,461071,15.000,13.075,125.8,15.000,12.712,108.5,15.000,13.256,131.7
208.9264,30490,461076,15.000,13.075,125.8,15.000,12.712,108.5,15.000,13.438,131.7
208.9264,30491,461081,15.000,13.075,125.8,15.000,12.893,108.5,15.000,13.438,131.7
208.9264,30492,461086,15.000,12.893,125.8,15.000,13.075,108.5,15.000,13.438,131.7
208.9264,30493,461091,15.000,12.893,125.8,15.000,12.893,108.5,15.000,13.620,131.7
208.9264,30494,461096,15.000,12.893,125.8,15.000,12.893,108.5,15.000,13.620,131.7
208.9264,30495,461101,15.000,12.712,125.8,15.000,13.075,108.5,15.000,13.620,131.7
208.9920,30496,461106,15.000,12.893,125.8,15.000,13.075,108.5,15.000,13.801,131.7
208.9920,30497,461111,15.000,12.893,125.8,15.000,13.075,108.5,15.000,13.983,131.7
208.9920,30498,461116,15.000,12.893,125.8,15.000,13.075,108.5,15.000,13.983,131.7
208.9920,30499,461121,15.000,12.712,125.8,15.000,13.256,108.5,15.000,14.164,131.7
208.9920,30500,461126,15.000,12.530,125.8,15.000,13.256,108.5,15.000,14.164,131.7
208.9920,30501,461131,15.000,12.530,125.8,15.000,13.075,108.5,15.000,13.983,131.7
208.9920,30502,461136,15.000,12.530,133.0,15.000,13.075,110.7,15.000,14.346,126.5
208.9920,30503,461141,15.000,12.530,133.0,15.000,13.256,110.7,15.000,14.164,126.5
208.9920,30504,461146,15.000,12.530,133.0,15.000,13.256,110.7,15.000,14.528,126.5
208.9920,30505,461151,15.000,12.712,133.0,15.000,13.075,110.7,15.000,14.528,126.5
208.9920,30506,461156,15.000,12.712,133.0,15.000,13.256,110.7,15.000,14.528,126.5
208.9920,30507,461161,15.000,12.712,133.0,15.000,13.256,110.7,15.000,14.528,126.5
208.9920,30508,461166,15.000,12.712,133.0,15.000,13.438,110.7,15.000,14.528,126.5
208.9920,30509,461171,15.000,12.530,133.0,15.000,13.256,110.7,15.000,14.528,126.5
208.9920,30510,461176,15.000,12.893,133.0,15.000,13.256,110.7,15.000,14.528,126.5
208.9920,30511,461181,15.000,12.893,133.0,15.000,13.438,110.7,15.000,14.709,126.5
209.1469,30512,461265,15.000,33.777,2.2,15.000,34.866,0.0,15.000,37.590,0.0
209.1469,30513,461270,15.000,33.777,2.2,15.000,34.685,0.0,15.000,37.590,0.0
209.1469,30514,461275,15.000,33.595,2.2,15.000,34.503,0.0,15.000,37.227,0.0
209.1469,30515,461280,15.000,33.414,2.2,15.000,34.503,0.0,15.000,37.045,0.0
209.1469,30516,461285,15.000,33.050,2.2,15.000,33.958,0.0,15.000,36.501,0.0
209.1469,30517,461290,15.000,32.687,2.2,15.000,33.595,0.0,15.000,36.137,0.0
209.1469,30518,461295,15.000,32.142,2.2,15.000,33.050,0.0,15.000,35.593,0.0
209.1469,30519,461300,15.000,31.779,2.2,15.000,32.687,0.0,15.000,34.866,0.0
209.1469,30520,461305,15.000,31.053,2.2,15.000,32.142,0.0,15.000,34.321,0.0
209.1469,30521,461310,15.000,30.508,2.2,15.000,31.416,0.0,15.000,33.595,0.0
209.1469,30522,461315,15.000,8.898,2.2,15.000,9.261,0.0,15.000,9.625,0.0
209.1469,30523,461320,15.000,8.172,2.2,15.000,8.717,0.0,15.000,9.080,0.0
209.1469,30524,461325,15.000,7.627,2.2,15.000,8.172,0.0,15.000,8.353,0.0
209.1469,30525,461330,15.000,7.082,2.2,15.000,7.445,0.0,15.000,7.627,0.0
209.1469,30526,461335,15.000,6.356,2.2,15.000,7.082,0.0,15.000,7.264,0.0
209.1469,30527,461340,15.000,5.993,2.2,15.000,6.719,0.0,15.000,6.719,0.0
209.1469,30528,461345,15.000,5.629,2.2,15.000,6.174,0.0,15.000,6.356,0.0
209.1469,30529,461350,15.000,5.448,2.2,15.000,5.811,0.0,15.000,5.993,0.0
209.1469,30530,461355,15.000,5.085,2.2,15.000,5.448,0.0,15.000,5.448,0.0
209.1469,30531,461360,15.000,4.721,2.2,15.000,5.085,0.0,15.000,5.085,0.0
209.1469,30532,461365,15.000,4.540,149.3,15.000,5.085,123.4,15.000,4.903,139.6
209.1469,30533,461370,15.000,4.358,149.3,15.000,4.721,123.4,15.000,4.540,139.6
209.1469,30534,461375,15.000,4.358,149.3,15.000,4.721,123.4,15.000,4.540,139.6
209.1469,30535,461380,15.000,4.358,149.3,15.000,4.721,123.4,15.000,4.358,139.6
209.1778,30536,461385,15.000,4.721,149.3,15.000,4.903,123.4,15.000,4.358,139.6
209.1778,30537,461390,15.000,4.903,149.3,15.000,5.266,123.4,15.000,4.358,139.6
209.1778,30538,461395,15.000,5.266,149.3,15.000,5.629,123.4,15.000,4.540,139.6
209.1778,30539,461400,15.000,5.629,149.3,15.000,5.993,123.4,15.000,4.721,139.6
209.1778,30540,461405,15.000,6.174,149.3,15.000,6.537,123.4,15.000,5.085,139.6
209.1778,30541,461410,15.000,6.719,149.3,15.000,7.082,123.4,15.000,5.448,139.6
209.1778,30542,461415,15.000,7.445,149.3,15.000,7.627,123.4,15.000,5.811,139.6
209.1778,30543,461420,15.000,8.172,149.3,15.000,8.353,123.4,15.000,6.174,139.6
209.1778,30544,461425,15.000,8.898,149.3,15.000,8.898,123.4,15.000,6.537,139.6
209.1778,30545,461430,15.000,9.625,149.3,15.000,9.625,123.4,15.000,6.901,139.6
209.1778,30546,461435,15.000,9.988,149.3,15.000,9.988,123.4,15.000,7.264,139.6
209.1778,30547,461440,15.000,10.533,149.3,15.000,10.351,123.4,15.000,7.627,139.6
209.1778,30548,461445,15.000,11.077,149.3,15.000,10.896,123.4,15.000,7.809,139.6
209.1778,30549,461450,15.000,11.440,149.3,15.000,11.259,123.4,15.000,8.353,139.6
209.1778,30550,461455,15.000,11.985,149.3,15.000,11.622,123.4,15.000,8.535,139.6
209.1778,30551,461460,15.000,12.348,149.3,15.000,11.985,123.4,15.000,8.898,139.6
209.1906,30552,461465,15.000,12.530,118.5,15.000,12.167,97.1,15.000,9.261,131.0
209.1906,30553,461470,15.000,12.712,118.5,15.000,12.348,97.1,15.000,9.625,131.0
209.1906,30554,461475,15.000,12.893,118.5,15.000,12.712,97.1,15.000,9.806,131.0
209.1906,30555,461480,15.000,12.893,118.5,15.000,12.712,97.1,15.000,10.351,131.0
209.1906,30556,461485,15.000,13.256,118.5,15.000,12.893,97.1,15.000,10.533,131.0
209.1906,30557,461490,15.000,13.256,118.5,15.000,12.893,97.1,15.000,10.896,131.0
209.1906,30558,461495,15.000,13.256,118.5,15.000,12.893,97.1,15.000,11.077,131.0
209.1906,30559,461500,15.000,13.438,118.5,15.000,12.893,97.1,15.000,11.259,131.0
209.2575,30560,461505,15.000,13.256,118.5,15.000,12.893,97.1,15.000,11.440,131.0
209.2575,30561,461510,15.000,13.256,118.5,15.000,12.893,97.1,15.000,11.622,131.0
209.2575,30562,461515,15.000,13.438,118.5,15.000,12.893,97.1,15.000,11.804,131.0
209.2575,30563,461520,15.000,13.438,118.5,15.000,12.712,97.1,15.000,11.985,131.0
209.2575,30564,461525,15.000,13.256,118.5,15.000,12.530,97.1,15.000,12.167,131.0
209.2575,30565,461530,15.000,13.256,118.5,15.000,12.530,97.1,15.000,12.348,131.0
209.2575,30566,461535,15.000,13.256,118.5,15.000,12.530,97.1,15.000,12.530,131.0
209.2575,30567,461540,15.000,13.256,118.5,15.000,12.530,97.1,15.000,12.530,131.0
209.4008,30568,461545,15.000,13.256,118.5,15.000,12.530,97.1,15.000,12.893,131.0
209.4008,30569,461550,15.000,13.075,118.5,15.000,12.348,97.1,15.000,12.893,131.0
209.4008,30570,461555,15.000,13.256,118.5,15.000,12.348,97.1,15.000,13.256,131.0
209.4008,30571,461560,15.000,13.256,118.5,15.000,12.348,97.1,15.000,13.256,131.0
209.4008,30572,461565,15.000,13.075,121.7,15.000,12.348,103.3,15.000,13.438,117.9
209.4008,30573,461570,15.000,13.075,121.7,15.000,12.530,103.3,15.000,13.620,117.9
209.4008,30574,461575,15.000,13.075,121.7,15.000,12.348,103.3,15.000,13.620,117.9
209.4008,30575,461580,15.000,13.075,121.7,15.000,12.348,103.3,15.000,13.620,117.9
209.4008,30576,461585,15.000,12.893,121.7,15.000,12.348,103.3,15.000,13.620,117.9
209.4008,30577,461590,15.000,12.893,121.7,15.000,12.348,103.3,15.000,13.801,117.9
209.4008,30578,461595,15.000,13.075,121.7,15.000,12.348,103.3,15.000,13.801,117.9
209.4008,30579,461600,15.000,13.075,121.7,15.000,12.530,103.3,15.000,13.801,117.9
209.4008,30580,461605,15.000,12.893,121.7,15.000,12.530,103.3,15.000,13.801,117.9
209.4008,30581,461610,15.000,12.893,121.7,15.000,12.530,103.3,15.000,13.801,117.9
209.4008,30582,461615,15.000,12.893,121.7,15.000,12.530,103.3,15.000,13.801,117.9
209.4008,30583,461620,15.000,12.893,121.7,15.000,12.348,103.3,15.000,13.801,117.9
209.4516,30584,461625,15.000,12.893,121.7,15.000,12.712,103.3,15.000,13.801,117.9
209.4516,30585,461630,15.000,12.893,121.7,15.000,12.712,103.3,15.000,13.801,117.9
209.4516,30586,461635,15.000,12.893,121.7,15.000,12.712,103.3,15.000,13.801,117.9
209.4516,30587,461640,15.000,12.893,121.7,15.000,12.712,103.3,15.000,13.801,117.9
209.4516,30588,461645,15.000,12.712,121.7,15.000,12.712,103.3,15.000,13.620,117.9
209.4516,30589,461650,15.000,12.712,121.7,15.000,12.712,103.3,15.000,13.801,117.9
209.4516,30590,461655,15.000,12.712,121.7,15.000,12.712,103.3,15.000,13.620,117.9
209.4516,30591,461660,15.000,12.712,121.7,15.000,12.712,103.3,15.000,13.801,117.9
209.4516,30592,461665,15.000,12.530,129.7,15.000,12.712,107.1,15.000,13.620,120.8
209.4516,30593,461670,15.000,12.530,129.7,15.000,12.893,107.1,15.000,13.620,120.8
209.4516,30594,461675,15.000,12.530,129.7,15.000,12.712,107.1,15.000,13.620,120.8
209.4516,30595,461680,15.000,12.712,129.7,15.000,12.712,107.1,15.000,13.620,120.8
209.4516,30596,461685,15.000,12.712,129.7,15.000,12.712,107.1,15.000,13.801,120.8
209.4516,30597,461690,15.000,12.712,129.7,15.000,12.712,107.1,15.000,13.620,120.8
209.4516,30598,461695,15.000,12.712,129.7,15.000,12.712,107.1,15.000,13.801,120.8
209.4516,30599,461700,15.000,12.712,129.7,15.000,12.893,107.1,15.000,13.801,120.8
209.4627,30600,461705,15.000,12.712,129.7,15.000,12.712,107.1,15.000,13.801,120.8
209.4627,30601,461710,15.000,12.712,129.7,15.000,12.712,107.1,15.000,13.801,120.8
209.4627,30602,461715,15.000,12.893,129.7,15.000,12.712,107.1,15.000,13.801,120.8
209.4627,30603,461720,15.000,12.893,129.7,15.000,12.712,107.1,15.000,13.801,120.8
209.4627,30604,461725,15.000,12.893,129.7,15.000,12.712,107.1,15.000,13.983,120.8
209.4627,30605,461730,15.000,12.893,129.7,15.000,12.893,107.1,15.000,13.801,120.8
209.4627,30606,461735,15.000,12.893,129.7,15.000,12.893,107.1,15.000,13.801,120.8
209.4627,30607,461740,15.000,12.893,129.7,15.000,12.893,107.1,15.000,13.983,120.8
209.6526,30608,461748,15.000,13.620,129.7,15.000,13.620,107.1,15.000,14.709,120.8
209.6526,30609,461753,15.000,13.801,129.7,15.000,13.620,107.1,15.000,14.709,120.8
209.6526,30610,461758,15.000,13.801,129.7,15.000,13.801,107.1,15.000,14.709,120.8
209.6526,30611,461763,15.000,13.620,129.7,15.000,13.801,107.1,15.000,14.709,120.8
209.6526,30612,461768,15.000,13.620,128.3,15.000,13.801,105.4,15.000,14.891,115.8
209.6526,30613,461773,15.000,13.620,128.3,15.000,13.983,105.4,15.000,14.709,115.8
209.6526,30614,461778,15.000,13.801,128.3,15.000,13.983,105.4,15.000,14.709,115.8
209.6526,30615,461783,15.000,13.620,128.3,15.000,13.801,105.4,15.000,14.891,115.8
209.6526,30616,461797,15.000,15.617,128.3,15.000,16.344,105.4,15.000,17.433,115.8
209.6526,30617,461802,15.000,15.436,128.3,15.000,16.344,105.4,15.000,17.252,115.8
209.6526,30618,461807,15.000,14.891,128.3,15.000,15.617,105.4,15.000,16.344,115.8
209.6526,30619,461812,15.000,14.709,128.3,15.000,15.436,105.4,15.000,16.344,115.8
209.6526,30620,461817,15.000,14.709,128.3,15.000,15.436,105.4,15.000,16.344,115.8
209.6526,30621,461822,15.000,14.891,128.3,15.000,15.436,105.4,15.000,16.344,115.8
209.6526,30622,461827,15.000,15.072,128.3,15.000,15.617,105.4,15.000,16.162,115.8
209.6526,30623,461832,15.000,15.072,128.3,15.000,15.436,105.4,15.000,16.344,115.8
209.7073,30624,461837,15.000,14.891,128.3,15.000,15.436,105.4,15.000,16.162,115.8
209.7073,30625,461842,15.000,15.072,128.3,15.000,15.436,105.4,15.000,16.162,115.8
209.7073,30626,461847,15.000,13.075,128.3,15.000,12.893,105.4,15.000,13.438,115.8
209.7073,30627,461852,15.000,13.256,128.3,15.000,12.893,105.4,15.000,13.438,115.8
209.7073,30628,461857,15.000,13.256,128.3,15.000,13.075,105.4,15.000,13.620,115.8
209.7073,30629,461862,15.000,13.256,128.3,15.000,13.075,105.4,15.000,13.438,115.8
209.7073,30630,461867,15.000,13.256,128.3,15.000,13.075,105.4,15.000,13.438,115.8
209.7073,30631,461872,15.000,13.256,133.9,15.000,13.075,113.0,15.000,13.438,125.6
209.7073,30632,461877,15.000,13.075,133.9,15.000,12.893,113.0,15.000,13.438,125.6
209.7073,30633,461882,15.000,13.256,133.9,15.000,13.075,113.0,15.000,13.256,125.6
209.7073,30634,461887,15.000,13.256,133.9,15.000,13.075,113.0,15.000,13.256,125.6
209.7073,30635,461892,15.000,13.075,133.9,15.000,13.075,113.0,15.000,13.256,125.6
209.7073,30636,461897,15.000,13.256,133.9,15.000,13.256,113.0,15.000,13.256,125.6
209.7073,30637,461902,15.000,13.438,133.9,15.000,13.256,113.0,15.000,13.256,125.6
209.7073,30638,461907,15.000,13.256,133.9,15.000,13.075,113.0,15.000,13.256,125.6
209.7073,30639,461912,15.000,13.256,133.9,15.000,13.256,113.0,15.000,13.256,125.6
209.8570,30640,461917,15.000,13.256,133.9,15.000,13.256,113.0,15.000,13.256,125.6
209.8570,30641,461922,15.000,13.438,133.9,15.000,13.256,113.0,15.000,13.256,125.6
209.8570,30642,461927,15.000,13.438,133.9,15.000,13.438,113.0,15.000,13.256,125.6
209.8570,30643,461932,15.000,13.075,133.9,15.000,13.256,113.0,15.000,13.438,125.6
209.8570,30644,461937,15.000,13.256,133.9,15.000,13.438,113.0,15.000,13.438,125.6
209.8570,30645,461942,15.000,13.438,133.9,15.000,13.438,113.0,15.000,13.438,125.6
209.8570,30646,461947,15.000,13.256,133.9,15.000,13.438,113.0,15.000,13.438,125.6
209.8570,30647,461952,15.000,13.075,133.9,15.000,13.438,113.0,15.000,13.620,125.6
209.8570,30648,461957,15.000,13.256,133.9,15.000,13.620,113.0,15.000,13.438,125.6
209.8570,30649,461962,15.000,13.256,133.9,15.000,13.438,113.0,15.000,13.620,125.6
209.8570,30650,461967,15.000,13.438,133.9,15.000,13.620,113.0,15.000,13.620,125.6
209.8570,30651,461972,15.000,13.438,136.7,15.000,13.620,113.8,15.000,13.620,127.8
209.8570,30652,461977,15.000,13.620,136.7,15.000,13.620,113.8,15.000,13.620,127.8
209.8570,30653,461982,15.000,13.983,136.7,15.000,13.620,113.8,15.000,13.620,127.8
209.8570,30654,461987,15.000,13.801,136.7,15.000,13.620,113.8,15.000,13.801,127.8
209.8570,30655,461992,15.000,13.801,136.7,15.000,13.620,113.8,15.000,13.620,127.8
209.8570,30656,462050,15.000,29.418,136.7,15.000,27.602,113.8,15.000,28.874,127.8
209.8582,30657,462055,15.000,29.418,136.7,15.000,27.602,113.8,15.000,28.874,127.8
209.8582,30658,462060,15.000,29.418,136.7,15.000,27.602,113.8,15.000,29.055,127.8
209.8582,30659,462065,15.000,29.782,136.7,15.000,27.784,113.8,15.000,29.055,127.8
209.8582,30660,462070,15.000,29.600,136.7,15.000,27.602,113.8,15.000,29.055,127.8
209.8582,30661,462075,15.000,29.600,36.6,15.000,27.784,26.1,15.000,29.055,31.9
209.8582,30662,462080,15.000,29.600,36.6,15.000,27.602,26.1,15.000,29.237,31.9
209.8582,30663,462085,15.000,29.418,36.6,15.000,27.602,26.1,15.000,29.055,31.9
209.9626,30664,462090,15.000,29.418,36.6,15.000,27.421,26.1,15.000,28.874,31.9
209.9626,30665,462095,15.000,29.055,36.6,15.000,27.239,26.1,15.000,28.692,31.9
209.9626,30666,462100,15.000,13.256,36.6,15.000,12.893,26.1,15.000,13.438,31.9
209.9626,30667,462105,15.000,12.893,36.6,15.000,12.712,26.1,15.000,12.893,31.9
209.9626,30668,462110,15.000,12.348,36.6,15.000,12.167,26.1,15.000,12.530,31.9
209.9626,30669,462115,15.000,11.622,36.6,15.000,11.622,26.1,15.000,11.985,31.9
209.9626,30670,462120,15.000,11.077,36.6,15.000,11.259,26.1,15.000,11.622,31.9
209.9626,30671,462125,15.000,10.533,36.6,15.000,10.533,26.1,15.000,11.077,31.9
209.9626,30672,462130,15.000,9.806,36.6,15.000,10.169,26.1,15.000,10.533,31.9
209.9626,30673,462135,15.000,9.261,36.6,15.000,9.625,26.1,15.000,9.988,31.9
209.9626,30674,462140,15.000,8.717,36.6,15.000,9.080,26.1,15.000,9.625,31.9
209.9626,30675,462145,15.000,8.353,36.6,15.000,8.717,26.1,15.000,9.261,31.9
209.9626,30676,462150,15.000,7.990,36.6,15.000,8.172,26.1,15.000,8.717,31.9
209.9626,30677,462155,15.000,7.809,36.6,15.000,7.809,26.1,15.000,8.535,31.9
209.9626,30678,462160,15.000,7.445,36.6,15.000,7.627,26.1,15.000,7.990,31.9
209.9626,30679,462165,15.000,7.082,36.6,15.000,7.264,26.1,15.000,7.809,31.9
209.9769,30680,462170,15.000,6.901,36.6,15.000,6.901,26.1,15.000,7.627,31.9
209.9769,30681,462175,15.000,6.537,153.0,15.000,6.901,132.5,15.000,7.264,141.3
209.9769,30682,462180,15.000,6.356,153.0,15.000,6.537,132.5,15.000,7.082,141.3
209.9769,30683,462185,15.000,6.356,153.0,15.000,6.537,132.5,15.000,7.082,141.3
209.9769,30684,462190,15.000,6.356,153.0,15.000,6.537,132.5,15.000,7.082,141.3
209.9769,30685,462195,15.000,6.537,153.0,15.000,6.719,132.5,15.000,7.082,141.3
209.9769,30686,462200,15.000,6.719,153.0,15.000,7.082,132.5,15.000,7.264,141.3
209.9769,30687,462205,15.000,6.901,153.0,15.000,7.445,132.5,15.000,7.627,141.3
209.9769,30688,462210,15.000,7.082,153.0,15.000,7.809,132.5,15.000,7.990,141.3
209.9769,30689,462215,15.000,7.627,153.0,15.000,8.353,132.5,15.000,8.353,141.3
209.9769,30690,462220,15.000,8.172,153.0,15.000,8.898,132.5,15.000,8.535,141.3
209.9769,30691,462225,15.000,8.717,153.0,15.000,9.443,132.5,15.000,9.080,141.3
209.9769,30692,462230,15.000,9.443,153.0,15.000,9.988,132.5,15.000,9.443,141.3
209.9769,30693,462235,15.000,9.806,153.0,15.000,10.533,132.5,15.000,9.806,141.3
209.9769,30694,462240,15.000,10.351,153.0,15.000,11.077,132.5,15.000,10.169,141.3
209.9769,30695,462245,15.000,10.714,153.0,15.000,11.622,132.5,15.000,10.714,141.3
209.9872,30696,462253,15.000,12.167,153.0,15.000,12.893,132.5,15.000,11.804,141.3
209.9872,30697,462258,15.000,12.348,153.0,15.000,13.075,132.5,15.000,11.985,141.3
209.9872,30698,462263,15.000,13.075,153.0,15.000,13.438,132.5,15.000,12.348,141.3
209.9872,30699,462268,15.000,13.256,153.0,15.000,13.801,132.5,15.000,12.712,141.3
209.9872,30700,462273,15.000,13.620,153.0,15.000,13.983,132.5,15.000,13.075,141.3
209.9872,30701,462278,15.000,13.983,121.9,15.000,14.346,100.8,15.000,13.438,116.9
209.9872,30702,462283,15.000,13.983,121.9,15.000,14.528,100.8,15.000,13.620,116.9
209.9872,30703,462288,15.000,14.346,121.9,15.000,14.709,100.8,15.000,13.983,116.9
210.0982,30704,462293,15.000,14.528,121.9,15.000,14.891,100.8,15.000,14.164,116.9
210.0982,30705,462298,15.000,14.528,121.9,15.000,14.891,100.8,15.000,14.346,116.9
210.0982,30706,462303,15.000,13.438,121.9,15.000,13.983,100.8,15.000,13.620,116.9
210.0982,30707,462308,15.000,13.801,121.9,15.000,14.164,100.8,15.000,13.801,116.9
210.0982,30708,462313,15.000,13.620,121.9,15.000,13.983,100.8,15.000,13.801,116.9
210.0982,30709,462318,15.000,13.620,121.9,15.000,13.983,100.8,15.000,13.801,116.9
210.0982,30710,462323,15.000,13.620,121.9,15.000,13.983,100.8,15.000,13.983,116.9
210.0982,30711,462328,15.000,13.438,121.9,15.000,13.801,100.8,15.000,13.801,116.9
210.0991,30712,462333,15.000,13.438,121.9,15.000,13.801,100.8,15.000,13.983,116.9
210.0991,30713,462338,15.000,13.256,121.9,15.000,13.620,100.8,15.000,13.801,116.9
210.0991,30714,462343,15.000,13.256,121.9,15.000,13.438,100.8,15.000,13.801,116.9
210.0991,30715,462348,15.000,13.075,121.9,15.000,13.256,100.8,15.000,13.620,116.9
210.0991,30716,462353,15.000,13.075,121.9,15.000,13.438,100.8,15.000,13.801,116.9
210.0991,30717,462358,15.000,12.893,121.9,15.000,13.256,100.8,15.000,13.620,116.9
210.0991,30718,462363,15.000,12.893,121.9,15.000,13.256,100.8,15.000,13.801,116.9
210.0991,30719,462368,15.000,12.893,121.9,15.000,13.075,100.8,15.000,13.620,116.9
210.1803,30720,462373,15.000,12.712,121.9,15.000,13.075,100.8,15.000,13.620,116.9
210.1803,30721,462378,15.000,12.712,133.3,15.000,12.893,112.5,15.000,13.620,120.1
210.1803,30722,462383,15.000,12.712,133.3,15.000,12.893,112.5,15.000,13.438,120.1
210.1803,30723,462388,15.000,12.712,133.3,15.000,12.893,112.5,15.000,13.620,120.1
210.1803,30724,462393,15.000,12.530,133.3,15.000,12.893,112.5,15.000,13.438,120.1
210.1803,30725,462398,15.000,12.893,133.3,15.000,12.893,112.5,15.000,13.438,120.1
210.1803,30726,462403,15.000,12.893,133.3,15.000,12.893,112.5,15.000,13.438,120.1
210.1803,30727,462408,15.000,12.893,133.3,15.000,12.893,112.5,15.000,13.438,120.1
210.1803,30728,462413,15.000,12.893,133.3,15.000,12.893,112.5,15.000,13.256,120.1
210.1803,30729,462418,15.000,12.893,133.3,15.000,12.893,112.5,15.000,13.256,120.1
210.1803,30730,462423,15.000,13.075,133.3,15.000,13.075,112.5,15.000,13.256,120.1
210.1803,30731,462428,15.000,13.075,133.3,15.000,13.075,112.5,15.000,13.256,120.1
210.1803,30732,462433,15.000,12.893,133.3,15.000,13.075,112.5,15.000,13.256,120.1
210.1803,30733,462438,15.000,12.893,133.3,15.000,13.256,112.5,15.000,13.256,120.1
210.1803,30734,462443,15.000,13.075,133.3,15.000,13.256,112.5,15.000,13.256,120.1
210.1803,30735,462448,15.000,12.893,133.3,15.000,13.438,112.5,15.000,13.256,120.1
210.2876,30736,462453,15.000,13.075,133.3,15.000,13.256,112.5,15.000,13.256,120.1
210.2876,30737,462458,15.000,13.075,133.3,15.000,13.256,112.5,15.000,13.256,120.1
210.2876,30738,462463,15.000,13.256,133.3,15.000,13.438,112.5,15.000,13.256,120.1
210.2876,30739,462468,15.000,13.438,133.3,15.000,13.620,112.5,15.000,13.438,120.1
210.2876,30740,462473,15.000,13.256,133.3,15.000,13.438,112.5,15.000,13.256,120.1
210.2876,30741,462478,15.000,13.256,134.9,15.000,13.438,113.7,15.000,13.256,125.6
210.2876,30742,462483,15.000,13.620,134.9,15.000,13.620,113.7,15.000,13.438,125.6
210.2876,30743,462488,15.000,13.801,134.9,15.000,13.620,113.7,15.000,13.256,125.6
210.2876,30744,462493,15.000,13.620,134.9,15.000,13.620,113.7,15.000,13.438,125.6
210.2876,30745,462498,15.000,13.801,134.9,15.000,13.620,113.7,15.000,13.438,125.6
210.2876,30746,462503,15.000,13.801,134.9,15.000,13.620,113.7,15.000,13.438,125.6
210.2876,30747,462508,15.000,13.983,134.9,15.000,13.801,113.7,15.000,13.438,125.6
210.2876,30748,462513,15.000,13.983,134.9,15.000,13.620,113.7,15.000,13.620,125.6
210.2876,30749,462518,15.000,13.801,134.9,15.000,13.620,113.7,15.000,13.438,125.6
210.2876,30750,462523,15.000,13.801,134.9,15.000,13.801,113.7,15.000,13.620,125.6
210.2876,30751,462528,15.000,13.801,134.9,15.000,13.620,113.7,15.000,13.801,125.6
210.6815,30752,462533,15.000,13.620,134.9,15.000,13.620,113.7,15.000,13.620,125.6
210.6815,30753,462538,15.000,13.620,134.9,15.000,13.256,113.7,15.000,13.801,125.6
210.6815,30754,462543,15.000,13.801,134.9,15.000,13.438,113.7,15.000,13.801,125.6
210.6815,30755,462548,15.000,13.801,134.9,15.000,13.256,113.7,15.000,13.801,125.6
210.6815,30756,462553,15.000,13.801,134.9,15.000,13.438,113.7,15.000,13.801,125.6
210.6815,30757,462558,15.000,13.801,134.9,15.000,13.438,113.7,15.000,13.983,125.6
210.6815,30758,462563,15.000,13.801,134.9,15.000,13.438,113.7,15.000,13.983,125.6
210.6815,30759,462568,15.000,13.983,134.9,15.000,13.438,113.7,15.000,14.164,125.6
210.6815,30760,462573,15.000,13.983,134.9,15.000,13.438,113.7,15.000,13.983,125.6
210.6815,30761,462578,15.000,14.346,132.0,15.000,13.620,116.2,15.000,13.983,124.9
210.6815,30762,462583,15.000,14.346,132.0,15.000,13.620,116.2,15.000,14.164,124.9
210.6815,30763,462588,15.000,14.346,132.0,15.000,13.801,116.2,15.000,14.164,124.9
210.6815,30764,462593,15.000,14.346,132.0,15.000,13.620,116.2,15.000,14.164,124.9
210.6815,30765,462598,15.000,14.346,132.0,15.000,13.801,116.2,15.000,14.164,124.9
210.6815,30766,462603,15.000,14.164,132.0,15.000,13.620,116.2,15.000,14.164,124.9
210.6815,30767,462608,15.000,14.164,132.0,15.000,13.620,116.2,15.000,14.164,124.9
210.6815,30768,462626,15.000,17.796,132.0,15.000,17.433,116.2,15.000,17.978,124.9
210.6815,30769,462631,15.000,17.796,132.0,15.000,17.433,116.2,15.000,17.796,124.9
210.6815,30770,462636,15.000,17.796,132.0,15.000,17.433,116.2,15.000,17.978,124.9
210.6815,30771,462641,15.000,17.615,132.0,15.000,17.433,116.2,15.000,17.978,124.9
210.6815,30772,462646,15.000,17.615,132.0,15.000,17.252,116.2,15.000,17.978,124.9
210.6815,30773,462651,15.000,17.615,132.0,15.000,17.252,116.2,15.000,17.978,124.9
210.6815,30774,462656,15.000,17.615,132.0,15.000,17.433,116.2,15.000,17.978,124.9
210.6815,30775,462661,15.000,17.433,132.0,15.000,17.433,116.2,15.000,18.160,124.9
210.7809,30776,462666,15.000,17.433,132.0,15.000,17.433,116.2,15.000,18.160,124.9
210.7809,30777,462671,15.000,17.252,132.0,15.000,17.433,116.2,15.000,18.160,124.9
210.7809,30778,462676,15.000,13.620,132.0,15.000,13.801,116.2,15.000,14.346,124.9
210.7818,30779,462681,15.000,13.438,139.5,15.000,13.801,118.2,15.000,14.528,123.8
210.7818,30780,462686,15.000,13.620,139.5,15.000,13.801,118.2,15.000,14.528,123.8
210.7818,30781,462691,15.000,13.620,139.5,15.000,13.983,118.2,15.000,14.346,123.8
210.7818,30782,462696,15.000,13.620,139.5,15.000,13.983,118.2,15.000,14.346,123.8
210.7818,30783,462701,15.000,13.438,139.5,15.000,14.164,118.2,15.000,14.346,123.8
210.7818,30784,462706,15.000,13.256,139.5,15.000,14.164,118.2,15.000,14.346,123.8
210.7818,30785,462711,15.000,13.438,139.5,15.000,14.164,118.2,15.000,14.346,123.8
210.7818,30786,462716,15.000,13.620,139.5,15.000,14.346,118.2,15.000,14.346,123.8
210.7818,30787,462721,15.000,13.801,139.5,15.000,14.346,118.2,15.000,14.346,123.8
210.7818,30788,462726,15.000,13.620,139.5,15.000,14.346,118.2,15.000,14.346,123.8
210.7818,30789,462731,15.000,13.801,139.5,15.000,14.346,118.2,15.000,14.346,123.8
210.7818,30790,462736,15.000,13.801,139.5,15.000,14.164,118.2,15.000,14.346,123.8
210.7818,30791,462741,15.000,13.620,139.5,15.000,14.164,118.2,15.000,14.528,123.8
210.7818,30792,463021,15.000,93.885,0.0,15.000,93.340,0.0,15.000,91.342,0.0
210.8909,30793,463025,15.000,93.703,0.0,15.000,92.977,0.0,15.000,90.979,0.0
210.8909,30794,463030,15.000,93.703,0.0,15.000,92.977,0.0,15.000,90.798,0.0
210.8909,30795,463035,15.000,93.521,0.0,15.000,92.614,0.0,15.000,90.434,0.0
210.8909,30796,463040,15.000,92.977,0.0,15.000,92.250,0.0,15.000,90.071,0.0
210.8909,30797,463045,15.000,92.432,0.0,15.000,91.887,0.0,15.000,89.526,0.0
210.8909,30798,463050,15.000,92.069,0.0,15.000,91.342,0.0,15.000,88.982,0.0
210.8909,30799,463055,15.000,91.342,0.0,15.000,90.798,0.0,15.000,88.255,0.0
210.8909,30800,463060,15.000,90.616,0.0,15.000,90.253,0.0,15.000,87.710,0.0
210.8909,30801,463065,15.000,90.071,0.0,15.000,89.526,0.0,15.000,86.984,0.0
210.8909,30802,463070,15.000,9.080,0.0,15.000,9.806,0.0,15.000,9.261,0.0
210.8909,30803,463075,15.000,8.717,0.0,15.000,9.443,0.0,15.000,8.898,0.0
210.8909,30804,463080,15.000,7.990,0.0,15.000,8.535,0.0,15.000,8.172,0.0
210.8909,30805,463085,15.000,7.082,0.0,15.000,7.990,0.0,15.000,7.627,0.0
210.8909,30806,463090,15.000,6.719,0.0,15.000,7.445,0.0,15.000,7.082,0.0
210.8909,30807,463095,15.000,6.356,0.0,15.000,6.901,0.0,15.000,6.719,0.0
210.8909,30808,463100,15.000,5.811,0.0,15.000,6.537,0.0,15.000,6.356,0.0
210.8909,30809,463105,15.000,5.629,0.0,15.000,5.993,0.0,15.000,5.993,0.0
210.8909,30810,463110,15.000,5.266,0.0,15.000,5.811,0.0,15.000,5.448,0.0
210.8909,30811,463115,15.000,4.903,0.0,15.000,5.448,0.0,15.000,5.266,0.0
210.8909,30812,463120,15.000,4.540,0.0,15.000,5.085,0.0,15.000,5.085,0.0
210.8909,30813,463125,15.000,4.177,79.0,15.000,4.903,74.2,15.000,4.721,75.1
210.8909,30814,463130,15.000,3.813,79.0,15.000,4.721,74.2,15.000,4.540,75.1
210.8909,30815,463135,15.000,3.813,79.0,15.000,4.540,74.2,15.000,4.540,75.1
210.8909,30816,463140,15.000,3.450,79.0,15.000,4.540,74.2,15.000,4.358,75.1
210.9743,30817,463145,15.000,3.269,79.0,15.000,4.540,74.2,15.000,4.358,75.1
210.9743,30818,463150,15.000,3.450,79.0,15.000,4.540,74.2,15.000,4.358,75.1
210.9743,30819,463155,15.000,3.269,79.0,15.000,4.903,74.2,15.000,4.721,75.1
210.9743,30820,463160,15.000,3.269,79.0,15.000,4.903,74.2,15.000,4.903,75.1
210.9743,30821,463165,15.000,3.450,79.0,15.000,5.266,74.2,15.000,5.085,75.1
210.9743,30822,463170,15.000,3.813,79.0,15.000,5.629,74.2,15.000,5.266,75.1
210.9743,30823,463175,15.000,3.995,79.0,15.000,5.811,74.2,15.000,5.629,75.1
210.9743,30824,463180,15.000,4.358,79.0,15.000,6.174,74.2,15.000,5.811,75.1
210.9743,30825,463185,15.000,4.721,79.0,15.000,6.719,74.2,15.000,6.174,75.1
210.9743,30826,463190,15.000,5.085,79.0,15.000,6.901,74.2,15.000,6.356,75.1
210.9743,30827,463195,15.000,5.448,79.0,15.000,7.082,74.2,15.000,6.719,75.1
210.9743,30828,463200,15.000,5.448,79.0,15.000,7.445,74.2,15.000,6.901,75.1
210.9743,30829,463205,15.000,5.811,79.0,15.000,7.445,74.2,15.000,6.901,75.1
210.9743,30830,463210,15.000,6.174,79.0,15.000,7.809,74.2,15.000,7.264,75.1
210.9743,30831,463215,15.000,6.174,79.0,15.000,7.990,74.2,15.000,7.264,75.1
210.9743,30832,463220,15.000,6.356,79.0,15.000,8.172,74.2,15.000,7.627,75.1
211.0878,30833,463225,15.000,6.537,77.9,15.000,8.172,65.8,15.000,7.627,69.7
211.0878,30834,463230,15.000,6.719,77.9,15.000,8.353,65.8,15.000,7.990,69.7
211.0878,30835,463235,15.000,6.719,77.9,15.000,8.353,65.8,15.000,7.809,69.7
211.0878,30836,463240,15.000,6.901,77.9,15.000,8.535,65.8,15.000,8.172,69.7
211.0878,30837,463245,15.000,6.901,77.9,15.000,8.717,65.8,15.000,8.172,69.7
211.0878,30838,463250,15.000,7.082,77.9,15.000,8.717,65.8,15.000,8.172,69.7
211.0878,30839,463255,15.000,7.264,77.9,15.000,8.898,65.8,15.000,8.353,69.7
211.0878,30840,463260,15.000,7.264,77.9,15.000,8.898,65.8,15.000,8.353,69.7
211.0878,30841,463265,15.000,7.445,77.9,15.000,8.717,65.8,15.000,8.535,69.7
211.0878,30842,463270,15.000,7.445,77.9,15.000,8.717,65.8,15.000,8.353,69.7
211.0878,30843,463275,15.000,7.445,77.9,15.000,8.898,65.8,15.000,8.535,69.7
211.0878,30844,463280,15.000,7.627,77.9,15.000,8.898,65.8,15.000,8.535,69.7
211.0878,30845,463285,15.000,7.627,77.9,15.000,8.898,65.8,15.000,8.717,69.7
211.0878,30846,463290,15.000,7.627,77.9,15.000,8.898,65.8,15.000,8.717,69.7
211.0878,30847,463295,15.000,7.809,77.9,15.000,8.898,65.8,15.000,8.535,69.7
211.0878,30848,463300,15.000,7.809,77.9,15.000,8.717,65.8,15.000,8.717,69.7
211.0878,30849,463305,15.000,7.627,77.9,15.000,8.717,65.8,15.000,8.717,69.7
211.0878,30850,463310,15.000,7.809,77.9,15.000,8.717,65.8,15.000,8.717,69.7
211.0878,30851,463315,15.000,7.809,77.9,15.000,8.898,65.8,15.000,8.717,69.7
211.0878,30852,463320,15.000,7.809,77.9,15.000,8.898,65.8,15.000,8.717,69.7
211.0878,30853,463325,15.000,7.990,88.3,15.000,8.717,78.4,15.000,8.717,80.1
211.0878,30854,463330,15.000,7.809,88.3,15.000,8.717,78.4,15.000,8.717,80.1
211.0878,30855,463335,15.000,7.990,88.3,15.000,8.717,78.4,15.000,8.717,80.1
211.0878,30856,463340,15.000,7.990,88.3,15.000,8.717,78.4,15.000,8.717,80.1
211.3072,30857,463345,15.000,7.990,88.3,15.000,8.717,78.4,15.000,8.898,80.1
211.3072,30858,463350,15.000,8.172,88.3,15.000,8.898,78.4,15.000,8.898,80.1
211.3072,30859,463355,15.000,8.172,88.3,15.000,9.080,78.4,15.000,8.898,80.1
211.3072,30860,463360,15.000,8.172,88.3,15.000,9.080,78.4,15.000,8.898,80.1
211.3072,30861,463365,15.000,8.353,88.3,15.000,9.080,78.4,15.000,8.898,80.1
211.3072,30862,463370,15.000,8.353,88.3,15.000,9.080,78.4,15.000,9.080,80.1
211.3072,30863,463375,15.000,8.353,88.3,15.000,9.443,78.4,15.000,9.261,80.1
211.3072,30864,463380,15.000,8.535,88.3,15.000,9.443,78.4,15.000,9.261,80.1
211.3072,30865,463385,15.000,8.535,88.3,15.000,9.443,78.4,15.000,9.261,80.1
211.3072,30866,463390,15.000,8.717,88.3,15.000,9.625,78.4,15.000,9.261,80.1
211.3072,30867,463395,15.000,8.717,88.3,15.000,9.625,78.4,15.000,9.261,80.1
211.3072,30868,463400,15.000,8.717,88.3,15.000,9.806,78.4,15.000,9.443,80.1
211.3072,30869,463405,15.000,8.898,88.3,15.000,9.625,78.4,15.000,9.443,80.1
211.3072,30870,463410,15.000,8.898,88.3,15.000,9.806,78.4,15.000,9.443,80.1
211.3072,30871,463415,15.000,8.717,88.3,15.000,9.806,78.4,15.000,9.443,80.1
211.3072,30872,463420,15.000,8.898,88.3,15.000,9.806,78.4,15.000,9.625,80.1
211.3945,30873,463428,15.000,9.443,95.3,15.000,10.351,82.5,15.000,9.988,86.5
211.3945,30874,463433,15.000,9.443,95.3,15.000,10.533,82.5,15.000,9.988,86.5
211.3945,30875,463438,15.000,9.443,95.3,15.000,10.533,82.5,15.000,10.169,86.5
211.3945,30876,463443,15.000,9.443,95.3,15.000,10.533,82.5,15.000,10.169,86.5
211.3945,30877,463448,15.000,9.625,95.3,15.000,10.714,82.5,15.000,10.169,86.5
211.3945,30878,463453,15.000,9.625,95.3,15.000,10.533,82.5,15.000,10.169,86.5
211.3945,30879,463458,15.000,9.625,95.3,15.000,10.714,82.5,15.000,10.169,86.5
211.3945,30880,463463,15.000,9.625,95.3,15.000,10.533,82.5,15.000,10.169,86.5
211.3945,30881,463468,15.000,9.806,95.3,15.000,10.714,82.5,15.000,10.169,86.5
211.3945,30882,463473,15.000,9.988,95.3,15.000,10.896,82.5,15.000,10.169,86.5
211.3945,30883,463478,15.000,9.443,95.3,15.000,10.351,82.5,15.000,9.625,86.5
211.3945,30884,463483,15.000,9.443,95.3,15.000,10.169,82.5,15.000,9.625,86.5
211.3945,30885,463488,15.000,9.625,95.3,15.000,10.351,82.5,15.000,9.625,86.5
211.3945,30886,463493,15.000,9.625,95.3,15.000,10.351,82.5,15.000,9.625,86.5
211.3945,30887,463498,15.000,9.625,95.3,15.000,10.351,82.5,15.000,9.806,86.5
211.3945,30888,463503,15.000,9.625,95.3,15.000,10.533,82.5,15.000,9.625,86.5
211.3945,30889,463510,15.000,9.988,95.3,15.000,11.077,82.5,15.000,9.988,86.5
211.3945,30890,463515,15.000,9.988,95.3,15.000,11.259,82.5,15.000,10.169,86.5
211.3945,30891,463520,15.000,10.169,95.3,15.000,11.077,82.5,15.000,10.169,86.5
211.3945,30892,463525,15.000,9.988,95.3,15.000,11.077,82.5,15.000,9.988,86.5
211.3945,30893,463530,15.000,10.169,103.6,15.000,11.077,88.7,15.000,10.169,97.0
211.3945,30894,463535,15.000,10.169,103.6,15.000,11.259,88.7,15.000,10.169,97.0
211.3945,30895,463540,15.000,10.169,103.6,15.000,11.077,88.7,15.000,10.169,97.0
211.3945,30896,463545,15.000,10.351,103.6,15.000,11.077,88.7,15.000,10.169,97.0
211.4826,30897,463550,15.000,10.169,103.6,15.000,11.077,88.7,15.000,10.169,97.0
211.4826,30898,463555,15.000,10.351,103.6,15.000,11.077,88.7,15.000,10.169,97.0
211.4826,30899,463560,15.000,10.169,103.6,15.000,10.533,88.7,15.000,9.988,97.0
211.4826,30900,463565,15.000,10.351,103.6,15.000,10.533,88.7,15.000,9.988,97.0
211.4826,30901,463570,15.000,10.351,103.6,15.000,10.714,88.7,15.000,9.988,97.0
211.4826,30902,463575,15.000,10.533,103.6,15.000,10.714,88.7,15.000,10.169,97.0
211.4826,30903,463580,15.000,10.533,103.6,15.000,10.533,88.7,15.000,10.169,97.0
211.4826,30904,463585,15.000,10.714,103.6,15.000,10.533,88.7,15.000,10.169,97.0
211.4826,30905,463590,15.000,10.714,103.6,15.000,10.714,88.7,15.000,10.169,97.0
211.4826,30906,463595,15.000,10.714,103.6,15.000,10.351,88.7,15.000,10.351,97.0
211.4826,30907,463600,15.000,10.896,103.6,15.000,10.351,88.7,15.000,10.351,97.0
211.4826,30908,463605,15.000,10.896,103.6,15.000,10.351,88.7,15.000,10.533,97.0
211.4826,30909,463610,15.000,10.896,103.6,15.000,10.169,88.7,15.000,10.533,97.0
211.4826,30910,463615,15.000,10.896,103.6,15.000,10.169,88.7,15.000,10.533,97.0
211.4826,30911,463620,15.000,10.896,103.6,15.000,9.806,88.7,15.000,10.714,97.0
211.4826,30912,463625,15.000,10.896,103.6,15.000,9.806,88.7,15.000,10.533,97.0
211.6000,30913,463719,15.000,29.963,0.0,15.000,27.058,0.0,15.000,29.418,0.0
211.6000,30914,463724,15.000,29.963,0.0,15.000,27.058,0.0,15.000,29.418,0.0
211.6000,30915,463729,15.000,29.782,0.0,15.000,26.876,0.0,15.000,29.418,0.0
211.6000,30916,463734,15.000,29.600,0.0,15.000,27.058,0.0,15.000,29.055,0.0
211.6000,30917,463739,15.000,29.418,0.0,15.000,26.694,0.0,15.000,28.874,0.0
211.6000,30918,463744,15.000,29.055,0.0,15.000,26.513,0.0,15.000,28.510,0.0
211.6000,30919,463749,15.000,28.510,0.0,15.000,26.150,0.0,15.000,27.966,0.0
211.6000,30920,463754,15.000,28.147,0.0,15.000,25.787,0.0,15.000,27.602,0.0
211.6000,30921,463759,15.000,27.602,0.0,15.000,25.787,0.0,15.000,27.058,0.0
211.6000,30922,463764,15.000,27.058,0.0,15.000,25.242,0.0,15.000,26.694,0.0
211.6000,30923,463769,15.000,7.445,0.0,15.000,7.627,0.0,15.000,7.264,0.0
211.6000,30924,463774,15.000,6.901,0.0,15.000,7.082,0.0,15.000,6.901,0.0
211.6000,30925,463779,15.000,6.356,0.0,15.000,6.537,0.0,15.000,6.356,0.0
211.6000,30926,463784,15.000,5.993,0.0,15.000,6.174,0.0,15.000,5.993,0.0
211.6000,30927,463789,15.000,5.448,0.0,15.000,5.993,0.0,15.000,5.629,0.0
211.6000,30928,463794,15.000,5.085,0.0,15.000,5.448,0.0,15.000,5.266,0.0
211.6000,30929,463808,15.000,5.629,0.0,15.000,5.993,0.0,15.000,5.811,0.0
211.6000,30930,463813,15.000,5.266,0.0,15.000,5.629,0.0,15.000,5.448,0.0
211.6000,30931,463818,15.000,5.085,0.0,15.000,5.266,0.0,15.000,5.266,0.0
211.6000,30932,463823,15.000,4.903,116.6,15.000,5.085,110.5,15.000,5.085,109.9
211.6000,30933,463828,15.000,4.721,116.6,15.000,4.903,110.5,15.000,4.903,109.9
211.6000,30934,463833,15.000,4.540,116.6,15.000,4.721,110.5,15.000,4.721,109.9
211.6000,30935,463838,15.000,4.721,116.6,15.000,4.903,110.5,15.000,4.721,109.9
211.6000,30936,463843,15.000,4.721,116.6,15.000,5.085,110.5,15.000,4.903,109.9
211.8150,30937,463848,15.000,5.085,116.6,15.000,5.266,110.5,15.000,5.085,109.9
211.8150,30938,463853,15.000,5.266,116.6,15.000,5.629,110.5,15.000,5.266,109.9
211.8150,30939,463858,15.000,4.903,116.6,15.000,5.266,110.5,15.000,4.903,109.9
211.8150,30940,463863,15.000,5.266,116.6,15.000,5.811,110.5,15.000,5.266,109.9
211.8150,30941,463868,15.000,5.629,116.6,15.000,6.356,110.5,15.000,5.811,109.9
211.8150,30942,463873,15.000,6.174,116.6,15.000,6.901,110.5,15.000,6.174,109.9
211.8150,30943,463878,15.000,6.719,116.6,15.000,7.627,110.5,15.000,6.719,109.9
211.8150,30944,463883,15.000,7.264,116.6,15.000,8.172,110.5,15.000,7.264,109.9
211.8150,30945,463888,15.000,7.627,116.6,15.000,8.717,110.5,15.000,7.627,109.9
211.8150,30946,463893,15.000,7.990,116.6,15.000,9.080,110.5,15.000,7.990,109.9
211.8150,30947,463898,15.000,8.172,116.6,15.000,9.625,110.5,15.000,8.353,109.9
211.8150,30948,463903,15.000,8.717,116.6,15.000,9.988,110.5,15.000,8.898,109.9
211.8150,30949,463908,15.000,8.898,116.6,15.000,10.351,110.5,15.000,9.080,109.9
211.8150,30950,463913,15.000,9.261,116.6,15.000,10.714,110.5,15.000,9.443,109.9
211.8150,30951,463918,15.000,9.625,116.6,15.000,11.077,110.5,15.000,9.625,109.9
211.8150,30952,463923,15.000,9.625,106.5,15.000,11.259,91.0,15.000,9.988,98.3
211.8579,30953,463928,15.000,9.806,106.5,15.000,11.440,91.0,15.000,10.169,98.3
211.8579,30954,463933,15.000,9.988,106.5,15.000,11.804,91.0,15.000,10.351,98.3
211.8579,30955,463938,15.000,10.169,106.5,15.000,11.985,91.0,15.000,10.714,98.3
211.8579,30956,463943,15.000,10.351,106.5,15.000,11.985,91.0,15.000,10.896,98.3
211.8579,30957,463948,15.000,10.533,106.5,15.000,11.985,91.0,15.000,10.896,98.3
211.8579,30958,463953,15.000,10.533,106.5,15.000,11.985,91.0,15.000,10.896,98.3
211.8579,30959,463958,15.000,10.714,106.5,15.000,12.167,91.0,15.000,11.259,98.3
211.8579,30960,463963,15.000,10.533,106.5,15.000,11.985,91.0,15.000,11.259,98.3
211.8579,30961,463968,15.000,10.533,106.5,15.000,11.985,91.0,15.000,11.259,98.3
211.8579,30962,463973,15.000,10.714,106.5,15.000,11.985,91.0,15.000,11.440,98.3
211.8579,30963,463978,15.000,10.714,106.5,15.000,11.985,91.0,15.000,11.440,98.3
211.8579,30964,463983,15.000,10.714,106.5,15.000,11.804,91.0,15.000,11.440,98.3
211.8579,30965,463988,15.000,10.714,106.5,15.000,11.804,91.0,15.000,11.440,98.3
211.8579,30966,463993,15.000,10.533,106.5,15.000,11.804,91.0,15.000,11.440,98.3
211.8579,30967,463998,15.000,10.533,106.5,15.000,11.804,91.0,15.000,11.440,98.3
211.8579,30968,464003,15.000,10.533,106.5,15.000,11.804,91.0,15.000,11.622,98.3
211.8717,30969,464008,15.000,10.533,106.5,15.000,11.804,91.0,15.000,11.440,98.3
211.8717,30970,464013,15.000,10.714,106.5,15.000,11.804,91.0,15.000,11.622,98.3
211.8717,30971,464018,15.000,10.714,106.5,15.000,11.440,91.0,15.000,11.622,98.3
211.8717,30972,464023,15.000,10.533,113.6,15.000,11.622,98.0,15.000,11.440,101.1
211.8717,30973,464028,15.000,10.533,113.6,15.000,11.440,98.0,15.000,11.622,101.1
211.8717,30974,464033,15.000,10.533,113.6,15.000,11.440,98.0,15.000,11.804,101.1
211.8717,30975,464038,15.000,10.533,113.6,15.000,11.440,98.0,15.000,11.622,101.1
211.8717,30976,464043,15.000,10.714,113.6,15.000,11.440,98.0,15.000,11.804,101.1
212.0215,30977,464048,15.000,10.714,113.6,15.000,11.440,98.0,15.000,11.804,101.1
212.0215,30978,464053,15.000,10.714,113.6,15.000,11.622,98.0,15.000,11.804,101.1
212.0215,30979,464058,15.000,10.533,113.6,15.000,11.440,98.0,15.000,11.804,101.1
212.0215,30980,464063,15.000,10.533,113.6,15.000,11.622,98.0,15.000,11.804,101.1
212.0215,30981,464068,15.000,10.533,113.6,15.000,11.804,98.0,15.000,11.804,101.1
212.0215,30982,464073,15.000,10.714,113.6,15.000,11.804,98.0,15.000,11.985,101.1
212.0215,30983,464078,15.000,10.533,113.6,15.000,11.985,98.0,15.000,11.804,101.1
212.0215,30984,464083,15.000,10.533,113.6,15.000,11.985,98.0,15.000,11.804,101.1
212.0215,30985,464202,15.000,36.864,0.0,15.000,40.133,0.0,15.000,38.317,0.0
212.0215,30986,464207,15.000,36.864,0.0,15.000,39.951,0.0,15.000,37.953,0.0
212.0215,30987,464212,15.000,36.864,0.0,15.000,39.769,0.0,15.000,37.953,0.0
212.0215,30988,464217,15.000,36.682,0.0,15.000,39.588,0.0,15.000,37.590,0.0
212.0215,30989,464222,15.000,36.501,0.0,15.000,39.406,0.0,15.000,37.227,0.0
212.0215,30990,464227,15.000,36.319,0.0,15.000,39.043,0.0,15.000,36.864,0.0
212.0215,30991,464232,15.000,35.956,0.0,15.000,38.680,0.0,15.000,36.501,0.0
212.0215,30992,464237,15.000,35.411,0.0,15.000,38.317,0.0,15.000,35.774,0.0
212.0974,30993,464242,15.000,35.229,0.0,15.000,37.772,0.0,15.000,35.411,0.0
212.0974,30994,464247,15.000,34.685,0.0,15.000,37.227,0.0,15.000,34.685,0.0
212.0974,30995,464252,15.000,7.809,0.0,15.000,8.535,0.0,15.000,7.627,0.0
212.0974,30996,464257,15.000,7.264,0.0,15.000,8.172,0.0,15.000,7.264,0.0
212.0974,30997,464262,15.000,6.719,0.0,15.000,7.627,0.0,15.000,6.719,0.0
212.0974,30998,464267,15.000,6.174,0.0,15.000,7.082,0.0,15.000,6.356,0.0
212.0974,30999,464272,15.000,5.993,0.0,15.000,6.719,0.0,15.000,5.993,0.0
212.0974,31000,464277,15.000,5.448,0.0,15.000,6.174,0.0,15.000,5.448,0.0
212.0974,31001,464282,15.000,5.085,0.0,15.000,5.993,0.0,15.000,5.266,0.0
212.0974,31002,464287,15.000,4.903,0.0,15.000,5.448,0.0,15.000,5.085,0.0
212.0974,31003,464292,15.000,4.358,0.0,15.000,5.085,0.0,15.000,4.721,0.0
212.0974,31004,464297,15.000,4.177,0.0,15.000,5.085,0.0,15.000,4.540,0.0
212.0974,31005,464302,15.000,3.813,120.0,15.000,4.721,95.7,15.000,4.358,104.5
212.0974,31006,464307,15.000,3.632,120.0,15.000,4.540,95.7,15.000,4.177,104.5
212.0974,31007,464312,15.000,3.450,120.0,15.000,4.540,95.7,15.000,4.177,104.5
212.0974,31008,464317,15.000,3.632,120.0,15.000,4.540,95.7,15.000,3.995,104.5
212.1675,31009,464322,15.000,3.632,120.0,15.000,4.540,95.7,15.000,4.358,104.5
212.1675,31010,464327,15.000,3.813,120.0,15.000,4.903,95.7,15.000,4.540,104.5
212.1675,31011,464332,15.000,4.177,120.0,15.000,5.085,95.7,15.000,4.540,104.5
212.1675,31012,464337,15.000,4.540,120.0,15.000,5.448,95.7,15.000,4.903,104.5
212.1675,31013,464342,15.000,5.085,120.0,15.000,5.811,95.7,15.000,5.266,104.5
212.1675,31014,464347,15.000,5.448,120.0,15.000,6.174,95.7,15.000,5.629,104.5
212.1675,31015,464352,15.000,6.174,120.0,15.000,6.537,95.7,15.000,6.174,104.5
212.1675,31016,464357,15.000,6.719,120.0,15.000,7.082,95.7,15.000,6.537,104.5
212.1675,31017,464362,15.000,7.264,120.0,15.000,7.445,95.7,15.000,6.901,104.5
212.1675,31018,464367,15.000,7.627,120.0,15.000,7.990,95.7,15.000,7.445,104.5
212.1675,31019,464372,15.000,7.990,120.0,15.000,8.353,95.7,15.000,7.627,104.5
212.1675,31020,464377,15.000,8.535,120.0,15.000,8.535,95.7,15.000,7.990,104.5
212.1675,31021,464382,15.000,8.898,120.0,15.000,8.535,95.7,15.000,8.353,104.5
212.1675,31022,464387,15.000,9.261,120.0,15.000,8.898,95.7,15.000,8.717,104.5
212.1675,31023,464392,15.000,9.443,120.0,15.000,9.261,95.7,15.000,8.898,104.5
212.1675,31024,464397,15.000,9.806,120.0,15.000,9.443,95.7,15.000,9.261,104.5
212.1675,31025,464402,15.000,9.988,102.1,15.000,9.806,82.5,15.000,9.443,92.3
212.1675,31026,464407,15.000,9.988,102.1,15.000,9.988,82.5,15.000,9.806,92.3
212.1675,31027,464412,15.000,10.169,102.1,15.000,10.169,82.5,15.000,9.988,92.3
212.1675,31028,464417,15.000,10.533,102.1,15.000,10.169,82.5,15.000,10.169,92.3
212.1675,31029,464422,15.000,10.714,102.1,15.000,10.351,82.5,15.000,10.351,92.3
212.1675,31030,464427,15.000,10.714,102.1,15.000,10.533,82.5,15.000,10.533,92.3
212.1675,31031,464432,15.000,10.714,102.1,15.000,10.896,82.5,15.000,10.714,92.3
212.1675,31032,464437,15.000,10.714,102.1,15.000,10.896,82.5,15.000,10.714,92.3
212.2276,31033,464442,15.000,10.896,102.1,15.000,10.896,82.5,15.000,10.896,92.3
212.2276,31034,464447,15.000,10.896,102.1,15.000,10.896,82.5,15.000,10.896,92.3
212.2276,31035,464452,15.000,10.896,102.1,15.000,10.714,82.5,15.000,10.896,92.3
212.2276,31036,464457,15.000,11.259,102.1,15.000,10.714,82.5,15.000,10.896,92.3
212.2276,31037,464462,15.000,11.259,102.1,15.000,10.714,82.5,15.000,10.896,92.3
212.2276,31038,464467,15.000,10.896,102.1,15.000,10.714,82.5,15.000,10.896,92.3
212.2276,31039,464472,15.000,10.896,102.1,15.000,10.533,82.5,15.000,10.896,92.3
212.2276,31040,464477,15.000,10.896,102.1,15.000,10.533,82.5,15.000,11.077,92.3
212.2276,31041,464482,15.000,10.896,102.1,15.000,10.533,82.5,15.000,11.077,92.3
212.2276,31042,464487,15.000,10.896,102.1,15.000,10.533,82.5,15.000,11.077,92.3
212.2276,31043,464492,15.000,11.077,102.1,15.000,10.533,82.5,15.000,11.077,92.3
212.2276,31044,464497,15.000,11.077,102.1,15.000,10.533,82.5,15.000,11.077,92.3
212.2276,31045,464502,15.000,11.077,107.4,15.000,10.533,90.4,15.000,11.077,95.2
212.2276,31046,464507,15.000,11.077,107.4,15.000,10.351,90.4,15.000,11.077,95.2
212.2276,31047,464512,15.000,11.077,107.4,15.000,10.351,90.4,15.000,11.077,95.2
212.2276,31048,464517,15.000,11.259,107.4,15.000,10.351,90.4,15.000,11.077,95.2
212.3840,31049,464522,15.000,11.259,107.4,15.000,10.351,90.4,15.000,11.077,95.2
212.3840,31050,464527,15.000,11.259,107.4,15.000,10.351,90.4,15.000,11.077,95.2
212.3840,31051,464532,15.000,11.440,107.4,15.000,10.351,90.4,15.000,11.077,95.2
212.3840,31052,464537,15.000,11.440,107.4,15.000,10.169,90.4,15.000,11.077,95.2
212.3840,31053,464542,15.000,11.259,107.4,15.000,10.169,90.4,15.000,11.077,95.2
212.3840,31054,464547,15.000,11.259,107.4,15.000,10.169,90.4,15.000,11.077,95.2
212.3840,31055,464552,15.000,11.259,107.4,15.000,10.169,90.4,15.000,11.077,95.2
212.3840,31056,464557,15.000,11.259,107.4,15.000,10.351,90.4,15.000,11.259,95.2
212.3840,31057,464562,15.000,11.259,107.4,15.000,10.169,90.4,15.000,11.259,95.2
212.3840,31058,464567,15.000,11.077,107.4,15.000,10.169,90.4,15.000,11.259,95.2
212.3840,31059,464572,15.000,11.077,107.4,15.000,10.351,90.4,15.000,11.440,95.2
212.3840,31060,464577,15.000,11.077,107.4,15.000,9.988,90.4,15.000,11.259,95.2
212.3840,31061,464582,15.000,10.896,107.4,15.000,9.988,90.4,15.000,11.259,95.2
212.3840,31062,464587,15.000,10.896,107.4,15.000,10.169,90.4,15.000,11.259,95.2
212.3840,31063,464592,15.000,10.896,107.4,15.000,10.169,90.4,15.000,11.440,95.2
212.3840,31064,464597,15.000,10.896,107.4,15.000,9.806,90.4,15.000,11.440,95.2
212.4713,31065,464602,15.000,10.896,117.7,15.000,9.988,104.2,15.000,11.622,100.9
212.4713,31066,464607,15.000,10.714,117.7,15.000,9.806,104.2,15.000,11.440,100.9
212.4713,31067,464612,15.000,10.714,117.7,15.000,9.806,104.2,15.000,11.440,100.9
212.4713,31068,464617,15.000,11.077,117.7,15.000,9.806,104.2,15.000,11.440,100.9
212.4713,31069,464622,15.000,11.077,117.7,15.000,9.806,104.2,15.000,11.440,100.9
212.4713,31070,464627,15.000,11.259,117.7,15.000,10.169,104.2,15.000,11.440,100.9
212.4713,31071,464632,15.000,11.259,117.7,15.000,10.169,104.2,15.000,11.622,100.9
212.4713,31072,464637,15.000,11.259,117.7,15.000,10.351,104.2,15.000,11.622,100.9
212.4713,31073,464642,15.000,11.440,117.7,15.000,10.351,104.2,15.000,11.622,100.9
212.4713,31074,464647,15.000,11.259,117.7,15.000,10.714,104.2,15.000,11.622,100.9
212.4713,31075,464652,15.000,11.440,117.7,15.000,10.896,104.2,15.000,11.622,100.9
212.4713,31076,464657,15.000,11.622,117.7,15.000,11.259,104.2,15.000,11.622,100.9
212.4713,31077,464662,15.000,11.622,117.7,15.000,11.440,104.2,15.000,11.804,100.9
212.4713,31078,464667,15.000,11.622,117.7,15.000,11.622,104.2,15.000,11.804,100.9
212.4713,31079,464672,15.000,11.622,117.7,15.000,11.804,104.2,15.000,11.804,100.9
212.4713,31080,464677,15.000,11.622,117.7,15.000,11.804,104.2,15.000,11.804,100.9
212.5787,31081,464730,15.000,23.063,49.0,15.000,24.152,24.8,15.000,23.063,35.3
212.5787,31082,464734,15.000,22.881,49.0,15.000,23.971,24.8,15.000,22.881,35.3
212.5787,31083,464739,15.000,22.881,49.0,15.000,23.971,24.8,15.000,22.699,35.3
212.5787,31084,464744,15.000,23.063,49.0,15.000,24.152,24.8,15.000,22.699,35.3
212.5787,31085,464749,15.000,22.699,49.0,15.000,23.789,24.8,15.000,22.336,35.3
212.5787,31086,464754,15.000,22.336,49.0,15.000,23.607,24.8,15.000,22.155,35.3
212.5787,31087,464759,15.000,22.336,49.0,15.000,23.426,24.8,15.000,21.791,35.3
212.5787,31088,464764,15.000,21.973,49.0,15.000,23.063,24.8,15.000,21.610,35.3
212.5787,31089,464769,15.000,21.610,49.0,15.000,22.699,24.8,15.000,21.247,35.3
212.5787,31090,464774,15.000,21.247,49.0,15.000,22.336,24.8,15.000,20.883,35.3
212.5787,31091,464779,15.000,9.443,49.0,15.000,9.806,24.8,15.000,9.080,35.3
212.5787,31092,464784,15.000,9.443,49.0,15.000,9.443,24.8,15.000,8.898,35.3
212.5787,31093,464789,15.000,8.898,49.0,15.000,9.080,24.8,15.000,8.535,35.3
212.5787,31094,464794,15.000,8.535,49.0,15.000,8.535,24.8,15.000,8.172,35.3
212.5787,31095,464799,15.000,8.353,49.0,15.000,8.353,24.8,15.000,7.990,35.3
212.5787,31096,464804,15.000,8.172,49.0,15.000,7.809,24.8,15.000,7.627,35.3
212.5787,31097,464809,15.000,7.809,49.0,15.000,7.627,24.8,15.000,7.445,35.3
212.5787,31098,464814,15.000,7.627,49.0,15.000,7.264,24.8,15.000,7.082,35.3
212.5787,31099,464819,15.000,7.627,49.0,15.000,6.901,24.8,15.000,6.719,35.3
212.5787,31100,464824,15.000,7.264,49.0,15.000,6.901,24.8,15.000,6.719,35.3
212.5787,31101,464829,15.000,7.264,49.0,15.000,6.537,24.8,15.000,6.537,35.3
212.5787,31102,464834,15.000,6.901,135.7,15.000,6.356,119.7,15.000,6.356,125.4
212.5787,31103,464839,15.000,6.901,135.7,15.000,6.174,119.7,15.000,6.174,125.4
212.5787,31104,464844,15.000,6.901,135.7,15.000,6.174,119.7,15.000,5.993,125.4
212.6362,31105,464849,15.000,6.901,135.7,15.000,6.174,119.7,15.000,5.993,125.4
212.6362,31106,464854,15.000,7.082,135.7,15.000,6.356,119.7,15.000,6.356,125.4
212.6362,31107,464859,15.000,7.264,135.7,15.000,6.537,119.7,15.000,6.356,125.4
212.6362,31108,464864,15.000,7.445,135.7,15.000,6.901,119.7,15.000,6.537,125.4
212.6362,31109,464869,15.000,7.809,135.7,15.000,7.445,119.7,15.000,6.901,125.4
212.6362,31110,464874,15.000,8.353,135.7,15.000,7.627,119.7,15.000,7.082,125.4
212.6362,31111,464879,15.000,8.717,135.7,15.000,8.172,119.7,15.000,7.627,125.4
212.6362,31112,464884,15.000,9.261,135.7,15.000,8.717,119.7,15.000,7.990,125.4
212.6362,31113,464889,15.000,9.625,135.7,15.000,9.443,119.7,15.000,8.353,125.4
212.6362,31114,464894,15.000,10.169,135.7,15.000,9.806,119.7,15.000,8.898,125.4
212.6362,31115,464899,15.000,10.533,135.7,15.000,10.169,119.7,15.000,9.261,125.4
212.6362,31116,464904,15.000,10.896,135.7,15.000,10.714,119.7,15.000,9.625,125.4
212.6362,31117,464909,15.000,11.259,135.7,15.000,11.077,119.7,15.000,9.988,125.4
212.6362,31118,464914,15.000,11.622,135.7,15.000,11.440,119.7,15.000,10.533,125.4
212.6362,31119,464919,15.000,11.804,135.7,15.000,11.622,119.7,15.000,10.714,125.4
212.6362,31120,464924,15.000,11.804,135.7,15.000,11.985,119.7,15.000,11.077,125.4
212.7230,31121,464929,15.000,11.985,135.7,15.000,12.167,119.7,15.000,11.077,125.4
212.7230,31122,464934,15.000,12.167,118.6,15.000,12.530,97.8,15.000,11.440,110.6
212.7230,31123,464939,15.000,12.530,118.6,15.000,12.530,97.8,15.000,11.804,110.6
212.7230,31124,464944,15.000,12.348,118.6,15.000,12.712,97.8,15.000,11.985,110.6
212.7230,31125,464949,15.000,12.530,118.6,15.000,12.893,97.8,15.000,12.167,110.6
212.7230,31126,464954,15.000,12.530,118.6,15.000,13.075,97.8,15.000,12.167,110.6
212.7230,31127,464959,15.000,12.530,118.6,15.000,13.075,97.8,15.000,12.348,110.6
212.7230,31128,464964,15.000,12.530,118.6,15.000,13.075,97.8,15.000,12.167,110.6
212.7230,31129,464969,15.000,12.712,118.6,15.000,13.075,97.8,15.000,12.348,110.6
212.7230,31130,464974,15.000,12.893,118.6,15.000,13.075,97.8,15.000,12.348,110.6
212.7230,31131,464979,15.000,12.893,118.6,15.000,13.075,97.8,15.000,12.530,110.6
212.7230,31132,464984,15.000,12.893,118.6,15.000,12.893,97.8,15.000,12.530,110.6
212.7230,31133,464989,15.000,12.712,118.6,15.000,12.893,97.8,15.000,12.530,110.6
212.7230,31134,464994,15.000,12.893,118.6,15.000,12.893,97.8,15.000,12.530,110.6
212.7230,31135,464999,15.000,12.893,118.6,15.000,12.893,97.8,15.000,12.530,110.6
212.7230,31136,465004,15.000,12.893,118.6,15.000,12.712,97.8,15.000,12.530,110.6
212.8148,31137,465009,15.000,12.893,118.6,15.000,12.712,97.8,15.000,12.530,110.6
212.8148,31138,465014,15.000,13.075,118.6,15.000,12.712,97.8,15.000,12.893,110.6
212.8148,31139,465019,15.000,12.712,118.6,15.000,12.530,97.8,15.000,12.893,110.6
212.8148,31140,465024,15.000,12.712,118.6,15.000,12.530,97.8,15.000,12.893,110.6
212.8148,31141,465029,15.000,12.712,118.6,15.000,12.530,97.8,15.000,12.893,110.6
212.8148,31142,465034,15.000,12.712,122.2,15.000,12.530,104.2,15.000,12.893,110.1
212.8148,31143,465039,15.000,12.712,122.2,15.000,12.530,104.2,15.000,12.893,110.1
212.8148,31144,465044,15.000,12.712,122.2,15.000,12.530,104.2,15.000,12.893,110.1
212.8148,31145,465049,15.000,12.712,122.2,15.000,12.530,104.2,15.000,12.893,110.1
212.8148,31146,465054,15.000,12.893,122.2,15.000,12.348,104.2,15.000,12.893,110.1
212.8148,31147,465059,15.000,12.893,122.2,15.000,12.530,104.2,15.000,12.893,110.1
212.8148,31148,465064,15.000,12.712,122.2,15.000,12.348,104.2,15.000,12.712,110.1
212.8148,31149,465069,15.000,12.893,122.2,15.000,12.530,104.2,15.000,12.712,110.1
212.8148,31150,465074,15.000,12.893,122.2,15.000,12.530,104.2,15.000,12.712,110.1
212.8148,31151,465079,15.000,12.893,122.2,15.000,12.530,104.2,15.000,12.712,110.1
212.8148,31152,465084,15.000,12.893,122.2,15.000,12.530,104.2,15.000,12.712,110.1
213.0327,31153,465089,15.000,12.893,122.2,15.000,12.530,104.2,15.000,12.712,110.1
213.0327,31154,465094,15.000,12.893,122.2,15.000,12.712,104.2,15.000,12.893,110.1
213.0327,31155,465099,15.000,12.893,122.2,15.000,12.712,104.2,15.000,12.893,110.1
213.0327,31156,465104,15.000,12.712,122.2,15.000,12.893,104.2,15.000,12.893,110.1
213.0327,31157,465109,15.000,12.530,122.2,15.000,12.712,104.2,15.000,12.893,110.1
213.0327,31158,465114,15.000,12.712,122.2,15.000,12.893,104.2,15.000,12.893,110.1
213.0327,31159,465119,15.000,12.712,122.2,15.000,12.893,104.2,15.000,12.893,110.1
213.0327,31160,465124,15.000,12.712,122.2,15.000,12.893,104.2,15.000,12.893,110.1
213.0327,31161,465129,15.000,12.348,122.2,15.000,12.893,104.2,15.000,12.893,110.1
213.0327,31162,465134,15.000,12.348,129.9,15.000,12.893,107.5,15.000,13.075,113.9
213.0327,31163,465139,15.000,12.348,129.9,15.000,12.893,107.5,15.000,13.075,113.9
213.0327,31164,465144,15.000,12.348,129.9,15.000,12.712,107.5,15.000,12.893,113.9
213.0327,31165,465149,15.000,12.348,129.9,15.000,12.712,107.5,15.000,12.893,113.9
213.0327,31166,465154,15.000,12.348,129.9,15.000,12.712,107.5,15.000,12.893,113.9
213.0327,31167,465159,15.000,12.530,129.9,15.000,12.712,107.5,15.000,13.075,113.9
213.0327,31168,465164,15.000,12.348,129.9,15.000,12.712,107.5,15.000,13.075,113.9
213.0963,31169,465169,15.000,12.530,129.9,15.000,12.893,107.5,15.000,13.075,113.9
213.0963,31170,465174,15.000,12.348,129.9,15.000,12.893,107.5,15.000,13.075,113.9
213.0963,31171,465179,15.000,12.712,129.9,15.000,12.893,107.5,15.000,13.256,113.9
213.0963,31172,465184,15.000,12.712,129.9,15.000,12.893,107.5,15.000,13.075,113.9
213.0963,31173,465189,15.000,12.893,129.9,15.000,12.893,107.5,15.000,13.075,113.9
213.0963,31174,465194,15.000,12.893,129.9,15.000,12.893,107.5,15.000,13.075,113.9
213.0963,31175,465199,15.000,12.893,129.9,15.000,12.712,107.5,15.000,13.256,113.9
213.0963,31176,465204,15.000,13.075,129.9,15.000,12.712,107.5,15.000,13.256,113.9
213.0963,31177,465209,15.000,13.075,129.9,15.000,12.712,107.5,15.000,13.075,113.9
213.0963,31178,465214,15.000,13.075,129.9,15.000,12.893,107.5,15.000,13.075,113.9
213.0963,31179,465219,15.000,12.712,129.9,15.000,12.712,107.5,15.000,13.256,113.9
213.0963,31180,465224,15.000,13.075,129.9,15.000,12.712,107.5,15.000,13.256,113.9
213.0963,31181,465229,15.000,13.075,129.9,15.000,12.712,107.5,15.000,13.075,113.9
213.0963,31182,465234,15.000,13.075,131.3,15.000,12.893,112.4,15.000,13.256,117.2
213.0963,31183,465239,15.000,13.075,131.3,15.000,12.893,112.4,15.000,13.256,117.2
213.0963,31184,465244,15.000,13.075,131.3,15.000,12.893,112.4,15.000,13.256,117.2
213.0963,31185,465249,15.000,13.256,131.3,15.000,13.256,112.4,15.000,13.256,117.2
213.0963,31186,465254,15.000,13.075,131.3,15.000,13.075,112.4,15.000,13.256,117.2
213.0963,31187,465259,15.000,12.893,131.3,15.000,13.075,112.4,15.000,13.438,117.2
213.0963,31188,465264,15.000,13.075,131.3,15.000,13.075,112.4,15.000,13.438,117.2
213.0963,31189,465269,15.000,13.256,131.3,15.000,12.712,112.4,15.000,13.256,117.2
213.0963,31190,465274,15.000,13.256,131.3,15.000,12.893,112.4,15.000,13.438,117.2
213.0963,31191,465279,15.000,13.256,131.3,15.000,12.893,112.4,15.000,13.438,117.2
213.0963,31192,465284,15.000,13.256,131.3,15.000,12.893,112.4,15.000,13.256,117.2
213.1479,31193,465289,15.000,13.256,131.3,15.000,12.893,112.4,15.000,13.256,117.2
213.1479,31194,465294,15.000,13.256,131.3,15.000,13.075,112.4,15.000,13.438,117.2
213.1479,31195,465299,15.000,13.075,131.3,15.000,12.893,112.4,15.000,13.256,117.2
213.1479,31196,465304,15.000,13.075,131.3,15.000,13.075,112.4,15.000,13.256,117.2
213.1479,31197,465309,15.000,13.438,131.3,15.000,13.256,112.4,15.000,13.075,117.2
213.1479,31198,465314,15.000,13.256,131.3,15.000,13.075,112.4,15.000,13.256,117.2
213.1479,31199,465319,15.000,13.438,131.3,15.000,13.620,112.4,15.000,13.256,117.2
213.1479,31200,465324,15.000,13.256,131.3,15.000,13.620,112.4,15.000,13.075,117.2
213.1479,31201,465329,15.000,13.438,131.3,15.000,13.620,112.4,15.000,13.256,117.2
213.1479,31202,465334,15.000,13.620,132.3,15.000,13.620,112.6,15.000,13.256,121.3
213.1479,31203,465339,15.000,13.438,132.3,15.000,13.620,112.6,15.000,13.256,121.3
213.1479,31204,465344,15.000,13.620,132.3,15.000,13.620,112.6,15.000,13.075,121.3
213.1479,31205,465349,15.000,13.801,132.3,15.000,13.801,112.6,15.000,13.256,121.3
213.1479,31206,465354,15.000,13.801,132.3,15.000,13.801,112.6,15.000,13.256,121.3
213.1479,31207,465359,15.000,13.801,132.3,15.000,13.801,112.6,15.000,13.256,121.3
213.1479,31208,465364,15.000,13.801,132.3,15.000,13.801,112.6,15.000,13.075,121.3
213.1677,31209,465435,15.000,31.961,17.8,15.000,31.961,0.0,15.000,30.871,12.2
213.1677,31210,465440,15.000,31.961,17.8,15.000,31.779,0.0,15.000,30.871,12.2
213.1677,31211,465445,15.000,31.779,17.8,15.000,31.779,0.0,15.000,30.690,12.2
213.1677,31212,465450,15.000,31.598,17.8,15.000,31.598,0.0,15.000,30.508,12.2
213.1677,31213,465455,15.000,31.416,17.8,15.000,31.234,0.0,15.000,30.326,12.2
213.1677,31214,465460,15.000,30.871,17.8,15.000,30.871,0.0,15.000,29.963,12.2
213.1677,31215,465465,15.000,30.326,17.8,15.000,30.326,0.0,15.000,29.600,12.2
213.1677,31216,465470,15.000,29.963,17.8,15.000,29.782,0.0,15.000,29.055,12.2
213.2672,31217,465475,15.000,29.237,17.8,15.000,29.055,0.0,15.000,28.692,12.2
213.2672,31218,465480,15.000,28.692,17.8,15.000,28.510,0.0,15.000,28.147,12.2
213.2672,31219,465485,15.000,9.806,17.8,15.000,9.625,0.0,15.000,9.806,12.2
213.2672,31220,465490,15.000,9.261,17.8,15.000,9.080,0.0,15.000,9.261,12.2
213.2672,31221,465495,15.000,8.717,17.8,15.000,8.353,0.0,15.000,8.717,12.2
213.2672,31222,465500,15.000,7.990,17.8,15.000,7.627,0.0,15.000,8.353,12.2
213.2672,31223,465505,15.000,7.445,17.8,15.000,7.264,0.0,15.000,7.809,12.2
213.2672,31224,465510,15.000,7.082,17.8,15.000,6.719,0.0,15.000,7.445,12.2
213.2672,31225,465515,15.000,6.719,17.8,15.000,6.356,0.0,15.000,6.901,12.2
213.2672,31226,465520,15.000,6.356,17.8,15.000,5.993,0.0,15.000,6.719,12.2
213.2672,31227,465525,15.000,6.174,17.8,15.000,5.811,0.0,15.000,6.356,12.2
213.2672,31228,465530,15.000,5.993,17.8,15.000,5.448,0.0,15.000,6.174,12.2
213.2672,31229,465535,15.000,5.811,148.8,15.000,5.085,133.9,15.000,5.811,138.7
213.2672,31230,465540,15.000,5.629,148.8,15.000,4.903,133.9,15.000,5.629,138.7
213.2672,31231,465545,15.000,5.448,148.8,15.000,4.903,133.9,15.000,5.448,138.7
213.2672,31232,465550,15.000,5.811,148.8,15.000,4.903,133.9,15.000,5.448,138.7
213.3769,31233,465555,15.000,5.993,148.8,15.000,5.085,133.9,15.000,5.629,138.7
213.3769,31234,465560,15.000,6.356,148.8,15.000,5.448,133.9,15.000,5.811,138.7
213.3769,31235,465565,15.000,6.901,148.8,15.000,5.811,133.9,15.000,5.993,138.7
213.3769,31236,465570,15.000,7.264,148.8,15.000,6.356,133.9,15.000,6.174,138.7
213.3769,31237,465575,15.000,7.809,148.8,15.000,6.901,133.9,15.000,6.537,138.7
213.3769,31238,465580,15.000,8.353,148.8,15.000,7.627,133.9,15.000,6.901,138.7
213.3769,31239,465585,15.000,8.717,148.8,15.000,8.535,133.9,15.000,7.445,138.7
213.3769,31240,465590,15.000,9.261,148.8,15.000,9.080,133.9,15.000,7.809,138.7
213.3769,31241,465595,15.000,9.806,148.8,15.000,9.806,133.9,15.000,8.353,138.7
213.3769,31242,465600,15.000,10.169,148.8,15.000,10.533,133.9,15.000,8.717,138.7
213.3769,31243,465605,15.000,10.714,148.8,15.000,11.077,133.9,15.000,9.080,138.7
213.3769,31244,465610,15.000,11.077,148.8,15.000,11.440,133.9,15.000,9.443,138.7
213.3769,31245,465615,15.000,11.259,148.8,15.000,11.804,133.9,15.000,9.806,138.7
213.3769,31246,465620,15.000,11.622,148.8,15.000,12.348,133.9,15.000,10.351,138.7
213.3769,31247,465625,15.000,11.985,148.8,15.000,12.530,133.9,15.000,10.533,138.7
213.3769,31248,465630,15.000,12.167,148.8,15.000,12.893,133.9,15.000,10.896,138.7
213.4989,31249,465635,15.000,12.530,123.7,15.000,13.075,102.2,15.000,11.259,121.8
213.4989,31250,465640,15.000,12.893,123.7,15.000,13.438,102.2,15.000,11.622,121.8
213.4989,31251,465645,15.000,13.256,123.7,15.000,13.620,102.2,15.000,11.985,121.8
213.4989,31252,465650,15.000,13.256,123.7,15.000,13.620,102.2,15.000,12.167,121.8
213.4989,31253,465655,15.000,13.256,123.7,15.000,13.801,102.2,15.000,12.348,121.8
213.4989,31254,465660,15.000,13.438,123.7,15.000,13.983,102.2,15.000,12.712,121.8
213.4989,31255,465665,15.000,13.438,123.7,15.000,13.983,102.2,15.000,12.893,121.8
213.4989,31256,465670,15.000,13.438,123.7,15.000,13.983,102.2,15.000,12.893,121.8
213.4989,31257,465675,15.000,13.438,123.7,15.000,13.983,102.2,15.000,13.256,121.8
213.4989,31258,465680,15.000,13.438,123.7,15.000,13.983,102.2,15.000,13.256,121.8
213.4989,31259,465685,15.000,13.438,123.7,15.000,13.801,102.2,15.000,13.438,121.8
213.4989,31260,465690,15.000,13.438,123.7,15.000,13.620,102.2,15.000,13.438,121.8
213.4989,31261,465695,15.000,13.256,123.7,15.000,13.620,102.2,15.000,13.438,121.8
213.4989,31262,465700,15.000,13.256,123.7,15.000,13.620,102.2,15.000,13.438,121.8
213.4989,31263,465705,15.000,13.256,123.7,15.000,13.438,102.2,15.000,13.620,121.8
213.4989,31264,465710,15.000,13.075,123.7,15.000,13.438,102.2,15.000,13.620,121.8
213.4989,31265,465718,15.000,13.983,123.7,15.000,14.164,102.2,15.000,14.528,121.8
213.4989,31266,465723,15.000,13.983,123.7,15.000,13.983,102.2,15.000,14.528,121.8
213.4989,31267,465728,15.000,13.801,123.7,15.000,13.983,102.2,15.000,14.528,121.8
213.4989,31268,465733,15.000,13.983,123.7,15.000,13.983,102.2,15.000,14.709,121.8
213.4989,31269,465738,15.000,13.983,120.9,15.000,13.983,101.7,15.000,14.709,108.9
213.4989,31270,465743,15.000,13.801,120.9,15.000,13.983,101.7,15.000,14.709,108.9
213.4989,31271,465748,15.000,13.801,120.9,15.000,13.801,101.7,15.000,14.709,108.9
213.4989,31272,465753,15.000,13.801,120.9,15.000,13.801,101.7,15.000,14.709,108.9
213.5515,31273,465758,15.000,13.801,120.9,15.000,13.801,101.7,15.000,14.709,108.9
213.5515,31274,465763,15.000,13.801,120.9,15.000,13.620,101.7,15.000,14.528,108.9
213.5515,31275,465768,15.000,12.712,120.9,15.000,13.075,101.7,15.000,13.801,108.9
213.5515,31276,465773,15.000,12.712,120.9,15.000,13.075,101.7,15.000,13.801,108.9
213.5515,31277,465778,15.000,12.712,120.9,15.000,13.075,101.7,15.000,13.801,108.9
213.5515,31278,465783,15.000,12.530,120.9,15.000,12.893,101.7,15.000,13.620,108.9
213.5515,31279,465788,15.000,12.530,120.9,15.000,12.893,101.7,15.000,13.438,108.9
213.5515,31280,465793,15.000,12.348,120.9,15.000,12.893,101.7,15.000,13.438,108.9
213.5524,31281,465798,15.000,12.348,120.9,15.000,12.893,101.7,15.000,13.438,108.9
213.5524,31282,465803,15.000,12.348,120.9,15.000,12.893,101.7,15.000,13.438,108.9
213.5524,31283,465808,15.000,12.348,120.9,15.000,12.712,101.7,15.000,13.256,108.9
213.5524,31284,465813,15.000,12.167,120.9,15.000,12.712,101.7,15.000,13.256,108.9
213.5524,31285,465818,15.000,12.348,120.9,15.000,12.530,101.7,15.000,13.075,108.9
213.5524,31286,465823,15.000,12.348,120.9,15.000,12.530,101.7,15.000,13.075,108.9
213.5524,31287,465828,15.000,12.348,120.9,15.000,12.530,101.7,15.000,12.893,108.9
213.5524,31288,465833,15.000,12.348,120.9,15.000,12.530,101.7,15.000,13.075,108.9
213.5755,31289,465838,15.000,12.348,133.9,15.000,12.530,113.5,15.000,12.893,121.7
213.5755,31290,465843,15.000,12.530,133.9,15.000,12.530,113.5,15.000,12.893,121.7
213.5755,31291,465848,15.000,12.530,133.9,15.000,12.530,113.5,15.000,12.712,121.7
213.5755,31292,465853,15.000,12.712,133.9,15.000,12.530,113.5,15.000,12.712,121.7
213.5755,31293,465858,15.000,12.712,133.9,15.000,12.893,113.5,15.000,12.893,121.7
213.5755,31294,465863,15.000,12.893,133.9,15.000,12.893,113.5,15.000,12.893,121.7
213.5755,31295,465868,15.000,12.893,133.9,15.000,12.893,113.5,15.000,12.893,121.7
213.5755,31296,465873,15.000,13.075,133.9,15.000,12.893,113.5,15.000,12.893,121.7
213.6660,31297,465878,15.000,13.075,133.9,15.000,13.075,113.5,15.000,12.893,121.7
213.6660,31298,465883,15.000,13.075,133.9,15.000,13.075,113.5,15.000,12.712,121.7
213.6660,31299,465888,15.000,13.256,133.9,15.000,13.075,113.5,15.000,12.893,121.7
213.6660,31300,465893,15.000,13.256,133.9,15.000,12.893,113.5,15.000,12.893,121.7
213.6660,31301,465898,15.000,13.438,133.9,15.000,12.893,113.5,15.000,12.893,121.7
213.6660,31302,465903,15.000,13.256,133.9,15.000,13.075,113.5,15.000,13.075,121.7
213.6660,31303,465908,15.000,13.438,133.9,15.000,12.893,113.5,15.000,12.893,121.7
213.6660,31304,465913,15.000,13.438,133.9,15.000,12.893,113.5,15.000,12.893,121.7
213.6660,31305,465918,15.000,13.620,133.9,15.000,12.893,113.5,15.000,12.893,121.7
213.6660,31306,465923,15.000,13.620,133.9,15.000,12.893,113.5,15.000,13.075,121.7
213.6660,31307,465928,15.000,13.620,133.9,15.000,12.712,113.5,15.000,13.075,121.7
213.6660,31308,465933,15.000,13.801,133.9,15.000,12.893,113.5,15.000,13.075,121.7
213.6660,31309,465938,15.000,13.801,130.4,15.000,12.893,116.7,15.000,13.075,125.1
213.6660,31310,465943,15.000,13.801,130.4,15.000,13.256,116.7,15.000,13.256,125.1
213.6660,31311,465948,15.000,13.801,130.4,15.000,13.438,116.7,15.000,13.256,125.1
213.6660,31312,465953,15.000,13.983,130.4,15.000,13.256,116.7,15.000,13.256,125.1
213.7653,31313,465958,15.000,13.801,130.4,15.000,13.438,116.7,15.000,13.256,125.1
213.7653,31314,465963,15.000,13.983,130.4,15.000,13.620,116.7,15.000,13.256,125.1
213.7653,31315,465968,15.000,13.983,130.4,15.000,13.620,116.7,15.000,13.438,125.1
213.7653,31316,465973,15.000,13.801,130.4,15.000,13.801,116.7,15.000,13.256,125.1
213.7653,31317,465978,15.000,13.983,130.4,15.000,13.983,116.7,15.000,13.438,125.1
213.7653,31318,465983,15.000,13.983,130.4,15.000,13.801,116.7,15.000,13.620,125.1
213.7653,31319,465988,15.000,13.983,130.4,15.000,13.983,116.7,15.000,13.620,125.1
213.7653,31320,465993,15.000,13.983,130.4,15.000,13.983,116.7,15.000,13.620,125.1
213.7653,31321,465998,15.000,13.801,130.4,15.000,13.801,116.7,15.000,13.620,125.1
213.7653,31322,466003,15.000,13.801,130.4,15.000,13.801,116.7,15.000,13.620,125.1
213.7653,31323,466008,15.000,13.983,130.4,15.000,13.801,116.7,15.000,13.801,125.1
213.7653,31324,466013,15.000,13.801,130.4,15.000,13.801,116.7,15.000,13.801,125.1
213.7653,31325,466018,15.000,13.801,130.4,15.000,13.983,116.7,15.000,13.801,125.1
213.7653,31326,466023,15.000,13.983,130.4,15.000,13.983,116.7,15.000,13.983,125.1
213.7653,31327,466028,15.000,13.801,130.4,15.000,13.983,116.7,15.000,13.983,125.1
213.7653,31328,466033,15.000,13.620,130.4,15.000,13.983,116.7,15.000,13.983,125.1
213.8460,31329,466038,15.000,13.620,134.5,15.000,13.983,114.6,15.000,13.983,123.8
213.8460,31330,466043,15.000,13.620,134.5,15.000,13.983,114.6,15.000,13.983,123.8
213.8460,31331,466048,15.000,13.801,134.5,15.000,14.164,114.6,15.000,14.164,123.8
213.8460,31332,466053,15.000,13.801,134.5,15.000,14.346,114.6,15.000,14.164,123.8
213.8460,31333,466058,15.000,13.801,134.5,15.000,14.164,114.6,15.000,14.164,123.8
213.8460,31334,466063,15.000,13.983,134.5,15.000,14.164,114.6,15.000,14.164,123.8
213.8460,31335,466068,15.000,13.801,134.5,15.000,14.164,114.6,15.000,14.164,123.8
213.8460,31336,466073,15.000,13.801,134.5,15.000,14.164,114.6,15.000,14.164,123.8
213.8460,31337,466078,15.000,13.801,134.5,15.000,13.983,114.6,15.000,14.164,123.8
213.8460,31338,466083,15.000,13.983,134.5,15.000,14.164,114.6,15.000,14.164,123.8
213.8460,31339,466088,15.000,13.983,134.5,15.000,14.164,114.6,15.000,14.164,123.8
213.8460,31340,466093,15.000,14.164,134.5,15.000,14.164,114.6,15.000,14.164,123.8
213.8460,31341,466098,15.000,14.164,134.5,15.000,14.346,114.6,15.000,14.164,123.8
213.8460,31342,466103,15.000,14.164,134.5,15.000,14.164,114.6,15.000,14.164,123.8
213.8460,31343,466108,15.000,13.983,134.5,15.000,14.346,114.6,15.000,14.164,123.8
213.8460,31344,466113,15.000,13.983,134.5,15.000,14.346,114.6,15.000,14.346,123.8
213.9508,31345,466118,15.000,14.164,134.5,15.000,14.164,114.6,15.000,14.164,123.8
213.9508,31346,466123,15.000,14.164,134.5,15.000,14.164,114.6,15.000,14.346,123.8
213.9508,31347,466128,15.000,13.983,134.5,15.000,14.346,114.6,15.000,14.164,123.8
213.9508,31348,466133,15.000,13.983,134.5,15.000,14.346,114.6,15.000,14.164,123.8
213.9508,31349,466138,15.000,13.983,135.4,15.000,14.346,114.7,15.000,14.346,123.9
213.9508,31350,466143,15.000,13.801,135.4,15.000,14.164,114.7,15.000,14.346,123.9
213.9508,31351,466148,15.000,13.801,135.4,15.000,13.983,114.7,15.000,14.346,123.9
213.9508,31352,466153,15.000,13.801,135.4,15.000,14.164,114.7,15.000,14.346,123.9
213.9508,31353,466158,15.000,13.983,135.4,15.000,14.164,114.7,15.000,14.346,123.9
213.9508,31354,466163,15.000,13.801,135.4,15.000,13.983,114.7,15.000,14.164,123.9
213.9508,31355,466168,15.000,13.801,135.4,15.000,14.164,114.7,15.000,14.346,123.9
213.9508,31356,466173,15.000,13.801,135.4,15.000,14.164,114.7,15.000,14.164,123.9
213.9508,31357,466178,15.000,14.164,135.4,15.000,14.164,114.7,15.000,14.346,123.9
213.9508,31358,466183,15.000,14.164,135.4,15.000,14.164,114.7,15.000,14.346,123.9
213.9508,31359,466188,15.000,13.983,135.4,15.000,13.983,114.7,15.000,14.346,123.9
213.9508,31360,466193,15.000,14.164,135.4,15.000,14.164,114.7,15.000,14.346,123.9
213.9508,31361,466198,15.000,14.164,135.4,15.000,14.164,114.7,15.000,14.346,123.9
213.9508,31362,466203,15.000,13.983,135.4,15.000,14.164,114.7,15.000,14.164,123.9
213.9508,31363,466208,15.000,13.983,135.4,15.000,13.983,114.7,15.000,14.164,123.9
213.9508,31364,466213,15.000,14.164,135.4,15.000,14.164,114.7,15.000,14.346,123.9
213.9508,31365,466218,15.000,14.164,135.4,15.000,14.164,114.7,15.000,14.346,123.9
213.9508,31366,466223,15.000,13.801,135.4,15.000,14.164,114.7,15.000,14.346,123.9
213.9508,31367,466228,15.000,13.801,135.4,15.000,14.164,114.7,15.000,14.346,123.9
213.9508,31368,466233,15.000,13.801,135.4,15.000,14.164,114.7,15.000,14.346,123.9
214.0536,31369,466238,15.000,13.983,137.7,15.000,14.164,117.4,15.000,14.346,125.4
214.0536,31370,466243,15.000,13.620,137.7,15.000,14.164,117.4,15.000,14.346,125.4
214.0536,31371,466248,15.000,13.620,137.7,15.000,14.164,117.4,15.000,14.346,125.4
214.0536,31372,466253,15.000,13.801,137.7,15.000,14.164,117.4,15.000,14.346,125.4
214.0536,31373,466258,15.000,13.801,137.7,15.000,14.346,117.4,15.000,14.346,125.4
214.0536,31374,466263,15.000,13.801,137.7,15.000,14.164,117.4,15.000,14.346,125.4
214.0536,31375,466268,15.000,13.620,137.7,15.000,14.164,117.4,15.000,14.346,125.4
214.0536,31376,466273,15.000,13.983,137.7,15.000,14.164,117.4,15.000,14.346,125.4
214.0536,31377,466278,15.000,13.983,137.7,15.000,14.164,117.4,15.000,14.346,125.4
214.0536,31378,466283,15.000,13.801,137.7,15.000,14.164,117.4,15.000,14.164,125.4
214.0536,31379,466288,15.000,13.801,137.7,15.000,14.346,117.4,15.000,14.164,125.4
214.0536,31380,466293,15.000,14.164,137.7,15.000,14.164,117.4,15.000,14.164,125.4
214.0536,31381,466298,15.000,13.983,137.7,15.000,14.164,117.4,15.000,14.164,125.4
214.0536,31382,466303,15.000,13.983,137.7,15.000,14.164,117.4,15.000,14.164,125.4
214.0536,31383,466308,15.000,13.983,137.7,15.000,14.164,117.4,15.000,14.164,125.4
214.0536,31384,466313,15.000,13.983,137.7,15.000,14.346,117.4,15.000,14.164,125.4
214.1560,31385,466318,15.000,14.164,137.7,15.000,14.346,117.4,15.000,14.164,125.4
214.1560,31386,466323,15.000,14.164,137.7,15.000,14.346,117.4,15.000,13.983,125.4
214.1560,31387,466328,15.000,14.164,137.7,15.000,14.346,117.4,15.000,13.983,125.4
214.1560,31388,466333,15.000,14.346,137.7,15.000,14.164,117.4,15.000,14.164,125.4
214.1560,31389,466338,15.000,14.346,137.7,15.000,14.346,118.1,15.000,13.983,129.3
214.1560,31390,466343,15.000,14.346,137.7,15.000,14.346,118.1,15.000,13.983,129.3
214.1560,31391,466348,15.000,14.528,137.7,15.000,14.346,118.1,15.000,13.983,129.3
214.1560,31392,466353,15.000,14.528,137.7,15.000,14.346,118.1,15.000,13.983,129.3
214.1560,31393,466358,15.000,14.528,137.7,15.000,14.346,118.1,15.000,13.983,129.3
214.1560,31394,466363,15.000,14.346,137.7,15.000,14.346,118.1,15.000,13.983,129.3
214.1560,31395,466368,15.000,14.346,137.7,15.000,14.346,118.1,15.000,13.801,129.3
214.1560,31396,466373,15.000,14.346,137.7,15.000,14.346,118.1,15.000,13.983,129.3
214.1560,31397,466378,15.000,14.346,137.7,15.000,14.346,118.1,15.000,13.983,129.3
214.1560,31398,466383,15.000,14.346,137.7,15.000,14.528,118.1,15.000,13.983,129.3
214.1560,31399,466388,15.000,14.346,137.7,15.000,14.346,118.1,15.000,14.164,129.3
214.1560,31400,466393,15.000,14.164,137.7,15.000,14.528,118.1,15.000,13.983,129.3
214.3719,31401,466398,15.000,14.164,137.7,15.000,14.528,118.1,15.000,13.983,129.3
214.3719,31402,466403,15.000,14.164,137.7,15.000,14.528,118.1,15.000,14.164,129.3
214.3719,31403,466408,15.000,14.164,137.7,15.000,14.528,118.1,15.000,14.164,129.3
214.3719,31404,466413,15.000,14.346,137.7,15.000,14.528,118.1,15.000,14.164,129.3
214.3719,31405,466418,15.000,14.164,137.7,15.000,14.528,118.1,15.000,14.346,129.3
214.3719,31406,466423,15.000,14.164,137.7,15.000,14.528,118.1,15.000,14.164,129.3
214.3719,31407,466428,15.000,14.164,137.7,15.000,14.528,118.1,15.000,14.164,129.3
214.3719,31408,466433,15.000,14.164,137.7,15.000,14.346,118.1,15.000,14.164,129.3
214.3719,31409,466438,15.000,14.164,140.5,15.000,14.346,119.7,15.000,14.164,130.4
214.3719,31410,466443,15.000,14.528,140.5,15.000,14.346,119.7,15.000,14.346,130.4
214.3719,31411,466448,15.000,14.528,140.5,15.000,14.346,119.7,15.000,14.346,130.4
214.3719,31412,466453,15.000,14.528,140.5,15.000,14.346,119.7,15.000,14.346,130.4
214.3719,31413,466458,15.000,14.528,140.5,15.000,14.346,119.7,15.000,14.346,130.4
214.3719,31414,466463,15.000,14.528,140.5,15.000,14.346,119.7,15.000,14.346,130.4
214.3719,31415,466468,15.000,14.528,140.5,15.000,14.346,119.7,15.000,14.346,130.4
214.3719,31416,466473,15.000,14.528,140.5,15.000,14.346,119.7,15.000,14.528,130.4
214.5232,31417,466478,15.000,14.709,140.5,15.000,14.528,119.7,15.000,14.709,130.4
214.5232,31418,466483,15.000,14.709,140.5,15.000,14.528,119.7,15.000,14.528,130.4
214.5232,31419,466488,15.000,14.709,140.5,15.000,14.528,119.7,15.000,14.528,130.4
214.5232,31420,466493,15.000,14.528,140.5,15.000,14.528,119.7,15.000,14.709,130.4
214.5232,31421,466498,15.000,14.528,140.5,15.000,14.528,119.7,15.000,14.709,130.4
214.5232,31422,466503,15.000,14.709,140.5,15.000,14.709,119.7,15.000,14.709,130.4
214.5232,31423,466508,15.000,14.709,140.5,15.000,14.709,119.7,15.000,14.709,130.4
214.5232,31424,466513,15.000,14.709,140.5,15.000,14.528,119.7,15.000,14.709,130.4
214.5232,31425,466518,15.000,14.891,140.5,15.000,14.528,119.7,15.000,14.709,130.4
214.5232,31426,466523,15.000,15.072,140.5,15.000,14.709,119.7,15.000,14.709,130.4
214.5232,31427,466528,15.000,14.891,140.5,15.000,14.528,119.7,15.000,14.709,130.4
214.5232,31428,466533,15.000,14.891,140.5,15.000,14.709,119.7,15.000,14.891,130.4
214.5232,31429,466538,15.000,14.891,137.7,15.000,14.709,118.8,15.000,14.891,127.7
214.5232,31430,466543,15.000,14.891,137.7,15.000,14.709,118.8,15.000,14.709,127.7
214.5232,31431,466548,15.000,14.709,137.7,15.000,14.709,118.8,15.000,14.709,127.7
214.5232,31432,466553,15.000,14.709,137.7,15.000,14.528,118.8,15.000,14.709,127.7
214.5232,31433,466558,15.000,14.709,137.7,15.000,14.528,118.8,15.000,14.891,127.7
214.5232,31434,466563,15.000,14.709,137.7,15.000,14.709,118.8,15.000,14.891,127.7
214.5232,31435,466568,15.000,14.709,137.7,15.000,14.709,118.8,15.000,14.891,127.7
214.5232,31436,466573,15.000,14.528,137.7,15.000,14.528,118.8,15.000,14.891,127.7
214.5232,31437,466578,15.000,14.528,137.7,15.000,14.528,118.8,15.000,14.709,127.7
214.5232,31438,466583,15.000,14.346,137.7,15.000,14.528,118.8,15.000,14.709,127.7
214.5232,31439,466588,15.000,14.346,137.7,15.000,14.528,118.8,15.000,14.891,127.7
214.5232,31440,466593,15.000,14.164,137.7,15.000,14.528,118.8,15.000,14.891,127.7
216.9220,31441,466598,15.000,14.528,137.7,15.000,14.528,118.8,15.000,14.891,127.7
216.9220,31442,466603,15.000,14.164,137.7,15.000,14.528,118.8,15.000,14.891,127.7
216.9220,31443,466608,15.000,13.983,137.7,15.000,14.528,118.8,15.000,14.709,127.7
216.9220,31444,466613,15.000,13.983,137.7,15.000,14.528,118.8,15.000,14.709,127.7
216.9220,31445,466618,15.000,13.801,137.7,15.000,14.528,118.8,15.000,14.709,127.7
216.9220,31446,466623,15.000,13.620,137.7,15.000,14.528,118.8,15.000,14.891,127.7
216.9220,31447,466628,15.000,13.620,137.7,15.000,14.528,118.8,15.000,14.891,127.7
216.9220,31448,466633,15.000,13.620,137.7,15.000,14.528,118.8,15.000,14.891,127.7
216.9220,31449,466638,15.000,13.620,146.2,15.000,14.528,120.7,15.000,14.709,129.2
216.9220,31450,466643,15.000,13.801,146.2,15.000,14.528,120.7,15.000,14.709,129.2
216.9220,31451,466648,15.000,13.620,146.2,15.000,14.528,120.7,15.000,14.709,129.2
216.9220,31452,466653,15.000,13.801,146.2,15.000,14.528,120.7,15.000,14.891,129.2
216.9220,31453,466658,15.000,13.983,146.2,15.000,14.528,120.7,15.000,14.891,129.2
216.9220,31454,466663,15.000,13.983,146.2,15.000,14.528,120.7,15.000,14.891,129.2
216.9220,31455,466668,15.000,13.983,146.2,15.000,14.528,120.7,15.000,14.891,129.2
216.9220,31456,466673,15.000,14.164,146.2,15.000,14.528,120.7,15.000,14.709,129.2
216.9220,31457,466759,15.000,38.498,0.0,15.000,38.680,0.0,15.000,38.498,0.0
216.9220,31458,466764,15.000,38.498,0.0,15.000,38.498,0.0,15.000,38.317,0.0
216.9220,31459,466769,15.000,38.317,0.0,15.000,38.317,0.0,15.000,38.135,0.0
216.9220,31460,466774,15.000,38.135,0.0,15.000,38.135,0.0,15.000,37.953,0.0
216.9220,31461,466779,15.000,37.772,0.0,15.000,37.772,0.0,15.000,37.590,0.0
216.9220,31462,466784,15.000,37.227,0.0,15.000,37.227,0.0,15.000,36.864,0.0
216.9220,31463,466789,15.000,36.864,0.0,15.000,36.864,0.0,15.000,36.319,0.0
216.9220,31464,466794,15.000,36.137,0.0,15.000,36.319,0.0,15.000,35.593,0.0
216.9220,31465,466799,15.000,35.593,0.0,15.000,35.593,0.0,15.000,35.048,0.0
216.9220,31466,466804,15.000,34.866,0.0,15.000,34.866,0.0,15.000,34.321,0.0
216.9220,31467,466809,15.000,9.806,0.0,15.000,9.988,0.0,15.000,9.625,0.0
216.9220,31468,466814,15.000,9.080,0.0,15.000,9.443,0.0,15.000,9.080,0.0
216.9220,31469,466819,15.000,8.353,0.0,15.000,8.717,0.0,15.000,8.353,0.0
216.9220,31470,466824,15.000,7.627,0.0,15.000,8.172,0.0,15.000,7.627,0.0
216.9220,31471,466829,15.000,7.082,0.0,15.000,7.627,0.0,15.000,7.082,0.0
216.9220,31472,466834,15.000,6.719,0.0,15.000,7.264,0.0,15.000,6.719,0.0
216.9220,31473,466924,15.000,9.261,126.1,15.000,12.348,84.2,15.000,10.533,105.4
216.9220,31474,466929,15.000,8.535,126.1,15.000,11.622,84.2,15.000,9.988,105.4
216.9220,31475,466934,15.000,7.990,126.1,15.000,11.259,84.2,15.000,9.261,105.4
216.9220,31476,466939,15.000,7.627,126.1,15.000,10.896,84.2,15.000,8.898,105.4
216.9220,31477,466944,15.000,7.264,126.1,15.000,10.714,84.2,15.000,8.717,105.4
216.9220,31478,466949,15.000,7.264,126.1,15.000,10.533,84.2,15.000,8.353,105.4
216.9220,31479,466954,15.000,7.264,126.1,15.000,10.533,84.2,15.000,8.172,105.4
216.9220,31480,466959,15.000,7.445,126.1,15.000,10.351,84.2,15.000,8.172,105.4
216.9373,31481,466964,15.000,7.445,126.1,15.000,10.533,84.2,15.000,8.172,105.4
216.9373,31482,466969,15.000,7.627,126.1,15.000,10.714,84.2,15.000,8.172,105.4
216.9373,31483,466974,15.000,4.721,126.1,15.000,5.266,84.2,15.000,3.995,105.4
216.9373,31484,466979,15.000,5.629,126.1,15.000,5.811,84.2,15.000,4.540,105.4
216.9373,31485,466984,15.000,6.356,126.1,15.000,6.174,84.2,15.000,5.085,105.4
216.9373,31486,466989,15.000,6.901,126.1,15.000,6.719,84.2,15.000,5.448,105.4
216.9373,31487,466994,15.000,7.445,126.1,15.000,6.901,84.2,15.000,5.811,105.4
216.9373,31488,466999,15.000,7.990,126.1,15.000,7.082,84.2,15.000,6.174,105.4
217.3653,31489,467004,15.000,8.535,126.1,15.000,7.445,84.2,15.000,6.719,105.4
217.3653,31490,467009,15.000,8.898,126.1,15.000,7.809,84.2,15.000,7.082,105.4
217.3653,31491,467014,15.000,9.443,126.1,15.000,7.990,84.2,15.000,7.445,105.4
217.3653,31492,467019,15.000,9.806,126.1,15.000,8.172,84.2,15.000,7.809,105.4
217.3653,31493,467024,15.000,10.169,130.0,15.000,8.353,112.8,15.000,8.172,127.5
217.3653,31494,467029,15.000,10.533,130.0,15.000,8.717,112.8,15.000,8.535,127.5
217.3653,31495,467034,15.000,10.714,130.0,15.000,8.898,112.8,15.000,8.717,127.5
217.3653,31496,467039,15.000,11.077,130.0,15.000,9.080,112.8,15.000,9.080,127.5
217.3653,31497,469268,15.000,613.610,0.0,15.000,618.876,0.0,15.000,651.927,0.0
217.3653,31498,469273,15.000,613.792,0.0,15.000,619.603,0.0,15.000,652.653,0.0
217.3653,31499,469278,15.000,613.973,0.0,15.000,619.966,0.0,15.000,653.016,0.0
217.3653,31500,469283,15.000,613.610,0.0,15.000,620.147,0.0,15.000,653.198,0.0
217.3653,31501,469288,15.000,613.610,0.0,15.000,620.147,0.0,15.000,653.379,0.0
217.3653,31502,469293,15.000,613.428,0.0,15.000,620.329,0.0,15.000,653.561,0.0
217.3653,31503,469298,15.000,613.065,0.0,15.000,620.329,0.0,15.000,653.561,0.0
217.3653,31504,469303,15.000,612.520,0.0,15.000,619.966,0.0,15.000,653.198,0.0
217.3653,31505,469308,15.000,612.157,0.0,15.000,619.784,0.0,15.000,653.198,0.0
217.5192,31506,469313,15.000,611.431,0.0,15.000,619.421,0.0,15.000,652.834,0.0
217.5192,31507,469318,15.000,8.717,0.0,15.000,9.625,0.0,15.000,9.806,0.0
217.5192,31508,469323,15.000,7.990,0.0,15.000,8.898,0.0,15.000,9.080,0.0
217.5192,31509,469328,15.000,7.264,0.0,15.000,8.172,0.0,15.000,8.353,0.0
217.5192,31510,469333,15.000,6.901,0.0,15.000,7.627,0.0,15.000,7.990,0.0
217.5192,31511,469338,15.000,6.356,0.0,15.000,7.264,0.0,15.000,7.445,0.0
217.5192,31512,469343,15.000,5.811,0.0,15.000,6.719,0.0,15.000,6.901,0.0
217.5192,31513,469348,15.000,5.629,0.0,15.000,6.356,0.0,15.000,6.356,0.0
217.5192,31514,469353,15.000,5.266,0.0,15.000,5.993,0.0,15.000,6.174,0.0
217.5192,31515,469358,15.000,4.903,0.0,15.000,5.811,0.0,15.000,5.629,0.0
217.5192,31516,469363,15.000,4.721,0.0,15.000,5.448,0.0,15.000,5.266,0.0
217.5192,31517,469368,15.000,4.358,140.2,15.000,5.085,136.1,15.000,5.266,138.9
217.5192,31518,469373,15.000,4.177,140.2,15.000,4.903,136.1,15.000,4.903,138.9
217.5192,31519,469378,15.000,4.177,140.2,15.000,4.903,136.1,15.000,4.903,138.9
217.5192,31520,469383,15.000,4.358,140.2,15.000,4.903,136.1,15.000,4.721,138.9
217.5192,31521,469388,15.000,4.540,140.2,15.000,5.085,136.1,15.000,4.903,138.9
217.5321,31522,469393,15.000,4.903,140.2,15.000,5.448,136.1,15.000,5.085,138.9
217.5321,31523,469398,15.000,5.266,140.2,15.000,5.811,136.1,15.000,5.448,138.9
217.5321,31524,469403,15.000,5.811,140.2,15.000,6.356,136.1,15.000,5.811,138.9
217.5321,31525,469408,15.000,6.356,140.2,15.000,6.901,136.1,15.000,6.174,138.9
217.5321,31526,469413,15.000,6.901,140.2,15.000,7.627,136.1,15.000,6.719,138.9
217.5321,31527,469418,15.000,7.627,140.2,15.000,8.535,136.1,15.000,7.264,138.9
217.5321,31528,469423,15.000,8.353,140.2,15.000,9.080,136.1,15.000,7.809,138.9
217.5321,31529,469428,15.000,8.717,140.2,15.000,9.806,136.1,15.000,8.353,138.9
217.5321,31530,469433,15.000,9.443,140.2,15.000,10.533,136.1,15.000,8.898,138.9
217.5321,31531,469438,15.000,9.806,140.2,15.000,11.077,136.1,15.000,9.261,138.9
217.5321,31532,469443,15.000,10.351,140.2,15.000,11.622,136.1,15.000,9.625,138.9
217.5321,31533,469448,15.000,10.714,140.2,15.000,12.167,136.1,15.000,10.169,138.9
217.5321,31534,469453,15.000,11.077,140.2,15.000,12.530,136.1,15.000,10.533,138.9
217.5321,31535,469458,15.000,11.440,140.2,15.000,12.893,136.1,15.000,11.077,138.9
217.5321,31536,469463,15.000,11.804,140.2,15.000,13.256,136.1,15.000,11.440,138.9
217.5321,31537,469468,15.000,11.985,42.6,15.000,13.438,31.6,15.000,11.622,42.9
217.5321,31538,469749,15.000,44.672,0.0,15.000,51.028,0.0,15.000,50.483,0.0
217.5321,31539,469754,15.000,44.128,0.0,15.000,50.120,0.0,15.000,49.939,0.0
217.5321,31540,469759,15.000,43.220,0.0,15.000,49.394,0.0,15.000,49.212,0.0
217.5321,31541,469764,15.000,42.493,0.0,15.000,48.486,0.0,15.000,48.667,0.0
217.5321,31542,469769,15.000,41.404,0.0,15.000,47.396,0.0,15.000,47.941,0.0
217.5321,31543,469774,15.000,40.496,0.0,15.000,46.488,0.0,15.000,47.033,0.0
217.5321,31544,469779,15.000,39.406,0.0,15.000,45.580,0.0,15.000,46.125,0.0
217.5321,31545,469784,15.000,38.498,0.0,15.000,44.491,0.0,15.000,45.217,0.0
217.5321,31546,469789,15.000,37.409,0.0,15.000,43.401,0.0,15.000,44.309,0.0
217.5534,31547,469794,15.000,36.319,0.0,15.000,42.312,0.0,15.000,43.220,0.0
217.5534,31548,469799,15.000,2.724,0.0,15.000,3.813,0.0,15.000,3.813,0.0
217.5534,31549,469804,15.000,2.361,0.0,15.000,3.813,0.0,15.000,3.450,0.0
217.5534,31550,469809,15.000,2.179,0.0,15.000,3.632,0.0,15.000,3.269,0.0
217.5534,31551,469814,15.000,1.816,0.0,15.000,3.450,0.0,15.000,3.087,0.0
217.5534,31552,469819,15.000,1.634,0.0,15.000,3.450,0.0,15.000,2.906,0.0
217.5534,31553,469824,15.000,1.271,0.0,15.000,3.087,0.0,15.000,2.724,0.0
217.5534,31554,469829,15.000,1.090,0.0,15.000,3.087,0.0,15.000,2.361,0.0
218.0101,31555,469834,15.000,0.726,0.0,15.000,2.906,0.0,15.000,2.179,0.0
218.0101,31556,469839,15.000,0.545,0.0,15.000,2.724,0.0,15.000,1.816,0.0
218.0101,31557,469844,15.000,0.363,0.0,15.000,2.542,0.0,15.000,1.816,0.0
218.0101,31558,469849,15.000,0.182,98.7,15.000,2.542,84.3,15.000,1.453,91.2
218.0101,31559,469854,15.000,0.363,98.7,15.000,2.361,84.3,15.000,1.453,91.2
218.0101,31560,469859,15.000,0.182,98.7,15.000,2.361,84.3,15.000,1.271,91.2
218.0101,31561,469864,15.000,0.545,98.7,15.000,2.542,84.3,15.000,1.271,91.2
218.0101,31562,469869,15.000,0.726,98.7,15.000,2.542,84.3,15.000,1.271,91.2
218.0101,31563,469875,15.000,1.271,98.7,15.000,3.087,84.3,15.000,1.634,91.2
218.0101,31564,469880,15.000,1.634,98.7,15.000,3.269,84.3,15.000,1.816,91.2
218.0101,31565,469885,15.000,1.998,98.7,15.000,3.632,84.3,15.000,2.179,91.2
218.0101,31566,469890,15.000,2.542,98.7,15.000,4.177,84.3,15.000,2.542,91.2
218.0101,31567,469895,15.000,3.087,98.7,15.000,4.540,84.3,15.000,2.906,91.2
218.0101,31568,469900,15.000,3.813,98.7,15.000,5.085,84.3,15.000,3.450,91.2
218.0101,31569,469905,15.000,3.995,98.7,15.000,5.811,84.3,15.000,3.995,91.2
218.0101,31570,469910,15.000,4.721,98.7,15.000,6.174,84.3,15.000,4.540,91.2
218.0524,31571,469915,15.000,5.085,98.7,15.000,6.719,84.3,15.000,4.903,91.2
218.0524,31572,469920,15.000,5.629,98.7,15.000,7.082,84.3,15.000,5.448,91.2
218.0524,31573,469925,15.000,5.811,98.7,15.000,7.264,84.3,15.000,5.629,91.2
218.0524,31574,469930,15.000,6.174,98.7,15.000,7.627,84.3,15.000,6.174,91.2
218.0524,31575,469935,15.000,6.537,98.7,15.000,7.990,84.3,15.000,6.356,91.2
218.0524,31576,469940,15.000,6.719,98.7,15.000,8.172,84.3,15.000,6.719,91.2
218.0524,31577,469945,15.000,7.082,98.7,15.000,8.535,84.3,15.000,7.082,91.2
218.0524,31578,469950,15.000,7.264,82.0,15.000,8.717,67.5,15.000,7.264,79.2
218.0524,31579,469955,15.000,7.627,82.0,15.000,8.717,67.5,15.000,7.445,79.2
218.0524,31580,469960,15.000,7.809,82.0,15.000,9.080,67.5,15.000,7.809,79.2
218.0524,31581,469965,15.000,7.990,82.0,15.000,9.080,67.5,15.000,7.809,79.2
218.0524,31582,469970,15.000,7.990,82.0,15.000,9.261,67.5,15.000,7.990,79.2
218.0524,31583,469975,15.000,7.990,82.0,15.000,9.261,67.5,15.000,8.172,79.2
218.0524,31584,469980,15.000,8.172,82.0,15.000,9.261,67.5,15.000,8.353,79.2
218.0524,31585,469985,15.000,8.353,82.0,15.000,9.261,67.5,15.000,8.535,79.2
218.0524,31586,469990,15.000,8.353,82.0,15.000,9.443,67.5,15.000,8.717,79.2
218.0524,31587,469995,15.000,8.353,82.0,15.000,9.443,67.5,15.000,8.717,79.2
218.0524,31588,470000,15.000,8.353,82.0,15.000,9.443,67.5,15.000,8.717,79.2
218.0524,31589,470005,15.000,8.535,82.0,15.000,9.443,67.5,15.000,8.898,79.2
218.0524,31590,470010,15.000,8.353,82.0,15.000,9.261,67.5,15.000,8.717,79.2
218.0524,31591,470015,15.000,8.353,82.0,15.000,9.261,67.5,15.000,9.080,79.2
218.0524,31592,470020,15.000,8.535,82.0,15.000,9.261,67.5,15.000,8.898,79.2
218.0524,31593,470025,15.000,8.717,82.0,15.000,9.261,67.5,15.000,9.080,79.2
218.0524,31594,470030,15.000,8.535,82.0,15.000,9.261,67.5,15.000,9.080,79.2
218.0722,31595,470035,15.000,8.535,82.0,15.000,9.261,67.5,15.000,9.080,79.2
218.0722,31596,470040,15.000,8.717,82.0,15.000,9.080,67.5,15.000,9.080,79.2
218.0722,31597,470045,15.000,8.535,82.0,15.000,9.080,67.5,15.000,9.080,79.2
218.0722,31598,470050,15.000,8.535,92.5,15.000,9.080,80.4,15.000,9.261,84.9
218.0722,31599,470055,15.000,8.535,92.5,15.000,9.080,80.4,15.000,9.080,84.9
218.0722,31600,470060,15.000,8.717,92.5,15.000,9.080,80.4,15.000,9.261,84.9
218.0722,31601,470065,15.000,8.717,92.5,15.000,9.080,80.4,15.000,9.261,84.9
218.0722,31602,470070,15.000,8.717,92.5,15.000,9.080,80.4,15.000,9.443,84.9
218.1576,31603,470350,15.000,62.650,0.0,15.000,65.193,0.0,15.000,65.919,0.0
218.1576,31604,470399,15.000,68.825,0.0,15.000,71.730,0.0,15.000,72.638,0.0
218.1576,31605,470404,15.000,68.280,0.0,15.000,71.367,0.0,15.000,72.093,0.0
218.1576,31606,470409,15.000,67.917,0.0,15.000,71.004,0.0,15.000,71.730,0.0
218.1576,31607,470414,15.000,67.553,0.0,15.000,70.641,0.0,15.000,71.367,0.0
218.1576,31608,470419,15.000,67.009,0.0,15.000,70.096,0.0,15.000,70.822,0.0
218.1576,31609,470424,15.000,66.464,0.0,15.000,69.733,0.0,15.000,70.459,0.0
218.1576,31610,470429,15.000,65.919,0.0,15.000,69.188,0.0,15.000,69.914,0.0
218.1576,31611,470434,15.000,65.374,0.0,15.000,68.643,0.0,15.000,69.188,0.0
218.2305,31612,470439,15.000,64.829,0.0,15.000,68.098,0.0,15.000,68.643,0.0
218.2305,31613,470444,15.000,10.169,0.0,15.000,11.440,0.0,15.000,11.440,0.0
218.2305,31614,470449,15.000,3.450,0.0,15.000,4.358,0.0,15.000,4.177,0.0
218.2305,31615,470454,15.000,3.269,81.0,15.000,4.177,75.5,15.000,4.177,75.6
218.2305,31616,470459,15.000,2.906,81.0,15.000,3.995,75.5,15.000,3.995,75.6
218.2305,31617,470464,15.000,2.906,81.0,15.000,3.995,75.5,15.000,3.813,75.6
218.2305,31618,470469,15.000,2.724,81.0,15.000,3.995,75.5,15.000,3.813,75.6
218.2305,31619,470474,15.000,2.724,81.0,15.000,3.995,75.5,15.000,3.813,75.6
218.2305,31620,470479,15.000,2.724,81.0,15.000,4.177,75.5,15.000,3.813,75.6
218.2305,31621,470484,15.000,2.906,81.0,15.000,4.358,75.5,15.000,3.995,75.6
218.2305,31622,470489,15.000,2.906,81.0,15.000,4.721,75.5,15.000,4.177,75.6
218.2305,31623,470494,15.000,3.269,81.0,15.000,5.085,75.5,15.000,4.540,75.6
218.2305,31624,470499,15.000,3.632,81.0,15.000,5.266,75.5,15.000,4.721,75.6
218.2305,31625,470504,15.000,3.995,81.0,15.000,5.629,75.5,15.000,4.903,75.6
218.2305,31626,470509,15.000,4.358,81.0,15.000,6.174,75.5,15.000,5.266,75.6
218.2305,31627,470514,15.000,4.540,81.0,15.000,6.356,75.5,15.000,5.448,75.6
220.8210,31628,470519,15.000,5.085,81.0,15.000,6.719,75.5,15.000,5.811,75.6
220.8210,31629,470524,15.000,5.266,81.0,15.000,7.082,75.5,15.000,5.993,75.6
220.8210,31630,470529,15.000,5.629,81.0,15.000,7.264,75.5,15.000,6.356,75.6
220.8210,31631,470534,15.000,5.448,81.0,15.000,7.627,75.5,15.000,6.537,75.6
220.8210,31632,470539,15.000,5.811,81.0,15.000,7.627,75.5,15.000,6.719,75.6
220.8210,31633,470544,15.000,5.811,81.0,15.000,7.809,75.5,15.000,6.719,75.6
220.8210,31634,470549,15.000,5.993,81.0,15.000,8.172,75.5,15.000,7.082,75.6
220.8210,31635,470554,15.000,6.174,82.2,15.000,8.353,66.3,15.000,7.264,73.3
220.8210,31636,470559,15.000,6.356,82.2,15.000,8.353,66.3,15.000,7.264,73.3
220.8210,31637,470564,15.000,6.719,82.2,15.000,8.535,66.3,15.000,7.445,73.3
220.8210,31638,470569,15.000,6.719,82.2,15.000,8.717,66.3,15.000,7.627,73.3
220.8210,31639,470574,15.000,6.901,82.2,15.000,8.535,66.3,15.000,7.627,73.3
220.8210,31640,470579,15.000,6.901,82.2,15.000,8.717,66.3,15.000,7.809,73.3
220.8210,31641,470584,15.000,7.445,82.2,15.000,8.717,66.3,15.000,7.809,73.3
220.8210,31642,470589,15.000,7.445,82.2,15.000,8.898,66.3,15.000,7.809,73.3
220.8210,31643,470594,15.000,7.809,82.2,15.000,8.898,66.3,15.000,7.990,73.3
220.8210,31644,470599,15.000,7.809,82.2,15.000,8.898,66.3,15.000,7.809,73.3
220.8210,31645,470604,15.000,7.627,82.2,15.000,8.898,66.3,15.000,7.990,73.3
220.8210,31646,470609,15.000,7.809,82.2,15.000,8.898,66.3,15.000,7.990,73.3
220.8210,31647,470614,15.000,7.627,82.2,15.000,8.898,66.3,15.000,8.172,73.3
220.8210,31648,470619,15.000,7.809,82.2,15.000,8.898,66.3,15.000,7.990,73.3
220.8210,31649,470624,15.000,7.809,82.2,15.000,9.080,66.3,15.000,8.172,73.3
220.8210,31650,470629,15.000,7.990,82.2,15.000,8.898,66.3,15.000,7.990,73.3
220.8210,31651,470634,15.000,7.990,82.2,15.000,8.898,66.3,15.000,8.172,73.3
220.8210,31652,470639,15.000,7.990,82.2,15.000,8.898,66.3,15.000,8.172,73.3
220.8210,31653,470644,15.000,7.990,82.2,15.000,8.898,66.3,15.000,8.172,73.3
220.8210,31654,470649,15.000,8.172,82.2,15.000,8.898,66.3,15.000,8.353,73.3
220.8210,31655,470654,15.000,8.353,88.9,15.000,8.898,78.6,15.000,8.172,85.6
220.8210,31656,470659,15.000,8.353,88.9,15.000,8.898,78.6,15.000,8.353,85.6
220.8210,31657,470664,15.000,8.535,88.9,15.000,8.898,78.6,15.000,8.172,85.6
220.8210,31658,470669,15.000,8.353,88.9,15.000,8.898,78.6,15.000,8.353,85.6
220.8210,31659,470674,15.000,8.535,88.9,15.000,8.898,78.6,15.000,8.353,85.6
220.8210,31660,470679,15.000,8.535,88.9,15.000,9.080,78.6,15.000,8.535,85.6
220.8210,31661,470684,15.000,8.535,88.9,15.000,9.261,78.6,15.000,8.535,85.6
220.8210,31662,470689,15.000,8.717,88.9,15.000,9.261,78.6,15.000,8.535,85.6
220.8210,31663,470694,15.000,8.535,88.9,15.000,9.261,78.6,15.000,8.535,85.6
220.8210,31664,470699,15.000,8.353,88.9,15.000,9.261,78.6,15.000,8.535,85.6
220.8210,31665,470704,15.000,8.535,88.9,15.000,9.443,78.6,15.000,8.717,85.6
220.8210,31666,470709,15.000,8.535,88.9,15.000,9.443,78.6,15.000,8.717,85.6
220.8210,31667,470714,15.000,8.535,88.9,15.000,9.443,78.6,15.000,9.080,85.6
220.8210,31668,471052,15.000,71.367,0.0,15.000,75.907,0.0,15.000,77.541,0.0
220.8379,31669,471056,15.000,71.185,0.0,15.000,75.907,0.0,15.000,77.541,0.0
220.8379,31670,471061,15.000,71.185,0.0,15.000,75.907,0.0,15.000,77.541,0.0
220.8379,31671,471066,15.000,71.004,0.0,15.000,75.725,0.0,15.000,77.541,0.0
220.8379,31672,471071,15.000,70.822,0.0,15.000,75.725,0.0,15.000,77.541,0.0
220.8379,31673,471076,15.000,70.641,0.0,15.000,75.544,0.0,15.000,77.360,0.0
220.8379,31674,471081,15.000,70.641,0.0,15.000,75.362,0.0,15.000,77.178,0.0
220.8379,31675,471086,15.000,70.277,0.0,15.000,74.817,0.0,15.000,76.996,0.0
220.8379,31676,471091,15.000,69.914,0.0,15.000,74.636,0.0,15.000,76.633,0.0
221.1013,31677,471096,15.000,69.369,0.0,15.000,74.272,0.0,15.000,76.088,0.0
221.1013,31678,471101,15.000,6.356,0.0,15.000,7.445,0.0,15.000,7.445,0.0
221.1013,31679,471106,15.000,5.993,0.0,15.000,7.082,0.0,15.000,6.901,0.0
221.1013,31680,471111,15.000,5.629,0.0,15.000,6.719,0.0,15.000,6.537,0.0
221.1013,31681,471116,15.000,5.266,0.0,15.000,6.356,0.0,15.000,6.174,0.0
221.1013,31682,471121,15.000,4.903,0.0,15.000,5.811,0.0,15.000,5.811,0.0
221.1013,31683,471126,15.000,4.721,0.0,15.000,5.448,0.0,15.000,5.629,0.0
221.1013,31684,471131,15.000,4.358,0.0,15.000,5.266,0.0,15.000,5.266,0.0
221.1013,31685,473169,15.000,7.082,57.6,15.000,10.896,33.7,15.000,9.625,42.0
221.1013,31686,473174,15.000,6.537,57.6,15.000,10.169,33.7,15.000,9.080,42.0
221.1013,31687,473179,15.000,6.356,57.6,15.000,9.625,33.7,15.000,8.535,42.0
221.1013,31688,473184,15.000,5.811,57.6,15.000,9.080,33.7,15.000,7.990,42.0
221.1013,31689,473189,15.000,5.629,57.6,15.000,8.717,33.7,15.000,7.627,42.0
221.1013,31690,473194,15.000,5.266,57.6,15.000,8.172,33.7,15.000,7.082,42.0
221.1013,31691,473199,15.000,5.085,57.6,15.000,7.809,33.7,15.000,6.719,42.0
221.1013,31692,473204,15.000,5.085,57.6,15.000,7.445,33.7,15.000,6.537,42.0
221.1013,31693,473209,15.000,4.903,57.6,15.000,7.264,33.7,15.000,6.174,42.0
221.1819,31694,473214,15.000,4.903,57.6,15.000,6.901,33.7,15.000,5.993,42.0
221.1819,31695,473219,15.000,1.998,57.6,15.000,0.908,33.7,15.000,1.090,42.0
221.1819,31696,473224,15.000,2.361,57.6,15.000,1.271,33.7,15.000,1.271,42.0
221.1819,31697,473229,15.000,2.542,57.6,15.000,1.453,33.7,15.000,1.453,42.0
221.1819,31698,473234,15.000,2.906,57.6,15.000,1.634,33.7,15.000,1.634,42.0
221.1819,31699,473239,15.000,3.269,57.6,15.000,1.816,33.7,15.000,1.816,42.0
221.1819,31700,473244,15.000,3.450,57.6,15.000,1.998,33.7,15.000,2.179,42.0
221.1819,31701,473249,15.000,3.813,57.6,15.000,2.179,33.7,15.000,2.179,42.0
221.1819,31702,473254,15.000,3.995,57.6,15.000,2.361,33.7,15.000,2.361,42.0
221.1819,31703,473259,15.000,4.358,57.6,15.000,2.542,33.7,15.000,2.542,42.0
221.1819,31704,473264,15.000,4.358,57.6,15.000,2.724,33.7,15.000,2.724,42.0
221.1819,31705,473269,15.000,4.721,83.2,15.000,2.906,86.6,15.000,2.906,89.4
221.1819,31706,473274,15.000,4.721,83.2,15.000,2.906,86.6,15.000,3.087,89.4
221.1819,31707,473279,15.000,4.903,83.2,15.000,3.087,86.6,15.000,3.269,89.4
221.1819,31708,473284,15.000,5.266,83.2,15.000,3.450,86.6,15.000,3.450,89.4
221.1819,31709,473289,15.000,5.266,83.2,15.000,3.632,86.6,15.000,3.813,89.4
221.2122,31710,473294,15.000,5.629,83.2,15.000,4.177,86.6,15.000,3.995,89.4
221.2122,31711,473299,15.000,5.811,83.2,15.000,4.358,86.6,15.000,4.540,89.4
221.2122,31712,473304,15.000,5.811,83.2,15.000,4.903,86.6,15.000,4.721,89.4
221.2122,31713,473309,15.000,5.993,83.2,15.000,5.266,86.6,15.000,5.085,89.4
221.2122,31714,473314,15.000,6.356,83.2,15.000,5.811,86.6,15.000,5.448,89.4
221.2122,31715,473319,15.000,6.356,83.2,15.000,6.174,86.6,15.000,5.811,89.4
221.2122,31716,473324,15.000,6.901,83.2,15.000,6.537,86.6,15.000,6.174,89.4
221.2122,31717,473329,15.000,7.082,83.2,15.000,7.082,86.6,15.000,6.719,89.4
221.2122,31718,473334,15.000,7.082,83.2,15.000,7.445,86.6,15.000,6.901,89.4
221.2122,31719,473339,15.000,7.445,83.2,15.000,7.809,86.6,15.000,7.264,89.4
221.2122,31720,473344,15.000,7.445,83.2,15.000,7.990,86.6,15.000,7.445,89.4
221.2122,31721,473349,15.000,7.445,83.2,15.000,8.353,86.6,15.000,7.627,89.4
221.2122,31722,473354,15.000,7.627,83.2,15.000,8.535,86.6,15.000,7.990,89.4
221.2122,31723,473359,15.000,7.809,83.2,15.000,8.535,86.6,15.000,8.172,89.4
221.2122,31724,473364,15.000,7.990,83.2,15.000,8.535,86.6,15.000,8.353,89.4
221.2122,31725,473369,15.000,7.990,85.6,15.000,8.898,75.0,15.000,8.353,81.4
221.2122,31726,473374,15.000,7.990,85.6,15.000,8.898,75.0,15.000,8.717,81.4
221.2122,31727,473379,15.000,7.990,85.6,15.000,8.898,75.0,15.000,8.717,81.4
221.2122,31728,473384,15.000,8.172,85.6,15.000,9.080,75.0,15.000,8.898,81.4
221.2122,31729,473389,15.000,7.990,85.6,15.000,9.080,75.0,15.000,8.898,81.4
221.2122,31730,473394,15.000,8.172,85.6,15.000,9.261,75.0,15.000,9.080,81.4
221.2122,31731,473399,15.000,8.353,85.6,15.000,9.261,75.0,15.000,9.080,81.4
221.2122,31732,473404,15.000,8.353,85.6,15.000,9.261,75.0,15.000,9.080,81.4
221.2122,31733,473409,15.000,8.353,85.6,15.000,9.625,75.0,15.000,9.080,81.4
221.2302,31734,473466,15.000,17.252,85.6,15.000,19.794,75.0,15.000,18.704,81.4
221.2302,31735,473471,15.000,17.433,41.5,15.000,19.612,20.9,15.000,18.886,29.7
221.2302,31736,473476,15.000,17.433,41.5,15.000,19.975,20.9,15.000,18.704,29.7
221.2302,31737,473481,15.000,17.433,41.5,15.000,19.975,20.9,15.000,18.704,29.7
221.2302,31738,473486,15.000,17.252,41.5,15.000,19.612,20.9,15.000,18.523,29.7
221.2302,31739,473491,15.000,17.433,41.5,15.000,19.612,20.9,15.000,18.341,29.7
221.2302,31740,473496,15.000,17.070,41.5,15.000,19.249,20.9,15.000,18.160,29.7
221.2302,31741,473501,15.000,16.888,41.5,15.000,19.067,20.9,15.000,17.978,29.7
221.2302,31742,473506,15.000,16.888,41.5,15.000,18.886,20.9,15.000,17.796,29.7
221.2302,31743,473511,15.000,16.707,41.5,15.000,18.523,20.9,15.000,17.615,29.7
221.2302,31744,473516,15.000,7.445,41.5,15.000,8.172,20.9,15.000,7.809,29.7
221.2302,31745,473521,15.000,7.082,41.5,15.000,7.809,20.9,15.000,7.445,29.7
221.2302,31746,473526,15.000,6.901,41.5,15.000,7.264,20.9,15.000,7.264,29.7
221.2302,31747,473531,15.000,6.719,41.5,15.000,7.082,20.9,15.000,6.901,29.7
221.2302,31748,473536,15.000,6.537,41.5,15.000,6.901,20.9,15.000,6.719,29.7
221.2302,31749,473541,15.000,6.174,41.5,15.000,6.537,20.9,15.000,6.537,29.7
221.3215,31750,473551,15.000,6.719,41.5,15.000,6.901,20.9,15.000,7.082,29.7
221.3215,31751,473556,15.000,6.537,41.5,15.000,6.719,20.9,15.000,6.901,29.7
221.3215,31752,473561,15.000,6.356,41.5,15.000,6.356,20.9,15.000,6.537,29.7
221.3215,31753,473566,15.000,5.993,41.5,15.000,6.174,20.9,15.000,6.356,29.7
221.3215,31754,473571,15.000,5.993,110.5,15.000,5.993,99.1,15.000,6.174,103.7
221.3215,31755,473576,15.000,5.993,110.5,15.000,5.811,99.1,15.000,6.174,103.7
221.3215,31756,473581,15.000,5.811,110.5,15.000,5.993,99.1,15.000,5.993,103.7
221.3215,31757,473586,15.000,5.993,110.5,15.000,5.811,99.1,15.000,6.174,103.7
221.4399,31758,473591,15.000,6.174,110.5,15.000,5.993,99.1,15.000,6.356,103.7
221.4399,31759,473596,15.000,6.356,110.5,15.000,6.174,99.1,15.000,6.537,103.7
221.4399,31760,473601,15.000,5.811,110.5,15.000,5.993,99.1,15.000,5.993,103.7
221.4399,31761,473606,15.000,5.993,110.5,15.000,6.174,99.1,15.000,6.174,103.7
221.4399,31762,473611,15.000,6.356,110.5,15.000,6.719,99.1,15.000,6.719,103.7
221.4399,31763,473616,15.000,6.901,110.5,15.000,7.082,99.1,15.000,7.082,103.7
221.4399,31764,473621,15.000,7.264,110.5,15.000,7.445,99.1,15.000,7.445,103.7
221.4399,31765,473626,15.000,7.627,110.5,15.000,7.990,99.1,15.000,7.809,103.7
221.4399,31766,473631,15.000,7.990,110.5,15.000,8.353,99.1,15.000,8.172,103.7
221.4399,31767,473636,15.000,8.172,110.5,15.000,8.717,99.1,15.000,8.353,103.7
221.4399,31768,473641,15.000,8.353,110.5,15.000,9.080,99.1,15.000,8.717,103.7
221.4399,31769,473646,15.000,8.717,110.5,15.000,9.443,99.1,15.000,8.898,103.7
221.4399,31770,473651,15.000,9.080,110.5,15.000,9.625,99.1,15.000,9.261,103.7
221.4399,31771,473656,15.000,9.261,110.5,15.000,9.988,99.1,15.000,9.625,103.7
221.4399,31772,473661,15.000,9.443,110.5,15.000,10.169,99.1,15.000,9.806,103.7
221.4399,31773,473666,15.000,9.625,110.5,15.000,10.351,99.1,15.000,9.988,103.7
221.5875,31774,473671,15.000,9.625,106.5,15.000,10.533,89.0,15.000,10.169,96.8
221.5875,31775,473676,15.000,9.988,106.5,15.000,10.896,89.0,15.000,10.351,96.8
221.5875,31776,473681,15.000,9.988,106.5,15.000,10.896,89.0,15.000,10.351,96.8
221.5875,31777,473686,15.000,9.988,106.5,15.000,11.077,89.0,15.000,10.714,96.8
221.5875,31778,473691,15.000,10.169,106.5,15.000,11.077,89.0,15.000,10.714,96.8
221.5875,31779,473696,15.000,10.169,106.5,15.000,11.077,89.0,15.000,10.896,96.8
221.5875,31780,473701,15.000,10.351,106.5,15.000,11.259,89.0,15.000,10.896,96.8
221.5875,31781,473706,15.000,10.533,106.5,15.000,11.259,89.0,15.000,10.896,96.8
221.5875,31782,473711,15.000,10.533,106.5,15.000,11.259,89.0,15.000,10.896,96.8
221.5875,31783,473716,15.000,10.533,106.5,15.000,11.259,89.0,15.000,10.896,96.8
221.5875,31784,473721,15.000,10.714,106.5,15.000,11.440,89.0,15.000,11.077,96.8
221.5875,31785,473726,15.000,10.533,106.5,15.000,11.259,89.0,15.000,11.077,96.8
221.5875,31786,473731,15.000,10.714,106.5,15.000,11.259,89.0,15.000,11.259,96.8
221.5875,31787,473736,15.000,11.077,106.5,15.000,11.440,89.0,15.000,11.077,96.8
221.5875,31788,473741,15.000,11.077,106.5,15.000,11.440,89.0,15.000,11.259,96.8
221.5875,31789,473746,15.000,11.077,106.5,15.000,11.440,89.0,15.000,11.259,96.8
221.6217,31790,473751,15.000,11.077,106.5,15.000,11.259,89.0,15.000,11.259,96.8
221.6217,31791,473756,15.000,11.077,106.5,15.000,11.440,89.0,15.000,11.259,96.8
221.6217,31792,473761,15.000,11.077,106.5,15.000,11.440,89.0,15.000,11.440,96.8
221.6217,31793,473766,15.000,11.259,106.5,15.000,11.440,89.0,15.000,11.440,96.8
221.6217,31794,473771,15.000,11.259,108.8,15.000,11.440,94.0,15.000,11.259,101.4
221.6217,31795,473776,15.000,11.259,108.8,15.000,11.440,94.0,15.000,11.440,101.4
221.6217,31796,473781,15.000,11.259,108.8,15.000,11.440,94.0,15.000,11.440,101.4
221.6217,31797,473786,15.000,11.077,108.8,15.000,11.259,94.0,15.000,11.440,101.4
221.6217,31798,473791,15.000,11.259,108.8,15.000,11.440,94.0,15.000,11.440,101.4
221.6217,31799,473796,15.000,11.259,108.8,15.000,11.440,94.0,15.000,11.440,101.4
221.6217,31800,473801,15.000,11.259,108.8,15.000,11.622,94.0,15.000,11.622,101.4
221.6217,31801,473806,15.000,11.440,108.8,15.000,11.440,94.0,15.000,11.622,101.4
221.6217,31802,473811,15.000,11.440,108.8,15.000,11.440,94.0,15.000,11.622,101.4
221.6217,31803,473816,15.000,11.259,108.8,15.000,11.622,94.0,15.000,11.622,101.4
221.6217,31804,473821,15.000,11.259,108.8,15.000,11.440,94.0,15.000,11.804,101.4
221.6217,31805,473826,15.000,11.440,108.8,15.000,11.622,94.0,15.000,11.622,101.4
221.6217,31806,473839,15.000,13.256,108.8,15.000,13.620,94.0,15.000,13.801,101.4
221.6217,31807,473844,15.000,13.438,108.8,15.000,13.620,94.0,15.000,13.801,101.4
221.6217,31808,473849,15.000,13.256,108.8,15.000,13.438,94.0,15.000,13.801,101.4
221.6217,31809,473854,15.000,13.438,108.8,15.000,13.620,94.0,15.000,13.801,101.4
221.6217,31810,473859,15.000,13.438,108.8,15.000,13.438,94.0,15.000,13.801,101.4
221.6217,31811,473864,15.000,13.438,108.8,15.000,13.620,94.0,15.000,13.983,101.4
221.6217,31812,473869,15.000,13.438,108.8,15.000,13.620,94.0,15.000,13.801,101.4
221.6217,31813,473874,15.000,13.438,103.6,15.000,13.620,88.3,15.000,13.983,92.6
221.6392,31814,473879,15.000,13.620,103.6,15.000,13.801,88.3,15.000,13.983,92.6
221.6392,31815,473884,15.000,13.438,103.6,15.000,13.620,88.3,15.000,13.983,92.6
221.6392,31816,473889,15.000,11.622,103.6,15.000,11.622,88.3,15.000,11.985,92.6
221.6392,31817,473894,15.000,11.622,103.6,15.000,11.804,88.3,15.000,11.985,92.6
221.6392,31818,473899,15.000,11.622,103.6,15.000,11.804,88.3,15.000,11.985,92.6
221.6392,31819,473904,15.000,11.440,103.6,15.000,11.622,88.3,15.000,11.985,92.6
221.6392,31820,473909,15.000,11.622,103.6,15.000,11.804,88.3,15.000,11.985,92.6
221.6392,31821,473914,15.000,11.440,103.6,15.000,11.622,88.3,15.000,11.804,92.6
221.7327,31822,473919,15.000,11.440,103.6,15.000,11.804,88.3,15.000,11.804,92.6
221.7327,31823,473924,15.000,11.622,103.6,15.000,11.622,88.3,15.000,11.804,92.6
221.7327,31824,473929,15.000,11.440,103.6,15.000,11.440,88.3,15.000,11.622,92.6
221.7327,31825,473934,15.000,11.622,103.6,15.000,11.622,88.3,15.000,11.804,92.6
221.7327,31826,473939,15.000,11.622,103.6,15.000,11.622,88.3,15.000,11.622,92.6
221.7327,31827,473944,15.000,11.440,103.6,15.000,11.440,88.3,15.000,11.622,92.6
221.7327,31828,473949,15.000,11.622,103.6,15.000,11.622,88.3,15.000,11.440,92.6
221.7327,31829,473954,15.000,11.622,103.6,15.000,11.622,88.3,15.000,11.622,92.6
221.7327,31830,473971,15.000,14.346,103.6,15.000,14.346,88.3,15.000,14.164,92.6
221.7327,31831,473976,15.000,14.346,101.7,15.000,14.346,87.1,15.000,14.164,94.1
221.7327,31832,473981,15.000,14.346,101.7,15.000,14.164,87.1,15.000,14.164,94.1
221.7327,31833,473986,15.000,14.164,101.7,15.000,14.164,87.1,15.000,13.983,94.1
221.7327,31834,473991,15.000,14.346,101.7,15.000,14.346,87.1,15.000,13.983,94.1
221.7327,31835,473996,15.000,14.164,101.7,15.000,14.164,87.1,15.000,13.801,94.1
221.7327,31836,474001,15.000,14.164,101.7,15.000,14.164,87.1,15.000,13.801,94.1
221.7327,31837,474006,15.000,14.164,101.7,15.000,14.164,87.1,15.000,13.801,94.1
221.9526,31838,474011,15.000,13.983,101.7,15.000,14.164,87.1,15.000,13.801,94.1
221.9526,31839,474016,15.000,13.983,101.7,15.000,14.164,87.1,15.000,13.620,94.1
221.9526,31840,474021,15.000,11.077,101.7,15.000,11.259,87.1,15.000,10.896,94.1
221.9526,31841,474026,15.000,11.077,101.7,15.000,11.259,87.1,15.000,10.896,94.1
221.9526,31842,474031,15.000,11.077,101.7,15.000,11.440,87.1,15.000,10.896,94.1
221.9526,31843,474036,15.000,11.077,101.7,15.000,11.440,87.1,15.000,10.714,94.1
221.9526,31844,474041,15.000,10.896,101.7,15.000,11.259,87.1,15.000,10.714,94.1
221.9526,31845,474046,15.000,10.714,101.7,15.000,11.259,87.1,15.000,10.714,94.1
221.9526,31846,474051,15.000,10.714,101.7,15.000,11.440,87.1,15.000,10.714,94.1
221.9526,31847,474056,15.000,10.714,101.7,15.000,11.440,87.1,15.000,10.533,94.1
221.9526,31848,474061,15.000,10.714,101.7,15.000,11.259,87.1,15.000,10.533,94.1
221.9526,31849,474066,15.000,10.533,101.7,15.000,11.259,87.1,15.000,10.533,94.1
221.9526,31850,474071,15.000,10.533,101.7,15.000,11.259,87.1,15.000,10.533,94.1
221.9526,31851,474076,15.000,10.533,127.8,15.000,11.440,107.3,15.000,10.351,120.6
221.9526,31852,474081,15.000,10.533,127.8,15.000,11.259,107.3,15.000,10.351,120.6
221.9526,31853,474086,15.000,10.533,127.8,15.000,11.259,107.3,15.000,10.533,120.6
239.6731,31854,474091,15.000,10.533,127.8,15.000,11.440,107.3,15.000,10.714,120.6
239.6731,31855,474096,15.000,10.896,127.8,15.000,11.440,107.3,15.000,10.714,120.6
239.6731,31856,474101,15.000,10.896,127.8,15.000,11.440,107.3,15.000,10.714,120.6
239.6731,31857,474106,15.000,10.896,127.8,15.000,11.440,107.3,15.000,11.077,120.6
239.6731,31858,474111,15.000,11.077,127.8,15.000,11.440,107.3,15.000,11.077,120.6
239.6731,31859,474116,15.000,11.259,127.8,15.000,11.622,107.3,15.000,11.259,120.6
239.6731,31860,474121,15.000,11.440,127.8,15.000,11.804,107.3,15.000,11.259,120.6
239.6731,31861,474126,15.000,11.622,127.8,15.000,11.804,107.3,15.000,11.622,120.6
239.6731,31862,474131,15.000,11.804,127.8,15.000,11.985,107.3,15.000,11.804,120.6
239.6731,31863,474136,15.000,11.985,127.8,15.000,12.167,107.3,15.000,11.985,120.6
239.6731,31864,474141,15.000,11.985,127.8,15.000,12.167,107.3,15.000,11.985,120.6
239.6731,31865,474146,15.000,11.985,127.8,15.000,12.348,107.3,15.000,12.167,120.6
239.6731,31866,474151,15.000,12.167,127.8,15.000,12.348,107.3,15.000,12.348,120.6
239.6731,31867,474156,15.000,12.348,127.8,15.000,12.530,107.3,15.000,12.348,120.6
239.6731,31868,474161,15.000,12.167,127.8,15.000,12.712,107.3,15.000,12.530,120.6
239.6731,31869,474166,15.000,11.985,127.8,15.000,12.893,107.3,15.000,12.530,120.6
239.6738,31870,474295,15.000,44.491,0.0,15.000,45.580,0.0,15.000,46.852,0.0
239.6738,31871,474300,15.000,44.491,0.0,15.000,45.580,0.0,15.000,46.670,0.0
239.6738,31872,474305,15.000,44.309,0.0,15.000,45.580,0.0,15.000,46.670,0.0
239.6738,31873,474310,15.000,44.128,0.0,15.000,45.399,0.0,15.000,46.488,0.0
239.6738,31874,474315,15.000,43.946,0.0,15.000,45.036,0.0,15.000,46.307,0.0
239.6738,31875,474320,15.000,43.583,0.0,15.000,44.672,0.0,15.000,45.944,0.0
239.6738,31876,474325,15.000,43.038,0.0,15.000,44.309,0.0,15.000,45.580,0.0
239.6738,31877,474330,15.000,42.675,0.0,15.000,43.946,0.0,15.000,45.217,0.0
239.6738,31878,474335,15.000,42.130,0.0,15.000,43.401,0.0,15.000,44.672,0.0
239.6738,31879,474340,15.000,41.948,0.0,15.000,42.675,0.0,15.000,44.128,0.0
239.6738,31880,474345,15.000,8.717,0.0,15.000,9.261,0.0,15.000,9.443,0.0
239.6738,31881,474350,15.000,7.990,0.0,15.000,8.717,0.0,15.000,8.898,0.0
239.6738,31882,474355,15.000,7.445,0.0,15.000,7.990,0.0,15.000,8.353,0.0
239.6738,31883,474360,15.000,6.901,0.0,15.000,7.445,0.0,15.000,7.809,0.0
239.6738,31884,474365,15.000,6.356,0.0,15.000,7.082,0.0,15.000,7.264,0.0
239.6738,31885,474370,15.000,5.993,0.0,15.000,6.719,0.0,15.000,6.901,0.0
239.6738,31886,474375,15.000,5.629,0.0,15.000,6.356,0.0,15.000,6.356,0.0
239.6738,31887,474380,15.000,5.085,0.0,15.000,5.811,0.0,15.000,5.993,0.0
239.6738,31888,474385,15.000,4.903,0.0,15.000,5.448,0.0,15.000,5.629,0.0
239.6738,31889,474390,15.000,4.540,0.0,15.000,5.266,0.0,15.000,5.448,0.0
239.6738,31890,474395,15.000,4.358,113.5,15.000,5.085,89.7,15.000,5.085,95.7
239.6738,31891,474400,15.000,3.995,113.5,15.000,4.721,89.7,15.000,4.903,95.7
239.6738,31892,474405,15.000,3.995,113.5,15.000,4.721,89.7,15.000,4.721,95.7
239.6738,31893,474410,15.000,3.813,113.5,15.000,4.721,89.7,15.000,4.721,95.7
239.6841,31894,474415,15.000,3.995,113.5,15.000,4.721,89.7,15.000,4.721,95.7
239.6841,31895,474420,15.000,4.177,113.5,15.000,4.903,89.7,15.000,4.903,95.7
239.6841,31896,474425,15.000,4.358,113.5,15.000,5.085,89.7,15.000,5.266,95.7
239.6841,31897,474430,15.000,4.903,113.5,15.000,5.448,89.7,15.000,5.448,95.7
239.6841,31898,474435,15.000,5.266,113.5,15.000,5.811,89.7,15.000,5.811,95.7
239.6841,31899,474440,15.000,5.811,113.5,15.000,6.174,89.7,15.000,5.993,95.7
239.6841,31900,474445,15.000,6.174,113.5,15.000,6.537,89.7,15.000,6.356,95.7
239.6841,31901,474450,15.000,6.901,113.5,15.000,7.082,89.7,15.000,6.901,95.7
239.7803,31910,484501,15.000,2408.133,0.0,15.000,2291.731,0.0,15.000,2133.017,0.0
239.7803,31911,492020,0.000,2419.392,0.0,0.000,2309.164,0.0,0.000,2147.907,0.0
239.7803,31912,492025,0.000,2418.484,0.0,0.000,2308.256,0.0,0.000,2147.000,0.0
239.7803,31913,492030,0.000,2417.576,0.0,0.000,2307.348,0.0,0.000,2146.092,0.0
239.7803,31914,492035,0.000,2416.668,0.0,0.000,2306.440,0.0,0.000,2145.184,0.0
239.7803,31915,492040,0.000,2415.579,0.0,0.000,2305.532,0.0,0.000,2144.276,0.0
239.7803,31916,492045,0.000,2414.670,0.0,0.000,2304.442,0.0,0.000,2143.368,0.0
239.7803,31917,492050,0.000,2413.581,0.0,0.000,2303.534,0.0,0.000,2142.278,0.0
239.7803,31918,492055,0.000,2412.491,0.0,0.000,2302.445,0.0,0.000,2141.370,0.0
239.7803,31919,492060,0.000,2411.402,0.0,0.000,2301.537,0.0,0.000,2140.281,0.0
239.8099,31920,492065,0.000,12.167,0.0,0.000,18.341,0.0,0.000,15.799,0.0
239.8099,31921,492070,0.000,0.000,0.0,0.000,0.000,0.0,0.000,0.000,0.0
239.8099,31922,492075,0.000,0.000,0.0,0.000,0.000,0.0,0.000,0.000,0.0
239.8099,31923,492080,0.000,0.000,0.0,0.000,0.000,0.0,0.000,0.000,0.0
239.8099,31924,492085,0.000,0.000,0.0,0.000,0.000,0.0,0.000,0.000,0.0
239.8099,31925,492090,0.000,0.000,0.0,0.000,0.000,0.0,0.000,0.000,0.0
239.8099,31926,492095,0.000,0.000,0.0,0.000,0.000,0.0,0.000,0.000,0.0
239.8099,31927,492100,0.000,0.000,0.0,0.000,0.000,0.0,0.000,0.000,0.0
239.9647,31928,492105,0.000,0.000,0.0,0.000,0.000,0.0,0.000,0.000,0.0
239.9647,31929,492110,0.000,0.000,0.0,0.000,0.000,0.0,0.000,0.000,0.0
239.9647,31930,492115,0.000,0.000,0.0,0.000,0.000,0.0,0.000,0.000,0.0
239.9647,31931,492120,0.000,0.000,0.0,0.000,0.000,0.0,0.000,0.000,0.0
239.9647,31932,492125,0.000,0.000,0.0,0.000,0.000,0.0,0.000,0.000,0.0
239.9647,31933,492130,0.000,0.000,0.0,0.000,0.000,0.0,0.000,0.000,0.0
239.9647,31934,492135,0.000,0.000,0.0,0.000,0.000,0.0,0.000,0.000,0.0
239.9647,31935,492140,0.000,0.000,0.0,0.000,0.000,0.0,0.000,0.000,0.0
239.9647,31936,492145,0.000,0.000,0.0,0.000,0.000,0.0,0.000,0.000,0.0
239.9647,31937,492150,0.000,0.000,0.0,0.000,0.000,0.0,0.000,0.000,0.0
239.9647,31938,492155,0.000,0.000,0.0,0.000,0.000,0.0,0.000,0.000,0.0
239.9647,31939,492160,0.000,0.000,0.0,0.000,0.000,0.0,0.000,0.000,0.0
239.9647,31940,492165,0.000,0.000,0.0,0.000,0.000,0.0,0.000,0.000,0.0
239.9647,31941,492170,0.000,0.000,0.0,0.000,0.000,0.0,0.000,0.000,0.0
239.9647,31942,492175,0.000,0.000,0.0,0.000,0.000,0.0,0.000,0.000,0.0
239.9647,31943,492180,0.000,0.000,0.0,0.000,0.000,0.0,0.000,0.000,0.0
240.1027,31944,492185,0.000,0.000,0.0,0.000,0.000,0.0,0.000,0.000,0.0
240.1027,31945,492190,0.000,0.000,0.0,0.000,0.000,0.0,0.000,0.000,0.0
240.1027,31946,492195,0.000,0.000,0.0,0.000,0.000,0.0,0.000,0.000,0.0
240.1027,31947,492200,0.000,0.000,0.0,0.000,0.000,0.0,0.000,0.000,0.0
240.1027,31948,492205,0.000,0.000,0.0,0.000,0.000,0.0,0.000,0.000,0.0
240.1027,31949,492210,0.000,0.000,0.0,0.000,0.000,0.0,0.000,0.000,0.0
240.1027,31950,492215,0.000,0.000,0.0,0.000,0.000,0.0,0.000,0.000,0.0
240.1027,31951,492220,0.000,0.000,0.0,0.000,0.000,0.0,0.000,0.000,0.0
240.1027,31952,492225,0.000,0.000,0.0,0.000,0.000,0.0,0.000,0.000,0.0
240.1027,31953,492230,0.000,0.000,0.0,0.000,0.000,0.0,0.000,0.000,0.0
240.1027,31954,492235,0.000,0.000,0.0,0.000,0.000,0.0,0.000,0.000,0.0
240.1027,31955,492240,0.000,0.000,0.0,0.000,0.000,0.0,0.000,0.000,0.0
240.1027,31956,492245,0.000,0.000,0.0,0.000,0.000,0.0,0.000,0.000,0.0
240.1027,31957,492250,0.000,0.000,0.0,0.000,0.000,0.0,0.000,0.000,0.0
240.1027,31958,492255,0.000,0.000,0.0,0.000,0.000,0.0,0.000,0.000,0.0
240.1027,31959,492260,0.000,0.000,0.0,0.000,0.000,0.0,0.000,0.000,0.0
240.1348,31960,492265,0.000,0.000,0.0,0.000,0.000,0.0,0.000,0.000,0.0
240.1348,31961,492270,0.000,0.000,0.0,0.000,0.000,0.0,0.000,0.000,0.0
240.1348,31962,492275,0.000,0.000,0.0,0.000,0.000,0.0,0.000,0.000,0.0
240.1348,31963,492280,0.000,0.000,0.0,0.000,0.000,0.0,0.000,0.000,0.0
240.1348,31964,492285,0.000,0.000,0.0,0.000,0.000,0.0,0.000,0.000,0.0
240.1348,31965,492290,0.000,0.000,0.0,0.000,0.000,0.0,0.000,0.000,0.0
240.1348,31966,492295,0.000,0.000,0.0,0.000,0.000,0.0,0.000,0.000,0.0
240.1348,31967,492300,0.000,0.000,0.0,0.000,0.000,0.0,0.000,0.000,0.0
240.1348,31968,492305,0.000,0.000,0.0,0.000,0.000,0.0,0.000,0.000,0.0
240.1348,31969,492310,0.000,0.000,0.0,0.000,0.000,0.0,0.000,0.000,0.0
240.1348,31970,492315,0.000,0.000,0.0,0.000,0.000,0.0,0.000,0.000,0.0
240.1348,31971,492320,0.000,0.000,0.0,0.000,0.000,0.0,0.000,0.000,0.0
240.1348,31972,492325,0.000,0.000,0.0,0.000,0.000,0.0,0.000,0.000,0.0
240.1348,31973,492330,0.000,0.000,0.0,0.000,0.000,0.0,0.000,0.000,0.0
240.1348,31974,492335,0.000,0.000,0.0,0.000,0.000,0.0,0.000,0.000,0.0
240.1348,31975,492340,0.000,0.000,0.0,0.000,0.000,0.0,0.000,0.000,0.0
240.1348,31976,492345,0.000,0.000,0.0,0.000,0.000,0.0,0.000,0.000,0.0
240.1348,31977,492350,0.000,0.000,0.0,0.000,0.000,0.0,0.000,0.000,0.0
240.1348,31978,492355,0.000,0.000,0.0,0.000,0.000,0.0,0.000,0.000,0.0
240.1348,31979,492360,0.000,0.000,0.0,0.000,0.000,0.0,0.000,0.000,0.0
240.1348,31980,492365,0.000,0.000,0.0,0.000,0.000,0.0,0.000,0.000,0.0
240.1348,31981,492370,0.000,0.000,0.0,0.000,0.000,0.0,0.000,0.000,0.0
240.1348,31982,492375,0.000,0.000,0.0,0.000,0.000,0.0,0.000,0.000,0.0
240.1348,31983,492380,0.000,0.000,0.0,0.000,0.000,0.0,0.000,0.000,0.0
240.1497,31984,492385,0.000,0.000,0.0,0.000,0.000,0.0,0.000,0.000,0.0
240.1497,31985,492390,0.000,0.000,0.0,0.000,0.000,0.0,0.000,0.000,0.0
240.1497,31986,492395,0.000,0.000,0.0,0.000,0.000,0.0,0.000,0.000,0.0
240.1497,31987,492400,0.000,0.000,0.0,0.000,0.000,0.0,0.000,0.000,0.0
240.1497,31988,492405,0.000,0.000,0.0,0.000,0.000,0.0,0.000,0.000,0.0
240.1497,31989,492410,0.000,0.000,0.0,0.000,0.000,0.0,0.000,0.000,0.0
240.1497,31990,492415,0.000,0.000,0.0,0.000,0.000,0.0,0.000,0.000,0.0
240.1497,31991,492420,0.000,0.000,0.0,0.000,0.000,0.0,0.000,0.000,0.0
240.2367,31992,492425,0.000,0.000,0.0,0.000,0.000,0.0,0.000,0.000,0.0
240.2367,31993,492430,0.000,0.000,0.0,0.000,0.000,0.0,0.000,0.000,0.0
240.2367,31994,492435,0.000,0.000,0.0,0.000,0.000,0.0,0.000,0.000,0.0
240.2367,31995,492440,0.000,0.000,0.0,0.000,0.000,0.0,0.000,0.000,0.0
240.2367,31996,492445,0.000,0.000,0.0,0.000,0.000,0.0,0.000,0.000,0.0
240.2367,31997,492450,0.000,0.000,0.0,0.000,0.000,0.0,0.000,0.000,0.0
240.2367,31998,492455,0.000,0.000,0.0,0.000,0.000,0.0,0.000,0.000,0.0
240.2367,31999,492460,0.000,0.000,0.0,0.000,0.000,0.0,0.000,0.000,0.0
240.2367,32000,492484,0.000,0.000,0.0,0.000,0.000,0.0,0.000,0.000,0.0
240.2367,32001,492488,0.000,0.000,0.0,0.000,0.000,0.0,0.000,0.000,0.0
240.2367,32002,492493,0.000,0.000,0.0,0.000,0.000,0.0,0.000,0.000,0.0
240.2367,32003,492498,0.000,0.000,0.0,0.000,0.000,0.0,0.000,0.000,0.0
240.2367,32004,492503,0.000,0.000,0.0,0.000,0.000,0.0,0.000,0.000,0.0
240.2367,32005,492508,0.000,0.000,0.0,0.000,0.000,0.0,0.000,0.000,0.0
240.2367,32006,492513,0.000,0.000,0.0,0.000,0.000,0.0,0.000,0.000,0.0
240.2367,32007,492518,0.000,0.000,0.0,0.000,0.000,0.0,0.000,0.000,0.0
240.3371,32008,492523,0.000,0.000,0.0,0.000,0.000,0.0,0.000,0.000,0.0
240.3371,32009,492528,0.000,0.000,0.0,0.000,0.000,0.0,0.000,0.000,0.0
240.3371,32010,492533,0.000,0.000,0.0,0.000,0.000,0.0,0.000,0.000,0.0
240.3371,32011,492538,0.000,0.000,0.0,0.000,0.000,0.0,0.000,0.000,0.0
240.3371,32012,492543,0.000,0.000,0.0,0.000,0.000,0.0,0.000,0.000,0.0
240.3371,32013,492548,0.000,0.000,0.0,0.000,0.000,0.0,0.000,0.000,0.0
240.3371,32014,492553,0.000,0.000,0.0,0.000,0.000,0.0,0.000,0.000,0.0
240.3371,32015,492558,0.000,0.000,0.0,0.000,0.000,0.0,0.000,0.000,0.0
240.3371,32016,492563,0.000,0.000,0.0,0.000,0.000,0.0,0.000,0.000,0.0
240.3371,32017,492568,0.000,0.000,0.0,0.000,0.000,0.0,0.000,0.000,0.0
240.3371,32018,492573,0.000,0.000,0.0,0.000,0.000,0.0,0.000,0.000,0.0
240.3371,32019,492578,0.000,0.000,0.0,0.000,0.000,0.0,0.000,0.000,0.0
240.3371,32020,492583,0.000,0.000,0.0,0.000,0.000,0.0,0.000,0.000,0.0
240.3371,32021,492588,0.000,0.000,0.0,0.000,0.000,0.0,0.000,0.000,0.0
240.3371,32022,492593,0.000,0.000,0.0,0.000,0.000,0.0,0.000,0.000,0.0
240.3371,32023,492598,0.000,0.000,0.0,0.000,0.000,0.0,0.000,0.000,0.0
240.3371,32024,492603,0.000,0.000,0.0,0.000,0.000,0.0,0.000,0.000,0.0
240.3371,32025,492608,0.000,0.000,0.0,0.000,0.000,0.0,0.000,0.000,0.0
240.3371,32026,492613,0.000,0.000,0.0,0.000,0.000,0.0,0.000,0.000,0.0
240.3371,32027,492618,0.000,0.000,0.0,0.000,0.000,0.0,0.000,0.000,0.0
240.3371,32028,492623,0.000,0.000,0.0,0.000,0.000,0.0,0.000,0.000,0.0
240.3371,32029,492628,0.000,0.000,0.0,0.000,0.000,0.0,0.000,0.000,0.0
240.3371,32030,492633,0.000,0.000,0.0,0.000,0.000,0.0,0.000,0.000,0.0
240.3371,32031,492638,0.000,0.000,0.0,0.000,0.000,0.0,0.000,0.000,0.0
240.4018,32032,492643,0.000,0.000,0.0,0.000,0.000,0.0,0.000,0.000,0.0
240.4018,32033,492648,0.000,0.000,0.0,0.000,0.000,0.0,0.000,0.000,0.0
240.4018,32034,492653,0.000,0.000,0.0,0.000,0.000,0.0,0.000,0.000,0.0
240.4018,32035,492658,0.000,0.000,0.0,0.000,0.000,0.0,0.000,0.000,0.0
240.4018,32036,492663,0.000,0.000,0.0,0.000,0.000,0.0,0.000,0.000,0.0
240.4018,32037,492668,0.000,0.000,0.0,0.000,0.000,0.0,0.000,0.000,0.0
240.4018,32038,492673,0.000,0.000,0.0,0.000,0.000,0.0,0.000,0.000,0.0
240.4018,32039,492678,0.000,0.000,0.0,0.000,0.000,0.0,0.000,0.000,0.0
240.4018,32040,492683,0.000,0.000,0.0,0.000,0.000,0.0,0.000,0.000,0.0
240.4018,32041,492688,0.000,0.000,0.0,0.000,0.000,0.0,0.000,0.000,0.0
240.4018,32042,492693,0.000,0.000,0.0,0.000,0.000,0.0,0.000,0.000,0.0
240.4018,32043,492698,0.000,0.000,0.0,0.000,0.000,0.0,0.000,0.000,0.0
240.4018,32044,492703,0.000,0.000,0.0,0.000,0.000,0.0,0.000,0.000,0.0
240.4018,32045,492708,0.000,0.000,0.0,0.000,0.000,0.0,0.000,0.000,0.0
240.4018,32046,492713,0.000,0.000,0.0,0.000,0.000,0.0,0.000,0.000,0.0
240.4018,32047,492718,0.000,0.000,0.0,0.000,0.000,0.0,0.000,0.000,0.0
240.6040,32048,492723,0.000,0.000,0.0,0.000,0.000,0.0,0.000,0.000,0.0
240.6040,32049,492728,0.000,0.000,0.0,0.000,0.000,0.0,0.000,0.000,0.0
240.6040,32050,492733,0.000,0.000,0.0,0.000,0.000,0.0,0.000,0.000,0.0
240.6040,32051,492738,0.000,0.000,0.0,0.000,0.000,0.0,0.000,0.000,0.0
240.6040,32052,492743,0.000,0.000,0.0,0.000,0.000,0.0,0.000,0.000,0.0
240.6040,32053,492748,0.000,0.000,0.0,0.000,0.000,0.0,0.000,0.000,0.0
240.6040,32054,492753,0.000,0.000,0.0,0.000,0.000,0.0,0.000,0.000,0.0
240.6040,32055,492758,0.000,0.000,0.0,0.000,0.000,0.0,0.000,0.000,0.0
240.6049,32056,492763,0.000,0.000,0.0,0.000,0.000,0.0,0.000,0.000,0.0
240.6049,32057,492768,0.000,0.000,0.0,0.000,0.000,0.0,0.000,0.000,0.0
240.6049,32058,492773,0.000,0.000,0.0,0.000,0.000,0.0,0.000,0.000,0.0
240.6049,32059,492778,0.000,0.000,0.0,0.000,0.000,0.0,0.000,0.000,0.0
240.6049,32060,492783,0.000,0.000,0.0,0.000,0.000,0.0,0.000,0.000,0.0
240.6049,32061,492788,0.000,0.000,0.0,0.000,0.000,0.0,0.000,0.000,0.0
240.6049,32062,492793,0.000,0.000,0.0,0.000,0.000,0.0,0.000,0.000,0.0
240.6049,32063,492798,0.000,0.000,0.0,0.000,0.000,0.0,0.000,0.000,0.0
240.8199,32064,492803,0.000,0.000,0.0,0.000,0.000,0.0,0.000,0.000,0.0
240.8199,32065,492808,0.000,0.000,0.0,0.000,0.000,0.0,0.000,0.000,0.0
240.8199,32066,492813,0.000,0.000,0.0,0.000,0.000,0.0,0.000,0.000,0.0
240.8199,32067,492818,0.000,0.000,0.0,0.000,0.000,0.0,0.000,0.000,0.0
240.8199,32068,492823,0.000,0.000,0.0,0.000,0.000,0.0,0.000,0.000,0.0
240.8199,32069,492828,0.000,0.000,0.0,0.000,0.000,0.0,0.000,0.000,0.0
240.8199,32070,492833,0.000,0.000,0.0,0.000,0.000,0.0,0.000,0.000,0.0
240.8199,32071,492838,0.000,0.000,0.0,0.000,0.000,0.0,0.000,0.000,0.0
240.8199,32072,492843,0.000,0.000,0.0,0.000,0.000,0.0,0.000,0.000,0.0
240.8199,32073,492848,0.000,0.000,0.0,0.000,0.000,0.0,0.000,0.000,0.0
240.8199,32074,492853,0.000,0.000,0.0,0.000,0.000,0.0,0.000,0.000,0.0
240.8199,32075,492858,0.000,0.000,0.0,0.000,0.000,0.0,0.000,0.000,0.0
240.8199,32076,492863,0.000,0.000,0.0,0.000,0.000,0.0,0.000,0.000,0.0
240.8199,32077,492868,0.000,0.000,0.0,0.000,0.000,0.0,0.000,0.000,0.0
240.8199,32078,492873,0.000,0.000,0.0,0.000,0.000,0.0,0.000,0.000,0.0
240.8199,32079,492878,0.000,0.000,0.0,0.000,0.000,0.0,0.000,0.000,0.0
240.8199,32080,492883,0.000,0.000,0.0,0.000,0.000,0.0,0.000,0.000,0.0
240.8199,32081,492888,0.000,0.000,0.0,0.000,0.000,0.0,0.000,0.000,0.0
240.8199,32082,492893,0.000,0.000,0.0,0.000,0.000,0.0,0.000,0.000,0.0
240.8199,32083,492898,0.000,0.000,0.0,0.000,0.000,0.0,0.000,0.000,0.0
240.8199,32084,492903,0.000,0.000,0.0,0.000,0.000,0.0,0.000,0.000,0.0
240.8199,32085,492908,0.000,0.000,0.0,0.000,0.000,0.0,0.000,0.000,0.0
240.8199,32086,492913,0.000,0.000,0.0,0.000,0.000,0.0,0.000,0.000,0.0
240.8199,32087,492918,0.000,0.000,0.0,0.000,0.000,0.0,0.000,0.000,0.0
240.8502,32088,492946,0.000,0.000,0.0,0.000,0.000,0.0,0.000,0.000,0.0
240.8502,32089,492951,0.000,0.000,0.0,0.000,0.000,0.0,0.000,0.000,0.0
240.8502,32090,492956,0.000,0.000,0.0,0.000,0.000,0.0,0.000,0.000,0.0
240.8502,32091,492961,0.000,0.000,0.0,0.000,0.000,0.0,0.000,0.000,0.0
240.8502,32092,492966,0.000,0.000,0.0,0.000,0.000,0.0,0.000,0.000,0.0
240.8502,32093,492971,0.000,0.000,0.0,0.000,0.000,0.0,0.000,0.000,0.0
240.8502,32094,492976,0.000,0.000,0.0,0.000,0.000,0.0,0.000,0.000,0.0
240.8502,32095,492981,0.000,0.000,0.0,0.000,0.000,0.0,0.000,0.000,0.0
240.8502,32096,492986,0.000,0.000,0.0,0.000,0.000,0.0,0.000,0.000,0.0
240.8502,32097,492991,0.000,0.000,0.0,0.000,0.000,0.0,0.000,0.000,0.0
240.8502,32098,492996,0.000,0.000,0.0,0.000,0.000,0.0,0.000,0.000,0.0
240.8502,32099,493001,0.000,0.000,0.0,0.000,0.000,0.0,0.000,0.000,0.0
240.8502,32100,493006,0.000,0.000,0.0,0.000,0.000,0.0,0.000,0.000,0.0
240.8502,32101,493011,0.000,0.000,0.0,0.000,0.000,0.0,0.000,0.000,0.0
240.8502,32102,493016,0.000,0.000,0.0,0.000,0.000,0.0,0.000,0.000,0.0
240.8502,32103,493021,0.000,0.000,0.0,0.000,0.000,0.0,0.000,0.000,0.0
240.8502,32104,493026,0.000,0.000,0.0,0.000,0.000,0.0,0.000,0.000,0.0
240.8502,32105,493031,0.000,0.000,0.0,0.000,0.000,0.0,0.000,0.000,0.0
240.8502,32106,493036,0.000,0.000,0.0,0.000,0.000,0.0,0.000,0.000,0.0
240.8502,32107,493041,0.000,0.000,0.0,0.000,0.000,0.0,0.000,0.000,0.0
240.8502,32108,493046,0.000,0.000,0.0,0.000,0.000,0.0,0.000,0.000,0.0
240.8502,32109,493051,0.000,0.000,0.0,0.000,0.000,0.0,0.000,0.000,0.0
240.8502,32110,493056,0.000,0.000,0.0,0.000,0.000,0.0,0.000,0.000,0.0
240.8502,32111,493061,0.000,0.000,0.0,0.000,0.000,0.0,0.000,0.000,0.0
240.8642,32112,493066,0.000,0.000,0.0,0.000,0.000,0.0,0.000,0.000,0.0
240.8652,32113,493071,0.000,0.000,0.0,0.000,0.000,0.0,0.000,0.000,0.0
240.8652,32114,493076,0.000,0.000,0.0,0.000,0.000,0.0,0.000,0.000,0.0
240.8652,32115,493081,0.000,0.000,0.0,0.000,0.000,0.0,0.000,0.000,0.0
240.8652,32116,493086,0.000,0.000,0.0,0.000,0.000,0.0,0.000,0.000,0.0
240.8652,32117,493091,0.000,0.000,0.0,0.000,0.000,0.0,0.000,0.000,0.0
240.8652,32118,493096,0.000,0.000,0.0,0.000,0.000,0.0,0.000,0.000,0.0
240.8652,32119,493101,0.000,0.000,0.0,0.000,0.000,0.0,0.000,0.000,0.0
241.2377,32120,493106,0.000,0.000,0.0,0.000,0.000,0.0,0.000,0.000,0.0
241.2377,32121,493111,0.000,0.000,0.0,0.000,0.000,0.0,0.000,0.000,0.0
241.2377,32122,493116,0.000,0.000,0.0,0.000,0.000,0.0,0.000,0.000,0.0
241.2377,32123,493121,0.000,0.000,0.0,0.000,0.000,0.0,0.000,0.000,0.0
241.2377,32124,493126,0.000,0.000,0.0,0.000,0.000,0.0,0.000,0.000,0.0
241.2377,32125,493131,0.000,0.000,0.0,0.000,0.000,0.0,0.000,0.000,0.0
241.2377,32126,493136,0.000,0.000,0.0,0.000,0.000,0.0,0.000,0.000,0.0
241.2377,32127,493141,0.000,0.000,0.0,0.000,0.000,0.0,0.000,0.000,0.0
241.2377,32128,493200,0.000,0.000,0.0,0.000,0.000,0.0,0.000,0.000,0.0
241.2377,32129,493205,0.000,0.000,0.0,0.000,0.000,0.0,0.000,0.000,0.0
241.2377,32130,493210,0.000,0.000,0.0,0.000,0.000,0.0,0.000,0.000,0.0
241.2377,32131,493215,0.000,0.000,0.0,0.000,0.000,0.0,0.000,0.000,0.0
241.2377,32132,493220,0.000,0.000,0.0,0.000,0.000,0.0,0.000,0.000,0.0
241.2377,32133,493225,0.000,0.000,0.0,0.000,0.000,0.0,0.000,0.000,0.0
241.2377,32134,493230,0.000,0.000,0.0,0.000,0.000,0.0,0.000,0.000,0.0
241.2377,32135,493235,0.000,0.000,0.0,0.000,0.000,0.0,0.000,0.000,0.0
241.3964,32136,493240,0.000,0.000,0.0,0.000,0.000,0.0,0.000,0.000,0.0
241.3964,32137,493245,0.000,0.000,0.0,0.000,0.000,0.0,0.000,0.000,0.0
241.3964,32138,493250,0.000,0.000,0.0,0.000,0.000,0.0,0.000,0.000,0.0
241.3964,32139,493255,0.000,0.000,0.0,0.000,0.000,0.0,0.000,0.000,0.0
241.3964,32140,493260,0.000,0.000,0.0,0.000,0.000,0.0,0.000,0.000,0.0
241.3964,32141,493265,0.000,0.000,0.0,0.000,0.000,0.0,0.000,0.000,0.0
241.3964,32142,493270,0.000,0.000,0.0,0.000,0.000,0.0,0.000,0.000,0.0
241.3964,32143,493275,0.000,0.000,0.0,0.000,0.000,0.0,0.000,0.000,0.0
241.3964,32144,493280,0.000,0.000,0.0,0.000,0.000,0.0,0.000,0.000,0.0
241.3964,32145,493285,0.000,0.000,0.0,0.000,0.000,0.0,0.000,0.000,0.0
241.3964,32146,493290,0.000,0.000,0.0,0.000,0.000,0.0,0.000,0.000,0.0
241.3964,32147,493295,0.000,0.000,0.0,0.000,0.000,0.0,0.000,0.000,0.0
241.3964,32148,493300,0.000,0.000,0.0,0.000,0.000,0.0,0.000,0.000,0.0
241.3964,32149,493305,0.000,0.000,0.0,0.000,0.000,0.0,0.000,0.000,0.0
241.3964,32150,493310,0.000,0.000,0.0,0.000,0.000,0.0,0.000,0.000,0.0
241.3964,32151,493315,0.000,0.000,0.0,0.000,0.000,0.0,0.000,0.000,0.0
241.3964,32152,493320,0.000,0.000,0.0,0.000,0.000,0.0,0.000,0.000,0.0
241.3964,32153,493325,0.000,0.000,0.0,0.000,0.000,0.0,0.000,0.000,0.0
241.3964,32154,493330,0.000,0.000,0.0,0.000,0.000,0.0,0.000,0.000,0.0
241.3964,32155,493335,0.000,0.000,0.0,0.000,0.000,0.0,0.000,0.000,0.0
241.3964,32156,493340,0.000,0.000,0.0,0.000,0.000,0.0,0.000,0.000,0.0
241.3964,32157,493345,0.000,0.000,0.0,0.000,0.000,0.0,0.000,0.000,0.0
241.3964,32158,493350,0.000,0.000,0.0,0.000,0.000,0.0,0.000,0.000,0.0
241.3964,32159,493355,0.000,0.000,0.0,0.000,0.000,0.0,0.000,0.000,0.0
241.5193,32160,493360,0.000,0.000,0.0,0.000,0.000,0.0,0.000,0.000,0.0
241.5193,32161,493365,0.000,0.000,0.0,0.000,0.000,0.0,0.000,0.000,0.0
241.5193,32162,493370,0.000,0.000,0.0,0.000,0.000,0.0,0.000,0.000,0.0
241.5193,32163,493375,0.000,0.000,0.0,0.000,0.000,0.0,0.000,0.000,0.0
241.5193,32164,493380,0.000,0.000,0.0,0.000,0.000,0.0,0.000,0.000,0.0
241.5193,32165,493385,0.000,0.000,0.0,0.000,0.000,0.0,0.000,0.000,0.0
241.5193,32166,493390,0.000,0.000,0.0,0.000,0.000,0.0,0.000,0.000,0.0
241.5193,32167,493395,0.000,0.000,0.0,0.000,0.000,0.0,0.000,0.000,0.0
241.5193,32168,493400,0.000,0.000,0.0,0.000,0.000,0.0,0.000,0.000,0.0
241.5193,32169,493405,0.000,0.000,0.0,0.000,0.000,0.0,0.000,0.000,0.0
241.5193,32170,493410,0.000,0.000,0.0,0.000,0.000,0.0,0.000,0.000,0.0
241.5193,32171,493415,0.000,0.000,0.0,0.000,0.000,0.0,0.000,0.000,0.0
241.5193,32172,493420,0.000,0.000,0.0,0.000,0.000,0.0,0.000,0.000,0.0
241.5193,32173,493425,0.000,0.000,0.0,0.000,0.000,0.0,0.000,0.000,0.0
241.5193,32174,493430,0.000,0.000,0.0,0.000,0.000,0.0,0.000,0.000,0.0
241.5193,32175,493435,0.000,0.000,0.0,0.000,0.000,0.0,0.000,0.000,0.0
241.5193,32176,493634,0.000,0.000,0.0,0.000,0.000,0.0,0.000,0.000,0.0
241.5193,32177,493639,0.000,0.000,0.0,0.000,0.000,0.0,0.000,0.000,0.0
241.5193,32178,493644,0.000,0.000,0.0,0.000,0.000,0.0,0.000,0.000,0.0
241.5193,32179,493649,0.000,0.000,0.0,0.000,0.000,0.0,0.000,0.000,0.0
241.5193,32180,493654,0.000,0.000,0.0,0.000,0.000,0.0,0.000,0.000,0.0
241.5193,32181,493659,0.000,0.000,0.0,0.000,0.000,0.0,0.000,0.000,0.0
241.5193,32182,493664,0.000,0.000,0.0,0.000,0.000,0.0,0.000,0.000,0.0
241.5193,32183,493669,0.000,0.000,0.0,0.000,0.000,0.0,0.000,0.000,0.0
241.5193,32184,493674,0.000,0.000,0.0,0.000,0.000,0.0,0.000,0.000,0.0
241.5193,32185,493679,0.000,0.000,0.0,0.000,0.000,0.0,0.000,0.000,0.0
241.6221,32186,493684,0.000,0.000,0.0,0.000,0.000,0.0,0.000,0.000,0.0
241.6221,32187,493689,0.000,0.000,0.0,0.000,0.000,0.0,0.000,0.000,0.0
241.6221,32188,493694,0.000,0.000,0.0,0.000,0.000,0.0,0.000,0.000,0.0
241.6221,32189,493699,0.000,0.000,0.0,0.000,0.000,0.0,0.000,0.000,0.0
241.6221,32190,493704,0.000,0.000,0.0,0.000,0.000,0.0,0.000,0.000,0.0
241.6221,32191,493709,0.000,0.000,0.0,0.000,0.000,0.0,0.000,0.000,0.0
241.6221,32192,493714,0.000,0.000,0.0,0.000,0.000,0.0,0.000,0.000,0.0
241.6221,32193,493719,0.000,0.000,0.0,0.000,0.000,0.0,0.000,0.000,0.0
241.6221,32194,493724,0.000,0.000,0.0,0.000,0.000,0.0,0.000,0.000,0.0
241.6221,32195,493729,0.000,0.000,0.0,0.000,0.000,0.0,0.000,0.000,0.0
241.6221,32196,493734,0.000,0.000,0.0,0.000,0.000,0.0,0.000,0.000,0.0
241.6221,32197,493739,0.000,0.000,0.0,0.000,0.000,0.0,0.000,0.000,0.0
241.6221,32198,493744,0.000,0.000,0.0,0.000,0.000,0.0,0.000,0.000,0.0
241.6221,32199,493749,0.000,0.000,0.0,0.000,0.000,0.0,0.000,0.000,0.0
241.6221,32200,493754,0.000,0.000,0.0,0.000,0.000,0.0,0.000,0.000,0.0
241.6221,32201,493759,0.000,0.000,0.0,0.000,0.000,0.0,0.000,0.000,0.0
241.6221,32202,493794,0.000,0.000,0.0,0.000,0.000,0.0,0.000,0.000,0.0
241.6221,32203,493799,0.000,0.000,0.0,0.000,0.000,0.0,0.000,0.000,0.0
241.6221,32204,493804,0.000,0.000,0.0,0.000,0.000,0.0,0.000,0.000,0.0
241.6221,32205,493809,0.000,0.000,0.0,0.000,0.000,0.0,0.000,0.000,0.0
241.6221,32206,493814,0.000,0.000,0.0,0.000,0.000,0.0,0.000,0.000,0.0
241.6231,32207,493819,0.000,0.000,0.0,0.000,0.000,0.0,0.000,0.000,0.0
241.6231,32208,493824,0.000,0.000,0.0,0.000,0.000,0.0,0.000,0.000,0.0
241.6231,32209,493829,0.000,0.000,0.0,0.000,0.000,0.0,0.000,0.000,0.0
241.6798,32210,493834,0.000,0.000,0.0,0.000,0.000,0.0,0.000,0.000,0.0
241.6798,32211,493839,0.000,0.000,0.0,0.000,0.000,0.0,0.000,0.000,0.0
241.6798,32212,493844,0.000,0.000,0.0,0.000,0.000,0.0,0.000,0.000,0.0
241.6798,32213,493849,0.000,0.000,0.0,0.000,0.000,0.0,0.000,0.000,0.0
241.6798,32214,493854,0.000,0.000,0.0,0.000,0.000,0.0,0.000,0.000,0.0
241.6798,32215,493859,0.000,0.000,0.0,0.000,0.000,0.0,0.000,0.000,0.0
241.6798,32216,493864,0.000,0.000,0.0,0.000,0.000,0.0,0.000,0.000,0.0
241.6798,32217,493869,0.000,0.000,0.0,0.000,0.000,0.0,0.000,0.000,0.0
241.6808,32218,493874,0.000,0.000,0.0,0.000,0.000,0.0,0.000,0.000,0.0
241.6808,32219,493879,0.000,0.000,0.0,0.000,0.000,0.0,0.000,0.000,0.0
241.6808,32220,493884,0.000,0.000,0.0,0.000,0.000,0.0,0.000,0.000,0.0
241.6808,32221,493889,0.000,0.000,0.0,0.000,0.000,0.0,0.000,0.000,0.0
241.6808,32222,493894,0.000,0.000,0.0,0.000,0.000,0.0,0.000,0.000,0.0
241.6808,32223,493899,0.000,0.000,0.0,0.000,0.000,0.0,0.000,0.000,0.0
241.6808,32224,493904,0.000,0.000,0.0,0.000,0.000,0.0,0.000,0.000,0.0
241.6808,32225,493909,0.000,0.000,0.0,0.000,0.000,0.0,0.000,0.000,0.0
241.7561,32226,493915,0.000,0.000,0.0,0.000,0.000,0.0,0.000,0.000,0.0
241.7561,32227,493920,0.000,0.000,0.0,0.000,0.000,0.0,0.000,0.000,0.0
241.7561,32228,493925,0.000,0.000,0.0,0.000,0.000,0.0,0.000,0.000,0.0
241.7561,32229,493930,0.000,0.000,0.0,0.000,0.000,0.0,0.000,0.000,0.0
241.7561,32230,493935,0.000,0.000,0.0,0.000,0.000,0.0,0.000,0.000,0.0
241.7561,32231,493940,0.000,0.000,0.0,0.000,0.000,0.0,0.000,0.000,0.0
241.7570,32232,493945,0.000,0.000,0.0,0.000,0.000,0.0,0.000,0.000,0.0
241.7570,32233,493950,0.000,0.000,0.0,0.000,0.000,0.0,0.000,0.000,0.0
241.7570,32234,493955,0.000,0.000,0.0,0.000,0.000,0.0,0.000,0.000,0.0
241.7570,32235,493960,0.000,0.000,0.0,0.000,0.000,0.0,0.000,0.000,0.0
241.7570,32236,493965,0.000,0.000,0.0,0.000,0.000,0.0,0.000,0.000,0.0
241.7570,32237,493970,0.000,0.000,0.0,0.000,0.000,0.0,0.000,0.000,0.0
241.7570,32238,493975,0.000,0.000,0.0,0.000,0.000,0.0,0.000,0.000,0.0
241.7570,32239,493980,0.000,0.000,0.0,0.000,0.000,0.0,0.000,0.000,0.0
241.7570,32240,493985,0.000,0.000,0.0,0.000,0.000,0.0,0.000,0.000,0.0
241.7570,32241,493990,0.000,0.000,0.0,0.000,0.000,0.0,0.000,0.000,0.0
241.7570,32242,494023,0.000,0.000,0.0,0.000,0.000,0.0,0.000,0.000,0.0
241.7570,32243,494028,0.000,0.000,0.0,0.000,0.000,0.0,0.000,0.000,0.0
241.7570,32244,494033,0.000,0.000,0.0,0.000,0.000,0.0,0.000,0.000,0.0
241.7570,32245,494038,0.000,0.000,0.0,0.000,0.000,0.0,0.000,0.000,0.0
241.7570,32246,494043,0.000,0.000,0.0,0.000,0.000,0.0,0.000,0.000,0.0
241.7570,32247,494048,0.000,0.000,0.0,0.000,0.000,0.0,0.000,0.000,0.0
241.7570,32248,494053,0.000,0.000,0.0,0.000,0.000,0.0,0.000,0.000,0.0
241.7570,32249,494058,0.000,0.000,0.0,0.000,0.000,0.0,0.000,0.000,0.0
241.8732,32250,494063,0.000,0.000,0.0,0.000,0.000,0.0,0.000,0.000,0.0
241.8732,32251,494068,0.000,0.000,0.0,0.000,0.000,0.0,0.000,0.000,0.0
241.8732,32252,494073,0.000,0.000,0.0,0.000,0.000,0.0,0.000,0.000,0.0
241.8732,32253,494078,0.000,0.000,0.0,0.000,0.000,0.0,0.000,0.000,0.0
241.8732,32254,494083,0.000,0.000,0.0,0.000,0.000,0.0,0.000,0.000,0.0
241.8732,32255,494088,0.000,0.000,0.0,0.000,0.000,0.0,0.000,0.000,0.0
241.8732,32256,494093,0.000,0.000,0.0,0.000,0.000,0.0,0.000,0.000,0.0
241.8732,32257,494098,0.000,0.000,0.0,0.000,0.000,0.0,0.000,0.000,0.0
241.8732,32258,494103,0.000,0.000,0.0,0.000,0.000,0.0,0.000,0.000,0.0
241.8732,32259,494108,0.000,0.000,0.0,0.000,0.000,0.0,0.000,0.000,0.0
241.8732,32260,494113,0.000,0.000,0.0,0.000,0.000,0.0,0.000,0.000,0.0
241.8732,32261,494118,0.000,0.000,0.0,0.000,0.000,0.0,0.000,0.000,0.0
241.8732,32262,494123,0.000,0.000,0.0,0.000,0.000,0.0,0.000,0.000,0.0
241.8732,32263,494128,0.000,0.000,0.0,0.000,0.000,0.0,0.000,0.000,0.0
241.8732,32264,494133,0.000,0.000,0.0,0.000,0.000,0.0,0.000,0.000,0.0
241.8732,32265,494138,0.000,0.000,0.0,0.000,0.000,0.0,0.000,0.000,0.0
241.9859,32266,494143,0.000,0.000,0.0,0.000,0.000,0.0,0.000,0.000,0.0
241.9859,32267,494148,0.000,0.000,0.0,0.000,0.000,0.0,0.000,0.000,0.0
241.9859,32268,494153,0.000,0.000,0.0,0.000,0.000,0.0,0.000,0.000,0.0
241.9859,32269,494158,0.000,0.000,0.0,0.000,0.000,0.0,0.000,0.000,0.0
241.9859,32270,494163,0.000,0.000,0.0,0.000,0.000,0.0,0.000,0.000,0.0
241.9859,32271,494168,0.000,0.000,0.0,0.000,0.000,0.0,0.000,0.000,0.0
241.9859,32272,494173,0.000,0.000,0.0,0.000,0.000,0.0,0.000,0.000,0.0
241.9859,32273,494178,0.000,0.000,0.0,0.000,0.000,0.0,0.000,0.000,0.0
241.9859,32274,494183,0.000,0.000,0.0,0.000,0.000,0.0,0.000,0.000,0.0
241.9859,32275,494188,0.000,0.000,0.0,0.000,0.000,0.0,0.000,0.000,0.0
241.9859,32276,494193,0.000,0.000,0.0,0.000,0.000,0.0,0.000,0.000,0.0
241.9859,32277,494198,0.000,0.000,0.0,0.000,0.000,0.0,0.000,0.000,0.0
241.9859,32278,494203,0.000,0.000,0.0,0.000,0.000,0.0,0.000,0.000,0.0
241.9859,32279,494208,0.000,0.000,0.0,0.000,0.000,0.0,0.000,0.000,0.0
241.9859,32280,494213,0.000,0.000,0.0,0.000,0.000,0.0,0.000,0.000,0.0
241.9859,32281,494218,0.000,0.000,0.0,0.000,0.000,0.0,0.000,0.000,0.0
241.9859,32282,494223,0.000,0.000,0.0,0.000,0.000,0.0,0.000,0.000,0.0
241.9859,32283,494228,0.000,0.000,0.0,0.000,0.000,0.0,0.000,0.000,0.0
241.9859,32284,494233,0.000,0.000,0.0,0.000,0.000,0.0,0.000,0.000,0.0
241.9859,32285,494238,0.000,0.000,0.0,0.000,0.000,0.0,0.000,0.000,0.0
241.9859,32286,494243,0.000,0.000,0.0,0.000,0.000,0.0,0.000,0.000,0.0
241.9859,32287,494248,0.000,0.000,0.0,0.000,0.000,0.0,0.000,0.000,0.0
241.9859,32288,494253,0.000,0.000,0.0,0.000,0.000,0.0,0.000,0.000,0.0
241.9859,32289,494258,0.000,0.000,0.0,0.000,0.000,0.0,0.000,0.000,0.0
242.1333,32290,494263,0.000,0.000,0.0,0.000,0.000,0.0,0.000,0.000,0.0
242.1333,32291,494268,0.000,0.000,0.0,0.000,0.000,0.0,0.000,0.000,0.0
242.1333,32292,494273,0.000,0.000,0.0,0.000,0.000,0.0,0.000,0.000,0.0
242.1333,32293,494278,0.000,0.000,0.0,0.000,0.000,0.0,0.000,0.000,0.0
242.1333,32294,494283,0.000,0.000,0.0,0.000,0.000,0.0,0.000,0.000,0.0
242.1333,32295,494288,0.000,0.000,0.0,0.000,0.000,0.0,0.000,0.000,0.0
242.1333,32296,494293,0.000,0.000,0.0,0.000,0.000,0.0,0.000,0.000,0.0
242.1333,32297,494298,0.000,0.000,0.0,0.000,0.000,0.0,0.000,0.000,0.0
242.1333,32298,494303,0.000,0.000,0.0,0.000,0.000,0.0,0.000,0.000,0.0
242.1333,32299,494308,0.000,0.000,0.0,0.000,0.000,0.0,0.000,0.000,0.0
242.1333,32300,494313,0.000,0.000,0.0,0.000,0.000,0.0,0.000,0.000,0.0
242.1333,32301,494318,0.000,0.000,0.0,0.000,0.000,0.0,0.000,0.000,0.0
242.1333,32302,494323,0.000,0.000,0.0,0.000,0.000,0.0,0.000,0.000,0.0
242.1333,32303,494328,0.000,0.000,0.0,0.000,0.000,0.0,0.000,0.000,0.0
242.1333,32304,494333,0.000,0.000,0.0,0.000,0.000,0.0,0.000,0.000,0.0
242.1333,32305,494338,0.000,0.000,0.0,0.000,0.000,0.0,0.000,0.000,0.0
242.2599,32306,494343,0.000,0.000,0.0,0.000,0.000,0.0,0.000,0.000,0.0
242.2599,32307,494348,0.000,0.000,0.0,0.000,0.000,0.0,0.000,0.000,0.0
242.2599,32308,494353,0.000,0.000,0.0,0.000,0.000,0.0,0.000,0.000,0.0
242.2599,32309,494358,0.000,0.000,0.0,0.000,0.000,0.0,0.000,0.000,0.0
242.2599,32310,494363,0.000,0.000,0.0,0.000,0.000,0.0,0.000,0.000,0.0
242.2599,32311,494368,0.000,0.000,0.0,0.000,0.000,0.0,0.000,0.000,0.0
242.2599,32312,494373,0.000,0.000,0.0,0.000,0.000,0.0,0.000,0.000,0.0
242.2599,32313,494378,0.000,0.000,0.0,0.000,0.000,0.0,0.000,0.000,0.0
242.2599,32314,494383,0.000,0.000,0.0,0.000,0.000,0.0,0.000,0.000,0.0
242.2599,32315,494388,0.000,0.000,0.0,0.000,0.000,0.0,0.000,0.000,0.0
242.2599,32316,494393,0.000,0.000,0.0,0.000,0.000,0.0,0.000,0.000,0.0
242.2599,32317,494398,0.000,0.000,0.0,0.000,0.000,0.0,0.000,0.000,0.0
242.2599,32318,494403,0.000,0.000,0.0,0.000,0.000,0.0,0.000,0.000,0.0
242.2599,32319,494408,0.000,0.000,0.0,0.000,0.000,0.0,0.000,0.000,0.0
242.2599,32320,494413,0.000,0.000,0.0,0.000,0.000,0.0,0.000,0.000,0.0
242.2599,32321,494418,0.000,0.000,0.0,0.000,0.000,0.0,0.000,0.000,0.0
242.2599,32322,494423,0.000,0.000,0.0,0.000,0.000,0.0,0.000,0.000,0.0
242.2599,32323,494428,0.000,0.000,0.0,0.000,0.000,0.0,0.000,0.000,0.0
242.2599,32324,494433,0.000,0.000,0.0,0.000,0.000,0.0,0.000,0.000,0.0
242.2599,32325,494438,0.000,0.000,0.0,0.000,0.000,0.0,0.000,0.000,0.0
242.2599,32326,494443,0.000,0.000,0.0,0.000,0.000,0.0,0.000,0.000,0.0
242.2599,32327,494448,0.000,0.000,0.0,0.000,0.000,0.0,0.000,0.000,0.0
242.2599,32328,494453,0.000,0.000,0.0,0.000,0.000,0.0,0.000,0.000,0.0
242.2599,32329,494458,0.000,0.000,0.0,0.000,0.000,0.0,0.000,0.000,0.0
242.3494,32330,494477,0.000,0.000,0.0,0.000,0.000,0.0,0.000,0.000,0.0
242.3494,32331,494482,0.000,0.000,0.0,0.000,0.000,0.0,0.000,0.000,0.0
242.3494,32332,494487,0.000,0.000,0.0,0.000,0.000,0.0,0.000,0.000,0.0
242.3494,32333,494492,0.000,0.000,0.0,0.000,0.000,0.0,0.000,0.000,0.0
242.3494,32334,494497,0.000,0.000,0.0,0.000,0.000,0.0,0.000,0.000,0.0
242.3494,32335,494502,0.000,0.000,0.0,0.000,0.000,0.0,0.000,0.000,0.0
242.3494,32336,494507,0.000,0.000,0.0,0.000,0.000,0.0,0.000,0.000,0.0
242.3494,32337,494512,0.000,0.000,0.0,0.000,0.000,0.0,0.000,0.000,0.0
242.3494,32338,494517,0.000,0.000,0.0,0.000,0.000,0.0,0.000,0.000,0.0
242.3494,32339,494522,0.000,0.000,0.0,0.000,0.000,0.0,0.000,0.000,0.0
242.3494,32340,494527,0.000,0.000,0.0,0.000,0.000,0.0,0.000,0.000,0.0
242.3494,32341,494532,0.000,0.000,0.0,0.000,0.000,0.0,0.000,0.000,0.0
242.3494,32342,494537,0.000,0.000,0.0,0.000,0.000,0.0,0.000,0.000,0.0
242.3494,32343,494542,0.000,0.000,0.0,0.000,0.000,0.0,0.000,0.000,0.0
242.3494,32344,494547,0.000,0.000,0.0,0.000,0.000,0.0,0.000,0.000,0.0
242.3494,32345,494552,0.000,0.000,0.0,0.000,0.000,0.0,0.000,0.000,0.0
242.3494,32346,494557,0.000,0.000,0.0,0.000,0.000,0.0,0.000,0.000,0.0
242.3494,32347,494562,0.000,0.000,0.0,0.000,0.000,0.0,0.000,0.000,0.0
242.3494,32348,494567,0.000,0.000,0.0,0.000,0.000,0.0,0.000,0.000,0.0
242.3494,32349,494572,0.000,0.000,0.0,0.000,0.000,0.0,0.000,0.000,0.0
242.3494,32350,494577,0.000,0.000,0.0,0.000,0.000,0.0,0.000,0.000,0.0
242.3494,32351,494582,0.000,0.000,0.0,0.000,0.000,0.0,0.000,0.000,0.0
242.3494,32352,494587,0.000,0.000,0.0,0.000,0.000,0.0,0.000,0.000,0.0
242.3494,32353,494592,0.000,0.000,0.0,0.000,0.000,0.0,0.000,0.000,0.0
242.4157,32354,494597,0.000,0.000,0.0,0.000,0.000,0.0,0.000,0.000,0.0
242.4157,32355,494602,0.000,0.000,0.0,0.000,0.000,0.0,0.000,0.000,0.0
242.4157,32356,494607,0.000,0.000,0.0,0.000,0.000,0.0,0.000,0.000,0.0
242.4157,32357,494612,0.000,0.000,0.0,0.000,0.000,0.0,0.000,0.000,0.0
242.4157,32358,494617,0.000,0.000,0.0,0.000,0.000,0.0,0.000,0.000,0.0
242.4157,32359,494622,0.000,0.000,0.0,0.000,0.000,0.0,0.000,0.000,0.0
242.4157,32360,494627,0.000,0.000,0.0,0.000,0.000,0.0,0.000,0.000,0.0
242.4157,32361,494632,0.000,0.000,0.0,0.000,0.000,0.0,0.000,0.000,0.0
242.4157,32362,494637,0.000,0.000,0.0,0.000,0.000,0.0,0.000,0.000,0.0
242.4157,32363,494642,0.000,0.000,0.0,0.000,0.000,0.0,0.000,0.000,0.0
242.4157,32364,494647,0.000,0.000,0.0,0.000,0.000,0.0,0.000,0.000,0.0
242.4157,32365,494652,0.000,0.000,0.0,0.000,0.000,0.0,0.000,0.000,0.0
242.4157,32366,494657,0.000,0.000,0.0,0.000,0.000,0.0,0.000,0.000,0.0
242.4157,32367,494662,0.000,0.000,0.0,0.000,0.000,0.0,0.000,0.000,0.0
242.4157,32368,494667,0.000,0.000,0.0,0.000,0.000,0.0,0.000,0.000,0.0
242.4157,32369,494672,0.000,0.000,0.0,0.000,0.000,0.0,0.000,0.000,0.0
242.4157,32370,494677,0.000,0.000,0.0,0.000,0.000,0.0,0.000,0.000,0.0
242.4157,32371,494682,0.000,0.000,0.0,0.000,0.000,0.0,0.000,0.000,0.0
242.4157,32372,494687,0.000,0.000,0.0,0.000,0.000,0.0,0.000,0.000,0.0
242.4157,32373,494692,0.000,0.000,0.0,0.000,0.000,0.0,0.000,0.000,0.0
242.4157,32374,494697,0.000,0.000,0.0,0.000,0.000,0.0,0.000,0.000,0.0
242.4157,32375,494702,0.000,0.000,0.0,0.000,0.000,0.0,0.000,0.000,0.0
242.4157,32376,494707,0.000,0.000,0.0,0.000,0.000,0.0,0.000,0.000,0.0
242.4157,32377,494712,0.000,0.000,0.0,0.000,0.000,0.0,0.000,0.000,0.0
242.4873,32378,494717,0.000,0.000,0.0,0.000,0.000,0.0,0.000,0.000,0.0
242.4882,32379,494722,0.000,0.000,0.0,0.000,0.000,0.0,0.000,0.000,0.0
242.4882,32380,494727,0.000,0.000,0.0,0.000,0.000,0.0,0.000,0.000,0.0
242.4882,32381,494732,0.000,0.000,0.0,0.000,0.000,0.0,0.000,0.000,0.0
242.4882,32382,494737,0.000,0.000,0.0,0.000,0.000,0.0,0.000,0.000,0.0
242.4882,32383,494742,0.000,0.000,0.0,0.000,0.000,0.0,0.000,0.000,0.0
242.4882,32384,494747,0.000,0.000,0.0,0.000,0.000,0.0,0.000,0.000,0.0
242.4882,32385,494752,0.000,0.000,0.0,0.000,0.000,0.0,0.000,0.000,0.0
242.4882,32386,494757,0.000,0.000,0.0,0.000,0.000,0.0,0.000,0.000,0.0
242.4882,32387,494762,0.000,0.000,0.0,0.000,0.000,0.0,0.000,0.000,0.0
242.4882,32388,494767,0.000,0.000,0.0,0.000,0.000,0.0,0.000,0.000,0.0
242.4882,32389,494772,0.000,0.000,0.0,0.000,0.000,0.0,0.000,0.000,0.0
242.4882,32390,494777,0.000,0.000,0.0,0.000,0.000,0.0,0.000,0.000,0.0
242.4882,32391,494782,0.000,0.000,0.0,0.000,0.000,0.0,0.000,0.000,0.0
242.4882,32392,494787,0.000,0.000,0.0,0.000,0.000,0.0,0.000,0.000,0.0
242.4882,32393,494792,0.000,0.000,0.0,0.000,0.000,0.0,0.000,0.000,0.0
242.5985,32394,494797,0.000,0.000,0.0,0.000,0.000,0.0,0.000,0.000,0.0
242.5985,32395,494802,0.000,0.000,0.0,0.000,0.000,0.0,0.000,0.000,0.0
242.5985,32396,494807,0.000,0.000,0.0,0.000,0.000,0.0,0.000,0.000,0.0
242.5985,32397,494812,0.000,0.000,0.0,0.000,0.000,0.0,0.000,0.000,0.0
242.5985,32398,494817,0.000,0.000,0.0,0.000,0.000,0.0,0.000,0.000,0.0
242.5985,32399,494822,0.000,0.000,0.0,0.000,0.000,0.0,0.000,0.000,0.0
242.5985,32400,494827,0.000,0.000,0.0,0.000,0.000,0.0,0.000,0.000,0.0
242.5985,32401,494832,0.000,0.000,0.0,0.000,0.000,0.0,0.000,0.000,0.0
242.5985,32402,494837,0.000,0.000,0.0,0.000,0.000,0.0,0.000,0.000,0.0
242.5985,32403,494842,0.000,0.000,0.0,0.000,0.000,0.0,0.000,0.000,0.0
242.5985,32404,494847,0.000,0.000,0.0,0.000,0.000,0.0,0.000,0.000,0.0
242.5985,32405,494852,0.000,0.000,0.0,0.000,0.000,0.0,0.000,0.000,0.0
242.5985,32406,494857,0.000,0.000,0.0,0.000,0.000,0.0,0.000,0.000,0.0
242.5985,32407,494862,0.000,0.000,0.0,0.000,0.000,0.0,0.000,0.000,0.0
242.5985,32408,494867,0.000,0.000,0.0,0.000,0.000,0.0,0.000,0.000,0.0
242.5985,32409,494872,0.000,0.000,0.0,0.000,0.000,0.0,0.000,0.000,0.0
242.7319,32410,494877,0.000,0.000,0.0,0.000,0.000,0.0,0.000,0.000,0.0
242.7319,32411,494882,0.000,0.000,0.0,0.000,0.000,0.0,0.000,0.000,0.0
242.7319,32412,494887,0.000,0.000,0.0,0.000,0.000,0.0,0.000,0.000,0.0
242.7319,32413,494892,0.000,0.000,0.0,0.000,0.000,0.0,0.000,0.000,0.0
242.7319,32414,494897,0.000,0.000,0.0,0.000,0.000,0.0,0.000,0.000,0.0
242.7319,32415,494902,0.000,0.000,0.0,0.000,0.000,0.0,0.000,0.000,0.0
242.7319,32416,494907,0.000,0.000,0.0,0.000,0.000,0.0,0.000,0.000,0.0
242.7319,32417,494912,0.000,0.000,0.0,0.000,0.000,0.0,0.000,0.000,0.0
242.7319,32418,494917,0.000,0.000,0.0,0.000,0.000,0.0,0.000,0.000,0.0
242.7319,32419,494922,0.000,0.000,0.0,0.000,0.000,0.0,0.000,0.000,0.0
242.7319,32420,494927,0.000,0.000,0.0,0.000,0.000,0.0,0.000,0.000,0.0
242.7319,32421,494932,0.000,0.000,0.0,0.000,0.000,0.0,0.000,0.000,0.0
242.7319,32422,494937,0.000,0.000,0.0,0.000,0.000,0.0,0.000,0.000,0.0
242.7319,32423,494942,0.000,0.000,0.0,0.000,0.000,0.0,0.000,0.000,0.0
242.7319,32424,494947,0.000,0.000,0.0,0.000,0.000,0.0,0.000,0.000,0.0
242.7319,32425,494952,0.000,0.000,0.0,0.000,0.000,0.0,0.000,0.000,0.0
242.8193,32426,494957,0.000,0.000,0.0,0.000,0.000,0.0,0.000,0.000,0.0
242.8193,32427,494962,0.000,0.000,0.0,0.000,0.000,0.0,0.000,0.000,0.0
242.8193,32428,494967,0.000,0.000,0.0,0.000,0.000,0.0,0.000,0.000,0.0
242.8193,32429,494972,0.000,0.000,0.0,0.000,0.000,0.0,0.000,0.000,0.0
242.8193,32430,494977,0.000,0.000,0.0,0.000,0.000,0.0,0.000,0.000,0.0
242.8193,32431,494982,0.000,0.000,0.0,0.000,0.000,0.0,0.000,0.000,0.0
242.8193,32432,494987,0.000,0.000,0.0,0.000,0.000,0.0,0.000,0.000,0.0
242.8193,32433,494992,0.000,0.000,0.0,0.000,0.000,0.0,0.000,0.000,0.0
242.8193,32434,494997,0.000,0.000,0.0,0.000,0.000,0.0,0.000,0.000,0.0
242.8193,32435,495002,0.000,0.000,0.0,0.000,0.000,0.0,0.000,0.000,0.0
242.8193,32436,495007,0.000,0.000,0.0,0.000,0.000,0.0,0.000,0.000,0.0
242.8193,32437,495012,0.000,0.000,0.0,0.000,0.000,0.0,0.000,0.000,0.0
242.8193,32438,495017,0.000,0.000,0.0,0.000,0.000,0.0,0.000,0.000,0.0
242.8193,32439,495022,0.000,0.000,0.0,0.000,0.000,0.0,0.000,0.000,0.0
242.8193,32440,495027,0.000,0.000,0.0,0.000,0.000,0.0,0.000,0.000,0.0
242.8193,32441,495032,0.000,0.000,0.0,0.000,0.000,0.0,0.000,0.000,0.0
242.8193,32442,495037,0.000,0.000,0.0,0.000,0.000,0.0,0.000,0.000,0.0
242.8193,32443,495042,0.000,0.000,0.0,0.000,0.000,0.0,0.000,0.000,0.0
242.8193,32444,495047,0.000,0.000,0.0,0.000,0.000,0.0,0.000,0.000,0.0
242.8193,32445,495052,0.000,0.000,0.0,0.000,0.000,0.0,0.000,0.000,0.0
242.8193,32446,495057,0.000,0.000,0.0,0.000,0.000,0.0,0.000,0.000,0.0
242.8193,32447,495062,0.000,0.000,0.0,0.000,0.000,0.0,0.000,0.000,0.0
242.8193,32448,495067,0.000,0.000,0.0,0.000,0.000,0.0,0.000,0.000,0.0
242.8193,32449,495072,0.000,0.000,0.0,0.000,0.000,0.0,0.000,0.000,0.0
242.9235,32450,495077,0.000,0.000,0.0,0.000,0.000,0.0,0.000,0.000,0.0
242.9235,32451,495082,0.000,0.000,0.0,0.000,0.000,0.0,0.000,0.000,0.0
242.9235,32452,495087,0.000,0.000,0.0,0.000,0.000,0.0,0.000,0.000,0.0
242.9235,32453,495092,0.000,0.000,0.0,0.000,0.000,0.0,0.000,0.000,0.0
242.9235,32454,495097,0.000,0.000,0.0,0.000,0.000,0.0,0.000,0.000,0.0
242.9235,32455,495102,0.000,0.000,0.0,0.000,0.000,0.0,0.000,0.000,0.0
242.9235,32456,495107,0.000,0.000,0.0,0.000,0.000,0.0,0.000,0.000,0.0
242.9235,32457,495112,0.000,0.000,0.0,0.000,0.000,0.0,0.000,0.000,0.0
242.9235,32458,495117,0.000,0.000,0.0,0.000,0.000,0.0,0.000,0.000,0.0
242.9235,32459,495122,0.000,0.000,0.0,0.000,0.000,0.0,0.000,0.000,0.0
242.9235,32460,495127,0.000,0.000,0.0,0.000,0.000,0.0,0.000,0.000,0.0
242.9235,32461,495132,0.000,0.000,0.0,0.000,0.000,0.0,0.000,0.000,0.0
242.9235,32462,495137,0.000,0.000,0.0,0.000,0.000,0.0,0.000,0.000,0.0
242.9235,32463,495142,0.000,0.000,0.0,0.000,0.000,0.0,0.000,0.000,0.0
242.9235,32464,495147,0.000,0.000,0.0,0.000,0.000,0.0,0.000,0.000,0.0
242.9235,32465,495152,0.000,0.000,0.0,0.000,0.000,0.0,0.000,0.000,0.0
242.9235,32466,495157,0.000,0.000,0.0,0.000,0.000,0.0,0.000,0.000,0.0
242.9235,32467,495162,0.000,0.000,0.0,0.000,0.000,0.0,0.000,0.000,0.0
242.9235,32468,495167,0.000,0.000,0.0,0.000,0.000,0.0,0.000,0.000,0.0
242.9235,32469,495172,0.000,0.000,0.0,0.000,0.000,0.0,0.000,0.000,0.0
242.9235,32470,495177,0.000,0.000,0.0,0.000,0.000,0.0,0.000,0.000,0.0
242.9235,32471,495182,0.000,0.000,0.0,0.000,0.000,0.0,0.000,0.000,0.0
242.9235,32472,495187,0.000,0.000,0.0,0.000,0.000,0.0,0.000,0.000,0.0
242.9235,32473,495192,0.000,0.000,0.0,0.000,0.000,0.0,0.000,0.000,0.0
243.0732,32474,495197,0.000,0.000,0.0,0.000,0.000,0.0,0.000,0.000,0.0
243.0732,32475,495202,0.000,0.000,0.0,0.000,0.000,0.0,0.000,0.000,0.0
243.0732,32476,495207,0.000,0.000,0.0,0.000,0.000,0.0,0.000,0.000,0.0
243.0732,32477,495212,0.000,0.000,0.0,0.000,0.000,0.0,0.000,0.000,0.0
243.0732,32478,495217,0.000,0.000,0.0,0.000,0.000,0.0,0.000,0.000,0.0
243.0732,32479,495222,0.000,0.000,0.0,0.000,0.000,0.0,0.000,0.000,0.0
243.0732,32480,495227,0.000,0.000,0.0,0.000,0.000,0.0,0.000,0.000,0.0
243.0732,32481,495232,0.000,0.000,0.0,0.000,0.000,0.0,0.000,0.000,0.0
243.0732,32482,495237,0.000,0.000,0.0,0.000,0.000,0.0,0.000,0.000,0.0
243.0732,32483,495242,0.000,0.000,0.0,0.000,0.000,0.0,0.000,0.000,0.0
243.0732,32484,495247,0.000,0.000,0.0,0.000,0.000,0.0,0.000,0.000,0.0
243.0732,32485,495252,0.000,0.000,0.0,0.000,0.000,0.0,0.000,0.000,0.0
243.0732,32486,495257,0.000,0.000,0.0,0.000,0.000,0.0,0.000,0.000,0.0
243.0732,32487,495262,0.000,0.000,0.0,0.000,0.000,0.0,0.000,0.000,0.0
243.0732,32488,495267,0.000,0.000,0.0,0.000,0.000,0.0,0.000,0.000,0.0
243.0732,32489,495272,0.000,0.000,0.0,0.000,0.000,0.0,0.000,0.000,0.0
243.0732,32490,495277,0.000,0.000,0.0,0.000,0.000,0.0,0.000,0.000,0.0
243.0732,32491,495282,0.000,0.000,0.0,0.000,0.000,0.0,0.000,0.000,0.0
243.0732,32492,495287,0.000,0.000,0.0,0.000,0.000,0.0,0.000,0.000,0.0
243.0732,32493,495292,0.000,0.000,0.0,0.000,0.000,0.0,0.000,0.000,0.0
243.0732,32494,495297,0.000,0.000,0.0,0.000,0.000,0.0,0.000,0.000,0.0
243.0732,32495,495302,0.000,0.000,0.0,0.000,0.000,0.0,0.000,0.000,0.0
243.0732,32496,495307,0.000,0.000,0.0,0.000,0.000,0.0,0.000,0.000,0.0
243.0732,32497,495312,0.000,0.000,0.0,0.000,0.000,0.0,0.000,0.000,0.0
243.1352,32498,495317,0.000,0.000,0.0,0.000,0.000,0.0,0.000,0.000,0.0
243.1352,32499,495322,0.000,0.000,0.0,0.000,0.000,0.0,0.000,0.000,0.0
243.1352,32500,495327,0.000,0.000,0.0,0.000,0.000,0.0,0.000,0.000,0.0
243.1352,32501,495332,0.000,0.000,0.0,0.000,0.000,0.0,0.000,0.000,0.0
243.1352,32502,495337,0.000,0.000,0.0,0.000,0.000,0.0,0.000,0.000,0.0
243.1352,32503,495342,0.000,0.000,0.0,0.000,0.000,0.0,0.000,0.000,0.0
243.1352,32504,495347,0.000,0.000,0.0,0.000,0.000,0.0,0.000,0.000,0.0
243.1352,32505,495352,0.000,0.000,0.0,0.000,0.000,0.0,0.000,0.000,0.0
243.1352,32506,495357,0.000,0.000,0.0,0.000,0.000,0.0,0.000,0.000,0.0
243.1352,32507,495362,0.000,0.000,0.0,0.000,0.000,0.0,0.000,0.000,0.0
243.1352,32508,495367,0.000,0.000,0.0,0.000,0.000,0.0,0.000,0.000,0.0
243.1352,32509,495372,0.000,0.000,0.0,0.000,0.000,0.0,0.000,0.000,0.0
243.1352,32510,495377,0.000,0.000,0.0,0.000,0.000,0.0,0.000,0.000,0.0
243.1352,32511,495382,0.000,0.000,0.0,0.000,0.000,0.0,0.000,0.000,0.0
243.1352,32512,495387,0.000,0.000,0.0,0.000,0.000,0.0,0.000,0.000,0.0
243.1352,32513,495392,0.000,0.000,0.0,0.000,0.000,0.0,0.000,0.000,0.0
243.1352,32514,495415,0.000,0.000,0.0,0.000,0.000,0.0,0.000,0.000,0.0
243.1352,32515,495420,0.000,0.000,0.0,0.000,0.000,0.0,0.000,0.000,0.0
243.1352,32516,495425,0.000,0.000,0.0,0.000,0.000,0.0,0.000,0.000,0.0
243.1352,32517,495430,0.000,0.000,0.0,0.000,0.000,0.0,0.000,0.000,0.0
243.1352,32518,495435,0.000,0.000,0.0,0.000,0.000,0.0,0.000,0.000,0.0
243.1352,32519,495440,0.000,0.000,0.0,0.000,0.000,0.0,0.000,0.000,0.0
243.1352,32520,495445,0.000,0.000,0.0,0.000,0.000,0.0,0.000,0.000,0.0
243.1352,32521,495450,0.000,0.000,0.0,0.000,0.000,0.0,0.000,0.000,0.0
243.2375,32522,495455,0.000,0.000,0.0,0.000,0.000,0.0,0.000,0.000,0.0
243.2375,32523,495460,0.000,0.000,0.0,0.000,0.000,0.0,0.000,0.000,0.0
243.2375,32524,495465,0.000,0.000,0.0,0.000,0.000,0.0,0.000,0.000,0.0
243.2375,32525,495470,0.000,0.000,0.0,0.000,0.000,0.0,0.000,0.000,0.0
243.2375,32526,495475,0.000,0.000,0.0,0.000,0.000,0.0,0.000,0.000,0.0
243.2375,32527,495480,0.000,0.000,0.0,0.000,0.000,0.0,0.000,0.000,0.0
243.2375,32528,495485,0.000,0.000,0.0,0.000,0.000,0.0,0.000,0.000,0.0
243.2375,32529,495490,0.000,0.000,0.0,0.000,0.000,0.0,0.000,0.000,0.0
243.2382,32530,495495,0.000,0.000,0.0,0.000,0.000,0.0,0.000,0.000,0.0
243.2382,32531,495500,0.000,0.000,0.0,0.000,0.000,0.0,0.000,0.000,0.0
243.2382,32532,495505,0.000,0.000,0.0,0.000,0.000,0.0,0.000,0.000,0.0
243.2382,32533,495510,0.000,0.000,0.0,0.000,0.000,0.0,0.000,0.000,0.0
243.2382,32534,495515,0.000,0.000,0.0,0.000,0.000,0.0,0.000,0.000,0.0
243.2382,32535,495520,0.000,0.000,0.0,0.000,0.000,0.0,0.000,0.000,0.0
243.2382,32536,495525,0.000,0.000,0.0,0.000,0.000,0.0,0.000,0.000,0.0
243.2382,32537,495530,0.000,0.000,0.0,0.000,0.000,0.0,0.000,0.000,0.0
243.3687,32538,495535,0.000,0.000,0.0,0.000,0.000,0.0,0.000,0.000,0.0
243.3687,32539,495540,0.000,0.000,0.0,0.000,0.000,0.0,0.000,0.000,0.0
243.3687,32540,495545,0.000,0.000,0.0,0.000,0.000,0.0,0.000,0.000,0.0
243.3687,32541,495550,0.000,0.000,0.0,0.000,0.000,0.0,0.000,0.000,0.0
243.3687,32542,495555,0.000,0.000,0.0,0.000,0.000,0.0,0.000,0.000,0.0
243.3687,32543,495560,0.000,0.000,0.0,0.000,0.000,0.0,0.000,0.000,0.0
243.3687,32544,495565,0.000,0.000,0.0,0.000,0.000,0.0,0.000,0.000,0.0
243.3687,32545,495570,0.000,0.000,0.0,0.000,0.000,0.0,0.000,0.000,0.0
243.3687,32546,495575,0.000,0.000,0.0,0.000,0.000,0.0,0.000,0.000,0.0
243.3687,32547,495580,0.000,0.000,0.0,0.000,0.000,0.0,0.000,0.000,0.0
243.3687,32548,495585,0.000,0.000,0.0,0.000,0.000,0.0,0.000,0.000,0.0
243.3687,32549,495590,0.000,0.000,0.0,0.000,0.000,0.0,0.000,0.000,0.0
243.3687,32550,495595,0.000,0.000,0.0,0.000,0.000,0.0,0.000,0.000,0.0
243.3687,32551,495600,0.000,0.000,0.0,0.000,0.000,0.0,0.000,0.000,0.0
243.3687,32552,495605,0.000,0.000,0.0,0.000,0.000,0.0,0.000,0.000,0.0
243.3687,32553,495610,0.000,0.000,0.0,0.000,0.000,0.0,0.000,0.000,0.0
243.5671,32554,495615,0.000,0.000,0.0,0.000,0.000,0.0,0.000,0.000,0.0
243.5671,32555,495620,0.000,0.000,0.0,0.000,0.000,0.0,0.000,0.000,0.0
243.5671,32556,495625,0.000,0.000,0.0,0.000,0.000,0.0,0.000,0.000,0.0
243.5671,32557,495630,0.000,0.000,0.0,0.000,0.000,0.0,0.000,0.000,0.0
243.5671,32558,495635,0.000,0.000,0.0,0.000,0.000,0.0,0.000,0.000,0.0
243.5671,32559,495640,0.000,0.000,0.0,0.000,0.000,0.0,0.000,0.000,0.0
243.5671,32560,495645,0.000,0.000,0.0,0.000,0.000,0.0,0.000,0.000,0.0
243.5671,32561,495650,0.000,0.000,0.0,0.000,0.000,0.0,0.000,0.000,0.0
243.5671,32562,495655,0.000,0.000,0.0,0.000,0.000,0.0,0.000,0.000,0.0
243.5671,32563,495660,0.000,0.000,0.0,0.000,0.000,0.0,0.000,0.000,0.0
243.5671,32564,495665,0.000,0.000,0.0,0.000,0.000,0.0,0.000,0.000,0.0
243.5671,32565,495670,0.000,0.000,0.0,0.000,0.000,0.0,0.000,0.000,0.0
243.5671,32566,495675,0.000,0.000,0.0,0.000,0.000,0.0,0.000,0.000,0.0
243.5671,32567,495680,0.000,0.000,0.0,0.000,0.000,0.0,0.000,0.000,0.0
243.5671,32568,495685,0.000,0.000,0.0,0.000,0.000,0.0,0.000,0.000,0.0
243.5671,32569,495690,0.000,0.000,0.0,0.000,0.000,0.0,0.000,0.000,0.0
243.5671,32570,495695,0.000,0.000,0.0,0.000,0.000,0.0,0.000,0.000,0.0
243.5671,32571,495700,0.000,0.000,0.0,0.000,0.000,0.0,0.000,0.000,0.0
243.5671,32572,495705,0.000,0.000,0.0,0.000,0.000,0.0,0.000,0.000,0.0
243.5671,32573,495710,0.000,0.000,0.0,0.000,0.000,0.0,0.000,0.000,0.0
243.5671,32574,495715,0.000,0.000,0.0,0.000,0.000,0.0,0.000,0.000,0.0
243.5671,32575,495720,0.000,0.000,0.0,0.000,0.000,0.0,0.000,0.000,0.0
243.5671,32576,495725,0.000,0.000,0.0,0.000,0.000,0.0,0.000,0.000,0.0
243.5671,32577,495730,0.000,0.000,0.0,0.000,0.000,0.0,0.000,0.000,0.0
243.7246,32578,495735,0.000,0.000,0.0,0.000,0.000,0.0,0.000,0.000,0.0
243.7246,32579,495740,0.000,0.000,0.0,0.000,0.000,0.0,0.000,0.000,0.0
243.7246,32580,495745,0.000,0.000,0.0,0.000,0.000,0.0,0.000,0.000,0.0
243.7246,32581,495750,0.000,0.000,0.0,0.000,0.000,0.0,0.000,0.000,0.0
243.7246,32582,495755,0.000,0.000,0.0,0.000,0.000,0.0,0.000,0.000,0.0
243.7246,32583,495760,0.000,0.000,0.0,0.000,0.000,0.0,0.000,0.000,0.0
243.7246,32584,495765,0.000,0.000,0.0,0.000,0.000,0.0,0.000,0.000,0.0
243.7246,32585,495770,0.000,0.000,0.0,0.000,0.000,0.0,0.000,0.000,0.0
243.7246,32586,495775,0.000,0.000,0.0,0.000,0.000,0.0,0.000,0.000,0.0
243.7246,32587,495780,0.000,0.000,0.0,0.000,0.000,0.0,0.000,0.000,0.0
243.7246,32588,495785,0.000,0.000,0.0,0.000,0.000,0.0,0.000,0.000,0.0
243.7246,32589,495790,0.000,0.000,0.0,0.000,0.000,0.0,0.000,0.000,0.0
243.7246,32590,495795,0.000,0.000,0.0,0.000,0.000,0.0,0.000,0.000,0.0
243.7246,32591,495800,0.000,0.000,0.0,0.000,0.000,0.0,0.000,0.000,0.0
243.7246,32592,495805,0.000,0.000,0.0,0.000,0.000,0.0,0.000,0.000,0.0
243.7246,32593,495810,0.000,0.000,0.0,0.000,0.000,0.0,0.000,0.000,0.0
243.7246,32594,495907,0.000,0.000,0.0,0.000,0.000,0.0,0.000,0.000,0.0
243.7246,32595,495911,0.000,0.000,0.0,0.000,0.000,0.0,0.000,0.000,0.0
243.7246,32596,495916,0.000,0.000,0.0,0.000,0.000,0.0,0.000,0.000,0.0
243.7246,32597,495921,0.000,0.000,0.0,0.000,0.000,0.0,0.000,0.000,0.0
243.7246,32598,495926,0.000,0.000,0.0,0.000,0.000,0.0,0.000,0.000,0.0
243.7246,32599,495931,0.000,0.000,0.0,0.000,0.000,0.0,0.000,0.000,0.0
243.7246,32600,495936,0.000,0.000,0.0,0.000,0.000,0.0,0.000,0.000,0.0
243.7246,32601,495941,0.000,0.000,0.0,0.000,0.000,0.0,0.000,0.000,0.0
243.7372,32602,495946,0.000,0.000,0.0,0.000,0.000,0.0,0.000,0.000,0.0
243.7372,32603,495951,0.000,0.000,0.0,0.000,0.000,0.0,0.000,0.000,0.0
243.7372,32604,495956,0.000,0.000,0.0,0.000,0.000,0.0,0.000,0.000,0.0
243.7372,32605,495961,0.000,0.000,0.0,0.000,0.000,0.0,0.000,0.000,0.0
243.7372,32606,495966,0.000,0.000,0.0,0.000,0.000,0.0,0.000,0.000,0.0
243.7372,32607,495971,0.000,0.000,0.0,0.000,0.000,0.0,0.000,0.000,0.0
243.7372,32608,495976,0.000,0.000,0.0,0.000,0.000,0.0,0.000,0.000,0.0
243.7372,32609,495981,0.000,0.000,0.0,0.000,0.000,0.0,0.000,0.000,0.0
243.7372,32610,495986,0.000,0.000,0.0,0.000,0.000,0.0,0.000,0.000,0.0
243.7372,32611,495991,0.000,0.000,0.0,0.000,0.000,0.0,0.000,0.000,0.0
243.7372,32612,495996,0.000,0.000,0.0,0.000,0.000,0.0,0.000,0.000,0.0
243.7372,32613,496001,0.000,0.000,0.0,0.000,0.000,0.0,0.000,0.000,0.0
243.7372,32614,496006,0.000,0.000,0.0,0.000,0.000,0.0,0.000,0.000,0.0
243.7372,32615,496011,0.000,0.000,0.0,0.000,0.000,0.0,0.000,0.000,0.0
243.7372,32616,496016,0.000,0.000,0.0,0.000,0.000,0.0,0.000,0.000,0.0
243.7372,32617,496021,0.000,0.000,0.0,0.000,0.000,0.0,0.000,0.000,0.0
243.7485,32618,496026,0.000,0.000,0.0,0.000,0.000,0.0,0.000,0.000,0.0
243.7485,32619,496031,0.000,0.000,0.0,0.000,0.000,0.0,0.000,0.000,0.0
243.7485,32620,496036,0.000,0.000,0.0,0.000,0.000,0.0,0.000,0.000,0.0
243.7485,32621,496041,0.000,0.000,0.0,0.000,0.000,0.0,0.000,0.000,0.0
243.7485,32622,496046,0.000,0.000,0.0,0.000,0.000,0.0,0.000,0.000,0.0
243.7485,32623,496051,0.000,0.000,0.0,0.000,0.000,0.0,0.000,0.000,0.0
243.7485,32624,496056,0.000,0.000,0.0,0.000,0.000,0.0,0.000,0.000,0.0
243.7485,32625,496061,0.000,0.000,0.0,0.000,0.000,0.0,0.000,0.000,0.0
243.8719,32626,496066,0.000,0.000,0.0,0.000,0.000,0.0,0.000,0.000,0.0
243.8719,32627,496071,0.000,0.000,0.0,0.000,0.000,0.0,0.000,0.000,0.0
243.8719,32628,496076,0.000,0.000,0.0,0.000,0.000,0.0,0.000,0.000,0.0
243.8719,32629,496081,0.000,0.000,0.0,0.000,0.000,0.0,0.000,0.000,0.0
243.8719,32630,496086,0.000,0.000,0.0,0.000,0.000,0.0,0.000,0.000,0.0
243.8719,32631,496091,0.000,0.000,0.0,0.000,0.000,0.0,0.000,0.000,0.0
243.8719,32632,496096,0.000,0.000,0.0,0.000,0.000,0.0,0.000,0.000,0.0
243.8719,32633,496101,0.000,0.000,0.0,0.000,0.000,0.0,0.000,0.000,0.0
243.8719,32634,496106,0.000,0.000,0.0,0.000,0.000,0.0,0.000,0.000,0.0
243.8719,32635,496111,0.000,0.000,0.0,0.000,0.000,0.0,0.000,0.000,0.0
243.8719,32636,496116,0.000,0.000,0.0,0.000,0.000,0.0,0.000,0.000,0.0
243.8719,32637,496121,0.000,0.000,0.0,0.000,0.000,0.0,0.000,0.000,0.0
243.8719,32638,496126,0.000,0.000,0.0,0.000,0.000,0.0,0.000,0.000,0.0
243.8719,32639,496131,0.000,0.000,0.0,0.000,0.000,0.0,0.000,0.000,0.0
243.8719,32640,496136,0.000,0.000,0.0,0.000,0.000,0.0,0.000,0.000,0.0
243.8719,32641,496141,0.000,0.000,0.0,0.000,0.000,0.0,0.000,0.000,0.0
244.0291,32642,496146,0.000,0.000,0.0,0.000,0.000,0.0,0.000,0.000,0.0
244.0291,32643,496151,0.000,0.000,0.0,0.000,0.000,0.0,0.000,0.000,0.0
244.0291,32644,496156,0.000,0.000,0.0,0.000,0.000,0.0,0.000,0.000,0.0
244.0291,32645,496161,0.000,0.000,0.0,0.000,0.000,0.0,0.000,0.000,0.0
244.0291,32646,496166,0.000,0.000,0.0,0.000,0.000,0.0,0.000,0.000,0.0
244.0291,32647,496171,0.000,0.000,0.0,0.000,0.000,0.0,0.000,0.000,0.0
244.0291,32648,496176,0.000,0.000,0.0,0.000,0.000,0.0,0.000,0.000,0.0
244.0291,32649,496181,0.000,0.000,0.0,0.000,0.000,0.0,0.000,0.000,0.0
244.0291,32650,496186,0.000,0.000,0.0,0.000,0.000,0.0,0.000,0.000,0.0
244.0291,32651,496191,0.000,0.000,0.0,0.000,0.000,0.0,0.000,0.000,0.0
244.0291,32652,496196,0.000,0.000,0.0,0.000,0.000,0.0,0.000,0.000,0.0
244.0291,32653,496201,0.000,0.000,0.0,0.000,0.000,0.0,0.000,0.000,0.0
244.0291,32654,496206,0.000,0.000,0.0,0.000,0.000,0.0,0.000,0.000,0.0
244.0291,32655,496211,0.000,0.000,0.0,0.000,0.000,0.0,0.000,0.000,0.0
244.0291,32656,496216,0.000,0.000,0.0,0.000,0.000,0.0,0.000,0.000,0.0
244.0291,32657,496221,0.000,0.000,0.0,0.000,0.000,0.0,0.000,0.000,0.0
244.0291,32658,496226,0.000,0.000,0.0,0.000,0.000,0.0,0.000,0.000,0.0
244.0291,32659,496231,0.000,0.000,0.0,0.000,0.000,0.0,0.000,0.000,0.0
244.0291,32660,496236,0.000,0.000,0.0,0.000,0.000,0.0,0.000,0.000,0.0
244.0291,32661,496241,0.000,0.000,0.0,0.000,0.000,0.0,0.000,0.000,0.0
244.0291,32662,496246,0.000,0.000,0.0,0.000,0.000,0.0,0.000,0.000,0.0
244.0291,32663,496251,0.000,0.000,0.0,0.000,0.000,0.0,0.000,0.000,0.0
244.0291,32664,496256,0.000,0.000,0.0,0.000,0.000,0.0,0.000,0.000,0.0
244.0291,32665,496261,0.000,0.000,0.0,0.000,0.000,0.0,0.000,0.000,0.0
244.1276,32666,496266,0.000,0.000,0.0,0.000,0.000,0.0,0.000,0.000,0.0
244.1276,32667,496271,0.000,0.000,0.0,0.000,0.000,0.0,0.000,0.000,0.0
244.1276,32668,496276,0.000,0.000,0.0,0.000,0.000,0.0,0.000,0.000,0.0
244.1276,32669,496281,0.000,0.000,0.0,0.000,0.000,0.0,0.000,0.000,0.0
244.1276,32670,496286,0.000,0.000,0.0,0.000,0.000,0.0,0.000,0.000,0.0
244.1276,32671,496291,0.000,0.000,0.0,0.000,0.000,0.0,0.000,0.000,0.0
244.1276,32672,496296,0.000,0.000,0.0,0.000,0.000,0.0,0.000,0.000,0.0
244.1276,32673,496301,0.000,0.000,0.0,0.000,0.000,0.0,0.000,0.000,0.0
244.1276,32674,496306,0.000,0.000,0.0,0.000,0.000,0.0,0.000,0.000,0.0
244.1276,32675,496311,0.000,0.000,0.0,0.000,0.000,0.0,0.000,0.000,0.0
244.1276,32676,496316,0.000,0.000,0.0,0.000,0.000,0.0,0.000,0.000,0.0
244.1276,32677,496321,0.000,0.000,0.0,0.000,0.000,0.0,0.000,0.000,0.0
244.1276,32678,496326,0.000,0.000,0.0,0.000,0.000,0.0,0.000,0.000,0.0
244.1276,32679,496331,0.000,0.000,0.0,0.000,0.000,0.0,0.000,0.000,0.0
244.1276,32680,496336,0.000,0.000,0.0,0.000,0.000,0.0,0.000,0.000,0.0
244.1276,32681,496341,0.000,0.000,0.0,0.000,0.000,0.0,0.000,0.000,0.0
244.1276,32682,496369,0.000,0.000,0.0,0.000,0.000,0.0,0.000,0.000,0.0
244.1276,32683,496374,0.000,0.000,0.0,0.000,0.000,0.0,0.000,0.000,0.0
244.1276,32684,496379,0.000,0.000,0.0,0.000,0.000,0.0,0.000,0.000,0.0
244.1276,32685,496384,0.000,0.000,0.0,0.000,0.000,0.0,0.000,0.000,0.0
244.1276,32686,496389,0.000,0.000,0.0,0.000,0.000,0.0,0.000,0.000,0.0
244.1276,32687,496394,0.000,0.000,0.0,0.000,0.000,0.0,0.000,0.000,0.0
244.1276,32688,496399,0.000,0.000,0.0,0.000,0.000,0.0,0.000,0.000,0.0
244.1276,32689,496404,0.000,0.000,0.0,0.000,0.000,0.0,0.000,0.000,0.0
244.2347,32690,496409,0.000,0.000,0.0,0.000,0.000,0.0,0.000,0.000,0.0
244.2347,32691,496414,0.000,0.000,0.0,0.000,0.000,0.0,0.000,0.000,0.0
244.2347,32692,496419,0.000,0.000,0.0,0.000,0.000,0.0,0.000,0.000,0.0
244.2347,32693,496424,0.000,0.000,0.0,0.000,0.000,0.0,0.000,0.000,0.0
244.2347,32694,496429,0.000,0.000,0.0,0.000,0.000,0.0,0.000,0.000,0.0
244.2347,32695,496434,0.000,0.000,0.0,0.000,0.000,0.0,0.000,0.000,0.0
244.2347,32696,496439,0.000,0.000,0.0,0.000,0.000,0.0,0.000,0.000,0.0
244.2347,32697,496444,0.000,0.000,0.0,0.000,0.000,0.0,0.000,0.000,0.0
244.2347,32698,496449,0.000,0.000,0.0,0.000,0.000,0.0,0.000,0.000,0.0
244.2347,32699,496454,0.000,0.000,0.0,0.000,0.000,0.0,0.000,0.000,0.0
244.2347,32700,496459,0.000,0.000,0.0,0.000,0.000,0.0,0.000,0.000,0.0
244.2347,32701,496464,0.000,0.000,0.0,0.000,0.000,0.0,0.000,0.000,0.0
244.2347,32702,496469,0.000,0.000,0.0,0.000,0.000,0.0,0.000,0.000,0.0
244.2347,32703,496474,0.000,0.000,0.0,0.000,0.000,0.0,0.000,0.000,0.0
244.2347,32704,496479,0.000,0.000,0.0,0.000,0.000,0.0,0.000,0.000,0.0
244.2347,32705,496484,0.000,0.000,0.0,0.000,0.000,0.0,0.000,0.000,0.0
244.3409,32706,496489,0.000,0.000,0.0,0.000,0.000,0.0,0.000,0.000,0.0
244.3409,32707,496494,0.000,0.000,0.0,0.000,0.000,0.0,0.000,0.000,0.0
244.3409,32708,496499,0.000,0.000,0.0,0.000,0.000,0.0,0.000,0.000,0.0
244.3409,32709,496504,0.000,0.000,0.0,0.000,0.000,0.0,0.000,0.000,0.0
244.3409,32710,496509,0.000,0.000,0.0,0.000,0.000,0.0,0.000,0.000,0.0
244.3409,32711,496514,0.000,0.000,0.0,0.000,0.000,0.0,0.000,0.000,0.0
244.3409,32712,496519,0.000,0.000,0.0,0.000,0.000,0.0,0.000,0.000,0.0
244.3409,32713,496524,0.000,0.000,0.0,0.000,0.000,0.0,0.000,0.000,0.0
244.3409,32714,496529,0.000,0.000,0.0,0.000,0.000,0.0,0.000,0.000,0.0
244.3409,32715,496534,0.000,0.000,0.0,0.000,0.000,0.0,0.000,0.000,0.0
244.3409,32716,496539,0.000,0.000,0.0,0.000,0.000,0.0,0.000,0.000,0.0
244.3409,32717,496544,0.000,0.000,0.0,0.000,0.000,0.0,0.000,0.000,0.0
244.3409,32718,496549,0.000,0.000,0.0,0.000,0.000,0.0,0.000,0.000,0.0
244.3409,32719,496554,0.000,0.000,0.0,0.000,0.000,0.0,0.000,0.000,0.0
244.3409,32720,496559,0.000,0.000,0.0,0.000,0.000,0.0,0.000,0.000,0.0
244.3409,32721,496564,0.000,0.000,0.0,0.000,0.000,0.0,0.000,0.000,0.0
244.3409,32722,496569,0.000,0.000,0.0,0.000,0.000,0.0,0.000,0.000,0.0
244.3409,32723,496574,0.000,0.000,0.0,0.000,0.000,0.0,0.000,0.000,0.0
244.3409,32724,496579,0.000,0.000,0.0,0.000,0.000,0.0,0.000,0.000,0.0
244.3409,32725,496584,0.000,0.000,0.0,0.000,0.000,0.0,0.000,0.000,0.0
244.3409,32726,496589,0.000,0.000,0.0,0.000,0.000,0.0,0.000,0.000,0.0
244.3409,32727,496594,0.000,0.000,0.0,0.000,0.000,0.0,0.000,0.000,0.0
244.3409,32728,496599,0.000,0.000,0.0,0.000,0.000,0.0,0.000,0.000,0.0
244.3409,32729,496604,0.000,0.000,0.0,0.000,0.000,0.0,0.000,0.000,0.0
244.4332,32730,496609,0.000,0.000,0.0,0.000,0.000,0.0,0.000,0.000,0.0
244.4332,32731,496614,0.000,0.000,0.0,0.000,0.000,0.0,0.000,0.000,0.0
244.4332,32732,496619,0.000,0.000,0.0,0.000,0.000,0.0,0.000,0.000,0.0
244.4332,32733,496624,0.000,0.000,0.0,0.000,0.000,0.0,0.000,0.000,0.0
244.4332,32734,496629,0.000,0.000,0.0,0.000,0.000,0.0,0.000,0.000,0.0
244.4332,32735,496634,0.000,0.000,0.0,0.000,0.000,0.0,0.000,0.000,0.0
244.4332,32736,496639,0.000,0.000,0.0,0.000,0.000,0.0,0.000,0.000,0.0
244.4332,32737,496644,0.000,0.000,0.0,0.000,0.000,0.0,0.000,0.000,0.0
244.4332,32738,496649,0.000,0.000,0.0,0.000,0.000,0.0,0.000,0.000,0.0
244.4332,32739,496654,0.000,0.000,0.0,0.000,0.000,0.0,0.000,0.000,0.0
244.4332,32740,496659,0.000,0.000,0.0,0.000,0.000,0.0,0.000,0.000,0.0
244.4332,32741,496664,0.000,0.000,0.0,0.000,0.000,0.0,0.000,0.000,0.0
244.4332,32742,496669,0.000,0.000,0.0,0.000,0.000,0.0,0.000,0.000,0.0
244.4332,32743,496674,0.000,0.000,0.0,0.000,0.000,0.0,0.000,0.000,0.0
244.4332,32744,496679,0.000,0.000,0.0,0.000,0.000,0.0,0.000,0.000,0.0
244.4332,32745,496684,0.000,0.000,0.0,0.000,0.000,0.0,0.000,0.000,0.0
244.5483,32746,496689,0.000,0.000,0.0,0.000,0.000,0.0,0.000,0.000,0.0
244.5483,32747,496694,0.000,0.000,0.0,0.000,0.000,0.0,0.000,0.000,0.0
244.5483,32748,496699,0.000,0.000,0.0,0.000,0.000,0.0,0.000,0.000,0.0
244.5483,32749,496704,0.000,0.000,0.0,0.000,0.000,0.0,0.000,0.000,0.0
244.5483,32750,496709,0.000,0.000,0.0,0.000,0.000,0.0,0.000,0.000,0.0
244.5483,32751,496714,0.000,0.000,0.0,0.000,0.000,0.0,0.000,0.000,0.0
244.5483,32752,496719,0.000,0.000,0.0,0.000,0.000,0.0,0.000,0.000,0.0
244.5483,32753,496724,0.000,0.000,0.0,0.000,0.000,0.0,0.000,0.000,0.0
244.5483,32754,496729,0.000,0.000,0.0,0.000,0.000,0.0,0.000,0.000,0.0
244.5483,32755,496734,0.000,0.000,0.0,0.000,0.000,0.0,0.000,0.000,0.0
244.5483,32756,496739,0.000,0.000,0.0,0.000,0.000,0.0,0.000,0.000,0.0
244.5483,32757,496744,0.000,0.000,0.0,0.000,0.000,0.0,0.000,0.000,0.0
244.5483,32758,496749,0.000,0.000,0.0,0.000,0.000,0.0,0.000,0.000,0.0
244.5483,32759,496754,0.000,0.000,0.0,0.000,0.000,0.0,0.000,0.000,0.0
244.5483,32760,496759,0.000,0.000,0.0,0.000,0.000,0.0,0.000,0.000,0.0
244.5483,32761,496764,0.000,0.000,0.0,0.000,0.000,0.0,0.000,0.000,0.0
244.5483,32762,496769,0.000,0.000,0.0,0.000,0.000,0.0,0.000,0.000,0.0
244.5483,32763,496774,0.000,0.000,0.0,0.000,0.000,0.0,0.000,0.000,0.0
244.5483,32764,496779,0.000,0.000,0.0,0.000,0.000,0.0,0.000,0.000,0.0
244.5483,32765,496784,0.000,0.000,0.0,0.000,0.000,0.0,0.000,0.000,0.0
244.5483,32766,496789,0.000,0.000,0.0,0.000,0.000,0.0,0.000,0.000,0.0
244.5483,32767,496794,0.000,0.000,0.0,0.000,0.000,0.0,0.000,0.000,0.0
244.5483,32768,496799,0.000,0.000,0.0,0.000,0.000,0.0,0.000,0.000,0.0
244.5483,32769,496804,0.000,0.000,0.0,0.000,0.000,0.0,0.000,0.000,0.0
244.6998,32770,496809,0.000,0.000,0.0,0.000,0.000,0.0,0.000,0.000,0.0
244.6998,32771,496814,0.000,0.000,0.0,0.000,0.000,0.0,0.000,0.000,0.0
244.6998,32772,496819,0.000,0.000,0.0,0.000,0.000,0.0,0.000,0.000,0.0
244.6998,32773,496824,0.000,0.000,0.0,0.000,0.000,0.0,0.000,0.000,0.0
244.6998,32774,496829,0.000,0.000,0.0,0.000,0.000,0.0,0.000,0.000,0.0
244.6998,32775,496834,0.000,0.000,0.0,0.000,0.000,0.0,0.000,0.000,0.0
244.6998,32776,496839,0.000,0.000,0.0,0.000,0.000,0.0,0.000,0.000,0.0
244.6998,32777,496844,0.000,0.000,0.0,0.000,0.000,0.0,0.000,0.000,0.0
244.6998,32778,496849,0.000,0.000,0.0,0.000,0.000,0.0,0.000,0.000,0.0
244.6998,32779,496854,0.000,0.000,0.0,0.000,0.000,0.0,0.000,0.000,0.0
244.6998,32780,496859,0.000,0.000,0.0,0.000,0.000,0.0,0.000,0.000,0.0
244.6998,32781,496864,0.000,0.000,0.0,0.000,0.000,0.0,0.000,0.000,0.0
244.6998,32782,496869,0.000,0.000,0.0,0.000,0.000,0.0,0.000,0.000,0.0
244.6998,32783,496874,0.000,0.000,0.0,0.000,0.000,0.0,0.000,0.000,0.0
244.6998,32784,496879,0.000,0.000,0.0,0.000,0.000,0.0,0.000,0.000,0.0
244.6998,32785,496884,0.000,0.000,0.0,0.000,0.000,0.0,0.000,0.000,0.0
244.7005,32786,496889,0.000,0.000,0.0,0.000,0.000,0.0,0.000,0.000,0.0
244.7005,32787,496894,0.000,0.000,0.0,0.000,0.000,0.0,0.000,0.000,0.0
244.7005,32788,496899,0.000,0.000,0.0,0.000,0.000,0.0,0.000,0.000,0.0
244.7005,32789,496904,0.000,0.000,0.0,0.000,0.000,0.0,0.000,0.000,0.0
244.7005,32790,496909,0.000,0.000,0.0,0.000,0.000,0.0,0.000,0.000,0.0
244.7005,32791,496914,0.000,0.000,0.0,0.000,0.000,0.0,0.000,0.000,0.0
244.7005,32792,496919,0.000,0.000,0.0,0.000,0.000,0.0,0.000,0.000,0.0
244.7005,32793,496924,0.000,0.000,0.0,0.000,0.000,0.0,0.000,0.000,0.0
244.7509,32794,496929,0.000,0.000,0.0,0.000,0.000,0.0,0.000,0.000,0.0
244.7509,32795,496934,0.000,0.000,0.0,0.000,0.000,0.0,0.000,0.000,0.0
244.7509,32796,496939,0.000,0.000,0.0,0.000,0.000,0.0,0.000,0.000,0.0
244.7509,32797,496944,0.000,0.000,0.0,0.000,0.000,0.0,0.000,0.000,0.0
244.7509,32798,496949,0.000,0.000,0.0,0.000,0.000,0.0,0.000,0.000,0.0
244.7509,32799,496954,0.000,0.000,0.0,0.000,0.000,0.0,0.000,0.000,0.0
244.7509,32800,496959,0.000,0.000,0.0,0.000,0.000,0.0,0.000,0.000,0.0
244.7509,32801,496964,0.000,0.000,0.0,0.000,0.000,0.0,0.000,0.000,0.0
244.7509,32802,496969,0.000,0.000,0.0,0.000,0.000,0.0,0.000,0.000,0.0
244.7509,32803,496974,0.000,0.000,0.0,0.000,0.000,0.0,0.000,0.000,0.0
244.7509,32804,496979,0.000,0.000,0.0,0.000,0.000,0.0,0.000,0.000,0.0
244.7509,32805,496984,0.000,0.000,0.0,0.000,0.000,0.0,0.000,0.000,0.0
244.7509,32806,496989,0.000,0.000,0.0,0.000,0.000,0.0,0.000,0.000,0.0
244.7509,32807,496994,0.000,0.000,0.0,0.000,0.000,0.0,0.000,0.000,0.0
244.7509,32808,496999,0.000,0.000,0.0,0.000,0.000,0.0,0.000,0.000,0.0
244.7509,32809,497004,0.000,0.000,0.0,0.000,0.000,0.0,0.000,0.000,0.0
244.7639,32810,497009,0.000,0.000,0.0,0.000,0.000,0.0,0.000,0.000,0.0
244.7639,32811,497014,0.000,0.000,0.0,0.000,0.000,0.0,0.000,0.000,0.0
244.7639,32812,497019,0.000,0.000,0.0,0.000,0.000,0.0,0.000,0.000,0.0
244.7639,32813,497024,0.000,0.000,0.0,0.000,0.000,0.0,0.000,0.000,0.0
244.7639,32814,497029,0.000,0.000,0.0,0.000,0.000,0.0,0.000,0.000,0.0
244.7639,32815,497034,0.000,0.000,0.0,0.000,0.000,0.0,0.000,0.000,0.0
244.7639,32816,497039,0.000,0.000,0.0,0.000,0.000,0.0,0.000,0.000,0.0
244.7639,32817,497044,0.000,0.000,0.0,0.000,0.000,0.0,0.000,0.000,0.0
244.7639,32818,497049,0.000,0.000,0.0,0.000,0.000,0.0,0.000,0.000,0.0
244.7639,32819,497054,0.000,0.000,0.0,0.000,0.000,0.0,0.000,0.000,0.0
244.7639,32820,497059,0.000,0.000,0.0,0.000,0.000,0.0,0.000,0.000,0.0
244.7639,32821,497064,0.000,0.000,0.0,0.000,0.000,0.0,0.000,0.000,0.0
244.7639,32822,497069,0.000,0.000,0.0,0.000,0.000,0.0,0.000,0.000,0.0
244.7639,32823,497074,0.000,0.000,0.0,0.000,0.000,0.0,0.000,0.000,0.0
244.7639,32824,497079,0.000,0.000,0.0,0.000,0.000,0.0,0.000,0.000,0.0
244.7639,32825,497084,0.000,0.000,0.0,0.000,0.000,0.0,0.000,0.000,0.0
244.8945,32826,497089,0.000,0.000,0.0,0.000,0.000,0.0,0.000,0.000,0.0
244.8945,32827,497094,0.000,0.000,0.0,0.000,0.000,0.0,0.000,0.000,0.0
244.8945,32828,497099,0.000,0.000,0.0,0.000,0.000,0.0,0.000,0.000,0.0
244.8945,32829,497104,0.000,0.000,0.0,0.000,0.000,0.0,0.000,0.000,0.0
244.8945,32830,497109,0.000,0.000,0.0,0.000,0.000,0.0,0.000,0.000,0.0
244.8945,32831,497114,0.000,0.000,0.0,0.000,0.000,0.0,0.000,0.000,0.0
244.8945,32832,497119,0.000,0.000,0.0,0.000,0.000,0.0,0.000,0.000,0.0
244.8945,32833,497124,0.000,0.000,0.0,0.000,0.000,0.0,0.000,0.000,0.0
244.8945,32834,497129,0.000,0.000,0.0,0.000,0.000,0.0,0.000,0.000,0.0
244.8945,32835,497134,0.000,0.000,0.0,0.000,0.000,0.0,0.000,0.000,0.0
244.8945,32836,497139,0.000,0.000,0.0,0.000,0.000,0.0,0.000,0.000,0.0
244.8945,32837,497144,0.000,0.000,0.0,0.000,0.000,0.0,0.000,0.000,0.0
244.8945,32838,497149,0.000,0.000,0.0,0.000,0.000,0.0,0.000,0.000,0.0
244.8945,32839,497154,0.000,0.000,0.0,0.000,0.000,0.0,0.000,0.000,0.0
244.8945,32840,497159,0.000,0.000,0.0,0.000,0.000,0.0,0.000,0.000,0.0
244.8945,32841,497164,0.000,0.000,0.0,0.000,0.000,0.0,0.000,0.000,0.0
244.9542,32842,497169,0.000,0.000,0.0,0.000,0.000,0.0,0.000,0.000,0.0
244.9542,32843,497174,0.000,0.000,0.0,0.000,0.000,0.0,0.000,0.000,0.0
244.9542,32844,497179,0.000,0.000,0.0,0.000,0.000,0.0,0.000,0.000,0.0
244.9542,32845,497184,0.000,0.000,0.0,0.000,0.000,0.0,0.000,0.000,0.0
244.9542,32846,497189,0.000,0.000,0.0,0.000,0.000,0.0,0.000,0.000,0.0
244.9542,32847,497194,0.000,0.000,0.0,0.000,0.000,0.0,0.000,0.000,0.0
244.9542,32848,497199,0.000,0.000,0.0,0.000,0.000,0.0,0.000,0.000,0.0
244.9542,32849,497204,0.000,0.000,0.0,0.000,0.000,0.0,0.000,0.000,0.0
244.9542,32850,497209,0.000,0.000,0.0,0.000,0.000,0.0,0.000,0.000,0.0
244.9542,32851,497214,0.000,0.000,0.0,0.000,0.000,0.0,0.000,0.000,0.0
244.9542,32852,497219,0.000,0.000,0.0,0.000,0.000,0.0,0.000,0.000,0.0
244.9542,32853,497224,0.000,0.000,0.0,0.000,0.000,0.0,0.000,0.000,0.0
244.9542,32854,497229,0.000,0.000,0.0,0.000,0.000,0.0,0.000,0.000,0.0
244.9542,32855,497234,0.000,0.000,0.0,0.000,0.000,0.0,0.000,0.000,0.0
244.9542,32856,497239,0.000,0.000,0.0,0.000,0.000,0.0,0.000,0.000,0.0
244.9542,32857,497244,0.000,0.000,0.0,0.000,0.000,0.0,0.000,0.000,0.0
245.0435,32858,497249,0.000,0.000,0.0,0.000,0.000,0.0,0.000,0.000,0.0
245.0435,32859,497254,0.000,0.000,0.0,0.000,0.000,0.0,0.000,0.000,0.0
245.0435,32860,497259,0.000,0.000,0.0,0.000,0.000,0.0,0.000,0.000,0.0
245.0435,32861,497264,0.000,0.000,0.0,0.000,0.000,0.0,0.000,0.000,0.0
245.0435,32862,497269,0.000,0.000,0.0,0.000,0.000,0.0,0.000,0.000,0.0
245.0435,32863,497274,0.000,0.000,0.0,0.000,0.000,0.0,0.000,0.000,0.0
245.0435,32864,497279,0.000,0.000,0.0,0.000,0.000,0.0,0.000,0.000,0.0
245.0435,32865,497284,0.000,0.000,0.0,0.000,0.000,0.0,0.000,0.000,0.0
245.0435,32866,497289,0.000,0.000,0.0,0.000,0.000,0.0,0.000,0.000,0.0
245.0435,32867,497294,0.000,0.000,0.0,0.000,0.000,0.0,0.000,0.000,0.0
245.0435,32868,497299,0.000,0.000,0.0,0.000,0.000,0.0,0.000,0.000,0.0
245.0435,32869,497304,0.000,0.000,0.0,0.000,0.000,0.0,0.000,0.000,0.0
245.0435,32870,497309,0.000,0.000,0.0,0.000,0.000,0.0,0.000,0.000,0.0
245.0435,32871,497314,0.000,0.000,0.0,0.000,0.000,0.0,0.000,0.000,0.0
245.0435,32872,497319,0.000,0.000,0.0,0.000,0.000,0.0,0.000,0.000,0.0
245.0435,32873,497324,0.000,0.000,0.0,0.000,0.000,0.0,0.000,0.000,0.0
245.1525,32874,497329,0.000,0.000,0.0,0.000,0.000,0.0,0.000,0.000,0.0
245.1525,32875,497334,0.000,0.000,0.0,0.000,0.000,0.0,0.000,0.000,0.0
245.1525,32876,497339,0.000,0.000,0.0,0.000,0.000,0.0,0.000,0.000,0.0
245.1525,32877,497344,0.000,0.000,0.0,0.000,0.000,0.0,0.000,0.000,0.0
245.1525,32878,497349,0.000,0.000,0.0,0.000,0.000,0.0,0.000,0.000,0.0
245.1525,32879,497354,0.000,0.000,0.0,0.000,0.000,0.0,0.000,0.000,0.0
245.1525,32880,497359,0.000,0.000,0.0,0.000,0.000,0.0,0.000,0.000,0.0
245.1525,32881,497364,0.000,0.000,0.0,0.000,0.000,0.0,0.000,0.000,0.0
245.1525,32882,497369,0.000,0.000,0.0,0.000,0.000,0.0,0.000,0.000,0.0
245.1525,32883,497374,0.000,0.000,0.0,0.000,0.000,0.0,0.000,0.000,0.0
245.1525,32884,497379,0.000,0.000,0.0,0.000,0.000,0.0,0.000,0.000,0.0
245.1525,32885,497384,0.000,0.000,0.0,0.000,0.000,0.0,0.000,0.000,0.0
245.1525,32886,497389,0.000,0.000,0.0,0.000,0.000,0.0,0.000,0.000,0.0
245.1525,32887,497394,0.000,0.000,0.0,0.000,0.000,0.0,0.000,0.000,0.0
245.1525,32888,497399,0.000,0.000,0.0,0.000,0.000,0.0,0.000,0.000,0.0
245.1525,32889,497404,0.000,0.000,0.0,0.000,0.000,0.0,0.000,0.000,0.0
245.3042,32890,497409,0.000,0.000,0.0,0.000,0.000,0.0,0.000,0.000,0.0
245.3042,32891,497414,0.000,0.000,0.0,0.000,0.000,0.0,0.000,0.000,0.0
245.3042,32892,497419,0.000,0.000,0.0,0.000,0.000,0.0,0.000,0.000,0.0
245.3042,32893,497424,0.000,0.000,0.0,0.000,0.000,0.0,0.000,0.000,0.0
245.3042,32894,497429,0.000,0.000,0.0,0.000,0.000,0.0,0.000,0.000,0.0
245.3042,32895,497434,0.000,0.000,0.0,0.000,0.000,0.0,0.000,0.000,0.0
245.3042,32896,497439,0.000,0.000,0.0,0.000,0.000,0.0,0.000,0.000,0.0
245.3042,32897,497444,0.000,0.000,0.0,0.000,0.000,0.0,0.000,0.000,0.0
245.3042,32898,497449,0.000,0.000,0.0,0.000,0.000,0.0,0.000,0.000,0.0
245.3042,32899,497454,0.000,0.000,0.0,0.000,0.000,0.0,0.000,0.000,0.0
245.3042,32900,497459,0.000,0.000,0.0,0.000,0.000,0.0,0.000,0.000,0.0
245.3042,32901,497464,0.000,0.000,0.0,0.000,0.000,0.0,0.000,0.000,0.0
245.3042,32902,497469,0.000,0.000,0.0,0.000,0.000,0.0,0.000,0.000,0.0
245.3042,32903,497474,0.000,0.000,0.0,0.000,0.000,0.0,0.000,0.000,0.0
245.3042,32904,497479,0.000,0.000,0.0,0.000,0.000,0.0,0.000,0.000,0.0
245.3042,32905,497484,0.000,0.000,0.0,0.000,0.000,0.0,0.000,0.000,0.0
245.3042,32906,497489,0.000,0.000,0.0,0.000,0.000,0.0,0.000,0.000,0.0
245.3042,32907,497494,0.000,0.000,0.0,0.000,0.000,0.0,0.000,0.000,0.0
245.3042,32908,497499,0.000,0.000,0.0,0.000,0.000,0.0,0.000,0.000,0.0
245.3042,32909,497504,0.000,0.000,0.0,0.000,0.000,0.0,0.000,0.000,0.0
245.3042,32910,497509,0.000,0.000,0.0,0.000,0.000,0.0,0.000,0.000,0.0
245.3042,32911,497514,0.000,0.000,0.0,0.000,0.000,0.0,0.000,0.000,0.0
245.3042,32912,497519,0.000,0.000,0.0,0.000,0.000,0.0,0.000,0.000,0.0
245.3042,32913,497524,0.000,0.000,0.0,0.000,0.000,0.0,0.000,0.000,0.0
245.3687,32914,497529,0.000,0.000,0.0,0.000,0.000,0.0,0.000,0.000,0.0
245.3687,32915,497534,0.000,0.000,0.0,0.000,0.000,0.0,0.000,0.000,0.0
245.3687,32916,497539,0.000,0.000,0.0,0.000,0.000,0.0,0.000,0.000,0.0
245.3687,32917,497544,0.000,0.000,0.0,0.000,0.000,0.0,0.000,0.000,0.0
245.3687,32918,497549,0.000,0.000,0.0,0.000,0.000,0.0,0.000,0.000,0.0
245.3687,32919,497554,0.000,0.000,0.0,0.000,0.000,0.0,0.000,0.000,0.0
245.3687,32920,497559,0.000,0.000,0.0,0.000,0.000,0.0,0.000,0.000,0.0
245.3687,32921,497564,0.000,0.000,0.0,0.000,0.000,0.0,0.000,0.000,0.0
245.3687,32922,497569,0.000,0.000,0.0,0.000,0.000,0.0,0.000,0.000,0.0
245.3687,32923,497574,0.000,0.000,0.0,0.000,0.000,0.0,0.000,0.000,0.0
245.3687,32924,497579,0.000,0.000,0.0,0.000,0.000,0.0,0.000,0.000,0.0
245.3687,32925,497584,0.000,0.000,0.0,0.000,0.000,0.0,0.000,0.000,0.0
245.3687,32926,497589,0.000,0.000,0.0,0.000,0.000,0.0,0.000,0.000,0.0
245.3687,32927,497594,0.000,0.000,0.0,0.000,0.000,0.0,0.000,0.000,0.0
245.3687,32928,497599,0.000,0.000,0.0,0.000,0.000,0.0,0.000,0.000,0.0
245.3687,32929,497604,0.000,0.000,0.0,0.000,0.000,0.0,0.000,0.000,0.0
245.4600,32930,497609,0.000,0.000,0.0,0.000,0.000,0.0,0.000,0.000,0.0
245.4600,32931,497614,0.000,0.000,0.0,0.000,0.000,0.0,0.000,0.000,0.0
245.4600,32932,497619,0.000,0.000,0.0,0.000,0.000,0.0,0.000,0.000,0.0
245.4600,32933,497624,0.000,0.000,0.0,0.000,0.000,0.0,0.000,0.000,0.0
245.4600,32934,497629,0.000,0.000,0.0,0.000,0.000,0.0,0.000,0.000,0.0
245.4600,32935,497634,0.000,0.000,0.0,0.000,0.000,0.0,0.000,0.000,0.0
245.4600,32936,497639,0.000,0.000,0.0,0.000,0.000,0.0,0.000,0.000,0.0
245.4600,32937,497644,0.000,0.000,0.0,0.000,0.000,0.0,0.000,0.000,0.0
245.4600,32938,497649,0.000,0.000,0.0,0.000,0.000,0.0,0.000,0.000,0.0
245.4600,32939,497654,0.000,0.000,0.0,0.000,0.000,0.0,0.000,0.000,0.0
245.4600,32940,497659,0.000,0.000,0.0,0.000,0.000,0.0,0.000,0.000,0.0
245.4600,32941,497664,0.000,0.000,0.0,0.000,0.000,0.0,0.000,0.000,0.0
245.4600,32942,497669,0.000,0.000,0.0,0.000,0.000,0.0,0.000,0.000,0.0
245.4600,32943,497674,0.000,0.000,0.0,0.000,0.000,0.0,0.000,0.000,0.0
245.4600,32944,497679,0.000,0.000,0.0,0.000,0.000,0.0,0.000,0.000,0.0
245.4600,32945,497684,0.000,0.000,0.0,0.000,0.000,0.0,0.000,0.000,0.0
245.4600,32946,497689,0.000,0.000,0.0,0.000,0.000,0.0,0.000,0.000,0.0
245.4600,32947,497694,0.000,0.000,0.0,0.000,0.000,0.0,0.000,0.000,0.0
245.4600,32948,497699,0.000,0.000,0.0,0.000,0.000,0.0,0.000,0.000,0.0
245.4600,32949,497704,0.000,0.000,0.0,0.000,0.000,0.0,0.000,0.000,0.0
245.4600,32950,497709,0.000,0.000,0.0,0.000,0.000,0.0,0.000,0.000,0.0
245.4600,32951,497714,0.000,0.000,0.0,0.000,0.000,0.0,0.000,0.000,0.0
245.4600,32952,497719,0.000,0.000,0.0,0.000,0.000,0.0,0.000,0.000,0.0
245.4600,32953,497724,0.000,0.000,0.0,0.000,0.000,0.0,0.000,0.000,0.0
245.5304,32954,497729,0.000,0.000,0.0,0.000,0.000,0.0,0.000,0.000,0.0
245.5304,32955,497734,0.000,0.000,0.0,0.000,0.000,0.0,0.000,0.000,0.0
245.5304,32956,497739,0.000,0.000,0.0,0.000,0.000,0.0,0.000,0.000,0.0
245.5304,32957,497744,0.000,0.000,0.0,0.000,0.000,0.0,0.000,0.000,0.0
245.5304,32958,497749,0.000,0.000,0.0,0.000,0.000,0.0,0.000,0.000,0.0
245.5304,32959,497754,0.000,0.000,0.0,0.000,0.000,0.0,0.000,0.000,0.0
245.5304,32960,497759,0.000,0.000,0.0,0.000,0.000,0.0,0.000,0.000,0.0
245.5304,32961,497764,0.000,0.000,0.0,0.000,0.000,0.0,0.000,0.000,0.0
245.5313,32962,497769,0.000,0.000,0.0,0.000,0.000,0.0,0.000,0.000,0.0
245.5313,32963,497774,0.000,0.000,0.0,0.000,0.000,0.0,0.000,0.000,0.0
245.5313,32964,497779,0.000,0.000,0.0,0.000,0.000,0.0,0.000,0.000,0.0
245.5313,32965,497784,0.000,0.000,0.0,0.000,0.000,0.0,0.000,0.000,0.0
245.5313,32966,497789,0.000,0.000,0.0,0.000,0.000,0.0,0.000,0.000,0.0
245.5313,32967,497794,0.000,0.000,0.0,0.000,0.000,0.0,0.000,0.000,0.0
245.5313,32968,497799,0.000,0.000,0.0,0.000,0.000,0.0,0.000,0.000,0.0
245.5313,32969,497804,0.000,0.000,0.0,0.000,0.000,0.0,0.000,0.000,0.0
245.6561,32970,497809,0.000,0.000,0.0,0.000,0.000,0.0,0.000,0.000,0.0
245.6561,32971,497814,0.000,0.000,0.0,0.000,0.000,0.0,0.000,0.000,0.0
245.6561,32972,497819,0.000,0.000,0.0,0.000,0.000,0.0,0.000,0.000,0.0
245.6561,32973,497824,0.000,0.000,0.0,0.000,0.000,0.0,0.000,0.000,0.0
245.6561,32974,497829,0.000,0.000,0.0,0.000,0.000,0.0,0.000,0.000,0.0
245.6561,32975,497834,0.000,0.000,0.0,0.000,0.000,0.0,0.000,0.000,0.0
245.6561,32976,497839,0.000,0.000,0.0,0.000,0.000,0.0,0.000,0.000,0.0
245.6561,32977,497844,0.000,0.000,0.0,0.000,0.000,0.0,0.000,0.000,0.0
245.6561,32978,497849,0.000,0.000,0.0,0.000,0.000,0.0,0.000,0.000,0.0
245.6561,32979,497854,0.000,0.000,0.0,0.000,0.000,0.0,0.000,0.000,0.0
245.6561,32980,497859,0.000,0.000,0.0,0.000,0.000,0.0,0.000,0.000,0.0
245.6561,32981,497864,0.000,0.000,0.0,0.000,0.000,0.0,0.000,0.000,0.0
245.6561,32982,497869,0.000,0.000,0.0,0.000,0.000,0.0,0.000,0.000,0.0
245.6561,32983,497874,0.000,0.000,0.0,0.000,0.000,0.0,0.000,0.000,0.0
245.6561,32984,497879,0.000,0.000,0.0,0.000,0.000,0.0,0.000,0.000,0.0
245.6561,32985,497884,0.000,0.000,0.0,0.000,0.000,0.0,0.000,0.000,0.0
245.7213,32986,497889,0.000,0.000,0.0,0.000,0.000,0.0,0.000,0.000,0.0
245.7213,32987,497894,0.000,0.000,0.0,0.000,0.000,0.0,0.000,0.000,0.0
245.7213,32988,497899,0.000,0.000,0.0,0.000,0.000,0.0,0.000,0.000,0.0
245.7213,32989,497904,0.000,0.000,0.0,0.000,0.000,0.0,0.000,0.000,0.0
245.7213,32990,497909,0.000,0.000,0.0,0.000,0.000,0.0,0.000,0.000,0.0
245.7213,32991,497914,0.000,0.000,0.0,0.000,0.000,0.0,0.000,0.000,0.0
245.7213,32992,497919,0.000,0.000,0.0,0.000,0.000,0.0,0.000,0.000,0.0
245.7213,32993,497924,0.000,0.000,0.0,0.000,0.000,0.0,0.000,0.000,0.0
245.7213,32994,497929,0.000,0.000,0.0,0.000,0.000,0.0,0.000,0.000,0.0
245.7213,32995,497934,0.000,0.000,0.0,0.000,0.000,0.0,0.000,0.000,0.0
245.7213,32996,497939,0.000,0.000,0.0,0.000,0.000,0.0,0.000,0.000,0.0
245.7213,32997,497944,0.000,0.000,0.0,0.000,0.000,0.0,0.000,0.000,0.0
245.7213,32998,497949,0.000,0.000,0.0,0.000,0.000,0.0,0.000,0.000,0.0
245.7213,32999,497954,0.000,0.000,0.0,0.000,0.000,0.0,0.000,0.000,0.0
245.7213,33000,497959,0.000,0.000,0.0,0.000,0.000,0.0,0.000,0.000,0.0
245.7213,33001,497964,0.000,0.000,0.0,0.000,0.000,0.0,0.000,0.000,0.0
245.7213,33002,497969,0.000,0.000,0.0,0.000,0.000,0.0,0.000,0.000,0.0
245.7213,33003,497974,0.000,0.000,0.0,0.000,0.000,0.0,0.000,0.000,0.0
245.7213,33004,497979,0.000,0.000,0.0,0.000,0.000,0.0,0.000,0.000,0.0
245.7213,33005,497984,0.000,0.000,0.0,0.000,0.000,0.0,0.000,0.000,0.0
245.7213,33006,497989,0.000,0.000,0.0,0.000,0.000,0.0,0.000,0.000,0.0
245.7213,33007,497994,0.000,0.000,0.0,0.000,0.000,0.0,0.000,0.000,0.0
245.7213,33008,497999,0.000,0.000,0.0,0.000,0.000,0.0,0.000,0.000,0.0
245.7213,33009,498004,0.000,0.000,0.0,0.000,0.000,0.0,0.000,0.000,0.0
245.8447,33010,498009,0.000,0.000,0.0,0.000,0.000,0.0,0.000,0.000,0.0
245.8447,33011,498014,0.000,0.000,0.0,0.000,0.000,0.0,0.000,0.000,0.0
245.8447,33012,498019,0.000,0.000,0.0,0.000,0.000,0.0,0.000,0.000,0.0
245.8447,33013,498024,0.000,0.000,0.0,0.000,0.000,0.0,0.000,0.000,0.0
245.8447,33014,498029,0.000,0.000,0.0,0.000,0.000,0.0,0.000,0.000,0.0
245.8447,33015,498034,0.000,0.000,0.0,0.000,0.000,0.0,0.000,0.000,0.0
245.8447,33016,498039,0.000,0.000,0.0,0.000,0.000,0.0,0.000,0.000,0.0
245.8447,33017,498044,0.000,0.000,0.0,0.000,0.000,0.0,0.000,0.000,0.0
245.8447,33018,498049,0.000,0.000,0.0,0.000,0.000,0.0,0.000,0.000,0.0
245.8447,33019,498054,0.000,0.000,0.0,0.000,0.000,0.0,0.000,0.000,0.0
245.8447,33020,498059,0.000,0.000,0.0,0.000,0.000,0.0,0.000,0.000,0.0
245.8447,33021,498064,0.000,0.000,0.0,0.000,0.000,0.0,0.000,0.000,0.0
245.8447,33022,498069,0.000,0.000,0.0,0.000,0.000,0.0,0.000,0.000,0.0
245.8447,33023,498074,0.000,0.000,0.0,0.000,0.000,0.0,0.000,0.000,0.0
245.8447,33024,498079,0.000,0.000,0.0,0.000,0.000,0.0,0.000,0.000,0.0
245.8447,33025,498084,0.000,0.000,0.0,0.000,0.000,0.0,0.000,0.000,0.0
245.8819,33026,498089,0.000,0.000,0.0,0.000,0.000,0.0,0.000,0.000,0.0
245.8819,33027,498094,0.000,0.000,0.0,0.000,0.000,0.0,0.000,0.000,0.0
245.8819,33028,498099,0.000,0.000,0.0,0.000,0.000,0.0,0.000,0.000,0.0
245.8819,33029,498104,0.000,0.000,0.0,0.000,0.000,0.0,0.000,0.000,0.0
245.8819,33030,498109,0.000,0.000,0.0,0.000,0.000,0.0,0.000,0.000,0.0
245.8819,33031,498114,0.000,0.000,0.0,0.000,0.000,0.0,0.000,0.000,0.0
245.8819,33032,498119,0.000,0.000,0.0,0.000,0.000,0.0,0.000,0.000,0.0
245.8819,33033,498124,0.000,0.000,0.0,0.000,0.000,0.0,0.000,0.000,0.0
245.8819,33034,498129,0.000,0.000,0.0,0.000,0.000,0.0,0.000,0.000,0.0
245.8819,33035,498134,0.000,0.000,0.0,0.000,0.000,0.0,0.000,0.000,0.0
245.8819,33036,498139,0.000,0.000,0.0,0.000,0.000,0.0,0.000,0.000,0.0
245.8819,33037,498144,0.000,0.000,0.0,0.000,0.000,0.0,0.000,0.000,0.0
245.8819,33038,498149,0.000,0.000,0.0,0.000,0.000,0.0,0.000,0.000,0.0
245.8819,33039,498154,0.000,0.000,0.0,0.000,0.000,0.0,0.000,0.000,0.0
245.8819,33040,498159,0.000,0.000,0.0,0.000,0.000,0.0,0.000,0.000,0.0
245.8819,33041,498164,0.000,0.000,0.0,0.000,0.000,0.0,0.000,0.000,0.0
245.8916,33042,498169,0.000,0.000,0.0,0.000,0.000,0.0,0.000,0.000,0.0
245.8916,33043,498174,0.000,0.000,0.0,0.000,0.000,0.0,0.000,0.000,0.0
245.8916,33044,498179,0.000,0.000,0.0,0.000,0.000,0.0,0.000,0.000,0.0
245.8916,33045,498184,0.000,0.000,0.0,0.000,0.000,0.0,0.000,0.000,0.0
245.8916,33046,498189,0.000,0.000,0.0,0.000,0.000,0.0,0.000,0.000,0.0
245.8916,33047,498194,0.000,0.000,0.0,0.000,0.000,0.0,0.000,0.000,0.0
245.8916,33048,498199,0.000,0.000,0.0,0.000,0.000,0.0,0.000,0.000,0.0
245.8916,33049,498204,0.000,0.000,0.0,0.000,0.000,0.0,0.000,0.000,0.0
245.9632,33050,498209,0.000,0.000,0.0,0.000,0.000,0.0,0.000,0.000,0.0
245.9632,33051,498214,0.000,0.000,0.0,0.000,0.000,0.0,0.000,0.000,0.0
245.9632,33052,498219,0.000,0.000,0.0,0.000,0.000,0.0,0.000,0.000,0.0
245.9632,33053,498224,0.000,0.000,0.0,0.000,0.000,0.0,0.000,0.000,0.0
245.9632,33054,498229,0.000,0.000,0.0,0.000,0.000,0.0,0.000,0.000,0.0
245.9642,33055,498234,0.000,0.000,0.0,0.000,0.000,0.0,0.000,0.000,0.0
245.9642,33056,498239,0.000,0.000,0.0,0.000,0.000,0.0,0.000,0.000,0.0
245.9642,33057,498244,0.000,0.000,0.0,0.000,0.000,0.0,0.000,0.000,0.0
246.1044,33058,498249,0.000,0.000,0.0,0.000,0.000,0.0,0.000,0.000,0.0
246.1044,33059,498254,0.000,0.000,0.0,0.000,0.000,0.0,0.000,0.000,0.0
246.1044,33060,498259,0.000,0.000,0.0,0.000,0.000,0.0,0.000,0.000,0.0
246.1044,33061,498264,0.000,0.000,0.0,0.000,0.000,0.0,0.000,0.000,0.0
246.1044,33062,498269,0.000,0.000,0.0,0.000,0.000,0.0,0.000,0.000,0.0
246.1044,33063,498274,0.000,0.000,0.0,0.000,0.000,0.0,0.000,0.000,0.0
246.1044,33064,498279,0.000,0.000,0.0,0.000,0.000,0.0,0.000,0.000,0.0
246.1044,33065,498284,0.000,0.000,0.0,0.000,0.000,0.0,0.000,0.000,0.0
246.1044,33066,498289,0.000,0.000,0.0,0.000,0.000,0.0,0.000,0.000,0.0
246.1044,33067,498294,0.000,0.000,0.0,0.000,0.000,0.0,0.000,0.000,0.0
246.1044,33068,498299,0.000,0.000,0.0,0.000,0.000,0.0,0.000,0.000,0.0
246.1044,33069,498304,0.000,0.000,0.0,0.000,0.000,0.0,0.000,0.000,0.0
246.1044,33070,498309,0.000,0.000,0.0,0.000,0.000,0.0,0.000,0.000,0.0
246.1044,33071,498314,0.000,0.000,0.0,0.000,0.000,0.0,0.000,0.000,0.0
246.1044,33072,498319,0.000,0.000,0.0,0.000,0.000,0.0,0.000,0.000,0.0
246.1044,33073,498324,0.000,0.000,0.0,0.000,0.000,0.0,0.000,0.000,0.0
246.1762,33074,498329,0.000,0.000,0.0,0.000,0.000,0.0,0.000,0.000,0.0
246.1762,33075,498334,0.000,0.000,0.0,0.000,0.000,0.0,0.000,0.000,0.0
246.1762,33076,498339,0.000,0.000,0.0,0.000,0.000,0.0,0.000,0.000,0.0
246.1762,33077,498344,0.000,0.000,0.0,0.000,0.000,0.0,0.000,0.000,0.0
246.1762,33078,498349,0.000,0.000,0.0,0.000,0.000,0.0,0.000,0.000,0.0
246.1762,33079,498354,0.000,0.000,0.0,0.000,0.000,0.0,0.000,0.000,0.0
246.1762,33080,498359,0.000,0.000,0.0,0.000,0.000,0.0,0.000,0.000,0.0
246.1762,33081,498364,0.000,0.000,0.0,0.000,0.000,0.0,0.000,0.000,0.0
246.1762,33082,498369,0.000,0.000,0.0,0.000,0.000,0.0,0.000,0.000,0.0
246.1762,33083,498374,0.000,0.000,0.0,0.000,0.000,0.0,0.000,0.000,0.0
246.1762,33084,498379,0.000,0.000,0.0,0.000,0.000,0.0,0.000,0.000,0.0
246.1762,33085,498384,0.000,0.000,0.0,0.000,0.000,0.0,0.000,0.000,0.0
246.1762,33086,498389,0.000,0.000,0.0,0.000,0.000,0.0,0.000,0.000,0.0
246.1762,33087,498394,0.000,0.000,0.0,0.000,0.000,0.0,0.000,0.000,0.0
246.1762,33088,498399,0.000,0.000,0.0,0.000,0.000,0.0,0.000,0.000,0.0
246.1762,33089,498404,0.000,0.000,0.0,0.000,0.000,0.0,0.000,0.000,0.0
246.1762,33090,498409,0.000,0.000,0.0,0.000,0.000,0.0,0.000,0.000,0.0
246.1762,33091,498414,0.000,0.000,0.0,0.000,0.000,0.0,0.000,0.000,0.0
246.1762,33092,498419,0.000,0.000,0.0,0.000,0.000,0.0,0.000,0.000,0.0
246.1762,33093,498424,0.000,0.000,0.0,0.000,0.000,0.0,0.000,0.000,0.0
246.1762,33094,498429,0.000,0.000,0.0,0.000,0.000,0.0,0.000,0.000,0.0
246.1762,33095,498434,0.000,0.000,0.0,0.000,0.000,0.0,0.000,0.000,0.0
246.1762,33096,498439,0.000,0.000,0.0,0.000,0.000,0.0,0.000,0.000,0.0
246.1762,33097,498444,0.000,0.000,0.0,0.000,0.000,0.0,0.000,0.000,0.0
246.2344,33098,498449,0.000,0.000,0.0,0.000,0.000,0.0,0.000,0.000,0.0
246.2344,33099,498454,0.000,0.000,0.0,0.000,0.000,0.0,0.000,0.000,0.0
246.2344,33100,498459,0.000,0.000,0.0,0.000,0.000,0.0,0.000,0.000,0.0
246.2344,33101,498464,0.000,0.000,0.0,0.000,0.000,0.0,0.000,0.000,0.0
246.2344,33102,498469,0.000,0.000,0.0,0.000,0.000,0.0,0.000,0.000,0.0
246.2344,33103,498474,0.000,0.000,0.0,0.000,0.000,0.0,0.000,0.000,0.0
246.2344,33104,498479,0.000,0.000,0.0,0.000,0.000,0.0,0.000,0.000,0.0
246.2344,33105,498484,0.000,0.000,0.0,0.000,0.000,0.0,0.000,0.000,0.0
246.2344,33106,498489,0.000,0.000,0.0,0.000,0.000,0.0,0.000,0.000,0.0
246.2344,33107,498494,0.000,0.000,0.0,0.000,0.000,0.0,0.000,0.000,0.0
246.2344,33108,498499,0.000,0.000,0.0,0.000,0.000,0.0,0.000,0.000,0.0
246.2344,33109,498504,0.000,0.000,0.0,0.000,0.000,0.0,0.000,0.000,0.0
246.2344,33110,498509,0.000,0.000,0.0,0.000,0.000,0.0,0.000,0.000,0.0
246.2344,33111,498514,0.000,0.000,0.0,0.000,0.000,0.0,0.000,0.000,0.0
246.2344,33112,498519,0.000,0.000,0.0,0.000,0.000,0.0,0.000,0.000,0.0
246.2344,33113,498524,0.000,0.000,0.0,0.000,0.000,0.0,0.000,0.000,0.0
246.3454,33114,498529,0.000,0.000,0.0,0.000,0.000,0.0,0.000,0.000,0.0
246.3454,33115,498534,0.000,0.000,0.0,0.000,0.000,0.0,0.000,0.000,0.0
246.3454,33116,498539,0.000,0.000,0.0,0.000,0.000,0.0,0.000,0.000,0.0
246.3454,33117,498544,0.000,0.000,0.0,0.000,0.000,0.0,0.000,0.000,0.0
246.3454,33118,498549,0.000,0.000,0.0,0.000,0.000,0.0,0.000,0.000,0.0
246.3454,33119,498554,0.000,0.000,0.0,0.000,0.000,0.0,0.000,0.000,0.0
246.3454,33120,498559,0.000,0.000,0.0,0.000,0.000,0.0,0.000,0.000,0.0
246.3454,33121,498564,0.000,0.000,0.0,0.000,0.000,0.0,0.000,0.000,0.0
246.3454,33122,498569,0.000,0.000,0.0,0.000,0.000,0.0,0.000,0.000,0.0
246.3454,33123,498574,0.000,0.000,0.0,0.000,0.000,0.0,0.000,0.000,0.0
246.3454,33124,498579,0.000,0.000,0.0,0.000,0.000,0.0,0.000,0.000,0.0
246.3454,33125,498584,0.000,0.000,0.0,0.000,0.000,0.0,0.000,0.000,0.0
246.3454,33126,498589,0.000,0.000,0.0,0.000,0.000,0.0,0.000,0.000,0.0
246.3454,33127,498594,0.000,0.000,0.0,0.000,0.000,0.0,0.000,0.000,0.0
246.3454,33128,498599,0.000,0.000,0.0,0.000,0.000,0.0,0.000,0.000,0.0
246.3454,33129,498604,0.000,0.000,0.0,0.000,0.000,0.0,0.000,0.000,0.0
246.5468,33130,498609,0.000,0.000,0.0,0.000,0.000,0.0,0.000,0.000,0.0
246.5468,33131,498614,0.000,0.000,0.0,0.000,0.000,0.0,0.000,0.000,0.0
246.5468,33132,498619,0.000,0.000,0.0,0.000,0.000,0.0,0.000,0.000,0.0
246.5468,33133,498624,0.000,0.000,0.0,0.000,0.000,0.0,0.000,0.000,0.0
246.5468,33134,498629,0.000,0.000,0.0,0.000,0.000,0.0,0.000,0.000,0.0
246.5468,33135,498634,0.000,0.000,0.0,0.000,0.000,0.0,0.000,0.000,0.0
246.5468,33136,498639,0.000,0.000,0.0,0.000,0.000,0.0,0.000,0.000,0.0
246.5468,33137,498644,0.000,0.000,0.0,0.000,0.000,0.0,0.000,0.000,0.0
246.5468,33138,498649,0.000,0.000,0.0,0.000,0.000,0.0,0.000,0.000,0.0
246.5468,33139,498654,0.000,0.000,0.0,0.000,0.000,0.0,0.000,0.000,0.0
246.5468,33140,498659,0.000,0.000,0.0,0.000,0.000,0.0,0.000,0.000,0.0
246.5468,33141,498664,0.000,0.000,0.0,0.000,0.000,0.0,0.000,0.000,0.0
246.5468,33142,498669,0.000,0.000,0.0,0.000,0.000,0.0,0.000,0.000,0.0
246.5468,33143,498674,0.000,0.000,0.0,0.000,0.000,0.0,0.000,0.000,0.0
246.5468,33144,498679,0.000,0.000,0.0,0.000,0.000,0.0,0.000,0.000,0.0
246.5468,33145,498684,0.000,0.000,0.0,0.000,0.000,0.0,0.000,0.000,0.0
246.5917,33146,498689,0.000,0.000,0.0,0.000,0.000,0.0,0.000,0.000,0.0
246.5917,33147,498694,0.000,0.000,0.0,0.000,0.000,0.0,0.000,0.000,0.0
246.5917,33148,498699,0.000,0.000,0.0,0.000,0.000,0.0,0.000,0.000,0.0
246.5917,33149,498704,0.000,0.000,0.0,0.000,0.000,0.0,0.000,0.000,0.0
246.5917,33150,498709,0.000,0.000,0.0,0.000,0.000,0.0,0.000,0.000,0.0
246.5917,33151,498714,0.000,0.000,0.0,0.000,0.000,0.0,0.000,0.000,0.0
246.5917,33152,498719,0.000,0.000,0.0,0.000,0.000,0.0,0.000,0.000,0.0
246.5917,33153,498724,0.000,0.000,0.0,0.000,0.000,0.0,0.000,0.000,0.0
246.5917,33154,498729,0.000,0.000,0.0,0.000,0.000,0.0,0.000,0.000,0.0
246.5917,33155,498734,0.000,0.000,0.0,0.000,0.000,0.0,0.000,0.000,0.0
246.5917,33156,498739,0.000,0.000,0.0,0.000,0.000,0.0,0.000,0.000,0.0
246.5917,33157,498744,0.000,0.000,0.0,0.000,0.000,0.0,0.000,0.000,0.0
246.5917,33158,498749,0.000,0.000,0.0,0.000,0.000,0.0,0.000,0.000,0.0
246.5917,33159,498754,0.000,0.000,0.0,0.000,0.000,0.0,0.000,0.000,0.0
246.5917,33160,498759,0.000,0.000,0.0,0.000,0.000,0.0,0.000,0.000,0.0
246.5917,33161,498764,0.000,0.000,0.0,0.000,0.000,0.0,0.000,0.000,0.0
246.5917,33162,498769,0.000,0.000,0.0,0.000,0.000,0.0,0.000,0.000,0.0
246.5917,33163,498774,0.000,0.000,0.0,0.000,0.000,0.0,0.000,0.000,0.0
246.5917,33164,498779,0.000,0.000,0.0,0.000,0.000,0.0,0.000,0.000,0.0
246.5917,33165,498784,0.000,0.000,0.0,0.000,0.000,0.0,0.000,0.000,0.0
246.5917,33166,498789,0.000,0.000,0.0,0.000,0.000,0.0,0.000,0.000,0.0
246.5917,33167,498794,0.000,0.000,0.0,0.000,0.000,0.0,0.000,0.000,0.0
246.5917,33168,498799,0.000,0.000,0.0,0.000,0.000,0.0,0.000,0.000,0.0
246.5917,33169,498804,0.000,0.000,0.0,0.000,0.000,0.0,0.000,0.000,0.0
246.6004,33170,498809,0.000,0.000,0.0,0.000,0.000,0.0,0.000,0.000,0.0
246.6004,33171,498814,0.000,0.000,0.0,0.000,0.000,0.0,0.000,0.000,0.0
246.6004,33172,498819,0.000,0.000,0.0,0.000,0.000,0.0,0.000,0.000,0.0
246.6004,33173,498824,0.000,0.000,0.0,0.000,0.000,0.0,0.000,0.000,0.0
246.6004,33174,498829,0.000,0.000,0.0,0.000,0.000,0.0,0.000,0.000,0.0
246.6004,33175,498834,0.000,0.000,0.0,0.000,0.000,0.0,0.000,0.000,0.0
246.6004,33176,498839,0.000,0.000,0.0,0.000,0.000,0.0,0.000,0.000,0.0
246.6004,33177,498844,0.000,0.000,0.0,0.000,0.000,0.0,0.000,0.000,0.0
246.6971,33178,498849,0.000,0.000,0.0,0.000,0.000,0.0,0.000,0.000,0.0
246.6971,33179,498854,0.000,0.000,0.0,0.000,0.000,0.0,0.000,0.000,0.0
246.6971,33180,498859,0.000,0.000,0.0,0.000,0.000,0.0,0.000,0.000,0.0
246.6971,33181,498864,0.000,0.000,0.0,0.000,0.000,0.0,0.000,0.000,0.0
246.6971,33182,498869,0.000,0.000,0.0,0.000,0.000,0.0,0.000,0.000,0.0
246.6971,33183,498874,0.000,0.000,0.0,0.000,0.000,0.0,0.000,0.000,0.0
246.6971,33184,498879,0.000,0.000,0.0,0.000,0.000,0.0,0.000,0.000,0.0
246.6971,33185,498884,0.000,0.000,0.0,0.000,0.000,0.0,0.000,0.000,0.0
246.6971,33186,498937,0.000,0.000,0.0,0.000,0.000,0.0,0.000,0.000,0.0
246.6971,33187,498941,0.000,0.000,0.0,0.000,0.000,0.0,0.000,0.000,0.0
246.6971,33188,498946,0.000,0.000,0.0,0.000,0.000,0.0,0.000,0.000,0.0
246.6971,33189,498951,0.000,0.000,0.0,0.000,0.000,0.0,0.000,0.000,0.0
246.6971,33190,498956,0.000,0.000,0.0,0.000,0.000,0.0,0.000,0.000,0.0
246.6971,33191,498961,0.000,0.000,0.0,0.000,0.000,0.0,0.000,0.000,0.0
246.6971,33192,498966,0.000,0.000,0.0,0.000,0.000,0.0,0.000,0.000,0.0
246.6971,33193,498971,0.000,0.000,0.0,0.000,0.000,0.0,0.000,0.000,0.0
246.8122,33194,498976,0.000,0.000,0.0,0.000,0.000,0.0,0.000,0.000,0.0
246.8122,33195,498981,0.000,0.000,0.0,0.000,0.000,0.0,0.000,0.000,0.0
246.8122,33196,498986,0.000,0.000,0.0,0.000,0.000,0.0,0.000,0.000,0.0
246.8122,33197,498991,0.000,0.000,0.0,0.000,0.000,0.0,0.000,0.000,0.0
246.8122,33198,498996,0.000,0.000,0.0,0.000,0.000,0.0,0.000,0.000,0.0
246.8122,33199,499001,0.000,0.000,0.0,0.000,0.000,0.0,0.000,0.000,0.0
246.8122,33200,499006,0.000,0.000,0.0,0.000,0.000,0.0,0.000,0.000,0.0
246.8122,33201,499011,0.000,0.000,0.0,0.000,0.000,0.0,0.000,0.000,0.0
246.8122,33202,499016,0.000,0.000,0.0,0.000,0.000,0.0,0.000,0.000,0.0
246.8122,33203,499021,0.000,0.000,0.0,0.000,0.000,0.0,0.000,0.000,0.0
246.8122,33204,499026,0.000,0.000,0.0,0.000,0.000,0.0,0.000,0.000,0.0
246.8122,33205,499031,0.000,0.000,0.0,0.000,0.000,0.0,0.000,0.000,0.0
246.8122,33206,499036,0.000,0.000,0.0,0.000,0.000,0.0,0.000,0.000,0.0
246.8122,33207,499041,0.000,0.000,0.0,0.000,0.000,0.0,0.000,0.000,0.0
246.8122,33208,499046,0.000,0.000,0.0,0.000,0.000,0.0,0.000,0.000,0.0
246.8122,33209,499051,0.000,0.000,0.0,0.000,0.000,0.0,0.000,0.000,0.0
247.0449,33210,499056,0.000,0.000,0.0,0.000,0.000,0.0,0.000,0.000,0.0
247.0449,33211,499061,0.000,0.000,0.0,0.000,0.000,0.0,0.000,0.000,0.0
247.0449,33212,499066,0.000,0.000,0.0,0.000,0.000,0.0,0.000,0.000,0.0
247.0449,33213,499071,0.000,0.000,0.0,0.000,0.000,0.0,0.000,0.000,0.0
247.0449,33214,499076,0.000,0.000,0.0,0.000,0.000,0.0,0.000,0.000,0.0
247.0449,33215,499081,0.000,0.000,0.0,0.000,0.000,0.0,0.000,0.000,0.0
247.0449,33216,499086,0.000,0.000,0.0,0.000,0.000,0.0,0.000,0.000,0.0
247.0449,33217,499091,0.000,0.000,0.0,0.000,0.000,0.0,0.000,0.000,0.0
247.0449,33218,499096,0.000,0.000,0.0,0.000,0.000,0.0,0.000,0.000,0.0
247.0449,33219,499101,0.000,0.000,0.0,0.000,0.000,0.0,0.000,0.000,0.0
247.0449,33220,499106,0.000,0.000,0.0,0.000,0.000,0.0,0.000,0.000,0.0
247.0449,33221,499111,0.000,0.000,0.0,0.000,0.000,0.0,0.000,0.000,0.0
247.0449,33222,499116,0.000,0.000,0.0,0.000,0.000,0.0,0.000,0.000,0.0
247.0449,33223,499121,0.000,0.000,0.0,0.000,0.000,0.0,0.000,0.000,0.0
247.0449,33224,499126,0.000,0.000,0.0,0.000,0.000,0.0,0.000,0.000,0.0
247.0449,33225,499131,0.000,0.000,0.0,0.000,0.000,0.0,0.000,0.000,0.0
247.0449,33226,499136,0.000,0.000,0.0,0.000,0.000,0.0,0.000,0.000,0.0
247.0449,33227,499141,0.000,0.000,0.0,0.000,0.000,0.0,0.000,0.000,0.0
247.0449,33228,499146,0.000,0.000,0.0,0.000,0.000,0.0,0.000,0.000,0.0
247.0449,33229,499151,0.000,0.000,0.0,0.000,0.000,0.0,0.000,0.000,0.0
247.0449,33230,499156,0.000,0.000,0.0,0.000,0.000,0.0,0.000,0.000,0.0
247.0449,33231,499161,0.000,0.000,0.0,0.000,0.000,0.0,0.000,0.000,0.0
247.0449,33232,499166,0.000,0.000,0.0,0.000,0.000,0.0,0.000,0.000,0.0
247.0449,33233,499171,0.000,0.000,0.0,0.000,0.000,0.0,0.000,0.000,0.0
247.1647,33234,499176,0.000,0.000,0.0,0.000,0.000,0.0,0.000,0.000,0.0
247.1647,33235,499181,0.000,0.000,0.0,0.000,0.000,0.0,0.000,0.000,0.0
247.1647,33236,499186,0.000,0.000,0.0,0.000,0.000,0.0,0.000,0.000,0.0
247.1647,33237,499191,0.000,0.000,0.0,0.000,0.000,0.0,0.000,0.000,0.0
247.1647,33238,499196,0.000,0.000,0.0,0.000,0.000,0.0,0.000,0.000,0.0
247.1647,33239,499201,0.000,0.000,0.0,0.000,0.000,0.0,0.000,0.000,0.0
247.1647,33240,499206,0.000,0.000,0.0,0.000,0.000,0.0,0.000,0.000,0.0
247.1647,33241,499211,0.000,0.000,0.0,0.000,0.000,0.0,0.000,0.000,0.0
247.1647,33242,499216,0.000,0.000,0.0,0.000,0.000,0.0,0.000,0.000,0.0
247.1647,33243,499221,0.000,0.000,0.0,0.000,0.000,0.0,0.000,0.000,0.0
247.1647,33244,499226,0.000,0.000,0.0,0.000,0.000,0.0,0.000,0.000,0.0
247.1647,33245,499231,0.000,0.000,0.0,0.000,0.000,0.0,0.000,0.000,0.0
247.1647,33246,499236,0.000,0.000,0.0,0.000,0.000,0.0,0.000,0.000,0.0
247.1647,33247,499241,0.000,0.000,0.0,0.000,0.000,0.0,0.000,0.000,0.0
247.1647,33248,499246,0.000,0.000,0.0,0.000,0.000,0.0,0.000,0.000,0.0
247.1647,33249,499251,0.000,0.000,0.0,0.000,0.000,0.0,0.000,0.000,0.0
247.1647,33250,499384,0.000,0.000,0.0,0.000,0.000,0.0,0.000,0.000,0.0
247.1647,33251,499389,0.000,0.000,0.0,0.000,0.000,0.0,0.000,0.000,0.0
247.1647,33252,499394,0.000,0.000,0.0,0.000,0.000,0.0,0.000,0.000,0.0
247.1647,33253,499399,0.000,0.000,0.0,0.000,0.000,0.0,0.000,0.000,0.0
247.1647,33254,499404,0.000,0.000,0.0,0.000,0.000,0.0,0.000,0.000,0.0
247.1647,33255,499409,0.000,0.000,0.0,0.000,0.000,0.0,0.000,0.000,0.0
247.1647,33256,499414,0.000,0.000,0.0,0.000,0.000,0.0,0.000,0.000,0.0
247.1647,33257,499419,0.000,0.000,0.0,0.000,0.000,0.0,0.000,0.000,0.0
247.2565,33258,499424,0.000,0.000,0.0,0.000,0.000,0.0,0.000,0.000,0.0
247.2565,33259,499429,0.000,0.000,0.0,0.000,0.000,0.0,0.000,0.000,0.0
247.2565,33260,499434,0.000,0.000,0.0,0.000,0.000,0.0,0.000,0.000,0.0
247.2565,33261,499439,0.000,0.000,0.0,0.000,0.000,0.0,0.000,0.000,0.0
247.2565,33262,499444,0.000,0.000,0.0,0.000,0.000,0.0,0.000,0.000,0.0
247.2565,33263,499449,0.000,0.000,0.0,0.000,0.000,0.0,0.000,0.000,0.0
247.2565,33264,499454,0.000,0.000,0.0,0.000,0.000,0.0,0.000,0.000,0.0
247.2565,33265,499459,0.000,0.000,0.0,0.000,0.000,0.0,0.000,0.000,0.0
247.2565,33266,499464,0.000,0.000,0.0,0.000,0.000,0.0,0.000,0.000,0.0
247.2565,33267,499469,0.000,0.000,0.0,0.000,0.000,0.0,0.000,0.000,0.0
247.2565,33268,499474,0.000,0.000,0.0,0.000,0.000,0.0,0.000,0.000,0.0
247.2565,33269,499479,0.000,0.000,0.0,0.000,0.000,0.0,0.000,0.000,0.0
247.2565,33270,499484,0.000,0.000,0.0,0.000,0.000,0.0,0.000,0.000,0.0
247.2565,33271,499489,0.000,0.000,0.0,0.000,0.000,0.0,0.000,0.000,0.0
247.2565,33272,499494,0.000,0.000,0.0,0.000,0.000,0.0,0.000,0.000,0.0
247.2565,33273,499499,0.000,0.000,0.0,0.000,0.000,0.0,0.000,0.000,0.0
247.2565,33274,499504,0.000,0.000,0.0,0.000,0.000,0.0,0.000,0.000,0.0
247.2565,33275,499509,0.000,0.000,0.0,0.000,0.000,0.0,0.000,0.000,0.0
247.2565,33276,499514,0.000,0.000,0.0,0.000,0.000,0.0,0.000,0.000,0.0
247.2565,33277,499519,0.000,0.000,0.0,0.000,0.000,0.0,0.000,0.000,0.0
247.2565,33278,499524,0.000,0.000,0.0,0.000,0.000,0.0,0.000,0.000,0.0
247.2565,33279,499529,0.000,0.000,0.0,0.000,0.000,0.0,0.000,0.000,0.0
247.2565,33280,499534,0.000,0.000,0.0,0.000,0.000,0.0,0.000,0.000,0.0
247.2565,33281,499539,0.000,0.000,0.0,0.000,0.000,0.0,0.000,0.000,0.0
247.3202,33282,499544,0.000,0.000,0.0,0.000,0.000,0.0,0.000,0.000,0.0
247.3202,33283,499549,0.000,0.000,0.0,0.000,0.000,0.0,0.000,0.000,0.0
247.3202,33284,499554,0.000,0.000,0.0,0.000,0.000,0.0,0.000,0.000,0.0
247.3202,33285,499559,0.000,0.000,0.0,0.000,0.000,0.0,0.000,0.000,0.0
247.3202,33286,499564,0.000,0.000,0.0,0.000,0.000,0.0,0.000,0.000,0.0
247.3202,33287,499569,0.000,0.000,0.0,0.000,0.000,0.0,0.000,0.000,0.0
247.3202,33288,499574,0.000,0.000,0.0,0.000,0.000,0.0,0.000,0.000,0.0
247.3202,33289,499579,0.000,0.000,0.0,0.000,0.000,0.0,0.000,0.000,0.0
247.3202,33290,499584,0.000,0.000,0.0,0.000,0.000,0.0,0.000,0.000,0.0
247.3202,33291,499589,0.000,0.000,0.0,0.000,0.000,0.0,0.000,0.000,0.0
247.3202,33292,499594,0.000,0.000,0.0,0.000,0.000,0.0,0.000,0.000,0.0
247.3202,33293,499599,0.000,0.000,0.0,0.000,0.000,0.0,0.000,0.000,0.0
247.3202,33294,499604,0.000,0.000,0.0,0.000,0.000,0.0,0.000,0.000,0.0
247.3202,33295,499609,0.000,0.000,0.0,0.000,0.000,0.0,0.000,0.000,0.0
247.3202,33296,499614,0.000,0.000,0.0,0.000,0.000,0.0,0.000,0.000,0.0
247.3202,33297,499619,0.000,0.000,0.0,0.000,0.000,0.0,0.000,0.000,0.0
247.4318,33298,499624,0.000,0.000,0.0,0.000,0.000,0.0,0.000,0.000,0.0
247.4318,33299,499629,0.000,0.000,0.0,0.000,0.000,0.0,0.000,0.000,0.0
247.4318,33300,499634,0.000,0.000,0.0,0.000,0.000,0.0,0.000,0.000,0.0
247.4318,33301,499639,0.000,0.000,0.0,0.000,0.000,0.0,0.000,0.000,0.0
247.4318,33302,499644,0.000,0.000,0.0,0.000,0.000,0.0,0.000,0.000,0.0
247.4318,33303,499649,0.000,0.000,0.0,0.000,0.000,0.0,0.000,0.000,0.0
247.4318,33304,499654,0.000,0.000,0.0,0.000,0.000,0.0,0.000,0.000,0.0
247.4318,33305,499659,0.000,0.000,0.0,0.000,0.000,0.0,0.000,0.000,0.0
247.4318,33306,499664,0.000,0.000,0.0,0.000,0.000,0.0,0.000,0.000,0.0
247.4318,33307,499669,0.000,0.000,0.0,0.000,0.000,0.0,0.000,0.000,0.0
247.4328,33308,499674,0.000,0.000,0.0,0.000,0.000,0.0,0.000,0.000,0.0
247.4328,33309,499679,0.000,0.000,0.0,0.000,0.000,0.0,0.000,0.000,0.0
247.4328,33310,499684,0.000,0.000,0.0,0.000,0.000,0.0,0.000,0.000,0.0
247.4328,33311,499689,0.000,0.000,0.0,0.000,0.000,0.0,0.000,0.000,0.0
247.4328,33312,499694,0.000,0.000,0.0,0.000,0.000,0.0,0.000,0.000,0.0
247.4328,33313,499699,0.000,0.000,0.0,0.000,0.000,0.0,0.000,0.000,0.0
247.5132,33314,499704,0.000,0.000,0.0,0.000,0.000,0.0,0.000,0.000,0.0
247.5132,33315,499709,0.000,0.000,0.0,0.000,0.000,0.0,0.000,0.000,0.0
247.5132,33316,499714,0.000,0.000,0.0,0.000,0.000,0.0,0.000,0.000,0.0
247.5132,33317,499719,0.000,0.000,0.0,0.000,0.000,0.0,0.000,0.000,0.0
247.5132,33318,499724,0.000,0.000,0.0,0.000,0.000,0.0,0.000,0.000,0.0
247.5132,33319,499729,0.000,0.000,0.0,0.000,0.000,0.0,0.000,0.000,0.0
247.5132,33320,499734,0.000,0.000,0.0,0.000,0.000,0.0,0.000,0.000,0.0
247.5132,33321,499739,0.000,0.000,0.0,0.000,0.000,0.0,0.000,0.000,0.0
247.5132,33322,499744,0.000,0.000,0.0,0.000,0.000,0.0,0.000,0.000,0.0
247.5132,33323,499749,0.000,0.000,0.0,0.000,0.000,0.0,0.000,0.000,0.0
247.5132,33324,499754,0.000,0.000,0.0,0.000,0.000,0.0,0.000,0.000,0.0
247.5132,33325,499759,0.000,0.000,0.0,0.000,0.000,0.0,0.000,0.000,0.0
247.5132,33326,499764,0.000,0.000,0.0,0.000,0.000,0.0,0.000,0.000,0.0
247.5132,33327,499769,0.000,0.000,0.0,0.000,0.000,0.0,0.000,0.000,0.0
247.5132,33328,499774,0.000,0.000,0.0,0.000,0.000,0.0,0.000,0.000,0.0
247.5132,33329,499779,0.000,0.000,0.0,0.000,0.000,0.0,0.000,0.000,0.0
247.5132,33330,499784,0.000,0.000,0.0,0.000,0.000,0.0,0.000,0.000,0.0
247.5132,33331,499789,0.000,0.000,0.0,0.000,0.000,0.0,0.000,0.000,0.0
247.5132,33332,499794,0.000,0.000,0.0,0.000,0.000,0.0,0.000,0.000,0.0
247.5132,33333,499799,0.000,0.000,0.0,0.000,0.000,0.0,0.000,0.000,0.0
247.5132,33334,499804,0.000,0.000,0.0,0.000,0.000,0.0,0.000,0.000,0.0
247.5132,33335,499809,0.000,0.000,0.0,0.000,0.000,0.0,0.000,0.000,0.0
247.5132,33336,499814,0.000,0.000,0.0,0.000,0.000,0.0,0.000,0.000,0.0
247.5132,33337,499819,0.000,0.000,0.0,0.000,0.000,0.0,0.000,0.000,0.0
247.5789,33338,499824,0.000,0.000,0.0,0.000,0.000,0.0,0.000,0.000,0.0
247.5789,33339,499829,0.000,0.000,0.0,0.000,0.000,0.0,0.000,0.000,0.0
247.5789,33340,499834,0.000,0.000,0.0,0.000,0.000,0.0,0.000,0.000,0.0
247.5789,33341,499839,0.000,0.000,0.0,0.000,0.000,0.0,0.000,0.000,0.0
247.5789,33342,499844,0.000,0.000,0.0,0.000,0.000,0.0,0.000,0.000,0.0
247.5789,33343,499849,0.000,0.000,0.0,0.000,0.000,0.0,0.000,0.000,0.0
247.5789,33344,499854,0.000,0.000,0.0,0.000,0.000,0.0,0.000,0.000,0.0
247.5789,33345,499859,0.000,0.000,0.0,0.000,0.000,0.0,0.000,0.000,0.0
247.5789,33346,499864,0.000,0.000,0.0,0.000,0.000,0.0,0.000,0.000,0.0
247.5789,33347,499869,0.000,0.000,0.0,0.000,0.000,0.0,0.000,0.000,0.0
247.5789,33348,499874,0.000,0.000,0.0,0.000,0.000,0.0,0.000,0.000,0.0
247.5789,33349,499879,0.000,0.000,0.0,0.000,0.000,0.0,0.000,0.000,0.0
247.5789,33350,499884,0.000,0.000,0.0,0.000,0.000,0.0,0.000,0.000,0.0
247.5789,33351,499889,0.000,0.000,0.0,0.000,0.000,0.0,0.000,0.000,0.0
247.5789,33352,499894,0.000,0.000,0.0,0.000,0.000,0.0,0.000,0.000,0.0
247.5789,33353,499899,0.000,0.000,0.0,0.000,0.000,0.0,0.000,0.000,0.0
247.6361,33354,499904,0.000,0.000,0.0,0.000,0.000,0.0,0.000,0.000,0.0
247.6361,33355,499909,0.000,0.000,0.0,0.000,0.000,0.0,0.000,0.000,0.0
247.6361,33356,499914,0.000,0.000,0.0,0.000,0.000,0.0,0.000,0.000,0.0
247.6361,33357,499919,0.000,0.000,0.0,0.000,0.000,0.0,0.000,0.000,0.0
247.6361,33358,499924,0.000,0.000,0.0,0.000,0.000,0.0,0.000,0.000,0.0
247.6361,33359,499929,0.000,0.000,0.0,0.000,0.000,0.0,0.000,0.000,0.0
247.6361,33360,499934,0.000,0.000,0.0,0.000,0.000,0.0,0.000,0.000,0.0
247.6361,33361,499939,0.000,0.000,0.0,0.000,0.000,0.0,0.000,0.000,0.0
247.7665,33362,499944,0.000,0.000,0.0,0.000,0.000,0.0,0.000,0.000,0.0
247.7665,33363,499949,0.000,0.000,0.0,0.000,0.000,0.0,0.000,0.000,0.0
247.7665,33364,499954,0.000,0.000,0.0,0.000,0.000,0.0,0.000,0.000,0.0
247.7665,33365,499959,0.000,0.000,0.0,0.000,0.000,0.0,0.000,0.000,0.0
247.7665,33366,499964,0.000,0.000,0.0,0.000,0.000,0.0,0.000,0.000,0.0
247.7665,33367,499969,0.000,0.000,0.0,0.000,0.000,0.0,0.000,0.000,0.0
247.7665,33368,499974,0.000,0.000,0.0,0.000,0.000,0.0,0.000,0.000,0.0
247.7665,33369,499979,0.000,0.000,0.0,0.000,0.000,0.0,0.000,0.000,0.0
