host_time,seq,t_ms,setA,velA,pwmA,setB,velB,pwmB,setC,velC,pwmC
0.0147,122812,1101090,0.000,0.000,0.0,0.000,0.000,0.0,0.000,0.000,0.0
0.0147,122813,1101095,0.000,0.000,0.0,0.000,0.000,0.0,0.000,0.000,0.0
0.0147,122814,1101100,0.000,0.000,0.0,0.000,0.000,0.0,0.000,0.000,0.0
0.0147,122815,1101105,0.000,0.000,0.0,0.000,0.000,0.0,0.000,0.000,0.0
0.0147,122816,1101110,0.000,0.000,0.0,0.000,0.000,0.0,0.000,0.000,0.0
0.0147,122817,1101115,0.000,0.000,0.0,0.000,0.000,0.0,0.000,0.000,0.0
0.0147,122818,1101120,0.000,0.000,0.0,0.000,0.000,0.0,0.000,0.000,0.0
0.0147,122819,1101125,0.000,0.000,0.0,0.000,0.000,0.0,0.000,0.000,0.0
0.1086,122823,1101145,0.000,0.000,0.0,0.000,0.000,0.0,0.000,0.000,0.0
0.1086,122824,1101150,0.000,0.000,0.0,0.000,0.000,0.0,0.000,0.000,0.0
0.1086,122825,1101155,0.000,0.000,0.0,0.000,0.000,0.0,0.000,0.000,0.0
0.1086,122826,1101160,0.000,0.000,0.0,0.000,0.000,0.0,0.000,0.000,0.0
0.1086,122827,1101165,0.000,0.000,0.0,0.000,0.000,0.0,0.000,0.000,0.0
0.1086,122828,1101170,0.000,0.000,0.0,0.000,0.000,0.0,0.000,0.000,0.0
0.1086,122829,1101175,0.000,0.000,0.0,0.000,0.000,0.0,0.000,0.000,0.0
0.1086,122830,1101180,0.000,0.000,0.0,0.000,0.000,0.0,0.000,0.000,0.0
0.1086,122831,1101185,0.000,0.000,0.0,0.000,0.000,0.0,0.000,0.000,0.0
0.1086,122832,1101190,0.000,0.000,0.0,0.000,0.000,0.0,0.000,0.000,0.0
0.1086,122833,1101195,0.000,0.000,0.0,0.000,0.000,0.0,0.000,0.000,0.0
0.1086,122834,1101200,0.000,0.000,0.0,0.000,0.000,0.0,0.000,0.000,0.0
0.1086,122835,1101205,0.000,0.000,0.0,0.000,0.000,0.0,0.000,0.000,0.0
0.1086,122836,1101210,0.000,0.000,0.0,0.000,0.000,0.0,0.000,0.000,0.0
0.1086,122837,1101215,0.000,0.000,0.0,0.000,0.000,0.0,0.000,0.000,0.0
0.1086,122838,1101220,0.000,0.000,0.0,0.000,0.000,0.0,0.000,0.000,0.0
0.2207,122839,1101225,0.000,0.000,0.0,0.000,0.000,0.0,0.000,0.000,0.0
0.2207,122840,1101230,0.000,0.000,0.0,0.000,0.000,0.0,0.000,0.000,0.0
0.2207,122841,1101235,0.000,0.000,0.0,0.000,0.000,0.0,0.000,0.000,0.0
0.2207,122842,1101240,0.000,0.000,0.0,0.000,0.000,0.0,0.000,0.000,0.0
0.2207,122843,1101245,0.000,0.000,0.0,0.000,0.000,0.0,0.000,0.000,0.0
0.2207,122844,1101250,0.000,0.000,0.0,0.000,0.000,0.0,0.000,0.000,0.0
0.2207,122845,1101255,0.000,0.000,0.0,0.000,0.000,0.0,0.000,0.000,0.0
0.2207,122846,1101260,0.000,0.000,0.0,0.000,0.000,0.0,0.000,0.000,0.0
0.2207,122847,1101265,0.000,0.000,0.0,0.000,0.000,0.0,0.000,0.000,0.0
0.2207,122848,1101270,0.000,0.000,0.0,0.000,0.000,0.0,0.000,0.000,0.0
0.2207,122849,1101275,0.000,0.000,0.0,0.000,0.000,0.0,0.000,0.000,0.0
0.2207,122850,1101280,0.000,0.000,0.0,0.000,0.000,0.0,0.000,0.000,0.0
0.2207,122851,1101285,0.000,0.000,0.0,0.000,0.000,0.0,0.000,0.000,0.0
0.2207,122852,1101290,0.000,0.000,0.0,0.000,0.000,0.0,0.000,0.000,0.0
0.2207,122853,1101295,0.000,0.000,0.0,0.000,0.000,0.0,0.000,0.000,0.0
0.2207,122854,1101300,0.000,0.000,0.0,0.000,0.000,0.0,0.000,0.000,0.0
0.2754,122855,1101305,0.000,0.000,0.0,0.000,0.000,0.0,0.000,0.000,0.0
0.2754,122856,1101310,0.000,0.000,0.0,0.000,0.000,0.0,0.000,0.000,0.0
0.2754,122857,1101315,0.000,0.000,0.0,0.000,0.000,0.0,0.000,0.000,0.0
0.2754,122858,1101320,0.000,0.000,0.0,0.000,0.000,0.0,0.000,0.000,0.0
0.2754,122859,1101325,0.000,0.000,0.0,0.000,0.000,0.0,0.000,0.000,0.0
0.2754,122860,1101330,0.000,0.000,0.0,0.000,0.000,0.0,0.000,0.000,0.0
0.2754,122861,1101335,0.000,0.000,0.0,0.000,0.000,0.0,0.000,0.000,0.0
0.2754,122862,1101340,0.000,0.000,0.0,0.000,0.000,0.0,0.000,0.000,0.0
0.2754,122863,1101345,0.000,0.000,0.0,0.000,0.000,0.0,0.000,0.000,0.0
0.2754,122864,1101350,0.000,0.000,0.0,0.000,0.000,0.0,0.000,0.000,0.0
0.2754,122865,1101355,0.000,0.000,0.0,0.000,0.000,0.0,0.000,0.000,0.0
0.2754,122866,1101360,0.000,0.000,0.0,0.000,0.000,0.0,0.000,0.000,0.0
0.2754,122867,1101365,0.000,0.000,0.0,0.000,0.000,0.0,0.000,0.000,0.0
0.2754,122868,1101370,0.000,0.000,0.0,0.000,0.000,0.0,0.000,0.000,0.0
0.2754,122869,1101375,0.000,0.000,0.0,0.000,0.000,0.0,0.000,0.000,0.0
0.2754,122870,1101380,0.000,0.000,0.0,0.000,0.000,0.0,0.000,0.000,0.0
0.3757,122871,1101385,0.000,0.000,0.0,0.000,0.000,0.0,0.000,0.000,0.0
0.3757,122872,1101390,0.000,0.000,0.0,0.000,0.000,0.0,0.000,0.000,0.0
0.3757,122873,1101395,0.000,0.000,0.0,0.000,0.000,0.0,0.000,0.000,0.0
0.3757,122874,1101400,0.000,0.000,0.0,0.000,0.000,0.0,0.000,0.000,0.0
0.3757,122875,1101405,0.000,0.000,0.0,0.000,0.000,0.0,0.000,0.000,0.0
0.3757,122876,1101410,0.000,0.000,0.0,0.000,0.000,0.0,0.000,0.000,0.0
0.3757,122877,1101415,0.000,0.000,0.0,0.000,0.000,0.0,0.000,0.000,0.0
0.3757,122878,1101420,0.000,0.000,0.0,0.000,0.000,0.0,0.000,0.000,0.0
0.3757,122879,1101425,0.000,0.000,0.0,0.000,0.000,0.0,0.000,0.000,0.0
0.3757,122880,1101430,0.000,0.000,0.0,0.000,0.000,0.0,0.000,0.000,0.0
0.3757,122881,1101435,0.000,0.000,0.0,0.000,0.000,0.0,0.000,0.000,0.0
0.3757,122882,1101440,0.000,0.000,0.0,0.000,0.000,0.0,0.000,0.000,0.0
0.3757,122883,1101445,0.000,0.000,0.0,0.000,0.000,0.0,0.000,0.000,0.0
0.3757,122884,1101450,0.000,0.000,0.0,0.000,0.000,0.0,0.000,0.000,0.0
0.3757,122885,1101455,0.000,0.000,0.0,0.000,0.000,0.0,0.000,0.000,0.0
0.3757,122886,1101460,0.000,0.000,0.0,0.000,0.000,0.0,0.000,0.000,0.0
0.4738,122887,1101465,0.000,0.000,0.0,0.000,0.000,0.0,0.000,0.000,0.0
0.4738,122888,1101470,0.000,0.000,0.0,0.000,0.000,0.0,0.000,0.000,0.0
0.4738,122889,1101475,0.000,0.000,0.0,0.000,0.000,0.0,0.000,0.000,0.0
0.4738,122890,1101480,0.000,0.000,0.0,0.000,0.000,0.0,0.000,0.000,0.0
0.4738,122891,1101485,0.000,0.000,0.0,0.000,0.000,0.0,0.000,0.000,0.0
0.4738,122892,1101490,0.000,0.000,0.0,0.000,0.000,0.0,0.000,0.000,0.0
0.4738,122893,1101495,0.000,0.000,0.0,0.000,0.000,0.0,0.000,0.000,0.0
0.4738,122894,1101500,0.000,0.000,0.0,0.000,0.000,0.0,0.000,0.000,0.0
0.4738,122895,1101505,0.000,0.000,0.0,0.000,0.000,0.0,0.000,0.000,0.0
0.4738,122896,1101510,0.000,0.000,0.0,0.000,0.000,0.0,0.000,0.000,0.0
0.4738,122897,1101515,0.000,0.000,0.0,0.000,0.000,0.0,0.000,0.000,0.0
0.4738,122898,1101520,0.000,0.000,0.0,0.000,0.000,0.0,0.000,0.000,0.0
0.4738,122899,1101525,0.000,0.000,0.0,0.000,0.000,0.0,0.000,0.000,0.0
0.4738,122900,1101530,0.000,0.000,0.0,0.000,0.000,0.0,0.000,0.000,0.0
0.4738,122901,1101535,0.000,0.000,0.0,0.000,0.000,0.0,0.000,0.000,0.0
0.4738,122902,1101540,0.000,0.000,0.0,0.000,0.000,0.0,0.000,0.000,0.0
0.5273,122903,1101545,0.000,0.000,0.0,0.000,0.000,0.0,0.000,0.000,0.0
0.5273,122904,1101550,0.000,0.000,0.0,0.000,0.000,0.0,0.000,0.000,0.0
0.5273,122905,1101555,0.000,0.000,0.0,0.000,0.000,0.0,0.000,0.000,0.0
0.5273,122906,1101560,0.000,0.000,0.0,0.000,0.000,0.0,0.000,0.000,0.0
0.5273,122907,1101565,0.000,0.000,0.0,0.000,0.000,0.0,0.000,0.000,0.0
0.5273,122908,1101570,0.000,0.000,0.0,0.000,0.000,0.0,0.000,0.000,0.0
0.5273,122909,1101575,0.000,0.000,0.0,0.000,0.000,0.0,0.000,0.000,0.0
0.5273,122910,1101580,0.000,0.000,0.0,0.000,0.000,0.0,0.000,0.000,0.0
0.5283,122911,1101585,0.000,0.000,0.0,0.000,0.000,0.0,0.000,0.000,0.0
0.5283,122912,1101590,0.000,0.000,0.0,0.000,0.000,0.0,0.000,0.000,0.0
0.5283,122913,1101595,0.000,0.000,0.0,0.000,0.000,0.0,0.000,0.000,0.0
0.5283,122914,1101600,0.000,0.000,0.0,0.000,0.000,0.0,0.000,0.000,0.0
0.5283,122915,1101605,0.000,0.000,0.0,0.000,0.000,0.0,0.000,0.000,0.0
0.5283,122916,1101610,0.000,0.000,0.0,0.000,0.000,0.0,0.000,0.000,0.0
0.5283,122917,1101615,0.000,0.000,0.0,0.000,0.000,0.0,0.000,0.000,0.0
0.5283,122918,1101620,0.000,0.000,0.0,0.000,0.000,0.0,0.000,0.000,0.0
0.6253,122919,1101625,0.000,0.000,0.0,0.000,0.000,0.0,0.000,0.000,0.0
0.6253,122920,1101630,0.000,0.000,0.0,0.000,0.000,0.0,0.000,0.000,0.0
0.6253,122921,1101635,0.000,0.000,0.0,0.000,0.000,0.0,0.000,0.000,0.0
0.6253,122922,1101640,0.000,0.000,0.0,0.000,0.000,0.0,0.000,0.000,0.0
0.6253,122923,1101645,0.000,0.000,0.0,0.000,0.000,0.0,0.000,0.000,0.0
0.6253,122924,1101650,0.000,0.000,0.0,0.000,0.000,0.0,0.000,0.000,0.0
0.6253,122925,1101655,0.000,0.000,0.0,0.000,0.000,0.0,0.000,0.000,0.0
0.6253,122926,1101660,0.000,0.000,0.0,0.000,0.000,0.0,0.000,0.000,0.0
0.6253,122927,1101665,0.000,0.000,0.0,0.000,0.000,0.0,0.000,0.000,0.0
0.6253,122928,1101670,0.000,0.000,0.0,0.000,0.000,0.0,0.000,0.000,0.0
0.6253,122929,1101675,0.000,0.000,0.0,0.000,0.000,0.0,0.000,0.000,0.0
0.6253,122930,1101680,0.000,0.000,0.0,0.000,0.000,0.0,0.000,0.000,0.0
0.6253,122931,1101685,0.000,0.000,0.0,0.000,0.000,0.0,0.000,0.000,0.0
0.6253,122932,1101690,0.000,0.000,0.0,0.000,0.000,0.0,0.000,0.000,0.0
0.6253,122933,1101695,0.000,0.000,0.0,0.000,0.000,0.0,0.000,0.000,0.0
0.6253,122934,1101700,0.000,0.000,0.0,0.000,0.000,0.0,0.000,0.000,0.0
0.7317,122935,1101705,0.000,0.000,0.0,0.000,0.000,0.0,0.000,0.000,0.0
0.7317,122936,1101710,0.000,0.000,0.0,0.000,0.000,0.0,0.000,0.000,0.0
0.7317,122937,1101715,0.000,0.000,0.0,0.000,0.000,0.0,0.000,0.000,0.0
0.7317,122938,1101720,0.000,0.000,0.0,0.000,0.000,0.0,0.000,0.000,0.0
0.7317,122939,1101725,0.000,0.000,0.0,0.000,0.000,0.0,0.000,0.000,0.0
0.7317,122940,1101730,0.000,0.000,0.0,0.000,0.000,0.0,0.000,0.000,0.0
0.7317,122941,1101735,0.000,0.000,0.0,0.000,0.000,0.0,0.000,0.000,0.0
0.7317,122942,1101740,0.000,0.000,0.0,0.000,0.000,0.0,0.000,0.000,0.0
0.7317,122943,1101745,0.000,0.000,0.0,0.000,0.000,0.0,0.000,0.000,0.0
0.7317,122944,1101750,0.000,0.000,0.0,0.000,0.000,0.0,0.000,0.000,0.0
0.7317,122945,1101755,0.000,0.000,0.0,0.000,0.000,0.0,0.000,0.000,0.0
0.7317,122946,1101760,0.000,0.000,0.0,0.000,0.000,0.0,0.000,0.000,0.0
0.7317,122947,1101765,0.000,0.000,0.0,0.000,0.000,0.0,0.000,0.000,0.0
0.7317,122948,1101770,0.000,0.000,0.0,0.000,0.000,0.0,0.000,0.000,0.0
0.7317,122949,1101775,0.000,0.000,0.0,0.000,0.000,0.0,0.000,0.000,0.0
0.7317,122950,1101780,0.000,0.000,0.0,0.000,0.000,0.0,0.000,0.000,0.0
0.7317,122951,1101785,0.000,0.000,0.0,0.000,0.000,0.0,0.000,0.000,0.0
0.7317,122952,1101790,0.000,0.000,0.0,0.000,0.000,0.0,0.000,0.000,0.0
0.7317,122953,1101795,0.000,0.000,0.0,0.000,0.000,0.0,0.000,0.000,0.0
0.7317,122954,1101800,0.000,0.000,0.0,0.000,0.000,0.0,0.000,0.000,0.0
0.7317,122955,1101805,0.000,0.000,0.0,0.000,0.000,0.0,0.000,0.000,0.0
0.7317,122956,1101810,0.000,0.000,0.0,0.000,0.000,0.0,0.000,0.000,0.0
0.7317,122957,1101815,0.000,0.000,0.0,0.000,0.000,0.0,0.000,0.000,0.0
0.7317,122958,1101820,0.000,0.000,0.0,0.000,0.000,0.0,0.000,0.000,0.0
0.8131,122959,1101825,0.000,0.000,0.0,0.000,0.000,0.0,0.000,0.000,0.0
0.8131,122960,1101830,0.000,0.000,0.0,0.000,0.000,0.0,0.000,0.000,0.0
0.8131,122961,1101835,0.000,0.000,0.0,0.000,0.000,0.0,0.000,0.000,0.0
0.8131,122962,1101840,0.000,0.000,0.0,0.000,0.000,0.0,0.000,0.000,0.0
0.8131,122963,1101845,0.000,0.000,0.0,0.000,0.000,0.0,0.000,0.000,0.0
0.8131,122964,1101850,0.000,0.000,0.0,0.000,0.000,0.0,0.000,0.000,0.0
0.8131,122965,1101855,0.000,0.000,0.0,0.000,0.000,0.0,0.000,0.000,0.0
0.8131,122966,1101860,0.000,0.000,0.0,0.000,0.000,0.0,0.000,0.000,0.0
0.8131,122967,1101865,0.000,0.000,0.0,0.000,0.000,0.0,0.000,0.000,0.0
0.8131,122968,1101870,0.000,0.000,0.0,0.000,0.000,0.0,0.000,0.000,0.0
0.8131,122969,1101875,0.000,0.000,0.0,0.000,0.000,0.0,0.000,0.000,0.0
0.8131,122970,1101880,0.000,0.000,0.0,0.000,0.000,0.0,0.000,0.000,0.0
0.8131,122971,1101885,0.000,0.000,0.0,0.000,0.000,0.0,0.000,0.000,0.0
0.8131,122972,1101890,0.000,0.000,0.0,0.000,0.000,0.0,0.000,0.000,0.0
0.8131,122973,1101895,0.000,0.000,0.0,0.000,0.000,0.0,0.000,0.000,0.0
0.8131,122974,1101900,0.000,0.000,0.0,0.000,0.000,0.0,0.000,0.000,0.0
0.8669,122975,1101905,0.000,0.000,0.0,0.000,0.000,0.0,0.000,0.000,0.0
0.8669,122976,1101910,0.000,0.000,0.0,0.000,0.000,0.0,0.000,0.000,0.0
0.8669,122977,1101915,0.000,0.000,0.0,0.000,0.000,0.0,0.000,0.000,0.0
0.8669,122978,1101920,0.000,0.000,0.0,0.000,0.000,0.0,0.000,0.000,0.0
0.8669,122979,1101925,0.000,0.000,0.0,0.000,0.000,0.0,0.000,0.000,0.0
0.8669,122980,1101930,0.000,0.000,0.0,0.000,0.000,0.0,0.000,0.000,0.0
0.8669,122981,1101935,0.000,0.000,0.0,0.000,0.000,0.0,0.000,0.000,0.0
0.8669,122982,1101940,0.000,0.000,0.0,0.000,0.000,0.0,0.000,0.000,0.0
0.8669,122983,1101945,0.000,0.000,0.0,0.000,0.000,0.0,0.000,0.000,0.0
0.8669,122984,1101950,0.000,0.000,0.0,0.000,0.000,0.0,0.000,0.000,0.0
0.8669,122985,1101955,0.000,0.000,0.0,0.000,0.000,0.0,0.000,0.000,0.0
0.8669,122986,1101960,0.000,0.000,0.0,0.000,0.000,0.0,0.000,0.000,0.0
0.8669,122987,1101965,0.000,0.000,0.0,0.000,0.000,0.0,0.000,0.000,0.0
0.8669,122988,1101970,0.000,0.000,0.0,0.000,0.000,0.0,0.000,0.000,0.0
0.8669,122989,1101975,0.000,0.000,0.0,0.000,0.000,0.0,0.000,0.000,0.0
0.8669,122990,1101980,0.000,0.000,0.0,0.000,0.000,0.0,0.000,0.000,0.0
0.9894,122991,1101985,0.000,0.000,0.0,0.000,0.000,0.0,0.000,0.000,0.0
0.9894,122992,1101990,0.000,0.000,0.0,0.000,0.000,0.0,0.000,0.000,0.0
0.9894,122993,1101995,0.000,0.000,0.0,0.000,0.000,0.0,0.000,0.000,0.0
0.9894,122994,1102000,0.000,0.000,0.0,0.000,0.000,0.0,0.000,0.000,0.0
0.9894,122995,1102005,0.000,0.000,0.0,0.000,0.000,0.0,0.000,0.000,0.0
0.9894,122996,1102010,0.000,0.000,0.0,0.000,0.000,0.0,0.000,0.000,0.0
0.9894,122997,1102015,0.000,0.000,0.0,0.000,0.000,0.0,0.000,0.000,0.0
0.9894,122998,1102020,0.000,0.000,0.0,0.000,0.000,0.0,0.000,0.000,0.0
0.9894,122999,1102025,0.000,0.000,0.0,0.000,0.000,0.0,0.000,0.000,0.0
0.9894,123000,1102030,0.000,0.000,0.0,0.000,0.000,0.0,0.000,0.000,0.0
0.9894,123001,1102035,0.000,0.000,0.0,0.000,0.000,0.0,0.000,0.000,0.0
0.9894,123002,1102040,0.000,0.000,0.0,0.000,0.000,0.0,0.000,0.000,0.0
0.9894,123003,1102045,0.000,0.000,0.0,0.000,0.000,0.0,0.000,0.000,0.0
0.9894,123004,1102050,0.000,0.000,0.0,0.000,0.000,0.0,0.000,0.000,0.0
0.9894,123005,1102055,0.000,0.000,0.0,0.000,0.000,0.0,0.000,0.000,0.0
0.9894,123006,1102060,0.000,0.000,0.0,0.000,0.000,0.0,0.000,0.000,0.0
1.0935,123007,1102065,0.000,0.000,0.0,0.000,0.000,0.0,0.000,0.000,0.0
1.0935,123008,1102070,0.000,0.000,0.0,0.000,0.000,0.0,0.000,0.000,0.0
1.0935,123009,1102075,0.000,0.000,0.0,0.000,0.000,0.0,0.000,0.000,0.0
1.0935,123010,1102080,0.000,0.000,0.0,0.000,0.000,0.0,0.000,0.000,0.0
1.0935,123011,1102085,0.000,0.000,0.0,0.000,0.000,0.0,0.000,0.000,0.0
1.0935,123012,1102090,0.000,0.000,0.0,0.000,0.000,0.0,0.000,0.000,0.0
1.0935,123013,1102095,0.000,0.000,0.0,0.000,0.000,0.0,0.000,0.000,0.0
1.0935,123014,1102100,0.000,0.000,0.0,0.000,0.000,0.0,0.000,0.000,0.0
1.0935,123015,1102105,0.000,0.000,0.0,0.000,0.000,0.0,0.000,0.000,0.0
1.0935,123016,1102110,0.000,0.000,0.0,0.000,0.000,0.0,0.000,0.000,0.0
1.0935,123017,1102115,0.000,0.000,0.0,0.000,0.000,0.0,0.000,0.000,0.0
1.0935,123018,1102120,0.000,0.000,0.0,0.000,0.000,0.0,0.000,0.000,0.0
1.0935,123019,1102125,0.000,0.000,0.0,0.000,0.000,0.0,0.000,0.000,0.0
1.0935,123020,1102130,0.000,0.000,0.0,0.000,0.000,0.0,0.000,0.000,0.0
1.0935,123021,1102135,0.000,0.000,0.0,0.000,0.000,0.0,0.000,0.000,0.0
1.0935,123022,1102140,0.000,0.000,0.0,0.000,0.000,0.0,0.000,0.000,0.0
1.0935,123023,1102145,0.000,0.000,0.0,0.000,0.000,0.0,0.000,0.000,0.0
1.0935,123024,1102150,0.000,0.000,0.0,0.000,0.000,0.0,0.000,0.000,0.0
1.0935,123025,1102155,0.000,0.000,0.0,0.000,0.000,0.0,0.000,0.000,0.0
1.0935,123026,1102160,0.000,0.000,0.0,0.000,0.000,0.0,0.000,0.000,0.0
1.0935,123027,1102165,0.000,0.000,0.0,0.000,0.000,0.0,0.000,0.000,0.0
1.0935,123028,1102170,0.000,0.000,0.0,0.000,0.000,0.0,0.000,0.000,0.0
1.0935,123029,1102175,0.000,0.000,0.0,0.000,0.000,0.0,0.000,0.000,0.0
1.0935,123030,1102180,0.000,0.000,0.0,0.000,0.000,0.0,0.000,0.000,0.0
1.1463,123031,1102185,0.000,0.000,0.0,0.000,0.000,0.0,0.000,0.000,0.0
1.1463,123032,1102190,0.000,0.000,0.0,0.000,0.000,0.0,0.000,0.000,0.0
1.1463,123033,1102195,0.000,0.000,0.0,0.000,0.000,0.0,0.000,0.000,0.0
1.1463,123034,1102200,0.000,0.000,0.0,0.000,0.000,0.0,0.000,0.000,0.0
1.1463,123035,1102205,0.000,0.000,0.0,0.000,0.000,0.0,0.000,0.000,0.0
1.1463,123036,1102210,0.000,0.000,0.0,0.000,0.000,0.0,0.000,0.000,0.0
1.1463,123037,1102215,0.000,0.000,0.0,0.000,0.000,0.0,0.000,0.000,0.0
1.1463,123038,1102220,0.000,0.000,0.0,0.000,0.000,0.0,0.000,0.000,0.0
1.1463,123039,1102225,0.000,0.000,0.0,0.000,0.000,0.0,0.000,0.000,0.0
1.1463,123040,1102230,0.000,0.000,0.0,0.000,0.000,0.0,0.000,0.000,0.0
1.1463,123041,1102235,0.000,0.000,0.0,0.000,0.000,0.0,0.000,0.000,0.0
1.1463,123042,1102240,0.000,0.000,0.0,0.000,0.000,0.0,0.000,0.000,0.0
1.1463,123043,1102245,0.000,0.000,0.0,0.000,0.000,0.0,0.000,0.000,0.0
1.1463,123044,1102250,0.000,0.000,0.0,0.000,0.000,0.0,0.000,0.000,0.0
1.1463,123045,1102255,0.000,0.000,0.0,0.000,0.000,0.0,0.000,0.000,0.0
1.1463,123046,1102260,0.000,0.000,0.0,0.000,0.000,0.0,0.000,0.000,0.0
1.2576,123047,1102265,0.000,0.000,0.0,0.000,0.000,0.0,0.000,0.000,0.0
1.2576,123048,1102270,0.000,0.000,0.0,0.000,0.000,0.0,0.000,0.000,0.0
1.2576,123049,1102275,0.000,0.000,0.0,0.000,0.000,0.0,0.000,0.000,0.0
1.2576,123050,1102280,0.000,0.000,0.0,0.000,0.000,0.0,0.000,0.000,0.0
1.2576,123051,1102285,0.000,0.000,0.0,0.000,0.000,0.0,0.000,0.000,0.0
1.2576,123052,1102290,0.000,0.000,0.0,0.000,0.000,0.0,0.000,0.000,0.0
1.2576,123053,1102295,0.000,0.000,0.0,0.000,0.000,0.0,0.000,0.000,0.0
1.2576,123054,1102300,0.000,0.000,0.0,0.000,0.000,0.0,0.000,0.000,0.0
1.2576,123055,1102305,0.000,0.000,0.0,0.000,0.000,0.0,0.000,0.000,0.0
1.2576,123056,1102310,0.000,0.000,0.0,0.000,0.000,0.0,0.000,0.000,0.0
1.2576,123057,1102315,0.000,0.000,0.0,0.000,0.000,0.0,0.000,0.000,0.0
1.2576,123058,1102320,0.000,0.000,0.0,0.000,0.000,0.0,0.000,0.000,0.0
1.2576,123059,1102325,0.000,0.000,0.0,0.000,0.000,0.0,0.000,0.000,0.0
1.2576,123060,1102330,0.000,0.000,0.0,0.000,0.000,0.0,0.000,0.000,0.0
1.2576,123061,1102335,0.000,0.000,0.0,0.000,0.000,0.0,0.000,0.000,0.0
1.2576,123062,1102340,0.000,0.000,0.0,0.000,0.000,0.0,0.000,0.000,0.0
1.3176,123063,1102345,0.000,0.000,0.0,0.000,0.000,0.0,0.000,0.000,0.0
1.3176,123064,1102350,0.000,0.000,0.0,0.000,0.000,0.0,0.000,0.000,0.0
1.3176,123065,1102355,0.000,0.000,0.0,0.000,0.000,0.0,0.000,0.000,0.0
1.3176,123066,1102360,0.000,0.000,0.0,0.000,0.000,0.0,0.000,0.000,0.0
1.3176,123067,1102365,0.000,0.000,0.0,0.000,0.000,0.0,0.000,0.000,0.0
1.3176,123068,1102370,0.000,0.000,0.0,0.000,0.000,0.0,0.000,0.000,0.0
1.3176,123069,1102375,0.000,0.000,0.0,0.000,0.000,0.0,0.000,0.000,0.0
1.3176,123070,1102380,0.000,0.000,0.0,0.000,0.000,0.0,0.000,0.000,0.0
1.3176,123071,1102385,0.000,0.000,0.0,0.000,0.000,0.0,0.000,0.000,0.0
1.3176,123072,1102390,0.000,0.000,0.0,0.000,0.000,0.0,0.000,0.000,0.0
1.3176,123073,1102395,0.000,0.000,0.0,0.000,0.000,0.0,0.000,0.000,0.0
1.3176,123074,1102400,0.000,0.000,0.0,0.000,0.000,0.0,0.000,0.000,0.0
1.3176,123075,1102405,0.000,0.000,0.0,0.000,0.000,0.0,0.000,0.000,0.0
1.3176,123076,1102410,0.000,0.000,0.0,0.000,0.000,0.0,0.000,0.000,0.0
1.3176,123077,1102415,0.000,0.000,0.0,0.000,0.000,0.0,0.000,0.000,0.0
1.3176,123078,1102420,0.000,0.000,0.0,0.000,0.000,0.0,0.000,0.000,0.0
1.4174,123079,1102425,0.000,0.000,0.0,0.000,0.000,0.0,0.000,0.000,0.0
1.4174,123080,1102430,0.000,0.000,0.0,0.000,0.000,0.0,0.000,0.000,0.0
1.4174,123081,1102435,0.000,0.000,0.0,0.000,0.000,0.0,0.000,0.000,0.0
1.4174,123082,1102440,0.000,0.000,0.0,0.000,0.000,0.0,0.000,0.000,0.0
1.4174,123083,1102445,0.000,0.000,0.0,0.000,0.000,0.0,0.000,0.000,0.0
1.4174,123084,1102450,0.000,0.000,0.0,0.000,0.000,0.0,0.000,0.000,0.0
1.4174,123085,1102455,0.000,0.000,0.0,0.000,0.000,0.0,0.000,0.000,0.0
1.4174,123086,1102460,0.000,0.000,0.0,0.000,0.000,0.0,0.000,0.000,0.0
1.4174,123087,1102465,0.000,0.000,0.0,0.000,0.000,0.0,0.000,0.000,0.0
1.4174,123088,1102470,0.000,0.000,0.0,0.000,0.000,0.0,0.000,0.000,0.0
1.4174,123089,1102475,0.000,0.000,0.0,0.000,0.000,0.0,0.000,0.000,0.0
1.4174,123090,1102480,0.000,0.000,0.0,0.000,0.000,0.0,0.000,0.000,0.0
1.4174,123091,1102485,0.000,0.000,0.0,0.000,0.000,0.0,0.000,0.000,0.0
1.4174,123092,1102490,0.000,0.000,0.0,0.000,0.000,0.0,0.000,0.000,0.0
1.4174,123093,1102495,0.000,0.000,0.0,0.000,0.000,0.0,0.000,0.000,0.0
1.4174,123094,1102500,0.000,0.000,0.0,0.000,0.000,0.0,0.000,0.000,0.0
1.5350,123095,1102505,0.000,0.000,0.0,0.000,0.000,0.0,0.000,0.000,0.0
1.5350,123096,1102510,0.000,0.000,0.0,0.000,0.000,0.0,0.000,0.000,0.0
1.5350,123097,1102515,0.000,0.000,0.0,0.000,0.000,0.0,0.000,0.000,0.0
1.5350,123098,1102520,0.000,0.000,0.0,0.000,0.000,0.0,0.000,0.000,0.0
1.5350,123099,1102525,0.000,0.000,0.0,0.000,0.000,0.0,0.000,0.000,0.0
1.5350,123100,1102530,0.000,0.000,0.0,0.000,0.000,0.0,0.000,0.000,0.0
1.5350,123101,1102535,0.000,0.000,0.0,0.000,0.000,0.0,0.000,0.000,0.0
1.5350,123102,1102540,0.000,0.000,0.0,0.000,0.000,0.0,0.000,0.000,0.0
1.5350,123103,1102545,0.000,0.000,0.0,0.000,0.000,0.0,0.000,0.000,0.0
1.5350,123104,1102550,0.000,0.000,0.0,0.000,0.000,0.0,0.000,0.000,0.0
1.5350,123105,1102555,0.000,0.000,0.0,0.000,0.000,0.0,0.000,0.000,0.0
1.5350,123106,1102560,0.000,0.000,0.0,0.000,0.000,0.0,0.000,0.000,0.0
1.5350,123107,1102565,0.000,0.000,0.0,0.000,0.000,0.0,0.000,0.000,0.0
1.5350,123108,1102570,0.000,0.000,0.0,0.000,0.000,0.0,0.000,0.000,0.0
1.5350,123109,1102575,0.000,0.000,0.0,0.000,0.000,0.0,0.000,0.000,0.0
1.5350,123110,1102580,0.000,0.000,0.0,0.000,0.000,0.0,0.000,0.000,0.0
1.5350,123111,1102585,0.000,0.000,0.0,0.000,0.000,0.0,0.000,0.000,0.0
1.5350,123112,1102590,0.000,0.000,0.0,0.000,0.000,0.0,0.000,0.000,0.0
1.5350,123113,1102595,0.000,0.000,0.0,0.000,0.000,0.0,0.000,0.000,0.0
1.5350,123114,1102600,0.000,0.000,0.0,0.000,0.000,0.0,0.000,0.000,0.0
1.5350,123115,1102605,0.000,0.000,0.0,0.000,0.000,0.0,0.000,0.000,0.0
1.5350,123116,1102610,0.000,0.000,0.0,0.000,0.000,0.0,0.000,0.000,0.0
1.5350,123117,1102615,0.000,0.000,0.0,0.000,0.000,0.0,0.000,0.000,0.0
1.5350,123118,1102620,0.000,0.000,0.0,0.000,0.000,0.0,0.000,0.000,0.0
1.6547,123119,1102625,0.000,0.000,0.0,0.000,0.000,0.0,0.000,0.000,0.0
1.6547,123120,1102630,0.000,0.000,0.0,0.000,0.000,0.0,0.000,0.000,0.0
1.6547,123121,1102635,0.000,0.000,0.0,0.000,0.000,0.0,0.000,0.000,0.0
1.6547,123122,1102640,0.000,0.000,0.0,0.000,0.000,0.0,0.000,0.000,0.0
1.6547,123123,1102645,0.000,0.000,0.0,0.000,0.000,0.0,0.000,0.000,0.0
1.6547,123124,1102650,0.000,0.000,0.0,0.000,0.000,0.0,0.000,0.000,0.0
1.6547,123125,1102655,0.000,0.000,0.0,0.000,0.000,0.0,0.000,0.000,0.0
1.6547,123126,1102660,0.000,0.000,0.0,0.000,0.000,0.0,0.000,0.000,0.0
1.6547,123127,1102665,0.000,0.000,0.0,0.000,0.000,0.0,0.000,0.000,0.0
1.6547,123128,1102670,0.000,0.000,0.0,0.000,0.000,0.0,0.000,0.000,0.0
1.6547,123129,1102675,0.000,0.000,0.0,0.000,0.000,0.0,0.000,0.000,0.0
1.6547,123130,1102680,0.000,0.000,0.0,0.000,0.000,0.0,0.000,0.000,0.0
1.6547,123131,1102685,0.000,0.000,0.0,0.000,0.000,0.0,0.000,0.000,0.0
1.6547,123132,1102690,0.000,0.000,0.0,0.000,0.000,0.0,0.000,0.000,0.0
1.6557,123133,1102695,0.000,0.000,0.0,0.000,0.000,0.0,0.000,0.000,0.0
1.6557,123134,1102700,0.000,0.000,0.0,0.000,0.000,0.0,0.000,0.000,0.0
1.6557,123135,1102705,0.000,0.000,0.0,0.000,0.000,0.0,0.000,0.000,0.0
1.6557,123136,1102710,0.000,0.000,0.0,0.000,0.000,0.0,0.000,0.000,0.0
1.6557,123137,1102715,0.000,0.000,0.0,0.000,0.000,0.0,0.000,0.000,0.0
1.6557,123138,1102720,0.000,0.000,0.0,0.000,0.000,0.0,0.000,0.000,0.0
1.6557,123139,1102725,0.000,0.000,0.0,0.000,0.000,0.0,0.000,0.000,0.0
1.6557,123140,1102730,0.000,0.000,0.0,0.000,0.000,0.0,0.000,0.000,0.0
1.6557,123141,1102735,0.000,0.000,0.0,0.000,0.000,0.0,0.000,0.000,0.0
1.6557,123142,1102740,0.000,0.000,0.0,0.000,0.000,0.0,0.000,0.000,0.0
1.7108,123143,1102745,0.000,0.000,0.0,0.000,0.000,0.0,0.000,0.000,0.0
1.7108,123144,1102750,0.000,0.000,0.0,0.000,0.000,0.0,0.000,0.000,0.0
1.7108,123145,1102755,0.000,0.000,0.0,0.000,0.000,0.0,0.000,0.000,0.0
1.7108,123146,1102760,0.000,0.000,0.0,0.000,0.000,0.0,0.000,0.000,0.0
1.7108,123147,1102765,0.000,0.000,0.0,0.000,0.000,0.0,0.000,0.000,0.0
1.7108,123148,1102770,0.000,0.000,0.0,0.000,0.000,0.0,0.000,0.000,0.0
1.7108,123149,1102775,0.000,0.000,0.0,0.000,0.000,0.0,0.000,0.000,0.0
1.7108,123150,1102780,0.000,0.000,0.0,0.000,0.000,0.0,0.000,0.000,0.0
1.7108,123151,1102785,0.000,0.000,0.0,0.000,0.000,0.0,0.000,0.000,0.0
1.7108,123152,1102790,0.000,0.000,0.0,0.000,0.000,0.0,0.000,0.000,0.0
1.7108,123153,1102795,0.000,0.000,0.0,0.000,0.000,0.0,0.000,0.000,0.0
1.7108,123154,1102800,0.000,0.000,0.0,0.000,0.000,0.0,0.000,0.000,0.0
1.7108,123155,1102805,0.000,0.000,0.0,0.000,0.000,0.0,0.000,0.000,0.0
1.7108,123156,1102810,0.000,0.000,0.0,0.000,0.000,0.0,0.000,0.000,0.0
1.7108,123157,1102815,0.000,0.000,0.0,0.000,0.000,0.0,0.000,0.000,0.0
1.7108,123158,1102820,0.000,0.000,0.0,0.000,0.000,0.0,0.000,0.000,0.0
1.8237,123159,1102825,0.000,0.000,0.0,0.000,0.000,0.0,0.000,0.000,0.0
1.8237,123160,1102830,0.000,0.000,0.0,0.000,0.000,0.0,0.000,0.000,0.0
1.8237,123161,1102835,0.000,0.000,0.0,0.000,0.000,0.0,0.000,0.000,0.0
1.8237,123162,1102840,0.000,0.000,0.0,0.000,0.000,0.0,0.000,0.000,0.0
1.8237,123163,1102845,0.000,0.000,0.0,0.000,0.000,0.0,0.000,0.000,0.0
1.8237,123164,1102850,0.000,0.000,0.0,0.000,0.000,0.0,0.000,0.000,0.0
1.8237,123165,1102855,0.000,0.000,0.0,0.000,0.000,0.0,0.000,0.000,0.0
1.8237,123166,1102860,0.000,0.000,0.0,0.000,0.000,0.0,0.000,0.000,0.0
1.8237,123167,1102865,0.000,0.000,0.0,0.000,0.000,0.0,0.000,0.000,0.0
1.8237,123168,1102870,0.000,0.000,0.0,0.000,0.000,0.0,0.000,0.000,0.0
1.8237,123169,1102875,0.000,0.000,0.0,0.000,0.000,0.0,0.000,0.000,0.0
1.8237,123170,1102880,0.000,0.000,0.0,0.000,0.000,0.0,0.000,0.000,0.0
1.8237,123171,1102885,0.000,0.000,0.0,0.000,0.000,0.0,0.000,0.000,0.0
1.8237,123172,1102890,0.000,0.000,0.0,0.000,0.000,0.0,0.000,0.000,0.0
1.8237,123173,1102895,0.000,0.000,0.0,0.000,0.000,0.0,0.000,0.000,0.0
1.8237,123174,1102900,0.000,0.000,0.0,0.000,0.000,0.0,0.000,0.000,0.0
1.8853,123175,1102905,0.000,0.000,0.0,0.000,0.000,0.0,0.000,0.000,0.0
1.8853,123176,1102910,0.000,0.000,0.0,0.000,0.000,0.0,0.000,0.000,0.0
1.8853,123177,1102915,0.000,0.000,0.0,0.000,0.000,0.0,0.000,0.000,0.0
1.8853,123178,1102920,0.000,0.000,0.0,0.000,0.000,0.0,0.000,0.000,0.0
1.8853,123179,1102925,0.000,0.000,0.0,0.000,0.000,0.0,0.000,0.000,0.0
1.8853,123180,1102930,0.000,0.000,0.0,0.000,0.000,0.0,0.000,0.000,0.0
1.8853,123181,1102935,0.000,0.000,0.0,0.000,0.000,0.0,0.000,0.000,0.0
1.8853,123182,1102940,0.000,0.000,0.0,0.000,0.000,0.0,0.000,0.000,0.0
1.8853,123183,1102945,0.000,0.000,0.0,0.000,0.000,0.0,0.000,0.000,0.0
1.8853,123184,1102950,0.000,0.000,0.0,0.000,0.000,0.0,0.000,0.000,0.0
1.8853,123185,1102955,0.000,0.000,0.0,0.000,0.000,0.0,0.000,0.000,0.0
1.8853,123186,1102960,0.000,0.000,0.0,0.000,0.000,0.0,0.000,0.000,0.0
1.8853,123187,1102965,0.000,0.000,0.0,0.000,0.000,0.0,0.000,0.000,0.0
1.8853,123188,1102970,0.000,0.000,0.0,0.000,0.000,0.0,0.000,0.000,0.0
1.8853,123189,1102975,0.000,0.000,0.0,0.000,0.000,0.0,0.000,0.000,0.0
1.8853,123190,1102980,0.000,0.000,0.0,0.000,0.000,0.0,0.000,0.000,0.0
1.9832,123191,1102985,0.000,0.000,0.0,0.000,0.000,0.0,0.000,0.000,0.0
1.9832,123192,1102990,0.000,0.000,0.0,0.000,0.000,0.0,0.000,0.000,0.0
1.9832,123193,1102995,0.000,0.000,0.0,0.000,0.000,0.0,0.000,0.000,0.0
1.9832,123194,1103000,0.000,0.000,0.0,0.000,0.000,0.0,0.000,0.000,0.0
1.9832,123195,1103005,0.000,0.000,0.0,0.000,0.000,0.0,0.000,0.000,0.0
1.9832,123196,1103010,0.000,0.000,0.0,0.000,0.000,0.0,0.000,0.000,0.0
1.9832,123197,1103015,0.000,0.000,0.0,0.000,0.000,0.0,0.000,0.000,0.0
1.9832,123198,1103020,0.000,0.000,0.0,0.000,0.000,0.0,0.000,0.000,0.0
1.9832,123199,1103025,0.000,0.000,0.0,0.000,0.000,0.0,0.000,0.000,0.0
1.9832,123200,1103030,0.000,0.000,0.0,0.000,0.000,0.0,0.000,0.000,0.0
1.9832,123201,1103035,0.000,0.000,0.0,0.000,0.000,0.0,0.000,0.000,0.0
1.9832,123202,1103040,0.000,0.000,0.0,0.000,0.000,0.0,0.000,0.000,0.0
1.9832,123203,1103045,0.000,0.000,0.0,0.000,0.000,0.0,0.000,0.000,0.0
1.9832,123204,1103050,0.000,0.000,0.0,0.000,0.000,0.0,0.000,0.000,0.0
1.9832,123205,1103055,0.000,0.000,0.0,0.000,0.000,0.0,0.000,0.000,0.0
1.9832,123206,1103060,0.000,0.000,0.0,0.000,0.000,0.0,0.000,0.000,0.0
2.0334,123207,1103065,0.000,0.000,0.0,0.000,0.000,0.0,0.000,0.000,0.0
2.0334,123208,1103070,0.000,0.000,0.0,0.000,0.000,0.0,0.000,0.000,0.0
2.0334,123209,1103075,0.000,0.000,0.0,0.000,0.000,0.0,0.000,0.000,0.0
2.0334,123210,1103080,0.000,0.000,0.0,0.000,0.000,0.0,0.000,0.000,0.0
2.0334,123211,1103085,0.000,0.000,0.0,0.000,0.000,0.0,0.000,0.000,0.0
2.0334,123212,1103090,0.000,0.000,0.0,0.000,0.000,0.0,0.000,0.000,0.0
2.0334,123213,1103095,0.000,0.000,0.0,0.000,0.000,0.0,0.000,0.000,0.0
2.0334,123214,1103100,0.000,0.000,0.0,0.000,0.000,0.0,0.000,0.000,0.0
2.0334,123215,1103105,0.000,0.000,0.0,0.000,0.000,0.0,0.000,0.000,0.0
2.0334,123216,1103110,0.000,0.000,0.0,0.000,0.000,0.0,0.000,0.000,0.0
2.0334,123217,1103115,0.000,0.000,0.0,0.000,0.000,0.0,0.000,0.000,0.0
2.0334,123218,1103120,0.000,0.000,0.0,0.000,0.000,0.0,0.000,0.000,0.0
2.0334,123219,1103125,0.000,0.000,0.0,0.000,0.000,0.0,0.000,0.000,0.0
2.0334,123220,1103130,0.000,0.000,0.0,0.000,0.000,0.0,0.000,0.000,0.0
2.0334,123221,1103135,0.000,0.000,0.0,0.000,0.000,0.0,0.000,0.000,0.0
2.0334,123222,1103140,0.000,0.000,0.0,0.000,0.000,0.0,0.000,0.000,0.0
2.0812,123223,1103145,0.000,0.000,0.0,0.000,0.000,0.0,0.000,0.000,0.0
2.0812,123224,1103150,0.000,0.000,0.0,0.000,0.000,0.0,0.000,0.000,0.0
2.0812,123225,1103155,0.000,0.000,0.0,0.000,0.000,0.0,0.000,0.000,0.0
2.0812,123226,1103160,0.000,0.000,0.0,0.000,0.000,0.0,0.000,0.000,0.0
2.0812,123227,1103165,0.000,0.000,0.0,0.000,0.000,0.0,0.000,0.000,0.0
2.0812,123228,1103170,0.000,0.000,0.0,0.000,0.000,0.0,0.000,0.000,0.0
2.0812,123229,1103175,0.000,0.000,0.0,0.000,0.000,0.0,0.000,0.000,0.0
2.0812,123230,1103180,0.000,0.000,0.0,0.000,0.000,0.0,0.000,0.000,0.0
2.1568,123231,1103185,0.000,0.000,0.0,0.000,0.000,0.0,0.000,0.000,0.0
2.1568,123232,1103190,0.000,0.000,0.0,0.000,0.000,0.0,0.000,0.000,0.0
2.1568,123233,1103195,0.000,0.000,0.0,0.000,0.000,0.0,0.000,0.000,0.0
2.1568,123234,1103200,0.000,0.000,0.0,0.000,0.000,0.0,0.000,0.000,0.0
2.1568,123235,1103205,0.000,0.000,0.0,0.000,0.000,0.0,0.000,0.000,0.0
2.1568,123236,1103210,0.000,0.000,0.0,0.000,0.000,0.0,0.000,0.000,0.0
2.1568,123237,1103215,0.000,0.000,0.0,0.000,0.000,0.0,0.000,0.000,0.0
2.1568,123238,1103220,0.000,0.000,0.0,0.000,0.000,0.0,0.000,0.000,0.0
2.1568,123239,1103225,0.000,0.000,0.0,0.000,0.000,0.0,0.000,0.000,0.0
2.1568,123240,1103230,0.000,0.000,0.0,0.000,0.000,0.0,0.000,0.000,0.0
2.1568,123241,1103235,0.000,0.000,0.0,0.000,0.000,0.0,0.000,0.000,0.0
2.1568,123242,1103240,0.000,0.000,0.0,0.000,0.000,0.0,0.000,0.000,0.0
2.1568,123243,1103245,0.000,0.000,0.0,0.000,0.000,0.0,0.000,0.000,0.0
2.1568,123244,1103250,0.000,0.000,0.0,0.000,0.000,0.0,0.000,0.000,0.0
2.1568,123245,1103255,0.000,0.000,0.0,0.000,0.000,0.0,0.000,0.000,0.0
2.1568,123246,1103260,0.000,0.000,0.0,0.000,0.000,0.0,0.000,0.000,0.0
2.2179,123247,1103265,0.000,0.000,0.0,0.000,0.000,0.0,0.000,0.000,0.0
2.2179,123248,1103270,0.000,0.000,0.0,0.000,0.000,0.0,0.000,0.000,0.0
2.2179,123249,1103275,0.000,0.000,0.0,0.000,0.000,0.0,0.000,0.000,0.0
2.2179,123250,1103280,0.000,0.000,0.0,0.000,0.000,0.0,0.000,0.000,0.0
2.2179,123251,1103285,0.000,0.000,0.0,0.000,0.000,0.0,0.000,0.000,0.0
2.2179,123252,1103290,0.000,0.000,0.0,0.000,0.000,0.0,0.000,0.000,0.0
2.2179,123253,1103295,0.000,0.000,0.0,0.000,0.000,0.0,0.000,0.000,0.0
2.2179,123254,1103300,0.000,0.000,0.0,0.000,0.000,0.0,0.000,0.000,0.0
2.2179,123255,1103305,0.000,0.000,0.0,0.000,0.000,0.0,0.000,0.000,0.0
2.2179,123256,1103310,0.000,0.000,0.0,0.000,0.000,0.0,0.000,0.000,0.0
2.2179,123257,1103315,0.000,0.000,0.0,0.000,0.000,0.0,0.000,0.000,0.0
2.2179,123258,1103320,0.000,0.000,0.0,0.000,0.000,0.0,0.000,0.000,0.0
2.2179,123259,1103325,0.000,0.000,0.0,0.000,0.000,0.0,0.000,0.000,0.0
2.2179,123260,1103330,0.000,0.000,0.0,0.000,0.000,0.0,0.000,0.000,0.0
2.2179,123261,1103335,0.000,0.000,0.0,0.000,0.000,0.0,0.000,0.000,0.0
2.2179,123262,1103340,0.000,0.000,0.0,0.000,0.000,0.0,0.000,0.000,0.0
2.2886,123263,1103345,0.000,0.000,0.0,0.000,0.000,0.0,0.000,0.000,0.0
2.2886,123264,1103350,0.000,0.000,0.0,0.000,0.000,0.0,0.000,0.000,0.0
2.2886,123265,1103355,0.000,0.000,0.0,0.000,0.000,0.0,0.000,0.000,0.0
2.2886,123266,1103360,0.000,0.000,0.0,0.000,0.000,0.0,0.000,0.000,0.0
2.2886,123267,1103365,0.000,0.000,0.0,0.000,0.000,0.0,0.000,0.000,0.0
2.2886,123268,1103370,0.000,0.000,0.0,0.000,0.000,0.0,0.000,0.000,0.0
2.2886,123269,1103375,0.000,0.000,0.0,0.000,0.000,0.0,0.000,0.000,0.0
2.2886,123270,1103380,0.000,0.000,0.0,0.000,0.000,0.0,0.000,0.000,0.0
2.3379,123271,1103385,0.000,0.000,0.0,0.000,0.000,0.0,0.000,0.000,0.0
2.3379,123272,1103390,0.000,0.000,0.0,0.000,0.000,0.0,0.000,0.000,0.0
2.3379,123273,1103395,0.000,0.000,0.0,0.000,0.000,0.0,0.000,0.000,0.0
2.3379,123274,1103400,0.000,0.000,0.0,0.000,0.000,0.0,0.000,0.000,0.0
2.3379,123275,1103405,0.000,0.000,0.0,0.000,0.000,0.0,0.000,0.000,0.0
2.3379,123276,1103410,0.000,0.000,0.0,0.000,0.000,0.0,0.000,0.000,0.0
2.3379,123277,1103415,0.000,0.000,0.0,0.000,0.000,0.0,0.000,0.000,0.0
2.3379,123278,1103420,0.000,0.000,0.0,0.000,0.000,0.0,0.000,0.000,0.0
2.3379,123279,1103425,0.000,0.000,0.0,0.000,0.000,0.0,0.000,0.000,0.0
2.3379,123280,1103430,0.000,0.000,0.0,0.000,0.000,0.0,0.000,0.000,0.0
2.3379,123281,1103435,0.000,0.000,0.0,0.000,0.000,0.0,0.000,0.000,0.0
2.3379,123282,1103440,0.000,0.000,0.0,0.000,0.000,0.0,0.000,0.000,0.0
2.3379,123283,1103445,0.000,0.000,0.0,0.000,0.000,0.0,0.000,0.000,0.0
2.3379,123284,1103450,0.000,0.000,0.0,0.000,0.000,0.0,0.000,0.000,0.0
2.3379,123285,1103455,0.000,0.000,0.0,0.000,0.000,0.0,0.000,0.000,0.0
2.3379,123286,1103460,0.000,0.000,0.0,0.000,0.000,0.0,0.000,0.000,0.0
2.3937,123287,1103466,10.000,0.000,0.0,10.000,0.000,0.0,10.000,0.000,0.0
2.3937,123288,1103471,10.000,0.000,0.0,10.000,0.000,0.0,10.000,0.000,0.0
2.3937,123289,1103476,10.000,0.000,0.0,10.000,0.000,0.0,10.000,0.000,0.0
2.3937,123290,1103481,10.000,0.000,0.0,10.000,0.000,0.0,10.000,0.000,0.0
2.3937,123291,1103486,10.000,0.000,0.0,10.000,0.000,0.0,10.000,0.000,0.0
2.3937,123292,1103491,10.000,0.000,0.0,10.000,0.000,0.0,10.000,0.000,0.0
2.3937,123293,1103496,10.000,0.000,0.0,10.000,0.000,0.0,10.000,0.000,0.0
2.3937,123294,1103501,10.000,0.000,0.0,10.000,0.000,0.0,10.000,0.000,0.0
2.4944,123295,1103506,10.000,0.000,0.0,10.000,0.000,0.0,10.000,0.000,0.0
2.4944,123296,1103511,10.000,0.000,0.0,10.000,0.000,0.0,10.000,0.000,0.0
2.4944,123297,1103516,10.000,0.000,0.0,10.000,0.000,0.0,10.000,0.000,0.0
2.4944,123298,1103521,10.000,0.000,0.0,10.000,0.000,0.0,10.000,0.000,0.0
2.4944,123299,1103526,10.000,0.000,0.0,10.000,0.000,0.0,10.000,0.000,0.0
2.4944,123300,1103531,10.000,0.000,0.0,10.000,0.000,0.0,10.000,0.000,0.0
2.4944,123301,1103536,10.000,0.000,0.0,10.000,0.000,0.0,10.000,0.000,0.0
2.4944,123302,1103541,10.000,0.000,0.0,10.000,0.000,0.0,10.000,0.000,0.0
2.4944,123303,1103546,10.000,0.000,63.0,10.000,0.000,63.0,10.000,0.000,63.0
2.4944,123304,1103551,10.000,0.000,63.0,10.000,0.000,63.0,10.000,0.000,63.0
2.4944,123305,1103556,10.000,0.000,63.0,10.000,0.182,63.0,10.000,0.000,63.0
2.4944,123306,1103561,10.000,0.182,63.0,10.000,0.363,63.0,10.000,0.182,63.0
2.4944,123307,1103566,10.000,0.363,63.0,10.000,0.545,63.0,10.000,0.363,63.0
2.4944,123308,1103571,10.000,0.545,63.0,10.000,0.726,63.0,10.000,0.545,63.0
2.4944,123309,1103576,10.000,0.908,63.0,10.000,1.090,63.0,10.000,0.726,63.0
2.4944,123310,1103581,10.000,1.271,63.0,10.000,1.453,63.0,10.000,1.090,63.0
2.5578,123311,1103586,10.000,1.453,63.0,10.000,1.816,63.0,10.000,1.271,63.0
2.5578,123312,1103591,10.000,1.998,63.0,10.000,2.361,63.0,10.000,1.634,63.0
2.5578,123313,1103596,10.000,2.361,63.0,10.000,2.724,63.0,10.000,1.998,63.0
2.5578,123314,1103601,10.000,2.724,63.0,10.000,3.269,63.0,10.000,2.542,63.0
2.5578,123315,1103606,10.000,3.269,63.0,10.000,3.632,63.0,10.000,2.906,63.0
2.5578,123316,1103611,10.000,3.269,63.0,10.000,3.995,63.0,10.000,3.269,63.0
2.5578,123317,1103616,10.000,3.632,63.0,10.000,4.540,63.0,10.000,3.632,63.0
2.5578,123318,1103621,10.000,3.995,63.0,10.000,4.903,63.0,10.000,3.813,63.0
2.5578,123319,1103626,10.000,4.177,63.0,10.000,5.266,63.0,10.000,4.358,63.0
2.5578,123320,1103631,10.000,4.358,63.0,10.000,5.448,63.0,10.000,4.540,63.0
2.5578,123321,1103636,10.000,4.721,63.0,10.000,5.811,63.0,10.000,4.903,63.0
2.5578,123322,1103641,10.000,4.903,63.0,10.000,5.993,63.0,10.000,5.085,63.0
2.5578,123323,1103646,10.000,5.085,53.4,10.000,6.356,45.2,10.000,5.448,51.0
2.5578,123324,1103651,10.000,5.266,53.4,10.000,6.537,45.2,10.000,5.448,51.0
2.5578,123325,1103656,10.000,5.266,53.4,10.000,6.719,45.2,10.000,5.811,51.0
2.5578,123326,1103661,10.000,5.811,53.4,10.000,6.901,45.2,10.000,5.811,51.0
2.6149,123327,1103666,10.000,5.811,53.4,10.000,6.719,45.2,10.000,5.993,51.0
2.6149,123328,1103671,10.000,5.811,53.4,10.000,6.901,45.2,10.000,6.356,51.0
2.6149,123329,1103676,10.000,5.993,53.4,10.000,6.901,45.2,10.000,6.174,51.0
2.6149,123330,1103681,10.000,5.993,53.4,10.000,7.082,45.2,10.000,6.356,51.0
2.6149,123331,1103686,10.000,6.174,53.4,10.000,7.082,45.2,10.000,6.537,51.0
2.6149,123332,1103691,10.000,5.993,53.4,10.000,6.901,45.2,10.000,6.537,51.0
2.6149,123333,1103696,10.000,5.993,53.4,10.000,6.901,45.2,10.000,6.537,51.0
2.6149,123334,1103701,10.000,6.174,53.4,10.000,6.901,45.2,10.000,6.719,51.0
2.6968,123335,1103706,10.000,6.174,53.4,10.000,6.719,45.2,10.000,6.537,51.0
2.6968,123336,1103711,10.000,6.174,53.4,10.000,6.719,45.2,10.000,6.719,51.0
2.6968,123337,1103716,10.000,6.174,53.4,10.000,6.901,45.2,10.000,6.719,51.0
2.6968,123338,1103721,10.000,6.356,53.4,10.000,6.901,45.2,10.000,6.537,51.0
2.6968,123339,1103726,10.000,6.174,53.4,10.000,6.719,45.2,10.000,6.719,51.0
2.6968,123340,1103731,10.000,6.356,53.4,10.000,6.719,45.2,10.000,6.719,51.0
2.6968,123341,1103736,10.000,6.174,53.4,10.000,6.537,45.2,10.000,6.719,51.0
2.6968,123342,1103741,10.000,6.356,53.4,10.000,6.719,45.2,10.000,6.719,51.0
2.6968,123343,1103746,10.000,6.356,57.1,10.000,6.719,52.0,10.000,6.719,54.0
2.6968,123344,1103751,10.000,6.356,57.1,10.000,6.719,52.0,10.000,6.719,54.0
2.6968,123345,1103756,10.000,6.537,57.1,10.000,6.719,52.0,10.000,6.901,54.0
2.6968,123346,1103761,10.000,6.356,57.1,10.000,6.719,52.0,10.000,6.901,54.0
2.6968,123347,1103766,10.000,6.537,57.1,10.000,6.719,52.0,10.000,6.719,54.0
2.6968,123348,1103771,10.000,6.356,57.1,10.000,6.719,52.0,10.000,6.901,54.0
2.6968,123349,1103776,10.000,6.537,57.1,10.000,6.719,52.0,10.000,6.901,54.0
2.6968,123350,1103781,10.000,6.537,57.1,10.000,6.719,52.0,10.000,6.901,54.0
2.7479,123351,1103786,10.000,6.537,57.1,10.000,6.901,52.0,10.000,6.901,54.0
2.7479,123352,1103791,10.000,6.537,57.1,10.000,6.901,52.0,10.000,7.082,54.0
2.7479,123353,1103796,10.000,6.719,57.1,10.000,6.901,52.0,10.000,6.901,54.0
2.7479,123354,1103801,10.000,6.537,57.1,10.000,6.901,52.0,10.000,6.901,54.0
2.7479,123355,1103806,10.000,6.537,57.1,10.000,7.082,52.0,10.000,6.901,54.0
2.7479,123356,1103811,10.000,6.719,57.1,10.000,7.082,52.0,10.000,6.901,54.0
2.7479,123357,1103816,10.000,6.537,57.1,10.000,7.082,52.0,10.000,7.082,54.0
2.7479,123358,1103821,10.000,6.719,57.1,10.000,7.082,52.0,10.000,7.082,54.0
2.7479,123359,1103826,10.000,6.719,57.1,10.000,7.264,52.0,10.000,7.082,54.0
2.7479,123360,1103831,10.000,6.537,57.1,10.000,7.264,52.0,10.000,7.082,54.0
2.7479,123361,1103836,10.000,6.719,57.1,10.000,7.264,52.0,10.000,7.082,54.0
2.7479,123362,1103841,10.000,6.719,57.1,10.000,7.264,52.0,10.000,6.901,54.0
2.7479,123363,1103846,10.000,6.719,63.3,10.000,7.264,56.1,10.000,7.082,59.4
2.7479,123364,1103851,10.000,6.719,63.3,10.000,7.264,56.1,10.000,7.082,59.4
2.7479,123365,1103856,10.000,6.719,63.3,10.000,7.264,56.1,10.000,7.082,59.4
2.7479,123366,1103861,10.000,6.719,63.3,10.000,7.264,56.1,10.000,7.082,59.4
3.1724,123367,1103866,10.000,6.901,63.3,10.000,7.264,56.1,10.000,7.082,59.4
3.1724,123368,1103871,10.000,6.719,63.3,10.000,7.264,56.1,10.000,7.082,59.4
3.1724,123369,1103876,10.000,6.719,63.3,10.000,7.445,56.1,10.000,7.082,59.4
3.1724,123370,1103881,10.000,6.901,63.3,10.000,7.445,56.1,10.000,7.264,59.4
3.1724,123371,1103886,10.000,6.901,63.3,10.000,7.445,56.1,10.000,7.264,59.4
3.1724,123372,1103891,10.000,6.901,63.3,10.000,7.445,56.1,10.000,7.445,59.4
3.1724,123373,1103896,10.000,6.901,63.3,10.000,7.445,56.1,10.000,7.445,59.4
3.1724,123374,1103901,10.000,7.082,63.3,10.000,7.627,56.1,10.000,7.445,59.4
3.1724,123375,1103906,10.000,6.901,63.3,10.000,7.627,56.1,10.000,7.445,59.4
3.1724,123376,1103911,10.000,6.901,63.3,10.000,7.445,56.1,10.000,7.445,59.4
3.1724,123377,1103916,10.000,6.901,63.3,10.000,7.445,56.1,10.000,7.627,59.4
3.1724,123378,1103921,10.000,7.082,63.3,10.000,7.627,56.1,10.000,7.627,59.4
3.1724,123379,1103926,10.000,7.082,63.3,10.000,7.445,56.1,10.000,7.627,59.4
3.1724,123380,1103931,10.000,7.082,63.3,10.000,7.445,56.1,10.000,7.445,59.4
3.1724,123381,1103936,10.000,7.082,63.3,10.000,7.445,56.1,10.000,7.445,59.4
3.1724,123382,1103941,10.000,7.082,63.3,10.000,7.627,56.1,10.000,7.445,59.4
3.1734,123383,1103946,10.000,7.082,68.6,10.000,7.627,60.1,10.000,7.627,62.6
3.1734,123384,1103951,10.000,7.082,68.6,10.000,7.445,60.1,10.000,7.627,62.6
3.1734,123385,1103956,10.000,7.082,68.6,10.000,7.627,60.1,10.000,7.627,62.6
3.1734,123386,1103961,10.000,7.082,68.6,10.000,7.809,60.1,10.000,7.627,62.6
3.1734,123387,1103966,10.000,7.082,68.6,10.000,7.809,60.1,10.000,7.445,62.6
3.1734,123388,1103971,10.000,7.082,68.6,10.000,7.809,60.1,10.000,7.627,62.6
3.1734,123389,1103976,10.000,7.082,68.6,10.000,7.809,60.1,10.000,7.627,62.6
3.1734,123390,1103981,10.000,7.082,68.6,10.000,7.809,60.1,10.000,7.627,62.6
3.3951,123391,1103986,10.000,7.082,68.6,10.000,7.990,60.1,10.000,7.627,62.6
3.3951,123392,1103991,10.000,6.901,68.6,10.000,7.627,60.1,10.000,7.627,62.6
3.3951,123393,1103996,10.000,6.901,68.6,10.000,7.809,60.1,10.000,7.445,62.6
3.3951,123394,1104001,10.000,6.901,68.6,10.000,7.627,60.1,10.000,7.627,62.6
3.3951,123395,1104006,10.000,7.082,68.6,10.000,7.627,60.1,10.000,7.627,62.6
3.3951,123396,1104011,10.000,7.082,68.6,10.000,7.627,60.1,10.000,7.627,62.6
3.3951,123397,1104016,10.000,7.082,68.6,10.000,7.809,60.1,10.000,7.627,62.6
3.3951,123398,1104021,10.000,7.082,68.6,10.000,7.627,60.1,10.000,7.445,62.6
3.3951,123399,1104026,10.000,7.082,68.6,10.000,7.445,60.1,10.000,7.445,62.6
3.3951,123400,1104031,10.000,7.082,68.6,10.000,7.627,60.1,10.000,7.445,62.6
3.3951,123401,1104036,10.000,7.082,68.6,10.000,7.627,60.1,10.000,7.445,62.6
3.3951,123402,1104041,10.000,7.264,68.6,10.000,7.809,60.1,10.000,7.445,62.6
3.3951,123403,1104046,10.000,7.264,74.2,10.000,7.627,65.6,10.000,7.627,68.1
3.3951,123404,1104051,10.000,7.445,74.2,10.000,7.990,65.6,10.000,7.445,68.1
3.3951,123405,1104056,10.000,7.445,74.2,10.000,7.990,65.6,10.000,7.445,68.1
3.3951,123406,1104061,10.000,7.445,74.2,10.000,7.990,65.6,10.000,7.445,68.1
3.3951,123407,1104066,10.000,7.445,74.2,10.000,7.990,65.6,10.000,7.445,68.1
3.3951,123408,1104071,10.000,7.445,74.2,10.000,7.990,65.6,10.000,7.445,68.1
3.3951,123409,1104076,10.000,7.445,74.2,10.000,8.353,65.6,10.000,7.627,68.1
3.3951,123410,1104081,10.000,7.445,74.2,10.000,8.353,65.6,10.000,7.627,68.1
3.3951,123411,1104086,10.000,7.445,74.2,10.000,8.172,65.6,10.000,7.627,68.1
3.3951,123412,1104091,10.000,7.627,74.2,10.000,8.353,65.6,10.000,7.627,68.1
3.3951,123413,1104096,10.000,7.627,74.2,10.000,8.535,65.6,10.000,7.627,68.1
3.3951,123414,1104101,10.000,7.445,74.2,10.000,8.535,65.6,10.000,7.627,68.1
3.4690,123415,1104106,10.000,7.627,74.2,10.000,8.172,65.6,10.000,7.627,68.1
3.4690,123416,1104111,10.000,7.627,74.2,10.000,8.353,65.6,10.000,7.627,68.1
3.4690,123417,1104116,10.000,7.627,74.2,10.000,8.353,65.6,10.000,7.809,68.1
3.4690,123418,1104121,10.000,7.809,74.2,10.000,8.535,65.6,10.000,7.809,68.1
3.4690,123419,1104126,10.000,7.809,74.2,10.000,8.535,65.6,10.000,7.627,68.1
3.4690,123420,1104131,10.000,7.990,74.2,10.000,8.172,65.6,10.000,7.809,68.1
3.4690,123421,1104136,10.000,7.990,74.2,10.000,8.353,65.6,10.000,7.809,68.1
3.4690,123422,1104141,10.000,7.990,74.2,10.000,8.353,65.6,10.000,7.809,68.1
3.4690,123423,1104514,10.000,69.733,0.0,10.000,70.641,0.0,10.000,69.551,0.0
3.4690,123424,1104519,10.000,69.733,0.0,10.000,70.459,0.0,10.000,69.733,0.0
3.4690,123425,1104524,10.000,69.551,0.0,10.000,70.822,0.0,10.000,69.733,0.0
3.4690,123426,1104529,10.000,69.551,0.0,10.000,70.641,0.0,10.000,69.733,0.0
3.4690,123427,1104534,10.000,69.551,0.0,10.000,70.277,0.0,10.000,69.551,0.0
3.4690,123428,1104539,10.000,69.188,0.0,10.000,70.096,0.0,10.000,69.369,0.0
3.4690,123429,1104544,10.000,69.006,0.0,10.000,69.733,0.0,10.000,69.188,0.0
3.4690,123430,1104549,10.000,68.643,0.0,10.000,69.733,0.0,10.000,68.825,0.0
3.4690,123431,1104554,10.000,68.461,0.0,10.000,69.551,0.0,10.000,68.643,0.0
3.5344,123432,1104559,10.000,67.917,0.0,10.000,69.006,0.0,10.000,68.461,0.0
3.5344,123433,1104564,10.000,5.811,0.0,10.000,6.356,0.0,10.000,6.356,0.0
3.5344,123434,1104569,10.000,5.629,0.0,10.000,6.174,0.0,10.000,5.993,0.0
3.5344,123435,1104574,10.000,5.266,0.0,10.000,5.629,0.0,10.000,5.629,0.0
3.5344,123436,1104579,10.000,4.903,0.0,10.000,5.266,0.0,10.000,5.266,0.0
3.5344,123437,1104584,10.000,4.540,0.0,10.000,5.085,0.0,10.000,4.903,0.0
3.5344,123438,1104589,10.000,4.358,0.0,10.000,4.903,0.0,10.000,4.903,0.0
3.5344,123439,1104594,10.000,4.177,0.0,10.000,4.721,0.0,10.000,4.721,0.0
3.5344,123440,1104599,10.000,3.995,0.0,10.000,4.540,0.0,10.000,4.540,0.0
3.5344,123441,1104604,10.000,3.632,0.0,10.000,3.995,0.0,10.000,4.177,0.0
3.5344,123442,1104609,10.000,3.632,0.0,10.000,3.995,0.0,10.000,3.995,0.0
3.5344,123443,1104614,10.000,3.450,49.2,10.000,3.813,47.0,10.000,3.813,46.9
3.5344,123444,1104619,10.000,3.269,49.2,10.000,3.632,47.0,10.000,3.632,46.9
3.5344,123445,1104624,10.000,3.087,49.2,10.000,3.450,47.0,10.000,3.450,46.9
3.5344,123446,1104629,10.000,3.087,49.2,10.000,3.450,47.0,10.000,3.450,46.9
3.5344,123447,1104634,10.000,3.087,49.2,10.000,3.632,47.0,10.000,3.632,46.9
3.5959,123448,1104639,10.000,3.087,49.2,10.000,3.450,47.0,10.000,3.450,46.9
3.5959,123449,1104644,10.000,3.087,49.2,10.000,3.450,47.0,10.000,3.450,46.9
3.5959,123450,1104649,10.000,3.087,49.2,10.000,3.632,47.0,10.000,3.632,46.9
3.5959,123451,1104654,10.000,3.269,49.2,10.000,3.813,47.0,10.000,3.813,46.9
3.5959,123452,1104659,10.000,3.269,49.2,10.000,3.995,47.0,10.000,3.995,46.9
3.5959,123453,1104664,10.000,3.450,49.2,10.000,4.177,47.0,10.000,3.995,46.9
3.5959,123454,1104669,10.000,3.632,49.2,10.000,4.358,47.0,10.000,4.177,46.9
3.5959,123455,1104674,10.000,3.813,49.2,10.000,4.721,47.0,10.000,4.358,46.9
3.5959,123456,1104679,10.000,3.995,49.2,10.000,4.903,47.0,10.000,4.540,46.9
3.5959,123457,1104684,10.000,3.995,49.2,10.000,4.903,47.0,10.000,4.540,46.9
3.5959,123458,1104689,10.000,4.177,49.2,10.000,5.085,47.0,10.000,4.721,46.9
3.5959,123459,1104694,10.000,4.177,49.2,10.000,5.266,47.0,10.000,4.903,46.9
3.5959,123460,1104699,10.000,4.358,49.2,10.000,5.448,47.0,10.000,4.903,46.9
3.5959,123461,1104704,10.000,4.358,49.2,10.000,5.629,47.0,10.000,5.085,46.9
3.5959,123462,1104709,10.000,4.540,49.2,10.000,5.629,47.0,10.000,5.085,46.9
3.5959,123463,1104714,10.000,4.721,48.2,10.000,5.629,41.5,10.000,5.266,43.9
3.7151,123464,1104719,10.000,4.540,48.2,10.000,5.811,41.5,10.000,5.266,43.9
3.7151,123465,1104724,10.000,4.721,48.2,10.000,5.811,41.5,10.000,5.448,43.9
3.7151,123466,1104729,10.000,4.721,48.2,10.000,5.993,41.5,10.000,5.448,43.9
3.7151,123467,1104734,10.000,4.903,48.2,10.000,5.993,41.5,10.000,5.629,43.9
3.7151,123468,1104739,10.000,4.903,48.2,10.000,5.993,41.5,10.000,5.629,43.9
3.7151,123469,1104744,10.000,5.085,48.2,10.000,6.174,41.5,10.000,5.629,43.9
3.7151,123470,1104749,10.000,5.085,48.2,10.000,5.993,41.5,10.000,5.629,43.9
3.7151,123471,1104754,10.000,5.266,48.2,10.000,6.174,41.5,10.000,5.629,43.9
3.7151,123472,1104759,10.000,5.266,48.2,10.000,6.174,41.5,10.000,5.811,43.9
3.7151,123473,1104764,10.000,5.266,48.2,10.000,6.174,41.5,10.000,5.811,43.9
3.7151,123474,1104769,10.000,5.448,48.2,10.000,6.174,41.5,10.000,5.811,43.9
3.7151,123475,1104774,10.000,5.448,48.2,10.000,6.174,41.5,10.000,5.811,43.9
3.7151,123476,1104779,10.000,5.448,48.2,10.000,5.993,41.5,10.000,5.993,43.9
3.7151,123477,1104784,10.000,5.448,48.2,10.000,6.174,41.5,10.000,5.811,43.9
3.7151,123478,1104789,10.000,5.448,48.2,10.000,6.174,41.5,10.000,5.811,43.9
3.7151,123479,1104794,10.000,5.448,48.2,10.000,5.993,41.5,10.000,5.811,43.9
3.7667,123480,1104799,10.000,5.448,48.2,10.000,6.174,41.5,10.000,5.993,43.9
3.7667,123481,1104804,10.000,5.448,48.2,10.000,5.993,41.5,10.000,5.993,43.9
3.7667,123482,1104809,10.000,5.448,48.2,10.000,6.174,41.5,10.000,5.811,43.9
3.7667,123483,1104814,10.000,5.448,55.8,10.000,6.174,48.3,10.000,5.811,51.4
3.7667,123484,1104819,10.000,5.448,55.8,10.000,5.993,48.3,10.000,5.993,51.4
3.7667,123485,1104824,10.000,5.448,55.8,10.000,6.174,48.3,10.000,5.993,51.4
3.7667,123486,1104829,10.000,5.448,55.8,10.000,6.174,48.3,10.000,5.811,51.4
3.7667,123487,1104834,10.000,5.629,55.8,10.000,6.174,48.3,10.000,5.993,51.4
3.7667,123488,1104839,10.000,5.629,55.8,10.000,6.174,48.3,10.000,5.993,51.4
3.7667,123489,1104844,10.000,5.629,55.8,10.000,6.356,48.3,10.000,5.993,51.4
3.7667,123490,1104849,10.000,5.629,55.8,10.000,6.356,48.3,10.000,5.993,51.4
3.7667,123491,1104854,10.000,5.629,55.8,10.000,6.356,48.3,10.000,5.993,51.4
3.7667,123492,1104859,10.000,5.629,55.8,10.000,6.174,48.3,10.000,6.174,51.4
3.7667,123493,1104864,10.000,5.629,55.8,10.000,6.174,48.3,10.000,6.174,51.4
3.7667,123494,1104869,10.000,5.811,55.8,10.000,6.356,48.3,10.000,5.993,51.4
3.7667,123495,1104874,10.000,5.811,55.8,10.000,6.174,48.3,10.000,6.174,51.4
3.8260,123496,1104879,10.000,5.811,55.8,10.000,6.356,48.3,10.000,6.174,51.4
3.8260,123497,1104884,10.000,5.629,55.8,10.000,6.174,48.3,10.000,6.174,51.4
3.8260,123498,1104889,10.000,5.811,55.8,10.000,6.356,48.3,10.000,6.174,51.4
3.8260,123499,1104894,10.000,5.811,55.8,10.000,6.356,48.3,10.000,6.356,51.4
3.8260,123500,1104899,10.000,5.811,55.8,10.000,6.174,48.3,10.000,6.174,51.4
3.8260,123501,1104904,10.000,5.811,55.8,10.000,6.356,48.3,10.000,6.356,51.4
3.8260,123502,1104909,10.000,5.993,55.8,10.000,6.537,48.3,10.000,6.174,51.4
3.8260,123503,1104914,10.000,5.993,62.9,10.000,6.719,53.7,10.000,6.174,58.8
3.9093,123504,1104919,10.000,5.811,62.9,10.000,6.537,53.7,10.000,6.356,58.8
3.9093,123505,1104924,10.000,5.993,62.9,10.000,6.719,53.7,10.000,6.174,58.8
3.9093,123506,1104929,10.000,5.811,62.9,10.000,6.719,53.7,10.000,6.356,58.8
3.9093,123507,1104934,10.000,5.993,62.9,10.000,6.901,53.7,10.000,6.174,58.8
3.9093,123508,1104939,10.000,5.811,62.9,10.000,6.901,53.7,10.000,6.356,58.8
3.9093,123509,1104944,10.000,5.811,62.9,10.000,6.901,53.7,10.000,6.174,58.8
3.9093,123510,1104949,10.000,5.993,62.9,10.000,7.082,53.7,10.000,6.356,58.8
3.9093,123511,1104954,10.000,5.993,62.9,10.000,7.082,53.7,10.000,6.356,58.8
3.9093,123512,1104959,10.000,5.993,62.9,10.000,6.901,53.7,10.000,6.356,58.8
3.9093,123513,1104964,10.000,5.993,62.9,10.000,6.901,53.7,10.000,6.537,58.8
3.9093,123514,1104969,10.000,6.174,62.9,10.000,7.082,53.7,10.000,6.356,58.8
3.9093,123515,1104974,10.000,5.993,62.9,10.000,7.082,53.7,10.000,6.537,58.8
3.9093,123516,1104979,10.000,6.356,62.9,10.000,7.082,53.7,10.000,6.537,58.8
3.9093,123517,1104984,10.000,6.356,62.9,10.000,7.082,53.7,10.000,6.537,58.8
3.9093,123518,1104989,10.000,6.356,62.9,10.000,7.082,53.7,10.000,6.537,58.8
3.9093,123519,1104994,10.000,6.537,62.9,10.000,7.082,53.7,10.000,6.719,58.8
3.9645,123520,1104999,10.000,6.356,62.9,10.000,7.082,53.7,10.000,6.537,58.8
3.9655,123521,1105004,10.000,6.537,62.9,10.000,7.264,53.7,10.000,6.537,58.8
3.9655,123522,1105009,10.000,6.356,62.9,10.000,7.445,53.7,10.000,6.719,58.8
3.9655,123523,1105014,10.000,6.537,68.6,10.000,7.445,56.6,10.000,6.537,65.3
3.9655,123524,1105019,10.000,6.537,68.6,10.000,7.264,56.6,10.000,6.719,65.3
3.9655,123525,1105024,10.000,6.537,68.6,10.000,7.264,56.6,10.000,6.719,65.3
3.9655,123526,1105029,10.000,6.537,68.6,10.000,7.264,56.6,10.000,6.719,65.3
3.9655,123527,1105034,10.000,6.537,68.6,10.000,7.264,56.6,10.000,6.901,65.3
3.9655,123528,1105039,10.000,6.719,68.6,10.000,7.264,56.6,10.000,6.719,65.3
3.9655,123529,1105044,10.000,6.537,68.6,10.000,7.445,56.6,10.000,6.719,65.3
3.9655,123530,1105049,10.000,6.719,68.6,10.000,7.445,56.6,10.000,6.901,65.3
3.9655,123531,1105054,10.000,6.719,68.6,10.000,7.264,56.6,10.000,6.901,65.3
3.9655,123532,1105059,10.000,6.901,68.6,10.000,7.264,56.6,10.000,6.901,65.3
3.9655,123533,1105064,10.000,6.901,68.6,10.000,7.264,56.6,10.000,7.082,65.3
3.9655,123534,1105069,10.000,6.901,68.6,10.000,7.445,56.6,10.000,7.082,65.3
3.9655,123535,1105074,10.000,7.082,68.6,10.000,7.627,56.6,10.000,7.082,65.3
4.0295,123536,1105079,10.000,7.082,68.6,10.000,7.627,56.6,10.000,7.082,65.3
4.0295,123537,1105084,10.000,7.082,68.6,10.000,7.627,56.6,10.000,7.082,65.3
4.0295,123538,1105089,10.000,6.901,68.6,10.000,7.445,56.6,10.000,7.264,65.3
4.0295,123539,1105094,10.000,7.082,68.6,10.000,7.445,56.6,10.000,7.264,65.3
4.0304,123540,1105099,10.000,7.082,68.6,10.000,7.445,56.6,10.000,7.264,65.3
4.0304,123541,1105104,10.000,7.264,68.6,10.000,7.445,56.6,10.000,7.264,65.3
4.0304,123542,1105109,10.000,7.264,68.6,10.000,7.445,56.6,10.000,7.264,65.3
4.0304,123543,1105114,10.000,7.264,72.0,10.000,7.627,61.4,10.000,7.445,67.5
4.1077,123544,1105119,10.000,7.082,72.0,10.000,7.627,61.4,10.000,7.445,67.5
4.1077,123545,1105124,10.000,7.082,72.0,10.000,7.445,61.4,10.000,7.445,67.5
4.1077,123546,1105129,10.000,7.264,72.0,10.000,7.627,61.4,10.000,7.445,67.5
4.1077,123547,1105134,10.000,7.264,72.0,10.000,7.627,61.4,10.000,7.445,67.5
4.1077,123548,1105139,10.000,7.445,72.0,10.000,7.627,61.4,10.000,7.627,67.5
4.1077,123549,1105144,10.000,7.627,72.0,10.000,7.627,61.4,10.000,7.627,67.5
4.1077,123550,1105149,10.000,7.627,72.0,10.000,7.627,61.4,10.000,7.627,67.5
4.1077,123551,1105154,10.000,7.627,72.0,10.000,7.809,61.4,10.000,7.809,67.5
4.1077,123552,1105159,10.000,7.627,72.0,10.000,7.809,61.4,10.000,7.809,67.5
4.1077,123553,1105164,10.000,7.627,72.0,10.000,7.809,61.4,10.000,7.627,67.5
4.1077,123554,1105169,10.000,7.990,72.0,10.000,7.809,61.4,10.000,7.809,67.5
4.1077,123555,1105174,10.000,7.990,72.0,10.000,7.990,61.4,10.000,7.809,67.5
4.1077,123556,1105179,10.000,7.990,72.0,10.000,7.809,61.4,10.000,7.990,67.5
4.1077,123557,1105184,10.000,7.990,72.0,10.000,7.990,61.4,10.000,7.990,67.5
4.1077,123558,1105189,10.000,8.172,72.0,10.000,7.990,61.4,10.000,7.990,67.5
4.1077,123559,1105194,10.000,7.990,72.0,10.000,7.990,61.4,10.000,7.990,67.5
4.2024,123560,1105199,10.000,8.172,72.0,10.000,7.990,61.4,10.000,8.172,67.5
4.2024,123561,1105204,10.000,8.172,72.0,10.000,7.990,61.4,10.000,7.990,67.5
4.2024,123562,1105209,10.000,8.172,72.0,10.000,7.990,61.4,10.000,8.172,67.5
4.2024,123563,1105214,10.000,8.353,71.4,10.000,7.809,65.7,10.000,8.172,68.8
4.2024,123564,1105219,10.000,8.172,71.4,10.000,7.990,65.7,10.000,8.172,68.8
4.2024,123565,1105224,10.000,8.353,71.4,10.000,7.809,65.7,10.000,8.172,68.8
4.2024,123566,1105229,10.000,8.353,71.4,10.000,7.990,65.7,10.000,8.172,68.8
4.2024,123567,1105234,10.000,8.353,71.4,10.000,7.990,65.7,10.000,8.353,68.8
4.2024,123568,1105239,10.000,8.353,71.4,10.000,8.172,65.7,10.000,8.172,68.8
4.2024,123569,1105244,10.000,8.353,71.4,10.000,8.172,65.7,10.000,8.353,68.8
4.2024,123570,1105249,10.000,8.353,71.4,10.000,8.353,65.7,10.000,8.172,68.8
4.2024,123571,1105254,10.000,8.172,71.4,10.000,8.172,65.7,10.000,8.353,68.8
4.2024,123572,1105259,10.000,8.353,71.4,10.000,8.172,65.7,10.000,8.353,68.8
4.2024,123573,1105264,10.000,8.353,71.4,10.000,8.353,65.7,10.000,8.353,68.8
4.2024,123574,1105269,10.000,8.353,71.4,10.000,8.353,65.7,10.000,8.353,68.8
4.2024,123575,1105274,10.000,8.353,71.4,10.000,8.353,65.7,10.000,8.535,68.8
4.2024,123576,1105279,10.000,8.172,71.4,10.000,8.353,65.7,10.000,8.353,68.8
4.2024,123577,1105284,10.000,8.353,71.4,10.000,8.353,65.7,10.000,8.353,68.8
4.2024,123578,1105289,10.000,8.172,71.4,10.000,8.535,65.7,10.000,8.535,68.8
4.2024,123579,1105294,10.000,8.353,71.4,10.000,8.535,65.7,10.000,8.353,68.8
4.2024,123580,1105299,10.000,8.353,71.4,10.000,8.535,65.7,10.000,8.535,68.8
4.2024,123581,1105304,10.000,8.353,71.4,10.000,8.535,65.7,10.000,8.535,68.8
4.2024,123582,1105309,10.000,8.353,71.4,10.000,8.717,65.7,10.000,8.353,68.8
4.2024,123583,1105314,10.000,8.172,76.5,10.000,8.717,65.0,10.000,8.535,70.8
4.3132,123584,1105319,10.000,8.353,76.5,10.000,8.717,65.0,10.000,8.535,70.8
4.3132,123585,1105324,10.000,8.353,76.5,10.000,8.898,65.0,10.000,8.353,70.8
4.3132,123586,1105329,10.000,8.353,76.5,10.000,8.535,65.0,10.000,8.535,70.8
4.3132,123587,1105334,10.000,8.353,76.5,10.000,8.353,65.0,10.000,8.535,70.8
4.3132,123588,1105339,10.000,8.535,76.5,10.000,8.353,65.0,10.000,8.535,70.8
4.3132,123589,1105344,10.000,8.353,76.5,10.000,8.353,65.0,10.000,8.535,70.8
4.3132,123590,1105349,10.000,8.353,76.5,10.000,8.353,65.0,10.000,8.535,70.8
4.3132,123591,1105354,10.000,8.535,76.5,10.000,8.172,65.0,10.000,8.535,70.8
4.3132,123592,1105359,10.000,8.353,76.5,10.000,7.809,65.0,10.000,8.717,70.8
4.3132,123593,1105364,10.000,8.353,76.5,10.000,7.809,65.0,10.000,8.535,70.8
4.3132,123594,1105369,10.000,8.353,76.5,10.000,7.809,65.0,10.000,8.535,70.8
4.3132,123595,1105374,10.000,8.353,76.5,10.000,7.809,65.0,10.000,8.717,70.8
4.3132,123596,1105379,10.000,8.535,76.5,10.000,8.172,65.0,10.000,8.717,70.8
4.3132,123597,1105384,10.000,8.353,76.5,10.000,8.172,65.0,10.000,8.717,70.8
4.3132,123598,1105389,10.000,8.353,76.5,10.000,8.172,65.0,10.000,8.717,70.8
4.3132,123599,1105394,10.000,8.535,76.5,10.000,8.172,65.0,10.000,8.898,70.8
4.4051,123600,1105399,10.000,8.535,76.5,10.000,8.172,65.0,10.000,8.717,70.8
4.4051,123601,1105404,10.000,8.535,76.5,10.000,8.535,65.0,10.000,8.717,70.8
4.4051,123602,1105409,10.000,8.535,76.5,10.000,8.717,65.0,10.000,8.717,70.8
4.4051,123603,1105414,10.000,8.717,77.2,10.000,8.717,68.0,10.000,8.898,71.9
4.4051,123604,1105419,10.000,8.717,77.2,10.000,8.717,68.0,10.000,8.898,71.9
4.4051,123605,1105424,10.000,8.717,77.2,10.000,8.717,68.0,10.000,8.898,71.9
4.4051,123606,1105429,10.000,8.717,77.2,10.000,8.717,68.0,10.000,8.898,71.9
4.4051,123607,1105434,10.000,8.898,77.2,10.000,8.898,68.0,10.000,8.898,71.9
4.4051,123608,1105439,10.000,8.898,77.2,10.000,8.717,68.0,10.000,8.717,71.9
4.4051,123609,1105444,10.000,8.898,77.2,10.000,8.717,68.0,10.000,8.717,71.9
4.4051,123610,1105449,10.000,8.717,77.2,10.000,8.717,68.0,10.000,8.898,71.9
4.4051,123611,1105454,10.000,8.717,77.2,10.000,8.717,68.0,10.000,8.898,71.9
4.4051,123612,1105459,10.000,8.898,77.2,10.000,8.898,68.0,10.000,8.898,71.9
4.4051,123613,1105464,10.000,8.898,77.2,10.000,8.898,68.0,10.000,8.898,71.9
4.4051,123614,1105469,10.000,8.898,77.2,10.000,8.898,68.0,10.000,8.898,71.9
4.4051,123615,1105474,10.000,8.898,77.2,10.000,8.898,68.0,10.000,8.898,71.9
4.4051,123616,1105479,10.000,8.898,77.2,10.000,8.898,68.0,10.000,8.898,71.9
4.4051,123617,1105484,10.000,8.898,77.2,10.000,8.898,68.0,10.000,8.898,71.9
4.4051,123618,1105489,10.000,8.898,77.2,10.000,9.080,68.0,10.000,9.080,71.9
4.4051,123619,1105494,10.000,8.898,77.2,10.000,9.080,68.0,10.000,9.080,71.9
4.4051,123620,1105499,10.000,8.898,77.2,10.000,9.080,68.0,10.000,9.080,71.9
4.4051,123621,1105504,10.000,8.898,77.2,10.000,9.080,68.0,10.000,9.080,71.9
4.4051,123622,1105509,10.000,8.898,77.2,10.000,9.080,68.0,10.000,9.080,71.9
4.4051,123623,1105514,10.000,8.898,79.0,10.000,9.080,68.7,10.000,9.080,73.3
4.5083,123624,1105519,10.000,8.898,79.0,10.000,8.535,68.7,10.000,9.080,73.3
4.5083,123625,1105524,10.000,8.898,79.0,10.000,8.535,68.7,10.000,9.080,73.3
4.5083,123626,1105529,10.000,8.898,79.0,10.000,8.535,68.7,10.000,9.080,73.3
4.5083,123627,1105534,10.000,8.898,79.0,10.000,8.353,68.7,10.000,9.080,73.3
4.5083,123628,1105539,10.000,8.898,79.0,10.000,8.353,68.7,10.000,9.080,73.3
4.5083,123629,1105544,10.000,8.898,79.0,10.000,8.353,68.7,10.000,9.080,73.3
4.5083,123630,1105549,10.000,8.898,79.0,10.000,8.353,68.7,10.000,9.080,73.3
4.5083,123631,1105554,10.000,9.080,79.0,10.000,8.353,68.7,10.000,9.080,73.3
4.5083,123632,1105559,10.000,8.898,79.0,10.000,8.172,68.7,10.000,9.080,73.3
4.5083,123633,1105564,10.000,8.717,79.0,10.000,8.172,68.7,10.000,9.080,73.3
4.5083,123634,1105569,10.000,8.535,79.0,10.000,8.535,68.7,10.000,9.080,73.3
4.5083,123635,1105574,10.000,8.535,79.0,10.000,8.535,68.7,10.000,9.261,73.3
4.5083,123636,1105579,10.000,8.535,79.0,10.000,8.535,68.7,10.000,9.261,73.3
4.5083,123637,1105584,10.000,8.535,79.0,10.000,8.717,68.7,10.000,9.261,73.3
4.5083,123638,1105589,10.000,8.535,79.0,10.000,8.717,68.7,10.000,9.261,73.3
4.5083,123639,1105594,10.000,8.535,79.0,10.000,8.717,68.7,10.000,9.261,73.3
4.5589,123640,1105599,10.000,8.717,79.0,10.000,8.717,68.7,10.000,9.261,73.3
4.5589,123641,1105604,10.000,8.535,79.0,10.000,8.717,68.7,10.000,9.261,73.3
4.5589,123642,1105609,10.000,8.717,79.0,10.000,8.898,68.7,10.000,9.261,73.3
4.5589,123643,1105614,10.000,8.898,81.6,10.000,8.898,72.0,10.000,9.261,74.2
4.5589,123644,1105619,10.000,9.080,81.6,10.000,9.080,72.0,10.000,9.261,74.2
4.5589,123645,1105624,10.000,8.898,81.6,10.000,8.717,72.0,10.000,9.080,74.2
4.5589,123646,1105629,10.000,8.898,81.6,10.000,8.353,72.0,10.000,9.261,74.2
4.5589,123647,1105634,10.000,8.535,81.6,10.000,8.353,72.0,10.000,9.261,74.2
4.5589,123648,1105639,10.000,8.353,81.6,10.000,8.353,72.0,10.000,9.261,74.2
4.5589,123649,1105644,10.000,8.172,81.6,10.000,8.353,72.0,10.000,9.261,74.2
4.5589,123650,1105649,10.000,8.172,81.6,10.000,8.353,72.0,10.000,9.261,74.2
4.5589,123651,1105654,10.000,8.172,81.6,10.000,8.353,72.0,10.000,9.261,74.2
4.5589,123652,1105659,10.000,8.172,81.6,10.000,8.353,72.0,10.000,9.261,74.2
4.5589,123653,1105664,10.000,8.172,81.6,10.000,8.353,72.0,10.000,9.261,74.2
4.5589,123654,1105669,10.000,8.172,81.6,10.000,8.353,72.0,10.000,9.080,74.2
4.5589,123655,1105674,10.000,8.353,81.6,10.000,8.898,72.0,10.000,9.080,74.2
4.6127,123656,1105679,10.000,7.990,81.6,10.000,9.080,72.0,10.000,8.898,74.2
4.6127,123657,1105684,10.000,8.353,81.6,10.000,9.080,72.0,10.000,8.898,74.2
4.6127,123658,1105689,10.000,8.353,81.6,10.000,9.080,72.0,10.000,8.898,74.2
4.6127,123659,1105694,10.000,8.535,81.6,10.000,8.898,72.0,10.000,8.898,74.2
4.6127,123660,1105699,10.000,8.535,81.6,10.000,8.898,72.0,10.000,8.898,74.2
4.6127,123661,1105704,10.000,8.535,81.6,10.000,8.717,72.0,10.000,8.898,74.2
4.6127,123662,1105709,10.000,8.535,81.6,10.000,8.898,72.0,10.000,8.898,74.2
4.6127,123663,1105714,10.000,8.535,86.4,10.000,8.898,74.5,10.000,8.717,79.5
4.7089,123664,1105719,10.000,8.535,86.4,10.000,8.898,74.5,10.000,8.898,79.5
4.7089,123665,1105724,10.000,8.535,86.4,10.000,8.717,74.5,10.000,8.898,79.5
4.7089,123666,1105729,10.000,8.353,86.4,10.000,8.898,74.5,10.000,8.898,79.5
4.7089,123667,1105734,10.000,8.353,86.4,10.000,9.080,74.5,10.000,8.898,79.5
4.7089,123668,1105739,10.000,8.535,86.4,10.000,9.080,74.5,10.000,8.898,79.5
4.7089,123669,1105744,10.000,8.535,86.4,10.000,9.261,74.5,10.000,8.898,79.5
4.7089,123670,1105749,10.000,8.535,86.4,10.000,9.443,74.5,10.000,8.898,79.5
4.7089,123671,1105754,10.000,8.535,86.4,10.000,9.625,74.5,10.000,8.898,79.5
4.7089,123672,1105759,10.000,8.535,86.4,10.000,9.443,74.5,10.000,8.717,79.5
4.7089,123673,1105764,10.000,8.535,86.4,10.000,9.443,74.5,10.000,8.898,79.5
4.7089,123674,1105769,10.000,8.535,86.4,10.000,9.625,74.5,10.000,8.898,79.5
4.7089,123675,1105774,10.000,8.535,86.4,10.000,9.625,74.5,10.000,8.898,79.5
4.7089,123676,1105779,10.000,9.080,86.4,10.000,9.625,74.5,10.000,8.898,79.5
4.7089,123677,1105784,10.000,9.080,86.4,10.000,9.625,74.5,10.000,8.898,79.5
4.7089,123678,1105789,10.000,9.261,86.4,10.000,9.625,74.5,10.000,8.898,79.5
4.7089,123679,1105794,10.000,9.261,86.4,10.000,9.625,74.5,10.000,8.898,79.5
4.7667,123680,1105799,10.000,9.261,86.4,10.000,9.443,74.5,10.000,8.898,79.5
4.7667,123681,1105804,10.000,9.261,86.4,10.000,9.443,74.5,10.000,8.898,79.5
4.7667,123682,1105809,10.000,9.261,86.4,10.000,9.625,74.5,10.000,9.080,79.5
4.7667,123683,1105814,10.000,9.261,85.1,10.000,9.625,72.4,10.000,9.080,80.0
4.7667,123684,1105819,10.000,9.261,85.1,10.000,9.443,72.4,10.000,9.080,80.0
4.7667,123685,1105824,10.000,9.443,85.1,10.000,9.261,72.4,10.000,9.080,80.0
4.7667,123686,1105829,10.000,9.443,85.1,10.000,9.261,72.4,10.000,9.080,80.0
4.7667,123687,1105834,10.000,9.443,85.1,10.000,8.898,72.4,10.000,9.080,80.0
4.7667,123688,1105839,10.000,9.261,85.1,10.000,9.080,72.4,10.000,9.080,80.0
4.7667,123689,1105844,10.000,9.443,85.1,10.000,9.080,72.4,10.000,9.080,80.0
4.7667,123690,1105849,10.000,9.443,85.1,10.000,9.261,72.4,10.000,9.261,80.0
4.7667,123691,1105854,10.000,9.443,85.1,10.000,9.261,72.4,10.000,9.261,80.0
4.7667,123692,1105859,10.000,9.443,85.1,10.000,9.080,72.4,10.000,9.261,80.0
4.7667,123693,1105864,10.000,9.625,85.1,10.000,9.080,72.4,10.000,9.261,80.0
4.7667,123694,1105869,10.000,9.625,85.1,10.000,8.898,72.4,10.000,9.261,80.0
4.7667,123695,1105874,10.000,9.443,85.1,10.000,9.080,72.4,10.000,9.261,80.0
4.8274,123696,1105879,10.000,9.625,85.1,10.000,9.080,72.4,10.000,9.261,80.0
4.8274,123697,1105884,10.000,9.625,85.1,10.000,9.080,72.4,10.000,9.443,80.0
4.8274,123698,1105889,10.000,9.625,85.1,10.000,8.898,72.4,10.000,9.443,80.0
4.8274,123699,1105894,10.000,9.625,85.1,10.000,8.898,72.4,10.000,9.443,80.0
4.8274,123700,1105899,10.000,9.625,85.1,10.000,8.898,72.4,10.000,9.261,80.0
4.8274,123701,1105904,10.000,9.806,85.1,10.000,8.898,72.4,10.000,9.443,80.0
4.8274,123702,1105909,10.000,9.806,85.1,10.000,8.898,72.4,10.000,9.443,80.0
4.8274,123703,1105914,10.000,9.625,84.6,10.000,8.717,79.1,10.000,9.443,79.8
4.9073,123704,1105919,10.000,9.806,84.6,10.000,9.080,79.1,10.000,9.625,79.8
4.9073,123705,1105924,10.000,9.806,84.6,10.000,9.080,79.1,10.000,9.625,79.8
4.9073,123706,1105929,10.000,9.625,84.6,10.000,9.080,79.1,10.000,9.625,79.8
4.9073,123707,1105934,10.000,9.806,84.6,10.000,9.443,79.1,10.000,9.443,79.8
4.9073,123708,1105939,10.000,9.806,84.6,10.000,9.443,79.1,10.000,9.625,79.8
4.9073,123709,1105944,10.000,9.806,84.6,10.000,9.625,79.1,10.000,9.625,79.8
4.9073,123710,1105949,10.000,9.806,84.6,10.000,9.443,79.1,10.000,9.625,79.8
4.9073,123711,1105954,10.000,9.625,84.6,10.000,9.443,79.1,10.000,9.625,79.8
4.9073,123712,1105959,10.000,9.806,84.6,10.000,9.443,79.1,10.000,9.625,79.8
4.9073,123713,1105964,10.000,9.806,84.6,10.000,9.806,79.1,10.000,9.625,79.8
4.9073,123714,1105969,10.000,9.625,84.6,10.000,9.625,79.1,10.000,9.625,79.8
4.9073,123715,1105974,10.000,9.806,84.6,10.000,9.806,79.1,10.000,9.625,79.8
4.9073,123716,1105979,10.000,9.806,84.6,10.000,9.806,79.1,10.000,9.625,79.8
4.9073,123717,1105984,10.000,9.806,84.6,10.000,9.625,79.1,10.000,9.806,79.8
4.9073,123718,1105989,10.000,9.806,84.6,10.000,9.806,79.1,10.000,9.625,79.8
4.9073,123719,1105994,10.000,9.625,84.6,10.000,9.806,79.1,10.000,9.625,79.8
5.0452,123720,1105999,10.000,9.806,84.6,10.000,9.806,79.1,10.000,9.806,79.8
5.0452,123721,1106004,10.000,9.806,84.6,10.000,9.806,79.1,10.000,9.625,79.8
5.0452,123722,1106009,10.000,9.625,84.6,10.000,9.806,79.1,10.000,9.625,79.8
5.0452,123723,1106014,10.000,9.806,84.3,10.000,9.443,77.3,10.000,9.806,78.8
5.0452,123724,1106019,10.000,9.806,84.3,10.000,9.625,77.3,10.000,9.625,78.8
5.0452,123725,1106024,10.000,9.625,84.3,10.000,9.625,77.3,10.000,9.806,78.8
5.0452,123726,1106029,10.000,9.625,84.3,10.000,9.625,77.3,10.000,9.806,78.8
5.0452,123727,1106034,10.000,9.625,84.3,10.000,9.806,77.3,10.000,9.625,78.8
5.0452,123728,1106039,10.000,9.625,84.3,10.000,9.806,77.3,10.000,9.806,78.8
5.0452,123729,1106044,10.000,9.625,84.3,10.000,9.625,77.3,10.000,9.806,78.8
5.0452,123730,1106049,10.000,9.443,84.3,10.000,9.806,77.3,10.000,9.625,78.8
5.0452,123731,1106054,10.000,9.443,84.3,10.000,9.806,77.3,10.000,9.806,78.8
5.0452,123732,1106059,10.000,9.625,84.3,10.000,9.988,77.3,10.000,9.806,78.8
5.0452,123733,1106064,10.000,9.443,84.3,10.000,10.351,77.3,10.000,9.625,78.8
5.0452,123734,1106069,10.000,9.443,84.3,10.000,10.169,77.3,10.000,9.806,78.8
5.0452,123735,1106074,10.000,9.443,84.3,10.000,9.806,77.3,10.000,9.625,78.8
5.0452,123736,1106079,10.000,9.625,84.3,10.000,9.988,77.3,10.000,9.625,78.8
5.0452,123737,1106084,10.000,9.443,84.3,10.000,9.806,77.3,10.000,9.806,78.8
5.0452,123738,1106089,10.000,9.625,84.3,10.000,9.806,77.3,10.000,9.625,78.8
5.0452,123739,1106094,10.000,9.625,84.3,10.000,9.988,77.3,10.000,9.806,78.8
5.0452,123740,1106099,10.000,9.625,84.3,10.000,9.625,77.3,10.000,9.806,78.8
5.0452,123741,1106104,10.000,9.806,84.3,10.000,9.806,77.3,10.000,9.625,78.8
5.0452,123742,1106109,10.000,9.625,84.3,10.000,9.625,77.3,10.000,9.806,78.8
5.0452,123743,1106114,10.000,9.625,85.9,10.000,9.625,77.5,10.000,9.806,79.3
5.1266,123744,1106119,10.000,9.806,85.9,10.000,9.806,77.5,10.000,9.806,79.3
5.1266,123745,1106124,10.000,9.806,85.9,10.000,9.988,77.5,10.000,9.806,79.3
5.1266,123746,1106129,10.000,9.443,85.9,10.000,9.806,77.5,10.000,9.806,79.3
5.1266,123747,1106134,10.000,9.443,85.9,10.000,9.988,77.5,10.000,9.806,79.3
5.1266,123748,1106139,10.000,9.261,85.9,10.000,9.806,77.5,10.000,9.806,79.3
5.1266,123749,1106144,10.000,9.443,85.9,10.000,9.806,77.5,10.000,9.806,79.3
5.1266,123750,1106149,10.000,9.443,85.9,10.000,9.988,77.5,10.000,9.806,79.3
5.1266,123751,1106154,10.000,9.261,85.9,10.000,9.988,77.5,10.000,9.806,79.3
5.1266,123752,1106159,10.000,9.443,85.9,10.000,10.169,77.5,10.000,9.806,79.3
5.1266,123753,1106164,10.000,9.443,85.9,10.000,9.988,77.5,10.000,9.806,79.3
5.1266,123754,1106169,10.000,9.443,85.9,10.000,9.988,77.5,10.000,9.806,79.3
5.1266,123755,1106174,10.000,9.443,85.9,10.000,9.988,77.5,10.000,9.806,79.3
5.1266,123756,1106179,10.000,9.625,85.9,10.000,10.169,77.5,10.000,9.988,79.3
5.1266,123757,1106184,10.000,9.806,85.9,10.000,9.988,77.5,10.000,9.806,79.3
5.1266,123758,1106189,10.000,9.806,85.9,10.000,9.988,77.5,10.000,9.806,79.3
5.1266,123759,1106194,10.000,9.625,85.9,10.000,9.988,77.5,10.000,9.806,79.3
5.1822,123760,1106199,10.000,9.806,85.9,10.000,9.988,77.5,10.000,9.806,79.3
5.1822,123761,1106204,10.000,9.806,85.9,10.000,9.806,77.5,10.000,9.988,79.3
5.1822,123762,1106209,10.000,9.625,85.9,10.000,9.625,77.5,10.000,9.806,79.3
5.1822,123763,1106214,10.000,9.625,86.8,10.000,9.625,78.4,10.000,9.988,78.6
5.1822,123764,1106219,10.000,9.443,86.8,10.000,9.625,78.4,10.000,9.806,78.6
5.1822,123765,1106224,10.000,9.625,86.8,10.000,9.625,78.4,10.000,9.988,78.6
5.1822,123766,1106229,10.000,9.625,86.8,10.000,9.443,78.4,10.000,9.806,78.6
5.1822,123767,1106234,10.000,9.443,86.8,10.000,9.625,78.4,10.000,9.988,78.6
5.1822,123768,1106239,10.000,9.625,86.8,10.000,9.625,78.4,10.000,9.988,78.6
5.1822,123769,1106244,10.000,9.625,86.8,10.000,9.625,78.4,10.000,9.988,78.6
5.1822,123770,1106249,10.000,9.625,86.8,10.000,9.806,78.4,10.000,9.988,78.6
5.1822,123771,1106254,10.000,9.625,86.8,10.000,9.806,78.4,10.000,9.806,78.6
5.1822,123772,1106259,10.000,9.625,86.8,10.000,9.806,78.4,10.000,9.988,78.6
5.1822,123773,1106264,10.000,9.806,86.8,10.000,9.988,78.4,10.000,9.806,78.6
5.1822,123774,1106269,10.000,9.806,86.8,10.000,9.625,78.4,10.000,9.988,78.6
5.1822,123775,1106274,10.000,9.806,86.8,10.000,9.806,78.4,10.000,9.806,78.6
5.2702,123776,1106279,10.000,9.806,86.8,10.000,9.806,78.4,10.000,9.988,78.6
5.2702,123777,1106284,10.000,9.806,86.8,10.000,9.806,78.4,10.000,9.806,78.6
5.2702,123778,1106289,10.000,9.625,86.8,10.000,9.988,78.4,10.000,9.806,78.6
5.2702,123779,1106294,10.000,9.806,86.8,10.000,9.806,78.4,10.000,9.806,78.6
5.2702,123780,1106299,10.000,9.625,86.8,10.000,9.625,78.4,10.000,9.806,78.6
5.2702,123781,1106304,10.000,9.625,86.8,10.000,9.806,78.4,10.000,9.988,78.6
5.2702,123782,1106309,10.000,9.806,86.8,10.000,9.806,78.4,10.000,9.806,78.6
5.2702,123783,1106314,10.000,9.625,87.6,10.000,9.806,78.1,10.000,9.806,79.8
5.2702,123784,1106319,10.000,9.625,87.6,10.000,10.169,78.1,10.000,9.625,79.8
5.2702,123785,1106324,10.000,9.443,87.6,10.000,9.988,78.1,10.000,9.806,79.8
5.2702,123786,1106329,10.000,9.625,87.6,10.000,10.169,78.1,10.000,9.625,79.8
5.2702,123787,1106334,10.000,9.625,87.6,10.000,10.169,78.1,10.000,9.625,79.8
5.2702,123788,1106339,10.000,9.625,87.6,10.000,9.988,78.1,10.000,9.625,79.8
5.2702,123789,1106344,10.000,9.443,87.6,10.000,10.169,78.1,10.000,9.443,79.8
5.2702,123790,1106349,10.000,9.625,87.6,10.000,10.351,78.1,10.000,9.625,79.8
5.2702,123791,1106354,10.000,9.625,87.6,10.000,10.351,78.1,10.000,9.443,79.8
5.3278,123792,1106359,10.000,9.443,87.6,10.000,10.351,78.1,10.000,9.443,79.8
5.3278,123793,1106364,10.000,9.443,87.6,10.000,10.351,78.1,10.000,9.443,79.8
5.3278,123794,1106369,10.000,9.625,87.6,10.000,10.351,78.1,10.000,9.443,79.8
5.3278,123795,1106374,10.000,9.443,87.6,10.000,10.351,78.1,10.000,9.261,79.8
5.3278,123796,1106379,10.000,9.261,87.6,10.000,10.351,78.1,10.000,9.443,79.8
5.3278,123797,1106384,10.000,9.261,87.6,10.000,10.351,78.1,10.000,9.443,79.8
5.3278,123798,1106389,10.000,9.443,87.6,10.000,10.351,78.1,10.000,9.443,79.8
5.3278,123799,1106394,10.000,9.443,87.6,10.000,10.351,78.1,10.000,9.443,79.8
5.3278,123800,1106399,10.000,9.261,87.6,10.000,10.351,78.1,10.000,9.261,79.8
5.3278,123801,1106404,10.000,9.261,87.6,10.000,10.351,78.1,10.000,9.261,79.8
5.3278,123802,1106409,10.000,9.261,87.6,10.000,10.169,78.1,10.000,9.261,79.8
5.3278,123803,1106414,10.000,9.443,89.7,10.000,10.169,76.2,10.000,9.261,83.7
5.3278,123804,1106419,10.000,9.080,89.7,10.000,9.988,76.2,10.000,9.261,83.7
5.3278,123805,1106424,10.000,9.261,89.7,10.000,10.169,76.2,10.000,9.261,83.7
5.3278,123806,1106429,10.000,9.261,89.7,10.000,10.169,76.2,10.000,9.261,83.7
5.3278,123807,1106434,10.000,9.261,89.7,10.000,10.169,76.2,10.000,9.261,83.7
5.4327,123808,1106439,10.000,9.261,89.7,10.000,10.169,76.2,10.000,9.261,83.7
5.4327,123809,1106444,10.000,9.261,89.7,10.000,10.169,76.2,10.000,9.261,83.7
5.4327,123810,1106449,10.000,9.261,89.7,10.000,9.988,76.2,10.000,9.261,83.7
5.4327,123811,1106454,10.000,9.261,89.7,10.000,9.988,76.2,10.000,9.261,83.7
5.4327,123812,1106459,10.000,9.443,89.7,10.000,10.351,76.2,10.000,9.261,83.7
5.4327,123813,1106464,10.000,9.261,89.7,10.000,10.169,76.2,10.000,9.443,83.7
5.4327,123814,1106469,10.000,9.443,89.7,10.000,10.351,76.2,10.000,9.443,83.7
5.4327,123815,1106474,10.000,9.625,89.7,10.000,10.351,76.2,10.000,9.443,83.7
5.4327,123816,1106479,10.000,9.625,89.7,10.000,10.169,76.2,10.000,9.261,83.7
5.4327,123817,1106484,10.000,9.806,89.7,10.000,10.169,76.2,10.000,9.443,83.7
5.4327,123818,1106489,10.000,9.625,89.7,10.000,10.169,76.2,10.000,9.443,83.7
5.4327,123819,1106494,10.000,9.625,89.7,10.000,10.169,76.2,10.000,9.443,83.7
5.4327,123820,1106499,10.000,9.806,89.7,10.000,10.169,76.2,10.000,9.443,83.7
5.4327,123821,1106504,10.000,9.806,89.7,10.000,10.169,76.2,10.000,9.625,83.7
5.4327,123822,1106509,10.000,9.806,89.7,10.000,10.169,76.2,10.000,9.625,83.7
5.4327,123823,1106514,10.000,9.806,88.6,10.000,10.169,75.9,10.000,9.443,84.2
5.5188,123824,1106519,10.000,9.988,88.6,10.000,9.988,75.9,10.000,9.625,84.2
5.5188,123825,1106524,10.000,9.806,88.6,10.000,9.806,75.9,10.000,9.625,84.2
5.5188,123826,1106529,10.000,9.988,88.6,10.000,9.988,75.9,10.000,9.625,84.2
5.5188,123827,1106534,10.000,9.806,88.6,10.000,9.806,75.9,10.000,9.625,84.2
5.5188,123828,1106539,10.000,9.806,88.6,10.000,9.988,75.9,10.000,9.625,84.2
5.5188,123829,1106544,10.000,9.988,88.6,10.000,9.806,75.9,10.000,9.806,84.2
5.5188,123830,1106549,10.000,9.806,88.6,10.000,9.988,75.9,10.000,9.806,84.2
5.5188,123831,1106554,10.000,9.988,88.6,10.000,9.806,75.9,10.000,9.806,84.2
5.5188,123832,1106559,10.000,9.806,88.6,10.000,9.806,75.9,10.000,9.806,84.2
5.5188,123833,1106564,10.000,9.988,88.6,10.000,9.806,75.9,10.000,9.988,84.2
5.5188,123834,1106569,10.000,9.806,88.6,10.000,9.988,75.9,10.000,9.806,84.2
5.5188,123835,1106574,10.000,9.988,88.6,10.000,9.806,75.9,10.000,9.988,84.2
5.5188,123836,1106579,10.000,9.988,88.6,10.000,9.806,75.9,10.000,9.988,84.2
5.5188,123837,1106584,10.000,9.988,88.6,10.000,9.806,75.9,10.000,9.988,84.2
5.5188,123838,1106589,10.000,10.169,88.6,10.000,9.806,75.9,10.000,9.988,84.2
5.5188,123839,1106594,10.000,9.988,88.6,10.000,9.806,75.9,10.000,9.988,84.2
5.5704,123840,1106599,10.000,10.169,88.6,10.000,9.806,75.9,10.000,10.169,84.2
5.5704,123841,1106604,10.000,10.169,88.6,10.000,9.988,75.9,10.000,9.988,84.2
5.5704,123842,1106609,10.000,10.169,88.6,10.000,9.806,75.9,10.000,10.169,84.2
5.5704,123843,1106614,10.000,10.169,86.7,10.000,9.806,77.8,10.000,9.988,82.0
5.5704,123844,1106619,10.000,10.169,86.7,10.000,9.806,77.8,10.000,10.169,82.0
5.5704,123845,1106624,10.000,10.169,86.7,10.000,9.988,77.8,10.000,9.988,82.0
5.5704,123846,1106629,10.000,9.988,86.7,10.000,9.625,77.8,10.000,10.169,82.0
5.5704,123847,1106634,10.000,10.169,86.7,10.000,9.625,77.8,10.000,10.169,82.0
5.5704,123848,1106639,10.000,9.988,86.7,10.000,9.625,77.8,10.000,10.169,82.0
5.5704,123849,1106644,10.000,10.169,86.7,10.000,9.625,77.8,10.000,10.169,82.0
5.5704,123850,1106649,10.000,9.988,86.7,10.000,9.261,77.8,10.000,9.988,82.0
5.5704,123851,1106654,10.000,9.988,86.7,10.000,9.261,77.8,10.000,10.169,82.0
5.5704,123852,1106659,10.000,9.988,86.7,10.000,9.261,77.8,10.000,10.169,82.0
5.5704,123853,1106664,10.000,9.988,86.7,10.000,9.443,77.8,10.000,10.169,82.0
5.5704,123854,1106669,10.000,9.988,86.7,10.000,9.080,77.8,10.000,10.169,82.0
5.5704,123855,1106674,10.000,9.988,86.7,10.000,9.261,77.8,10.000,10.169,82.0
5.7119,123856,1106679,10.000,9.988,86.7,10.000,9.443,77.8,10.000,10.169,82.0
5.7119,123857,1106684,10.000,9.988,86.7,10.000,9.625,77.8,10.000,10.169,82.0
5.7119,123858,1106689,10.000,9.988,86.7,10.000,9.443,77.8,10.000,10.169,82.0
5.7119,123859,1106694,10.000,9.988,86.7,10.000,9.080,77.8,10.000,10.169,82.0
5.7119,123860,1106699,10.000,9.988,86.7,10.000,9.443,77.8,10.000,10.169,82.0
5.7119,123861,1106704,10.000,9.988,86.7,10.000,9.261,77.8,10.000,10.169,82.0
5.7119,123862,1106709,10.000,9.988,86.7,10.000,9.443,77.8,10.000,10.169,82.0
5.7119,123863,1106714,10.000,9.988,87.6,10.000,9.443,80.6,10.000,10.169,80.9
5.7119,123864,1106719,10.000,9.988,87.6,10.000,9.625,80.6,10.000,10.169,80.9
5.7119,123865,1106724,10.000,9.988,87.6,10.000,9.625,80.6,10.000,10.169,80.9
5.7119,123866,1106729,10.000,9.988,87.6,10.000,9.625,80.6,10.000,10.169,80.9
5.7119,123867,1106734,10.000,9.988,87.6,10.000,9.625,80.6,10.000,10.169,80.9
5.7119,123868,1106739,10.000,9.988,87.6,10.000,9.806,80.6,10.000,10.169,80.9
5.7119,123869,1106744,10.000,9.806,87.6,10.000,10.351,80.6,10.000,10.169,80.9
5.7119,123870,1106749,10.000,9.988,87.6,10.000,10.169,80.6,10.000,10.169,80.9
5.7119,123871,1106754,10.000,9.988,87.6,10.000,10.351,80.6,10.000,10.169,80.9
5.7486,123872,1106759,10.000,9.988,87.6,10.000,10.351,80.6,10.000,9.988,80.9
5.7486,123873,1106764,10.000,9.988,87.6,10.000,10.169,80.6,10.000,10.169,80.9
5.7486,123874,1106769,10.000,9.988,87.6,10.000,10.351,80.6,10.000,10.169,80.9
5.7486,123875,1106774,10.000,9.988,87.6,10.000,10.351,80.6,10.000,10.169,80.9
5.7486,123876,1106779,10.000,9.988,87.6,10.000,10.533,80.6,10.000,10.169,80.9
5.7486,123877,1106784,10.000,9.988,87.6,10.000,10.533,80.6,10.000,9.988,80.9
5.7486,123878,1106789,10.000,9.988,87.6,10.000,10.351,80.6,10.000,10.169,80.9
5.7486,123879,1106794,10.000,10.169,87.6,10.000,10.351,80.6,10.000,9.988,80.9
5.7486,123880,1106799,10.000,9.988,87.6,10.000,10.533,80.6,10.000,10.169,80.9
5.7486,123881,1106804,10.000,9.988,87.6,10.000,10.533,80.6,10.000,9.988,80.9
5.7486,123882,1106809,10.000,9.988,87.6,10.000,10.533,80.6,10.000,10.169,80.9
5.7486,123883,1106814,10.000,9.988,87.6,10.000,10.714,73.7,10.000,9.988,81.7
5.7486,123884,1106819,10.000,9.988,87.6,10.000,10.533,73.7,10.000,9.988,81.7
5.7486,123885,1106824,10.000,9.988,87.6,10.000,10.351,73.7,10.000,9.988,81.7
5.7486,123886,1106829,10.000,9.988,87.6,10.000,10.351,73.7,10.000,9.988,81.7
5.7486,123887,1106834,10.000,9.988,87.6,10.000,10.351,73.7,10.000,10.169,81.7
5.7613,123888,1106839,10.000,9.988,87.6,10.000,10.533,73.7,10.000,9.988,81.7
5.7613,123889,1106844,10.000,9.988,87.6,10.000,10.351,73.7,10.000,10.169,81.7
5.7613,123890,1106849,10.000,9.988,87.6,10.000,10.351,73.7,10.000,9.988,81.7
5.7613,123891,1106854,10.000,9.988,87.6,10.000,10.351,73.7,10.000,10.169,81.7
5.7613,123892,1106859,10.000,9.988,87.6,10.000,10.169,73.7,10.000,9.988,81.7
5.7613,123893,1106864,10.000,9.988,87.6,10.000,10.169,73.7,10.000,10.169,81.7
5.7613,123894,1106869,10.000,9.988,87.6,10.000,10.169,73.7,10.000,9.988,81.7
5.7613,123895,1106874,10.000,9.988,87.6,10.000,10.351,73.7,10.000,10.169,81.7
5.8485,123896,1106879,10.000,9.988,87.6,10.000,10.169,73.7,10.000,10.169,81.7
5.8485,123897,1106884,10.000,9.988,87.6,10.000,10.169,73.7,10.000,9.988,81.7
5.8485,123898,1106889,10.000,9.988,87.6,10.000,9.988,73.7,10.000,10.169,81.7
5.8485,123899,1106894,10.000,9.988,87.6,10.000,10.169,73.7,10.000,9.988,81.7
5.8485,123900,1106899,10.000,9.988,87.6,10.000,9.988,73.7,10.000,10.169,81.7
5.8485,123901,1106904,10.000,9.988,87.6,10.000,9.988,73.7,10.000,10.169,81.7
5.8485,123902,1106909,10.000,9.988,87.6,10.000,9.988,73.7,10.000,10.169,81.7
5.8485,123903,1106914,10.000,9.988,87.6,10.000,9.806,78.0,10.000,10.169,80.6
5.8495,123904,1106919,10.000,9.988,87.6,10.000,9.806,78.0,10.000,10.169,80.6
5.8495,123905,1106924,10.000,9.988,87.6,10.000,9.625,78.0,10.000,10.169,80.6
5.8495,123906,1106929,10.000,9.988,87.6,10.000,9.806,78.0,10.000,9.988,80.6
5.8495,123907,1106934,10.000,9.806,87.6,10.000,9.625,78.0,10.000,10.169,80.6
5.8495,123908,1106939,10.000,9.988,87.6,10.000,9.806,78.0,10.000,9.988,80.6
5.8495,123909,1106944,10.000,9.806,87.6,10.000,9.625,78.0,10.000,10.169,80.6
5.8495,123910,1106949,10.000,9.806,87.6,10.000,9.806,78.0,10.000,9.988,80.6
5.8495,123911,1106954,10.000,9.806,87.6,10.000,9.625,78.0,10.000,9.988,80.6
5.9034,123912,1106959,10.000,9.806,87.6,10.000,9.625,78.0,10.000,9.988,80.6
5.9034,123913,1106964,10.000,9.625,87.6,10.000,9.625,78.0,10.000,9.988,80.6
5.9034,123914,1106969,10.000,9.806,87.6,10.000,9.806,78.0,10.000,9.988,80.6
5.9034,123915,1106974,10.000,9.625,87.6,10.000,9.806,78.0,10.000,9.806,80.6
5.9034,123916,1106979,10.000,9.625,87.6,10.000,9.806,78.0,10.000,9.988,80.6
5.9034,123917,1106984,10.000,9.806,87.6,10.000,9.806,78.0,10.000,9.806,80.6
5.9034,123918,1106989,10.000,9.625,87.6,10.000,9.806,78.0,10.000,9.806,80.6
5.9034,123919,1106994,10.000,9.625,87.6,10.000,9.988,78.0,10.000,9.625,80.6
5.9884,123920,1106999,10.000,9.625,87.6,10.000,9.806,78.0,10.000,9.806,80.6
5.9884,123921,1107004,10.000,9.625,87.6,10.000,9.988,78.0,10.000,9.625,80.6
5.9884,123922,1107009,10.000,9.625,87.6,10.000,9.988,78.0,10.000,9.625,80.6
5.9884,123923,1107014,10.000,9.625,90.0,10.000,10.169,76.0,10.000,9.625,83.7
5.9884,123924,1107019,10.000,9.443,90.0,10.000,10.169,76.0,10.000,9.625,83.7
5.9884,123925,1107024,10.000,9.443,90.0,10.000,10.169,76.0,10.000,9.625,83.7
5.9884,123926,1107029,10.000,9.443,90.0,10.000,10.169,76.0,10.000,9.443,83.7
5.9884,123927,1107034,10.000,9.261,90.0,10.000,10.169,76.0,10.000,9.443,83.7
5.9884,123928,1107039,10.000,9.261,90.0,10.000,9.988,76.0,10.000,9.625,83.7
5.9884,123929,1107044,10.000,9.261,90.0,10.000,9.806,76.0,10.000,9.625,83.7
5.9884,123930,1107049,10.000,9.261,90.0,10.000,9.988,76.0,10.000,9.443,83.7
5.9884,123931,1107054,10.000,9.080,90.0,10.000,9.988,76.0,10.000,9.443,83.7
5.9884,123932,1107059,10.000,9.080,90.0,10.000,9.988,76.0,10.000,9.443,83.7
5.9884,123933,1107064,10.000,9.261,90.0,10.000,9.625,76.0,10.000,9.443,83.7
5.9884,123934,1107069,10.000,9.261,90.0,10.000,9.443,76.0,10.000,9.443,83.7
5.9884,123935,1107074,10.000,9.261,90.0,10.000,9.625,76.0,10.000,9.443,83.7
6.0435,123936,1107079,10.000,9.443,90.0,10.000,9.443,76.0,10.000,9.443,83.7
6.0435,123937,1107084,10.000,9.443,90.0,10.000,9.625,76.0,10.000,9.625,83.7
6.0435,123938,1107089,10.000,9.443,90.0,10.000,9.625,76.0,10.000,9.443,83.7
6.0435,123939,1107094,10.000,9.625,90.0,10.000,9.806,76.0,10.000,9.443,83.7
6.0435,123940,1107099,10.000,9.625,90.0,10.000,9.806,76.0,10.000,9.443,83.7
6.0435,123941,1107104,10.000,9.625,90.0,10.000,9.443,76.0,10.000,9.625,83.7
6.0435,123942,1107109,10.000,9.806,90.0,10.000,9.625,76.0,10.000,9.625,83.7
6.0435,123943,1107114,10.000,9.625,90.8,10.000,9.806,78.0,10.000,9.443,85.7
6.0435,123944,1107119,10.000,9.806,90.8,10.000,9.988,78.0,10.000,9.625,85.7
6.0435,123945,1107124,10.000,9.806,90.8,10.000,9.806,78.0,10.000,9.625,85.7
6.0435,123946,1107129,10.000,9.625,90.8,10.000,9.806,78.0,10.000,9.625,85.7
6.0435,123947,1107134,10.000,9.806,90.8,10.000,9.625,78.0,10.000,9.625,85.7
6.0435,123948,1107139,10.000,9.806,90.8,10.000,9.806,78.0,10.000,9.625,85.7
6.0435,123949,1107144,10.000,9.806,90.8,10.000,9.806,78.0,10.000,9.625,85.7
6.0435,123950,1107149,10.000,9.806,90.8,10.000,9.625,78.0,10.000,9.806,85.7
6.0435,123951,1107154,10.000,9.988,90.8,10.000,9.988,78.0,10.000,9.625,85.7
6.1485,123952,1107159,10.000,9.988,90.8,10.000,9.988,78.0,10.000,9.806,85.7
6.1485,123953,1107164,10.000,9.988,90.8,10.000,9.988,78.0,10.000,9.806,85.7
6.1485,123954,1107169,10.000,9.988,90.8,10.000,9.988,78.0,10.000,9.806,85.7
6.1485,123955,1107174,10.000,9.988,90.8,10.000,9.988,78.0,10.000,9.806,85.7
6.1485,123956,1107179,10.000,9.988,90.8,10.000,10.169,78.0,10.000,9.988,85.7
6.1485,123957,1107184,10.000,9.988,90.8,10.000,10.351,78.0,10.000,9.806,85.7
6.1485,123958,1107189,10.000,9.988,90.8,10.000,10.169,78.0,10.000,9.988,85.7
6.1485,123959,1107194,10.000,9.988,90.8,10.000,10.169,78.0,10.000,9.988,85.7
6.1485,123960,1107199,10.000,9.988,90.8,10.000,10.169,78.0,10.000,9.988,85.7
6.1485,123961,1107204,10.000,9.806,90.8,10.000,10.169,78.0,10.000,9.988,85.7
6.1485,123962,1107209,10.000,9.806,90.8,10.000,10.169,78.0,10.000,9.988,85.7
6.1485,123963,1107214,10.000,9.806,90.5,10.000,10.169,76.1,10.000,9.988,83.4
6.1485,123964,1107219,10.000,9.806,90.5,10.000,10.169,76.1,10.000,9.988,83.4
6.1485,123965,1107224,10.000,9.988,90.5,10.000,10.169,76.1,10.000,10.169,83.4
6.1485,123966,1107229,10.000,10.169,90.5,10.000,9.988,76.1,10.000,9.988,83.4
6.1485,123967,1107234,10.000,9.988,90.5,10.000,9.988,76.1,10.000,10.169,83.4
6.2379,123968,1107239,10.000,10.169,90.5,10.000,9.988,76.1,10.000,10.169,83.4
6.2379,123969,1107244,10.000,10.169,90.5,10.000,9.988,76.1,10.000,10.169,83.4
6.2379,123970,1107249,10.000,10.169,90.5,10.000,10.169,76.1,10.000,10.169,83.4
6.2379,123971,1107254,10.000,10.351,90.5,10.000,9.988,76.1,10.000,10.169,83.4
6.2379,123972,1107259,10.000,10.351,90.5,10.000,9.988,76.1,10.000,10.169,83.4
6.2379,123973,1107264,10.000,10.533,90.5,10.000,9.988,76.1,10.000,10.351,83.4
6.2379,123974,1107269,10.000,10.533,90.5,10.000,9.988,76.1,10.000,10.169,83.4
6.2379,123975,1107274,10.000,10.351,90.5,10.000,10.169,76.1,10.000,10.169,83.4
6.2379,123976,1107279,10.000,10.351,90.5,10.000,9.988,76.1,10.000,10.351,83.4
6.2379,123977,1107284,10.000,10.533,90.5,10.000,9.988,76.1,10.000,10.169,83.4
6.2379,123978,1107289,10.000,10.351,90.5,10.000,9.988,76.1,10.000,10.169,83.4
6.2379,123979,1107294,10.000,10.351,90.5,10.000,9.988,76.1,10.000,10.169,83.4
6.2379,123980,1107299,10.000,10.351,90.5,10.000,9.806,76.1,10.000,10.169,83.4
6.2379,123981,1107304,10.000,10.351,90.5,10.000,9.988,76.1,10.000,10.351,83.4
6.2379,123982,1107309,10.000,10.351,90.5,10.000,9.806,76.1,10.000,10.169,83.4
6.2379,123983,1107314,10.000,10.351,87.4,10.000,9.988,76.9,10.000,10.169,82.4
6.2901,123984,1107319,10.000,10.169,87.4,10.000,9.988,76.9,10.000,10.169,82.4
6.2901,123985,1107324,10.000,10.351,87.4,10.000,9.806,76.9,10.000,10.169,82.4
6.2901,123986,1107329,10.000,10.169,87.4,10.000,10.169,76.9,10.000,10.169,82.4
6.2901,123987,1107334,10.000,10.169,87.4,10.000,9.988,76.9,10.000,10.169,82.4
6.2901,123988,1107339,10.000,10.351,87.4,10.000,10.169,76.9,10.000,10.169,82.4
6.2901,123989,1107344,10.000,10.169,87.4,10.000,10.169,76.9,10.000,10.351,82.4
6.2901,123990,1107349,10.000,10.351,87.4,10.000,9.988,76.9,10.000,10.169,82.4
6.2901,123991,1107354,10.000,10.351,87.4,10.000,9.988,76.9,10.000,10.169,82.4
6.2901,123992,1107359,10.000,10.169,87.4,10.000,9.988,76.9,10.000,10.169,82.4
6.2901,123993,1107364,10.000,10.169,87.4,10.000,9.988,76.9,10.000,10.169,82.4
6.2901,123994,1107369,10.000,10.169,87.4,10.000,9.806,76.9,10.000,10.351,82.4
6.2901,123995,1107374,10.000,10.169,87.4,10.000,9.806,76.9,10.000,10.169,82.4
6.2901,123996,1107379,10.000,10.169,87.4,10.000,9.806,76.9,10.000,10.169,82.4
6.2901,123997,1107384,10.000,10.169,87.4,10.000,9.806,76.9,10.000,10.351,82.4
6.2901,123998,1107389,10.000,10.169,87.4,10.000,9.806,76.9,10.000,10.169,82.4
6.2901,123999,1107394,10.000,10.169,87.4,10.000,9.625,76.9,10.000,10.169,82.4
6.3939,124000,1107399,10.000,10.169,87.4,10.000,9.988,76.9,10.000,10.351,82.4
6.3939,124001,1107404,10.000,9.988,87.4,10.000,9.806,76.9,10.000,10.169,82.4
6.3939,124002,1107409,10.000,10.169,87.4,10.000,9.988,76.9,10.000,10.351,82.4
6.3939,124003,1107414,10.000,9.988,89.0,10.000,9.988,76.9,10.000,10.351,80.8
6.3939,124004,1107419,10.000,10.169,89.0,10.000,9.988,76.9,10.000,10.169,80.8
6.3939,124005,1107424,10.000,10.169,89.0,10.000,10.169,76.9,10.000,10.351,80.8
6.3939,124006,1107429,10.000,10.169,89.0,10.000,9.988,76.9,10.000,10.169,80.8
6.3939,124007,1107434,10.000,10.169,89.0,10.000,10.169,76.9,10.000,10.169,80.8
6.3939,124008,1107439,10.000,9.988,89.0,10.000,10.169,76.9,10.000,10.351,80.8
6.3939,124009,1107444,10.000,10.169,89.0,10.000,10.169,76.9,10.000,10.169,80.8
6.3939,124010,1107449,10.000,10.169,89.0,10.000,10.169,76.9,10.000,10.169,80.8
6.3939,124011,1107454,10.000,10.169,89.0,10.000,10.169,76.9,10.000,10.169,80.8
6.3939,124012,1107459,10.000,10.169,89.0,10.000,10.169,76.9,10.000,10.169,80.8
6.3939,124013,1107464,10.000,10.169,89.0,10.000,9.988,76.9,10.000,10.169,80.8
6.3939,124014,1107469,10.000,10.169,89.0,10.000,10.169,76.9,10.000,10.169,80.8
6.3939,124015,1107474,10.000,9.988,89.0,10.000,10.169,76.9,10.000,10.169,80.8
6.4563,124016,1107479,10.000,10.169,89.0,10.000,10.169,76.9,10.000,10.351,80.8
6.4563,124017,1107484,10.000,10.169,89.0,10.000,9.988,76.9,10.000,10.169,80.8
6.4563,124018,1107489,10.000,10.169,89.0,10.000,9.806,76.9,10.000,10.169,80.8
6.4563,124019,1107494,10.000,10.169,89.0,10.000,9.988,76.9,10.000,10.169,80.8
6.4563,124020,1107499,10.000,10.169,89.0,10.000,9.988,76.9,10.000,10.169,80.8
6.4563,124021,1107504,10.000,10.169,89.0,10.000,9.988,76.9,10.000,10.169,80.8
6.4563,124022,1107509,10.000,10.169,89.0,10.000,9.988,76.9,10.000,10.169,80.8
6.4563,124023,1107514,10.000,10.169,87.9,10.000,9.988,76.9,10.000,9.988,82.4
6.4563,124024,1107519,10.000,10.169,87.9,10.000,9.988,76.9,10.000,10.169,82.4
6.4563,124025,1107524,10.000,10.169,87.9,10.000,9.988,76.9,10.000,9.988,82.4
6.4563,124026,1107529,10.000,10.169,87.9,10.000,9.988,76.9,10.000,9.988,82.4
6.4563,124027,1107534,10.000,10.169,87.9,10.000,10.169,76.9,10.000,10.169,82.4
6.4563,124028,1107539,10.000,10.169,87.9,10.000,10.169,76.9,10.000,9.988,82.4
6.4563,124029,1107544,10.000,10.169,87.9,10.000,10.169,76.9,10.000,10.169,82.4
6.4563,124030,1107549,10.000,9.988,87.9,10.000,10.169,76.9,10.000,10.169,82.4
6.4563,124031,1107554,10.000,9.988,87.9,10.000,10.169,76.9,10.000,10.169,82.4
6.5164,124032,1107559,10.000,9.988,87.9,10.000,10.169,76.9,10.000,10.169,82.4
6.5164,124033,1107564,10.000,9.988,87.9,10.000,10.169,76.9,10.000,10.169,82.4
6.5164,124034,1107569,10.000,9.988,87.9,10.000,10.169,76.9,10.000,10.169,82.4
6.5164,124035,1107574,10.000,9.988,87.9,10.000,10.169,76.9,10.000,10.169,82.4
6.5164,124036,1107579,10.000,9.988,87.9,10.000,9.988,76.9,10.000,10.169,82.4
6.5164,124037,1107584,10.000,9.625,87.9,10.000,9.806,76.9,10.000,9.988,82.4
6.5164,124038,1107589,10.000,9.625,87.9,10.000,9.988,76.9,10.000,10.169,82.4
6.5164,124039,1107594,10.000,9.625,87.9,10.000,9.988,76.9,10.000,9.988,82.4
6.5164,124040,1107599,10.000,9.625,87.9,10.000,9.806,76.9,10.000,9.988,82.4
6.5164,124041,1107604,10.000,9.625,87.9,10.000,9.988,76.9,10.000,9.988,82.4
6.5164,124042,1107609,10.000,9.443,87.9,10.000,9.806,76.9,10.000,9.806,82.4
6.5164,124043,1107614,10.000,9.443,92.2,10.000,9.988,76.9,10.000,9.988,82.4
6.5164,124044,1107619,10.000,9.261,92.2,10.000,9.806,76.9,10.000,9.806,82.4
6.5164,124045,1107624,10.000,9.443,92.2,10.000,9.806,76.9,10.000,9.988,82.4
6.5164,124046,1107629,10.000,9.261,92.2,10.000,10.169,76.9,10.000,9.806,82.4
6.5164,124047,1107634,10.000,9.443,92.2,10.000,10.169,76.9,10.000,9.806,82.4
6.5795,124048,1107639,10.000,9.625,92.2,10.000,10.169,76.9,10.000,9.806,82.4
6.5795,124049,1107644,10.000,9.443,92.2,10.000,9.988,76.9,10.000,9.806,82.4
6.5795,124050,1107649,10.000,9.443,92.2,10.000,10.169,76.9,10.000,9.625,82.4
6.5795,124051,1107654,10.000,9.625,92.2,10.000,9.988,76.9,10.000,9.625,82.4
6.5795,124052,1107659,10.000,9.625,92.2,10.000,10.169,76.9,10.000,9.806,82.4
6.5795,124053,1107664,10.000,9.625,92.2,10.000,9.988,76.9,10.000,9.625,82.4
6.5795,124054,1107669,10.000,9.806,92.2,10.000,9.806,76.9,10.000,9.625,82.4
6.5795,124055,1107674,10.000,9.625,92.2,10.000,9.806,76.9,10.000,9.625,82.4
6.6406,124056,1107679,10.000,9.806,92.2,10.000,9.625,76.9,10.000,9.625,82.4
6.6406,124057,1107684,10.000,9.806,92.2,10.000,9.806,76.9,10.000,9.625,82.4
6.6406,124058,1107689,10.000,9.625,92.2,10.000,9.443,76.9,10.000,9.443,82.4
6.6406,124059,1107694,10.000,9.806,92.2,10.000,9.625,76.9,10.000,9.625,82.4
6.6406,124060,1107699,10.000,9.806,92.2,10.000,9.625,76.9,10.000,9.625,82.4
6.6406,124061,1107704,10.000,9.806,92.2,10.000,9.625,76.9,10.000,9.625,82.4
6.6406,124062,1107709,10.000,9.806,92.2,10.000,9.625,76.9,10.000,9.443,82.4
6.6406,124063,1107714,10.000,9.988,89.8,10.000,9.625,79.3,10.000,9.625,84.7
6.6406,124064,1107719,10.000,9.806,89.8,10.000,9.988,79.3,10.000,9.625,84.7
6.6406,124065,1107724,10.000,9.988,89.8,10.000,9.806,79.3,10.000,9.443,84.7
6.6406,124066,1107729,10.000,9.806,89.8,10.000,9.988,79.3,10.000,9.443,84.7
6.6406,124067,1107734,10.000,9.988,89.8,10.000,9.988,79.3,10.000,9.625,84.7
6.6406,124068,1107739,10.000,9.988,89.8,10.000,10.169,79.3,10.000,9.625,84.7
6.6406,124069,1107744,10.000,9.988,89.8,10.000,10.169,79.3,10.000,9.443,84.7
6.6406,124070,1107749,10.000,9.988,89.8,10.000,9.988,79.3,10.000,9.443,84.7
6.6406,124071,1107754,10.000,9.988,89.8,10.000,10.169,79.3,10.000,9.625,84.7
6.7003,124072,1107759,10.000,10.169,89.8,10.000,10.169,79.3,10.000,9.625,84.7
6.7003,124073,1107764,10.000,9.988,89.8,10.000,10.351,79.3,10.000,9.625,84.7
6.7003,124074,1107769,10.000,9.988,89.8,10.000,10.169,79.3,10.000,9.625,84.7
6.7003,124075,1107774,10.000,9.988,89.8,10.000,10.351,79.3,10.000,9.625,84.7
6.7003,124076,1107779,10.000,10.169,89.8,10.000,10.351,79.3,10.000,9.806,84.7
6.7003,124077,1107784,10.000,9.988,89.8,10.000,10.169,79.3,10.000,9.625,84.7
6.7003,124078,1107789,10.000,10.169,89.8,10.000,10.351,79.3,10.000,9.625,84.7
6.7003,124079,1107794,10.000,9.988,89.8,10.000,10.351,79.3,10.000,9.806,84.7
6.7931,124080,1107799,10.000,10.169,89.8,10.000,10.533,79.3,10.000,9.806,84.7
6.7931,124081,1107804,10.000,10.169,89.8,10.000,10.533,79.3,10.000,9.806,84.7
6.7931,124082,1107809,10.000,9.988,89.8,10.000,10.351,79.3,10.000,9.806,84.7
6.7931,124083,1107814,10.000,10.169,88.8,10.000,10.351,75.5,10.000,9.806,84.4
6.7931,124084,1107819,10.000,10.169,88.8,10.000,10.533,75.5,10.000,9.806,84.4
6.7931,124085,1107824,10.000,10.169,88.8,10.000,10.533,75.5,10.000,9.988,84.4
6.7931,124086,1107829,10.000,10.169,88.8,10.000,10.533,75.5,10.000,9.806,84.4
6.7931,124087,1107834,10.000,10.169,88.8,10.000,10.714,75.5,10.000,9.988,84.4
6.7931,124088,1107839,10.000,10.169,88.8,10.000,10.714,75.5,10.000,9.988,84.4
6.7931,124089,1107844,10.000,10.169,88.8,10.000,10.714,75.5,10.000,9.988,84.4
6.7931,124090,1107849,10.000,10.169,88.8,10.000,10.533,75.5,10.000,9.988,84.4
6.7931,124091,1107854,10.000,10.169,88.8,10.000,10.533,75.5,10.000,9.988,84.4
6.7931,124092,1107859,10.000,10.169,88.8,10.000,10.714,75.5,10.000,10.169,84.4
6.7931,124093,1107864,10.000,10.169,88.8,10.000,10.714,75.5,10.000,9.988,84.4
6.7931,124094,1107869,10.000,10.169,88.8,10.000,10.714,75.5,10.000,10.169,84.4
6.7931,124095,1107874,10.000,10.169,88.8,10.000,10.533,75.5,10.000,9.988,84.4
6.8670,124096,1107879,10.000,10.169,88.8,10.000,10.533,75.5,10.000,10.169,84.4
6.8670,124097,1107884,10.000,10.169,88.8,10.000,10.533,75.5,10.000,10.169,84.4
6.8670,124098,1107889,10.000,10.169,88.8,10.000,10.533,75.5,10.000,10.169,84.4
6.8670,124099,1107894,10.000,10.169,88.8,10.000,10.533,75.5,10.000,10.169,84.4
6.8670,124100,1107899,10.000,10.169,88.8,10.000,10.714,75.5,10.000,10.169,84.4
6.8670,124101,1107904,10.000,10.169,88.8,10.000,10.533,75.5,10.000,10.169,84.4
6.8670,124102,1107909,10.000,10.169,88.8,10.000,10.533,75.5,10.000,10.169,84.4
6.8670,124103,1107914,10.000,10.169,88.4,10.000,10.533,73.6,10.000,10.351,81.4
6.8680,124104,1107919,10.000,10.169,88.4,10.000,10.533,73.6,10.000,10.169,81.4
6.8680,124105,1107924,10.000,10.169,88.4,10.000,10.714,73.6,10.000,10.351,81.4
6.8680,124106,1107929,10.000,10.169,88.4,10.000,10.714,73.6,10.000,10.169,81.4
6.8680,124107,1107934,10.000,10.169,88.4,10.000,10.533,73.6,10.000,10.169,81.4
6.8680,124108,1107939,10.000,10.169,88.4,10.000,10.533,73.6,10.000,10.351,81.4
6.8680,124109,1107944,10.000,10.169,88.4,10.000,10.533,73.6,10.000,10.169,81.4
6.8680,124110,1107949,10.000,10.169,88.4,10.000,10.533,73.6,10.000,10.351,81.4
6.8680,124111,1107954,10.000,10.169,88.4,10.000,10.714,73.6,10.000,10.351,81.4
6.9486,124112,1107959,10.000,10.169,88.4,10.000,10.533,73.6,10.000,10.169,81.4
6.9486,124113,1107964,10.000,10.169,88.4,10.000,10.533,73.6,10.000,10.169,81.4
6.9486,124114,1107969,10.000,10.169,88.4,10.000,10.533,73.6,10.000,10.169,81.4
6.9486,124115,1107974,10.000,10.169,88.4,10.000,10.533,73.6,10.000,10.169,81.4
6.9486,124116,1107979,10.000,9.988,88.4,10.000,10.533,73.6,10.000,10.169,81.4
6.9486,124117,1107984,10.000,10.169,88.4,10.000,10.533,73.6,10.000,10.169,81.4
6.9486,124118,1107989,10.000,9.988,88.4,10.000,10.533,73.6,10.000,9.988,81.4
6.9486,124119,1107994,10.000,10.169,88.4,10.000,10.533,73.6,10.000,10.169,81.4
6.9486,124120,1107999,10.000,10.169,88.4,10.000,10.533,73.6,10.000,10.169,81.4
6.9486,124121,1108004,10.000,9.988,88.4,10.000,10.533,73.6,10.000,9.988,81.4
6.9486,124122,1108009,10.000,9.806,88.4,10.000,10.351,73.6,10.000,10.169,81.4
6.9486,124123,1108014,10.000,9.625,91.5,10.000,10.169,74.7,10.000,9.988,82.9
6.9486,124124,1108019,10.000,9.806,91.5,10.000,9.988,74.7,10.000,10.169,82.9
6.9486,124125,1108024,10.000,9.625,91.5,10.000,9.988,74.7,10.000,9.988,82.9
6.9486,124126,1108029,10.000,9.806,91.5,10.000,9.988,74.7,10.000,10.169,82.9
6.9496,124127,1108034,10.000,9.806,91.5,10.000,9.806,74.7,10.000,10.169,82.9
7.0469,124128,1108039,10.000,9.988,91.5,10.000,9.806,74.7,10.000,10.169,82.9
7.0469,124129,1108044,10.000,9.806,91.5,10.000,9.625,74.7,10.000,10.169,82.9
7.0469,124130,1108049,10.000,9.806,91.5,10.000,9.625,74.7,10.000,9.988,82.9
7.0469,124131,1108054,10.000,9.988,91.5,10.000,9.443,74.7,10.000,10.169,82.9
7.0469,124132,1108059,10.000,10.169,91.5,10.000,9.625,74.7,10.000,10.169,82.9
7.0469,124133,1108064,10.000,10.351,91.5,10.000,9.625,74.7,10.000,10.169,82.9
7.0469,124134,1108069,10.000,10.351,91.5,10.000,9.806,74.7,10.000,10.169,82.9
7.0469,124135,1108074,10.000,10.351,91.5,10.000,9.625,74.7,10.000,10.169,82.9
7.0469,124136,1108079,10.000,10.351,91.5,10.000,9.625,74.7,10.000,10.169,82.9
7.0469,124137,1108084,10.000,10.351,91.5,10.000,9.806,74.7,10.000,10.169,82.9
7.0469,124138,1108089,10.000,9.988,91.5,10.000,9.625,74.7,10.000,10.351,82.9
7.0469,124139,1108094,10.000,9.988,91.5,10.000,9.625,74.7,10.000,10.169,82.9
7.0469,124140,1108099,10.000,9.988,91.5,10.000,9.625,74.7,10.000,10.351,82.9
7.0469,124141,1108104,10.000,9.988,91.5,10.000,9.625,74.7,10.000,10.169,82.9
7.0469,124142,1108109,10.000,10.169,91.5,10.000,9.806,74.7,10.000,10.169,82.9
7.0469,124143,1108114,10.000,9.988,90.0,10.000,9.806,76.6,10.000,10.351,80.6
7.1059,124144,1108119,10.000,9.988,90.0,10.000,9.806,76.6,10.000,10.169,80.6
7.1059,124145,1108124,10.000,9.988,90.0,10.000,9.806,76.6,10.000,10.351,80.6
7.1059,124146,1108129,10.000,9.806,90.0,10.000,9.806,76.6,10.000,10.351,80.6
7.1059,124147,1108134,10.000,9.806,90.0,10.000,9.806,76.6,10.000,10.169,80.6
7.1059,124148,1108139,10.000,9.988,90.0,10.000,9.988,76.6,10.000,10.169,80.6
7.1059,124149,1108144,10.000,9.806,90.0,10.000,9.988,76.6,10.000,10.169,80.6
7.1059,124150,1108149,10.000,9.806,90.0,10.000,9.988,76.6,10.000,10.169,80.6
7.1059,124151,1108154,10.000,9.625,90.0,10.000,9.988,76.6,10.000,10.351,80.6
7.1059,124152,1108159,10.000,9.625,90.0,10.000,9.988,76.6,10.000,10.169,80.6
7.1059,124153,1108164,10.000,9.806,90.0,10.000,9.988,76.6,10.000,10.169,80.6
7.1059,124154,1108169,10.000,9.625,90.0,10.000,9.988,76.6,10.000,10.169,80.6
7.1059,124155,1108174,10.000,9.625,90.0,10.000,9.625,76.6,10.000,10.169,80.6
7.1059,124156,1108179,10.000,9.806,90.0,10.000,9.443,76.6,10.000,10.169,80.6
7.1059,124157,1108184,10.000,9.625,90.0,10.000,9.443,76.6,10.000,10.169,80.6
7.1059,124158,1108189,10.000,9.806,90.0,10.000,9.443,76.6,10.000,10.169,80.6
7.1059,124159,1108194,10.000,9.988,90.0,10.000,9.443,76.6,10.000,10.169,80.6
7.1938,124160,1108199,10.000,9.988,90.0,10.000,9.080,76.6,10.000,10.169,80.6
7.1938,124161,1108204,10.000,9.988,90.0,10.000,9.080,76.6,10.000,9.988,80.6
7.1938,124162,1108209,10.000,9.806,90.0,10.000,9.080,76.6,10.000,9.988,80.6
7.1938,124163,1108214,10.000,9.806,91.2,10.000,9.261,80.5,10.000,9.988,82.2
7.1938,124164,1108219,10.000,9.806,91.2,10.000,9.080,80.5,10.000,9.988,82.2
7.1938,124165,1108224,10.000,9.988,91.2,10.000,9.625,80.5,10.000,9.988,82.2
7.1938,124166,1108229,10.000,9.806,91.2,10.000,9.625,80.5,10.000,9.806,82.2
7.1938,124167,1108234,10.000,9.988,91.2,10.000,9.806,80.5,10.000,9.988,82.2
7.1938,124168,1108239,10.000,9.806,91.2,10.000,9.625,80.5,10.000,9.806,82.2
7.1938,124169,1108244,10.000,9.988,91.2,10.000,9.443,80.5,10.000,9.806,82.2
7.1938,124170,1108249,10.000,9.806,91.2,10.000,9.806,80.5,10.000,9.806,82.2
7.1938,124171,1108254,10.000,9.988,91.2,10.000,9.806,80.5,10.000,9.806,82.2
7.1938,124172,1108259,10.000,9.988,91.2,10.000,9.806,80.5,10.000,9.806,82.2
7.1938,124173,1108264,10.000,9.988,91.2,10.000,9.806,80.5,10.000,9.625,82.2
7.1938,124174,1108269,10.000,9.988,91.2,10.000,9.988,80.5,10.000,9.806,82.2
7.1938,124175,1108274,10.000,9.806,91.2,10.000,9.988,80.5,10.000,9.625,82.2
7.2710,124176,1108279,10.000,9.988,91.2,10.000,9.988,80.5,10.000,9.625,82.2
7.2710,124177,1108284,10.000,9.806,91.2,10.000,9.988,80.5,10.000,9.625,82.2
7.2710,124178,1108289,10.000,9.988,91.2,10.000,10.169,80.5,10.000,9.625,82.2
7.2710,124179,1108294,10.000,9.806,91.2,10.000,10.533,80.5,10.000,9.625,82.2
7.2710,124180,1108299,10.000,9.806,91.2,10.000,10.533,80.5,10.000,9.443,82.2
7.2710,124181,1108304,10.000,9.806,91.2,10.000,10.714,80.5,10.000,9.625,82.2
7.2710,124182,1108309,10.000,9.806,91.2,10.000,10.533,80.5,10.000,9.625,82.2
7.2710,124183,1108314,10.000,9.806,91.6,10.000,10.351,75.1,10.000,9.625,84.5
7.2710,124184,1108319,10.000,9.806,91.6,10.000,10.351,75.1,10.000,9.443,84.5
7.2710,124185,1108324,10.000,9.988,91.6,10.000,10.169,75.1,10.000,9.625,84.5
7.2710,124186,1108329,10.000,9.806,91.6,10.000,10.351,75.1,10.000,9.625,84.5
7.2710,124187,1108334,10.000,9.988,91.6,10.000,10.351,75.1,10.000,9.443,84.5
7.2710,124188,1108339,10.000,9.806,91.6,10.000,10.351,75.1,10.000,9.443,84.5
7.2710,124189,1108344,10.000,9.806,91.6,10.000,10.169,75.1,10.000,9.625,84.5
7.2710,124190,1108349,10.000,9.988,91.6,10.000,10.169,75.1,10.000,9.625,84.5
7.2710,124191,1108354,10.000,9.806,91.6,10.000,10.169,75.1,10.000,9.443,84.5
7.3889,124192,1108359,10.000,9.988,91.6,10.000,10.351,75.1,10.000,9.625,84.5
7.3889,124193,1108364,10.000,9.806,91.6,10.000,10.351,75.1,10.000,9.625,84.5
7.3889,124194,1108369,10.000,9.988,91.6,10.000,10.351,75.1,10.000,9.625,84.5
7.3889,124195,1108374,10.000,9.988,91.6,10.000,10.351,75.1,10.000,9.443,84.5
7.3889,124196,1108379,10.000,9.988,91.6,10.000,10.351,75.1,10.000,9.625,84.5
7.3889,124197,1108384,10.000,9.988,91.6,10.000,10.351,75.1,10.000,9.625,84.5
7.3889,124198,1108389,10.000,9.988,91.6,10.000,10.169,75.1,10.000,9.806,84.5
7.3889,124199,1108394,10.000,10.169,91.6,10.000,10.351,75.1,10.000,9.625,84.5
7.3889,124200,1108399,10.000,10.169,91.6,10.000,10.169,75.1,10.000,9.625,84.5
7.3889,124201,1108404,10.000,10.169,91.6,10.000,10.169,75.1,10.000,9.806,84.5
7.3889,124202,1108409,10.000,10.169,91.6,10.000,9.988,75.1,10.000,9.625,84.5
7.3889,124203,1108414,10.000,10.169,89.8,10.000,9.806,78.0,10.000,9.806,84.1
7.3889,124204,1108419,10.000,9.988,89.8,10.000,9.806,78.0,10.000,9.806,84.1
7.3889,124205,1108424,10.000,9.988,89.8,10.000,9.806,78.0,10.000,9.806,84.1
7.3889,124206,1108429,10.000,10.169,89.8,10.000,9.806,78.0,10.000,9.806,84.1
7.3889,124207,1108434,10.000,9.988,89.8,10.000,9.625,78.0,10.000,9.806,84.1
7.3889,124208,1108439,10.000,10.169,89.8,10.000,9.625,78.0,10.000,9.806,84.1
7.3889,124209,1108444,10.000,10.169,89.8,10.000,9.443,78.0,10.000,9.806,84.1
7.3889,124210,1108449,10.000,10.169,89.8,10.000,9.625,78.0,10.000,9.988,84.1
7.3889,124211,1108454,10.000,10.351,89.8,10.000,9.625,78.0,10.000,9.806,84.1
7.3889,124212,1108459,10.000,10.169,89.8,10.000,9.625,78.0,10.000,9.988,84.1
7.3889,124213,1108464,10.000,9.988,89.8,10.000,9.806,78.0,10.000,9.806,84.1
7.3889,124214,1108469,10.000,10.169,89.8,10.000,9.806,78.0,10.000,9.988,84.1
7.3889,124215,1108474,10.000,9.988,89.8,10.000,9.806,78.0,10.000,9.988,84.1
7.4495,124216,1108479,10.000,9.988,89.8,10.000,9.806,78.0,10.000,9.988,84.1
7.4495,124217,1108484,10.000,10.169,89.8,10.000,9.988,78.0,10.000,10.169,84.1
7.4495,124218,1108489,10.000,9.988,89.8,10.000,9.988,78.0,10.000,9.988,84.1
7.4495,124219,1108494,10.000,9.625,89.8,10.000,9.625,78.0,10.000,9.988,84.1
7.4495,124220,1108499,10.000,9.625,89.8,10.000,9.443,78.0,10.000,9.988,84.1
7.4495,124221,1108504,10.000,9.625,89.8,10.000,9.443,78.0,10.000,9.988,84.1
7.4495,124222,1108509,10.000,9.625,89.8,10.000,9.625,78.0,10.000,9.988,84.1
7.4495,124223,1108514,10.000,9.988,90.6,10.000,9.625,79.5,10.000,9.988,83.4
7.4495,124224,1108519,10.000,9.988,90.6,10.000,9.261,79.5,10.000,9.988,83.4
7.4495,124225,1108524,10.000,9.988,90.6,10.000,9.261,79.5,10.000,10.169,83.4
7.4495,124226,1108529,10.000,9.988,90.6,10.000,9.261,79.5,10.000,9.988,83.4
7.4495,124227,1108534,10.000,9.988,90.6,10.000,9.261,79.5,10.000,9.988,83.4
7.4495,124228,1108539,10.000,9.988,90.6,10.000,9.443,79.5,10.000,10.169,83.4
7.4495,124229,1108544,10.000,10.351,90.6,10.000,9.806,79.5,10.000,10.169,83.4
7.4495,124230,1108549,10.000,10.351,90.6,10.000,9.988,79.5,10.000,10.169,83.4
7.4495,124231,1108554,10.000,10.169,90.6,10.000,9.988,79.5,10.000,10.169,83.4
7.5224,124232,1108559,10.000,10.351,90.6,10.000,9.988,79.5,10.000,10.169,83.4
7.5224,124233,1108564,10.000,10.351,90.6,10.000,10.169,79.5,10.000,10.351,83.4
7.5224,124234,1108569,10.000,10.169,90.6,10.000,10.351,79.5,10.000,10.169,83.4
7.5224,124235,1108574,10.000,10.351,90.6,10.000,10.169,79.5,10.000,10.169,83.4
7.5224,124236,1108579,10.000,10.351,90.6,10.000,9.988,79.5,10.000,10.351,83.4
7.5224,124237,1108584,10.000,10.169,90.6,10.000,9.988,79.5,10.000,10.169,83.4
7.5224,124238,1108589,10.000,10.351,90.6,10.000,9.988,79.5,10.000,10.169,83.4
7.5224,124239,1108594,10.000,10.351,90.6,10.000,10.169,79.5,10.000,10.169,83.4
7.5224,124240,1108599,10.000,10.169,90.6,10.000,10.169,79.5,10.000,10.169,83.4
7.5224,124241,1108604,10.000,10.351,90.6,10.000,9.988,79.5,10.000,10.351,83.4
7.5224,124242,1108609,10.000,10.351,90.6,10.000,9.988,79.5,10.000,10.169,83.4
7.5224,124243,1108614,10.000,10.351,88.3,10.000,9.988,78.0,10.000,10.169,82.3
7.5224,124244,1108619,10.000,10.351,88.3,10.000,10.169,78.0,10.000,10.351,82.3
7.5224,124245,1108624,10.000,10.351,88.3,10.000,10.533,78.0,10.000,10.169,82.3
7.5224,124246,1108629,10.000,10.351,88.3,10.000,10.714,78.0,10.000,10.169,82.3
7.5224,124247,1108634,10.000,10.351,88.3,10.000,10.533,78.0,10.000,10.351,82.3
7.5908,124248,1108639,10.000,10.169,88.3,10.000,10.351,78.0,10.000,10.169,82.3
7.5908,124249,1108644,10.000,9.988,88.3,10.000,10.351,78.0,10.000,10.351,82.3
7.5908,124250,1108649,10.000,9.988,88.3,10.000,10.169,78.0,10.000,10.351,82.3
7.5908,124251,1108654,10.000,9.988,88.3,10.000,10.351,78.0,10.000,10.169,82.3
7.5908,124252,1108659,10.000,9.988,88.3,10.000,10.351,78.0,10.000,10.351,82.3
7.5908,124253,1108664,10.000,9.806,88.3,10.000,10.351,78.0,10.000,10.351,82.3
7.5908,124254,1108669,10.000,9.988,88.3,10.000,10.169,78.0,10.000,10.169,82.3
7.5908,124255,1108674,10.000,9.806,88.3,10.000,10.169,78.0,10.000,10.351,82.3
7.6741,124256,1108679,10.000,9.806,88.3,10.000,10.169,78.0,10.000,10.351,82.3
7.6741,124257,1108684,10.000,9.988,88.3,10.000,10.351,78.0,10.000,10.169,82.3
7.6741,124258,1108689,10.000,9.988,88.3,10.000,10.533,78.0,10.000,10.351,82.3
7.6741,124259,1108694,10.000,10.169,88.3,10.000,10.533,78.0,10.000,10.351,82.3
7.6741,124260,1108699,10.000,10.169,88.3,10.000,10.714,78.0,10.000,10.169,82.3
7.6741,124261,1108704,10.000,10.169,88.3,10.000,10.533,78.0,10.000,10.351,82.3
7.6741,124262,1108709,10.000,10.169,88.3,10.000,10.533,78.0,10.000,10.351,82.3
7.6741,124263,1108714,10.000,10.169,88.7,10.000,10.533,74.6,10.000,10.169,82.0
7.6751,124264,1108719,10.000,10.169,88.7,10.000,10.714,74.6,10.000,10.351,82.0
7.6751,124265,1108724,10.000,10.351,88.7,10.000,10.714,74.6,10.000,10.351,82.0
7.6751,124266,1108729,10.000,10.169,88.7,10.000,10.533,74.6,10.000,10.169,82.0
7.6751,124267,1108734,10.000,10.169,88.7,10.000,10.533,74.6,10.000,10.351,82.0
7.6751,124268,1108739,10.000,10.169,88.7,10.000,10.533,74.6,10.000,10.351,82.0
7.6751,124269,1108744,10.000,10.169,88.7,10.000,10.533,74.6,10.000,10.169,82.0
7.6751,124270,1108749,10.000,10.169,88.7,10.000,10.533,74.6,10.000,10.351,82.0
7.6751,124271,1108754,10.000,10.169,88.7,10.000,10.533,74.6,10.000,10.351,82.0
7.7236,124272,1108759,10.000,9.988,88.7,10.000,10.533,74.6,10.000,10.169,82.0
7.7236,124273,1108764,10.000,10.169,88.7,10.000,10.533,74.6,10.000,10.351,82.0
7.7236,124274,1108769,10.000,9.988,88.7,10.000,10.533,74.6,10.000,10.169,82.0
7.7236,124275,1108774,10.000,9.988,88.7,10.000,10.533,74.6,10.000,10.169,82.0
7.7236,124276,1108779,10.000,10.169,88.7,10.000,10.533,74.6,10.000,10.351,82.0
7.7236,124277,1108784,10.000,9.988,88.7,10.000,10.533,74.6,10.000,10.169,82.0
7.7236,124278,1108789,10.000,10.169,88.7,10.000,10.533,74.6,10.000,10.169,82.0
7.7236,124279,1108794,10.000,9.988,88.7,10.000,10.351,74.6,10.000,10.169,82.0
7.7236,124280,1108799,10.000,9.988,88.7,10.000,10.351,74.6,10.000,10.169,82.0
7.7236,124281,1108804,10.000,9.988,88.7,10.000,10.533,74.6,10.000,10.169,82.0
7.7236,124282,1108809,10.000,9.988,88.7,10.000,10.351,74.6,10.000,10.169,82.0
7.7236,124283,1108814,10.000,9.988,89.4,10.000,10.351,74.6,10.000,10.169,81.6
7.7236,124284,1108819,10.000,9.988,89.4,10.000,9.988,74.6,10.000,10.169,81.6
7.7236,124285,1108824,10.000,9.988,89.4,10.000,9.988,74.6,10.000,10.169,81.6
7.7236,124286,1108829,10.000,9.806,89.4,10.000,9.988,74.6,10.000,9.988,81.6
7.7236,124287,1108834,10.000,9.806,89.4,10.000,9.988,74.6,10.000,10.169,81.6
7.8335,124288,1108839,10.000,9.443,89.4,10.000,9.806,74.6,10.000,9.988,81.6
7.8335,124289,1108844,10.000,9.443,89.4,10.000,9.806,74.6,10.000,10.169,81.6
7.8335,124290,1108849,10.000,9.625,89.4,10.000,9.806,74.6,10.000,9.988,81.6
7.8335,124291,1108854,10.000,9.443,89.4,10.000,9.625,74.6,10.000,9.988,81.6
7.8335,124292,1108859,10.000,9.443,89.4,10.000,9.806,74.6,10.000,9.988,81.6
7.8335,124293,1108864,10.000,9.443,89.4,10.000,9.625,74.6,10.000,9.988,81.6
7.8335,124294,1108869,10.000,9.443,89.4,10.000,9.988,74.6,10.000,9.988,81.6
7.8335,124295,1108874,10.000,9.080,89.4,10.000,9.806,74.6,10.000,9.806,81.6
7.8335,124296,1108879,10.000,9.080,89.4,10.000,9.988,74.6,10.000,9.988,81.6
7.8335,124297,1108884,10.000,9.080,89.4,10.000,9.806,74.6,10.000,9.806,81.6
7.8335,124298,1108889,10.000,9.261,89.4,10.000,9.988,74.6,10.000,9.806,81.6
7.8335,124299,1108894,10.000,9.261,89.4,10.000,9.806,74.6,10.000,9.625,81.6
7.8335,124300,1108899,10.000,9.080,89.4,10.000,9.625,74.6,10.000,9.806,81.6
7.8335,124301,1108904,10.000,9.261,89.4,10.000,9.806,74.6,10.000,9.625,81.6
7.8335,124302,1108909,10.000,9.080,89.4,10.000,9.625,74.6,10.000,9.625,81.6
7.8335,124303,1108914,10.000,8.898,96.4,10.000,9.806,77.3,10.000,9.625,84.7
7.9479,124304,1108919,10.000,9.080,96.4,10.000,9.625,77.3,10.000,9.625,84.7
7.9479,124305,1108924,10.000,9.261,96.4,10.000,9.806,77.3,10.000,9.625,84.7
7.9479,124306,1108929,10.000,9.261,96.4,10.000,9.625,77.3,10.000,9.443,84.7
7.9479,124307,1108934,10.000,9.443,96.4,10.000,9.806,77.3,10.000,9.625,84.7
7.9479,124308,1108939,10.000,9.443,96.4,10.000,9.625,77.3,10.000,9.625,84.7
7.9479,124309,1108944,10.000,9.625,96.4,10.000,9.806,77.3,10.000,9.625,84.7
7.9479,124310,1108949,10.000,9.625,96.4,10.000,9.806,77.3,10.000,9.443,84.7
7.9479,124311,1108954,10.000,9.443,96.4,10.000,9.806,77.3,10.000,9.625,84.7
7.9479,124312,1108959,10.000,9.625,96.4,10.000,9.806,77.3,10.000,9.625,84.7
7.9479,124313,1108964,10.000,9.806,96.4,10.000,9.806,77.3,10.000,9.443,84.7
7.9479,124314,1108969,10.000,9.806,96.4,10.000,9.806,77.3,10.000,9.625,84.7
7.9479,124315,1108974,10.000,9.806,96.4,10.000,9.806,77.3,10.000,9.625,84.7
7.9479,124316,1108979,10.000,9.988,96.4,10.000,9.988,77.3,10.000,9.625,84.7
7.9479,124317,1108984,10.000,9.806,96.4,10.000,9.806,77.3,10.000,9.443,84.7
7.9479,124318,1108989,10.000,9.806,96.4,10.000,9.988,77.3,10.000,9.625,84.7
7.9479,124319,1108994,10.000,9.806,96.4,10.000,9.988,77.3,10.000,9.625,84.7
7.9479,124320,1108999,10.000,9.988,96.4,10.000,10.169,77.3,10.000,9.625,84.7
7.9479,124321,1109004,10.000,10.169,96.4,10.000,10.169,77.3,10.000,9.625,84.7
7.9479,124322,1109009,10.000,10.169,96.4,10.000,9.988,77.3,10.000,9.625,84.7
7.9479,124323,1109014,10.000,10.169,90.7,10.000,9.988,76.5,10.000,9.625,85.5
7.9479,124324,1109019,10.000,10.169,90.7,10.000,10.169,76.5,10.000,9.625,85.5
7.9479,124325,1109024,10.000,10.351,90.7,10.000,9.988,76.5,10.000,9.625,85.5
7.9479,124326,1109029,10.000,10.351,90.7,10.000,9.988,76.5,10.000,9.806,85.5
7.9479,124327,1109034,10.000,10.533,90.7,10.000,9.988,76.5,10.000,9.806,85.5
8.0202,124328,1109039,10.000,10.714,90.7,10.000,9.988,76.5,10.000,9.625,85.5
8.0202,124329,1109044,10.000,10.533,90.7,10.000,10.169,76.5,10.000,9.806,85.5
8.0202,124330,1109049,10.000,10.533,90.7,10.000,9.988,76.5,10.000,9.806,85.5
8.0202,124331,1109054,10.000,10.533,90.7,10.000,9.988,76.5,10.000,9.806,85.5
8.0202,124332,1109059,10.000,10.714,90.7,10.000,10.169,76.5,10.000,9.806,85.5
8.0202,124333,1109064,10.000,10.714,90.7,10.000,10.169,76.5,10.000,9.988,85.5
8.0202,124334,1109069,10.000,10.714,90.7,10.000,10.169,76.5,10.000,9.806,85.5
8.0202,124335,1109074,10.000,10.533,90.7,10.000,10.169,76.5,10.000,9.988,85.5
8.0202,124336,1109079,10.000,10.533,90.7,10.000,10.169,76.5,10.000,9.988,85.5
8.0202,124337,1109084,10.000,10.533,90.7,10.000,9.806,76.5,10.000,9.988,85.5
8.0202,124338,1109089,10.000,10.533,90.7,10.000,9.806,76.5,10.000,10.169,85.5
8.0202,124339,1109094,10.000,10.714,90.7,10.000,9.806,76.5,10.000,9.988,85.5
8.0202,124340,1109099,10.000,10.714,90.7,10.000,9.806,76.5,10.000,10.169,85.5
8.0202,124341,1109104,10.000,10.533,90.7,10.000,9.806,76.5,10.000,10.169,85.5
8.0202,124342,1109109,10.000,10.533,90.7,10.000,9.625,76.5,10.000,10.169,85.5
8.0202,124343,1109114,10.000,10.533,88.1,10.000,9.625,78.9,10.000,10.169,82.8
8.1022,124344,1109119,10.000,10.533,88.1,10.000,9.625,78.9,10.000,10.351,82.8
8.1022,124345,1109124,10.000,10.714,88.1,10.000,9.625,78.9,10.000,10.169,82.8
8.1022,124346,1109129,10.000,10.533,88.1,10.000,9.625,78.9,10.000,10.169,82.8
8.1022,124347,1109134,10.000,10.533,88.1,10.000,9.988,78.9,10.000,10.351,82.8
8.1022,124348,1109139,10.000,10.533,88.1,10.000,9.806,78.9,10.000,10.169,82.8
8.1022,124349,1109144,10.000,10.533,88.1,10.000,9.806,78.9,10.000,10.351,82.8
8.1022,124350,1109149,10.000,10.533,88.1,10.000,9.806,78.9,10.000,10.169,82.8
8.1022,124351,1109154,10.000,10.714,88.1,10.000,9.806,78.9,10.000,10.169,82.8
8.1032,124352,1109159,10.000,10.714,88.1,10.000,10.169,78.9,10.000,10.351,82.8
8.1032,124353,1109164,10.000,10.533,88.1,10.000,9.988,78.9,10.000,10.169,82.8
8.1032,124354,1109169,10.000,10.533,88.1,10.000,9.988,78.9,10.000,10.169,82.8
8.1032,124355,1109174,10.000,10.533,88.1,10.000,10.169,78.9,10.000,10.351,82.8
8.1032,124356,1109179,10.000,10.714,88.1,10.000,9.988,78.9,10.000,10.169,82.8
8.1032,124357,1109184,10.000,10.714,88.1,10.000,10.169,78.9,10.000,10.169,82.8
8.1032,124358,1109189,10.000,10.533,88.1,10.000,10.351,78.9,10.000,10.169,82.8
8.1032,124359,1109194,10.000,10.533,88.1,10.000,10.169,78.9,10.000,10.169,82.8
8.1548,124360,1109199,10.000,10.533,88.1,10.000,10.351,78.9,10.000,10.351,82.8
8.1548,124361,1109204,10.000,10.533,88.1,10.000,10.169,78.9,10.000,10.169,82.8
8.1548,124362,1109209,10.000,10.533,88.1,10.000,9.988,78.9,10.000,10.169,82.8
8.1548,124363,1109214,10.000,10.714,85.7,10.000,10.169,76.2,10.000,10.169,82.5
8.1548,124364,1109219,10.000,10.714,85.7,10.000,10.169,76.2,10.000,10.169,82.5
8.1548,124365,1109224,10.000,10.533,85.7,10.000,9.988,76.2,10.000,9.988,82.5
8.1548,124366,1109229,10.000,10.533,85.7,10.000,10.169,76.2,10.000,10.169,82.5
8.1548,124367,1109234,10.000,10.533,85.7,10.000,10.169,76.2,10.000,10.169,82.5
8.1548,124368,1109239,10.000,10.714,85.7,10.000,9.988,76.2,10.000,10.169,82.5
8.1548,124369,1109244,10.000,10.714,85.7,10.000,9.988,76.2,10.000,10.169,82.5
8.1548,124370,1109249,10.000,10.533,85.7,10.000,9.988,76.2,10.000,10.169,82.5
8.1548,124371,1109254,10.000,10.533,85.7,10.000,9.988,76.2,10.000,10.169,82.5
8.1548,124372,1109259,10.000,10.533,85.7,10.000,10.169,76.2,10.000,10.169,82.5
8.1548,124373,1109264,10.000,10.533,85.7,10.000,10.169,76.2,10.000,10.169,82.5
8.1548,124374,1109269,10.000,10.533,85.7,10.000,9.988,76.2,10.000,10.169,82.5
8.1548,124375,1109274,10.000,10.714,85.7,10.000,10.169,76.2,10.000,10.351,82.5
8.2809,124376,1109279,10.000,10.533,85.7,10.000,10.169,76.2,10.000,10.169,82.5
8.2809,124377,1109284,10.000,10.533,85.7,10.000,9.988,76.2,10.000,10.169,82.5
8.2809,124378,1109289,10.000,10.533,85.7,10.000,10.169,76.2,10.000,10.351,82.5
8.2809,124379,1109294,10.000,10.533,85.7,10.000,10.169,76.2,10.000,10.169,82.5
8.2809,124380,1109299,10.000,10.533,85.7,10.000,10.169,76.2,10.000,10.169,82.5
8.2809,124381,1109304,10.000,10.351,85.7,10.000,10.351,76.2,10.000,10.169,82.5
8.2809,124382,1109309,10.000,10.351,85.7,10.000,10.169,76.2,10.000,10.169,82.5
8.2809,124383,1109314,10.000,10.351,86.5,10.000,10.169,75.9,10.000,10.351,81.0
8.2809,124384,1109319,10.000,10.351,86.5,10.000,10.169,75.9,10.000,10.169,81.0
8.2809,124385,1109324,10.000,10.169,86.5,10.000,10.169,75.9,10.000,10.169,81.0
8.2809,124386,1109329,10.000,10.351,86.5,10.000,10.169,75.9,10.000,10.351,81.0
8.2809,124387,1109334,10.000,10.351,86.5,10.000,10.169,75.9,10.000,10.169,81.0
8.2809,124388,1109339,10.000,10.169,86.5,10.000,10.169,75.9,10.000,10.169,81.0
8.2809,124389,1109344,10.000,10.169,86.5,10.000,10.169,75.9,10.000,10.169,81.0
8.2809,124390,1109349,10.000,10.169,86.5,10.000,9.806,75.9,10.000,10.169,81.0
8.2809,124391,1109354,10.000,10.351,86.5,10.000,9.625,75.9,10.000,10.169,81.0
8.3474,124392,1109359,10.000,10.351,86.5,10.000,9.806,75.9,10.000,10.169,81.0
8.3474,124393,1109364,10.000,10.351,86.5,10.000,9.806,75.9,10.000,10.169,81.0
8.3474,124394,1109369,10.000,10.351,86.5,10.000,9.443,75.9,10.000,10.169,81.0
8.3474,124395,1109374,10.000,10.351,86.5,10.000,9.443,75.9,10.000,10.169,81.0
8.3474,124396,1109379,10.000,10.351,86.5,10.000,9.261,75.9,10.000,9.988,81.0
8.3474,124397,1109384,10.000,10.351,86.5,10.000,9.443,75.9,10.000,10.169,81.0
8.3474,124398,1109389,10.000,10.533,86.5,10.000,9.261,75.9,10.000,10.169,81.0
8.3474,124399,1109394,10.000,10.533,86.5,10.000,9.443,75.9,10.000,10.169,81.0
8.3474,124400,1109399,10.000,10.533,86.5,10.000,9.806,75.9,10.000,10.169,81.0
8.3474,124401,1109404,10.000,10.533,86.5,10.000,9.806,75.9,10.000,10.169,81.0
8.3474,124402,1109409,10.000,10.533,86.5,10.000,9.806,75.9,10.000,10.169,81.0
8.3474,124403,1109414,10.000,10.533,84.4,10.000,9.625,79.0,10.000,10.169,81.3
8.3474,124404,1109419,10.000,10.351,84.4,10.000,10.169,79.0,10.000,10.169,81.3
8.3474,124405,1109424,10.000,10.533,84.4,10.000,9.988,79.0,10.000,10.169,81.3
8.3474,124406,1109429,10.000,10.169,84.4,10.000,9.988,79.0,10.000,10.169,81.3
8.3474,124407,1109434,10.000,10.169,84.4,10.000,9.806,79.0,10.000,10.169,81.3
8.4705,124408,1109439,10.000,9.988,84.4,10.000,9.988,79.0,10.000,9.988,81.3
8.4705,124409,1109444,10.000,9.988,84.4,10.000,9.988,79.0,10.000,10.169,81.3
8.4705,124410,1109449,10.000,9.988,84.4,10.000,9.806,79.0,10.000,9.988,81.3
8.4705,124411,1109454,10.000,9.988,84.4,10.000,9.806,79.0,10.000,10.169,81.3
8.4705,124412,1109459,10.000,9.806,84.4,10.000,9.625,79.0,10.000,9.988,81.3
8.4705,124413,1109464,10.000,9.625,84.4,10.000,9.806,79.0,10.000,9.988,81.3
8.4705,124414,1109469,10.000,9.806,84.4,10.000,9.806,79.0,10.000,9.988,81.3
8.4705,124415,1109474,10.000,9.625,84.4,10.000,9.806,79.0,10.000,9.988,81.3
8.4705,124416,1109479,10.000,9.806,84.4,10.000,9.988,79.0,10.000,9.988,81.3
8.4705,124417,1109484,10.000,9.625,84.4,10.000,10.169,79.0,10.000,9.988,81.3
8.4705,124418,1109489,10.000,9.625,84.4,10.000,9.988,79.0,10.000,9.988,81.3
8.4705,124419,1109494,10.000,9.443,84.4,10.000,9.988,79.0,10.000,9.806,81.3
8.4705,124420,1109499,10.000,9.443,84.4,10.000,10.169,79.0,10.000,9.988,81.3
8.4705,124421,1109504,10.000,9.261,84.4,10.000,10.169,79.0,10.000,9.806,81.3
8.4705,124422,1109509,10.000,9.261,84.4,10.000,10.351,79.0,10.000,9.806,81.3
8.4705,124423,1109514,10.000,9.261,91.4,10.000,10.351,75.1,10.000,9.806,83.3
8.4705,124424,1109519,10.000,9.261,91.4,10.000,10.351,75.1,10.000,9.806,83.3
8.4705,124425,1109524,10.000,9.261,91.4,10.000,10.351,75.1,10.000,9.625,83.3
8.4705,124426,1109529,10.000,9.261,91.4,10.000,10.169,75.1,10.000,9.806,83.3
8.4705,124427,1109534,10.000,9.261,91.4,10.000,9.988,75.1,10.000,9.625,83.3
8.4705,124428,1109539,10.000,9.261,91.4,10.000,10.169,75.1,10.000,9.625,83.3
8.4705,124429,1109544,10.000,9.261,91.4,10.000,10.169,75.1,10.000,9.625,83.3
8.4705,124430,1109549,10.000,9.443,91.4,10.000,9.988,75.1,10.000,9.625,83.3
8.4705,124431,1109554,10.000,9.261,91.4,10.000,9.988,75.1,10.000,9.625,83.3
8.5360,124432,1109559,10.000,9.261,91.4,10.000,9.988,75.1,10.000,9.625,83.3
8.5360,124433,1109564,10.000,9.443,91.4,10.000,9.806,75.1,10.000,9.443,83.3
8.5360,124434,1109569,10.000,9.261,91.4,10.000,9.806,75.1,10.000,9.625,83.3
8.5360,124435,1109574,10.000,9.261,91.4,10.000,9.806,75.1,10.000,9.625,83.3
8.5360,124436,1109579,10.000,9.443,91.4,10.000,9.625,75.1,10.000,9.443,83.3
8.5360,124437,1109584,10.000,9.443,91.4,10.000,9.625,75.1,10.000,9.625,83.3
8.5360,124438,1109589,10.000,9.625,91.4,10.000,9.625,75.1,10.000,9.625,83.3
8.5360,124439,1109594,10.000,9.625,91.4,10.000,9.625,75.1,10.000,9.625,83.3
8.5369,124440,1109599,10.000,9.625,91.4,10.000,9.443,75.1,10.000,9.443,83.3
8.5369,124441,1109604,10.000,9.806,91.4,10.000,9.625,75.1,10.000,9.625,83.3
8.5369,124442,1109609,10.000,9.988,91.4,10.000,9.443,75.1,10.000,9.625,83.3
8.5369,124443,1109614,10.000,9.806,89.4,10.000,9.625,79.0,10.000,9.443,86.0
8.5369,124444,1109619,10.000,9.988,89.4,10.000,9.443,79.0,10.000,9.261,86.0
8.5369,124445,1109624,10.000,9.988,89.4,10.000,9.625,79.0,10.000,9.443,86.0
8.5369,124446,1109629,10.000,9.988,89.4,10.000,9.806,79.0,10.000,9.443,86.0
8.5369,124447,1109634,10.000,9.988,89.4,10.000,9.988,79.0,10.000,9.261,86.0
8.6499,124448,1109639,10.000,9.988,89.4,10.000,9.988,79.0,10.000,9.443,86.0
8.6499,124449,1109644,10.000,9.988,89.4,10.000,9.806,79.0,10.000,9.443,86.0
8.6499,124450,1109649,10.000,9.988,89.4,10.000,9.988,79.0,10.000,9.443,86.0
8.6499,124451,1109654,10.000,10.169,89.4,10.000,9.806,79.0,10.000,9.443,86.0
8.6499,124452,1109659,10.000,9.988,89.4,10.000,9.988,79.0,10.000,9.443,86.0
8.6499,124453,1109664,10.000,10.169,89.4,10.000,9.988,79.0,10.000,9.806,86.0
8.6499,124454,1109669,10.000,10.169,89.4,10.000,10.169,79.0,10.000,9.806,86.0
8.6499,124455,1109674,10.000,10.169,89.4,10.000,9.988,79.0,10.000,9.625,86.0
8.6499,124456,1109679,10.000,10.169,89.4,10.000,10.169,79.0,10.000,9.806,86.0
8.6499,124457,1109684,10.000,10.169,89.4,10.000,10.169,79.0,10.000,9.988,86.0
8.6499,124458,1109689,10.000,10.169,89.4,10.000,10.169,79.0,10.000,9.806,86.0
8.6499,124459,1109694,10.000,10.351,89.4,10.000,9.988,79.0,10.000,9.988,86.0
8.6499,124460,1109699,10.000,10.169,89.4,10.000,10.169,79.0,10.000,9.988,86.0
8.6499,124461,1109704,10.000,10.169,89.4,10.000,10.351,79.0,10.000,9.988,86.0
8.6499,124462,1109709,10.000,10.351,89.4,10.000,10.169,79.0,10.000,9.988,86.0
8.6499,124463,1109714,10.000,10.169,87.6,10.000,10.169,76.3,10.000,9.988,83.7
8.7098,124464,1109719,10.000,10.169,87.6,10.000,10.169,76.3,10.000,9.988,83.7
8.7098,124465,1109724,10.000,10.351,87.6,10.000,10.351,76.3,10.000,10.169,83.7
8.7098,124466,1109729,10.000,10.169,87.6,10.000,10.351,76.3,10.000,9.988,83.7
8.7098,124467,1109734,10.000,10.351,87.6,10.000,10.169,76.3,10.000,9.988,83.7
8.7098,124468,1109739,10.000,10.351,87.6,10.000,10.169,76.3,10.000,10.169,83.7
8.7098,124469,1109744,10.000,10.169,87.6,10.000,10.533,76.3,10.000,9.988,83.7
8.7098,124470,1109749,10.000,10.351,87.6,10.000,10.533,76.3,10.000,10.169,83.7
8.7098,124471,1109754,10.000,10.169,87.6,10.000,10.533,76.3,10.000,9.988,83.7
8.7098,124472,1109759,10.000,10.169,87.6,10.000,10.714,76.3,10.000,10.169,83.7
8.7098,124473,1109764,10.000,10.169,87.6,10.000,10.714,76.3,10.000,10.169,83.7
8.7098,124474,1109769,10.000,10.169,87.6,10.000,10.714,76.3,10.000,10.169,83.7
8.7098,124475,1109774,10.000,9.988,87.6,10.000,10.533,76.3,10.000,10.169,83.7
8.7098,124476,1109779,10.000,9.988,87.6,10.000,10.351,76.3,10.000,10.351,83.7
8.7098,124477,1109784,10.000,9.988,87.6,10.000,10.533,76.3,10.000,10.169,83.7
8.7098,124478,1109789,10.000,9.806,87.6,10.000,10.533,76.3,10.000,10.169,83.7
8.7098,124479,1109794,10.000,9.988,87.6,10.000,10.533,76.3,10.000,10.169,83.7
8.7943,124480,1109799,10.000,9.806,87.6,10.000,10.533,76.3,10.000,10.169,83.7
8.7943,124481,1109804,10.000,9.988,87.6,10.000,10.351,76.3,10.000,10.351,83.7
8.7943,124482,1109809,10.000,9.806,87.6,10.000,10.351,76.3,10.000,10.169,83.7
8.7943,124483,1109814,10.000,9.988,88.4,10.000,10.351,74.8,10.000,10.169,82.7
8.7943,124484,1109819,10.000,9.806,88.4,10.000,10.351,74.8,10.000,10.169,82.7
8.7943,124485,1109824,10.000,9.988,88.4,10.000,10.533,74.8,10.000,10.169,82.7
8.7943,124486,1109829,10.000,9.988,88.4,10.000,10.714,74.8,10.000,10.169,82.7
8.7943,124487,1109834,10.000,9.988,88.4,10.000,10.533,74.8,10.000,10.169,82.7
8.7943,124488,1109839,10.000,10.169,88.4,10.000,10.533,74.8,10.000,10.169,82.7
8.7943,124489,1109844,10.000,9.988,88.4,10.000,10.533,74.8,10.000,10.169,82.7
8.7943,124490,1109849,10.000,10.169,88.4,10.000,10.533,74.8,10.000,10.169,82.7
8.7943,124491,1109854,10.000,9.988,88.4,10.000,10.714,74.8,10.000,10.169,82.7
8.7943,124492,1109859,10.000,10.169,88.4,10.000,10.714,74.8,10.000,10.169,82.7
8.7943,124493,1109864,10.000,9.988,88.4,10.000,10.714,74.8,10.000,10.169,82.7
8.7943,124494,1109869,10.000,10.169,88.4,10.000,10.533,74.8,10.000,10.169,82.7
8.7943,124495,1109874,10.000,9.988,88.4,10.000,10.533,74.8,10.000,10.169,82.7
8.8462,124496,1109879,10.000,10.169,88.4,10.000,10.533,74.8,10.000,10.169,82.7
8.8462,124497,1109884,10.000,10.169,88.4,10.000,10.714,74.8,10.000,10.169,82.7
8.8462,124498,1109889,10.000,9.988,88.4,10.000,10.714,74.8,10.000,10.169,82.7
8.8462,124499,1109894,10.000,10.169,88.4,10.000,10.533,74.8,10.000,10.169,82.7
8.8462,124500,1109899,10.000,10.169,88.4,10.000,10.533,74.8,10.000,10.169,82.7
8.8462,124501,1109904,10.000,10.169,88.4,10.000,10.533,74.8,10.000,10.169,82.7
8.8462,124502,1109909,10.000,10.169,88.4,10.000,10.533,74.8,10.000,10.169,82.7
8.8462,124503,1109914,10.000,10.169,87.3,10.000,10.533,72.9,10.000,10.169,82.3
8.8472,124504,1109919,10.000,10.169,87.3,10.000,10.714,72.9,10.000,10.351,82.3
8.8472,124505,1109924,10.000,10.169,87.3,10.000,10.533,72.9,10.000,10.169,82.3
8.8472,124506,1109929,10.000,10.169,87.3,10.000,10.533,72.9,10.000,10.169,82.3
8.8472,124507,1109934,10.000,10.169,87.3,10.000,10.533,72.9,10.000,10.351,82.3
8.8472,124508,1109939,10.000,10.169,87.3,10.000,10.533,72.9,10.000,10.169,82.3
8.8472,124509,1109944,10.000,10.169,87.3,10.000,10.714,72.9,10.000,10.351,82.3
8.8472,124510,1109949,10.000,9.988,87.3,10.000,10.533,72.9,10.000,10.351,82.3
8.8472,124511,1109954,10.000,10.169,87.3,10.000,10.533,72.9,10.000,10.169,82.3
8.9533,124512,1109959,10.000,9.988,87.3,10.000,10.533,72.9,10.000,10.351,82.3
8.9533,124513,1109964,10.000,10.169,87.3,10.000,10.533,72.9,10.000,10.351,82.3
8.9533,124514,1109969,10.000,9.988,87.3,10.000,10.533,72.9,10.000,10.169,82.3
8.9533,124515,1109974,10.000,10.169,87.3,10.000,10.533,72.9,10.000,10.351,82.3
8.9533,124516,1109979,10.000,9.988,87.3,10.000,10.351,72.9,10.000,10.351,82.3
8.9533,124517,1109984,10.000,9.988,87.3,10.000,10.169,72.9,10.000,10.169,82.3
8.9533,124518,1109989,10.000,9.988,87.3,10.000,10.169,72.9,10.000,10.351,82.3
8.9533,124519,1109994,10.000,9.988,87.3,10.000,9.988,72.9,10.000,10.351,82.3
8.9533,124520,1109999,10.000,9.988,87.3,10.000,9.988,72.9,10.000,10.169,82.3
8.9533,124521,1110004,10.000,9.988,87.3,10.000,9.806,72.9,10.000,10.351,82.3
8.9533,124522,1110009,10.000,9.988,87.3,10.000,9.806,72.9,10.000,10.169,82.3
8.9533,124523,1110014,10.000,9.988,88.1,10.000,9.806,76.3,10.000,10.169,81.9
8.9533,124524,1110019,10.000,9.988,88.1,10.000,9.261,76.3,10.000,10.351,81.9
8.9533,124525,1110024,10.000,9.988,88.1,10.000,9.261,76.3,10.000,10.351,81.9
8.9533,124526,1110029,10.000,9.988,88.1,10.000,9.443,76.3,10.000,10.169,81.9
8.9533,124527,1110034,10.000,9.988,88.1,10.000,9.443,76.3,10.000,10.351,81.9
9.0281,124528,1110039,10.000,9.988,88.1,10.000,9.443,76.3,10.000,10.351,81.9
9.0281,124529,1110044,10.000,9.988,88.1,10.000,9.443,76.3,10.000,10.169,81.9
9.0281,124530,1110049,10.000,9.988,88.1,10.000,9.625,76.3,10.000,10.351,81.9
9.0281,124531,1110054,10.000,9.806,88.1,10.000,9.625,76.3,10.000,10.351,81.9
9.0281,124532,1110059,10.000,9.988,88.1,10.000,9.625,76.3,10.000,10.351,81.9
9.0281,124533,1110064,10.000,9.806,88.1,10.000,9.625,76.3,10.000,10.351,81.9
9.0281,124534,1110069,10.000,9.988,88.1,10.000,9.806,76.3,10.000,10.351,81.9
9.0281,124535,1110074,10.000,9.806,88.1,10.000,9.988,76.3,10.000,10.169,81.9
9.0281,124536,1110079,10.000,9.806,88.1,10.000,9.806,76.3,10.000,10.351,81.9
9.0281,124537,1110084,10.000,9.806,88.1,10.000,9.988,76.3,10.000,10.169,81.9
9.0281,124538,1110089,10.000,9.806,88.1,10.000,9.806,76.3,10.000,10.169,81.9
9.0281,124539,1110094,10.000,9.625,88.1,10.000,9.806,76.3,10.000,10.169,81.9
9.0281,124540,1110099,10.000,9.806,88.1,10.000,9.625,76.3,10.000,10.169,81.9
9.0281,124541,1110104,10.000,9.806,88.1,10.000,9.806,76.3,10.000,9.988,81.9
9.0281,124542,1110109,10.000,9.625,88.1,10.000,9.625,76.3,10.000,10.169,81.9
9.0281,124543,1110114,10.000,9.806,89.3,10.000,9.625,77.9,10.000,9.988,82.7
9.0935,124544,1110119,10.000,9.625,89.3,10.000,9.988,77.9,10.000,9.988,82.7
9.0935,124545,1110124,10.000,9.625,89.3,10.000,9.806,77.9,10.000,9.988,82.7
9.0935,124546,1110129,10.000,9.806,89.3,10.000,9.988,77.9,10.000,9.806,82.7
9.0935,124547,1110134,10.000,9.625,89.3,10.000,9.625,77.9,10.000,9.806,82.7
9.0935,124548,1110139,10.000,9.625,89.3,10.000,9.806,77.9,10.000,9.625,82.7
9.0935,124549,1110144,10.000,9.806,89.3,10.000,9.806,77.9,10.000,9.625,82.7
9.0935,124550,1110149,10.000,9.625,89.3,10.000,9.988,77.9,10.000,9.443,82.7
9.0935,124551,1110154,10.000,9.625,89.3,10.000,9.988,77.9,10.000,9.625,82.7
9.0945,124552,1110159,10.000,9.625,89.3,10.000,9.988,77.9,10.000,9.443,82.7
9.0945,124553,1110164,10.000,9.625,89.3,10.000,9.988,77.9,10.000,9.443,82.7
9.0945,124554,1110169,10.000,9.625,89.3,10.000,9.806,77.9,10.000,9.443,82.7
9.0945,124555,1110174,10.000,9.625,89.3,10.000,9.988,77.9,10.000,9.443,82.7
9.0945,124556,1110179,10.000,9.625,89.3,10.000,9.988,77.9,10.000,9.443,82.7
9.0945,124557,1110184,10.000,9.625,89.3,10.000,10.169,77.9,10.000,9.625,82.7
9.0945,124558,1110189,10.000,9.625,89.3,10.000,10.169,77.9,10.000,9.625,82.7
9.0945,124559,1110194,10.000,9.625,89.3,10.000,10.169,77.9,10.000,9.625,82.7
9.2024,124560,1110199,10.000,9.625,89.3,10.000,10.169,77.9,10.000,9.625,82.7
9.2024,124561,1110204,10.000,9.625,89.3,10.000,10.169,77.9,10.000,9.443,82.7
9.2024,124562,1110209,10.000,9.806,89.3,10.000,10.169,77.9,10.000,9.625,82.7
9.2024,124563,1110214,10.000,9.625,90.8,10.000,10.169,75.2,10.000,9.625,85.0
9.2024,124564,1110219,10.000,9.625,90.8,10.000,10.169,75.2,10.000,9.443,85.0
9.2024,124565,1110224,10.000,9.806,90.8,10.000,10.169,75.2,10.000,9.625,85.0
9.2024,124566,1110229,10.000,9.625,90.8,10.000,10.169,75.2,10.000,9.625,85.0
9.2024,124567,1110234,10.000,9.806,90.8,10.000,10.169,75.2,10.000,9.443,85.0
9.2024,124568,1110239,10.000,9.806,90.8,10.000,10.169,75.2,10.000,9.443,85.0
9.2024,124569,1110244,10.000,9.806,90.8,10.000,10.169,75.2,10.000,9.625,85.0
9.2024,124570,1110249,10.000,9.806,90.8,10.000,10.169,75.2,10.000,9.625,85.0
9.2024,124571,1110254,10.000,9.988,90.8,10.000,10.169,75.2,10.000,9.625,85.0
9.2024,124572,1110259,10.000,9.806,90.8,10.000,10.169,75.2,10.000,9.625,85.0
9.2024,124573,1110264,10.000,9.988,90.8,10.000,10.169,75.2,10.000,9.625,85.0
9.2024,124574,1110269,10.000,9.988,90.8,10.000,10.169,75.2,10.000,9.625,85.0
9.2024,124575,1110274,10.000,9.988,90.8,10.000,10.169,75.2,10.000,9.625,85.0
9.2681,124576,1110279,10.000,9.988,90.8,10.000,9.988,75.2,10.000,9.625,85.0
9.2681,124577,1110284,10.000,9.806,90.8,10.000,10.169,75.2,10.000,9.806,85.0
9.2681,124578,1110289,10.000,9.988,90.8,10.000,9.988,75.2,10.000,9.806,85.0
9.2681,124579,1110294,10.000,9.806,90.8,10.000,9.806,75.2,10.000,9.625,85.0
9.2681,124580,1110299,10.000,9.988,90.8,10.000,9.625,75.2,10.000,9.806,85.0
9.2681,124581,1110304,10.000,9.806,90.8,10.000,9.625,75.2,10.000,9.806,85.0
9.2681,124582,1110309,10.000,9.988,90.8,10.000,9.625,75.2,10.000,9.806,85.0
9.2681,124583,1110314,10.000,9.988,89.4,10.000,9.625,78.4,10.000,9.806,84.7
9.2681,124584,1110319,10.000,10.169,89.4,10.000,9.625,78.4,10.000,9.988,84.7
9.2681,124585,1110324,10.000,9.988,89.4,10.000,9.625,78.4,10.000,9.806,84.7
9.2681,124586,1110329,10.000,10.169,89.4,10.000,9.806,78.4,10.000,9.988,84.7
9.2681,124587,1110334,10.000,10.169,89.4,10.000,9.443,78.4,10.000,9.988,84.7
9.2681,124588,1110339,10.000,9.988,89.4,10.000,9.625,78.4,10.000,9.988,84.7
9.2681,124589,1110344,10.000,10.169,89.4,10.000,9.806,78.4,10.000,10.169,84.7
9.2681,124590,1110349,10.000,10.169,89.4,10.000,9.988,78.4,10.000,9.988,84.7
9.2681,124591,1110354,10.000,10.169,89.4,10.000,9.988,78.4,10.000,10.169,84.7
9.4001,124592,1110359,10.000,10.169,89.4,10.000,9.988,78.4,10.000,9.988,84.7
9.4001,124593,1110364,10.000,10.169,89.4,10.000,9.988,78.4,10.000,10.169,84.7
9.4001,124594,1110369,10.000,9.988,89.4,10.000,9.988,78.4,10.000,9.988,84.7
9.4001,124595,1110374,10.000,10.169,89.4,10.000,9.988,78.4,10.000,10.169,84.7
9.4001,124596,1110379,10.000,10.169,89.4,10.000,9.988,78.4,10.000,10.169,84.7
9.4001,124597,1110384,10.000,10.169,89.4,10.000,10.169,78.4,10.000,9.988,84.7
9.4001,124598,1110389,10.000,10.351,89.4,10.000,10.169,78.4,10.000,10.169,84.7
9.4001,124599,1110394,10.000,10.351,89.4,10.000,10.351,78.4,10.000,10.169,84.7
9.4001,124600,1110399,10.000,10.169,89.4,10.000,10.169,78.4,10.000,10.169,84.7
9.4001,124601,1110404,10.000,10.351,89.4,10.000,10.169,78.4,10.000,10.169,84.7
9.4001,124602,1110409,10.000,10.351,89.4,10.000,10.351,78.4,10.000,10.351,84.7
9.4001,124603,1110414,10.000,10.169,88.3,10.000,10.169,75.7,10.000,10.169,82.8
9.4001,124604,1110419,10.000,10.351,88.3,10.000,10.351,75.7,10.000,10.351,82.8
9.4001,124605,1110424,10.000,10.351,88.3,10.000,10.351,75.7,10.000,10.169,82.8
9.4001,124606,1110429,10.000,10.169,88.3,10.000,10.169,75.7,10.000,10.169,82.8
9.4001,124607,1110434,10.000,10.351,88.3,10.000,10.351,75.7,10.000,10.351,82.8
9.4001,124608,1110439,10.000,10.169,88.3,10.000,10.351,75.7,10.000,10.169,82.8
9.4001,124609,1110444,10.000,10.169,88.3,10.000,10.169,75.7,10.000,10.169,82.8
9.4001,124610,1110449,10.000,10.351,88.3,10.000,10.351,75.7,10.000,10.169,82.8
9.4001,124611,1110454,10.000,10.169,88.3,10.000,10.351,75.7,10.000,10.169,82.8
9.4001,124612,1110459,10.000,10.169,88.3,10.000,10.169,75.7,10.000,10.169,82.8
9.4001,124613,1110464,10.000,10.169,88.3,10.000,10.351,75.7,10.000,10.169,82.8
9.4001,124614,1110469,10.000,10.169,88.3,10.000,10.169,75.7,10.000,10.169,82.8
9.4001,124615,1110474,10.000,9.988,88.3,10.000,10.169,75.7,10.000,10.351,82.8
9.4752,124616,1110479,10.000,10.169,88.3,10.000,9.988,75.7,10.000,10.169,82.8
9.4752,124617,1110484,10.000,10.169,88.3,10.000,9.988,75.7,10.000,10.169,82.8
9.4752,124618,1110489,10.000,10.169,88.3,10.000,9.988,75.7,10.000,10.351,82.8
9.4752,124619,1110494,10.000,10.169,88.3,10.000,9.988,75.7,10.000,10.169,82.8
9.4752,124620,1110499,10.000,10.169,88.3,10.000,9.988,75.7,10.000,10.351,82.8
9.4752,124621,1110504,10.000,10.169,88.3,10.000,9.625,75.7,10.000,10.169,82.8
9.4752,124622,1110509,10.000,10.169,88.3,10.000,9.806,75.7,10.000,10.169,82.8
9.4752,124623,1110514,10.000,10.169,87.9,10.000,9.625,78.9,10.000,10.351,81.3
9.4752,124624,1110519,10.000,10.169,87.9,10.000,9.443,78.9,10.000,10.169,81.3
9.4752,124625,1110524,10.000,10.351,87.9,10.000,9.261,78.9,10.000,10.169,81.3
9.4752,124626,1110529,10.000,10.169,87.9,10.000,9.625,78.9,10.000,10.169,81.3
9.4752,124627,1110534,10.000,10.169,87.9,10.000,9.443,78.9,10.000,10.169,81.3
9.4752,124628,1110539,10.000,10.169,87.9,10.000,9.443,78.9,10.000,10.169,81.3
9.4752,124629,1110544,10.000,10.169,87.9,10.000,9.625,78.9,10.000,10.169,81.3
9.4752,124630,1110549,10.000,9.988,87.9,10.000,9.443,78.9,10.000,10.169,81.3
9.4752,124631,1110554,10.000,10.169,87.9,10.000,9.806,78.9,10.000,10.351,81.3
9.5348,124632,1110559,10.000,10.169,87.9,10.000,9.806,78.9,10.000,10.169,81.3
9.5348,124633,1110564,10.000,10.169,87.9,10.000,9.806,78.9,10.000,10.169,81.3
9.5348,124634,1110569,10.000,10.169,87.9,10.000,10.169,78.9,10.000,10.169,81.3
9.5348,124635,1110574,10.000,9.988,87.9,10.000,10.169,78.9,10.000,10.169,81.3
9.5348,124636,1110579,10.000,10.169,87.9,10.000,10.169,78.9,10.000,10.351,81.3
9.5348,124637,1110584,10.000,9.988,87.9,10.000,10.351,78.9,10.000,10.169,81.3
9.5348,124638,1110589,10.000,10.169,87.9,10.000,10.169,78.9,10.000,10.169,81.3
9.5348,124639,1110594,10.000,9.988,87.9,10.000,10.169,78.9,10.000,10.169,81.3
9.5348,124640,1110599,10.000,10.169,87.9,10.000,10.351,78.9,10.000,10.169,81.3
9.5348,124641,1110604,10.000,9.988,87.9,10.000,10.351,78.9,10.000,10.169,81.3
9.5348,124642,1110609,10.000,9.988,87.9,10.000,10.169,78.9,10.000,10.169,81.3
9.5348,124643,1110614,10.000,9.988,88.7,10.000,10.351,75.0,10.000,10.169,81.7
9.5348,124644,1110619,10.000,9.988,88.7,10.000,10.351,75.0,10.000,10.351,81.7
9.5348,124645,1110624,10.000,9.988,88.7,10.000,10.351,75.0,10.000,10.169,81.7
9.5348,124646,1110629,10.000,9.988,88.7,10.000,10.351,75.0,10.000,10.169,81.7
9.5348,124647,1110634,10.000,9.988,88.7,10.000,10.169,75.0,10.000,10.169,81.7
9.6288,124648,1110639,10.000,9.988,88.7,10.000,10.351,75.0,10.000,10.169,81.7
9.6288,124649,1110644,10.000,9.988,88.7,10.000,10.351,75.0,10.000,10.169,81.7
9.6288,124650,1110649,10.000,9.988,88.7,10.000,10.169,75.0,10.000,10.169,81.7
9.6288,124651,1110654,10.000,9.988,88.7,10.000,10.169,75.0,10.000,10.169,81.7
9.6288,124652,1110659,10.000,9.988,88.7,10.000,10.169,75.0,10.000,10.169,81.7
9.6288,124653,1110664,10.000,9.988,88.7,10.000,9.988,75.0,10.000,10.169,81.7
9.6288,124654,1110669,10.000,9.988,88.7,10.000,9.806,75.0,10.000,9.988,81.7
9.6288,124655,1110674,10.000,9.988,88.7,10.000,9.988,75.0,10.000,10.169,81.7
9.6288,124656,1110679,10.000,9.806,88.7,10.000,9.806,75.0,10.000,10.169,81.7
9.6288,124657,1110684,10.000,9.806,88.7,10.000,9.988,75.0,10.000,10.169,81.7
9.6288,124658,1110689,10.000,9.806,88.7,10.000,9.806,75.0,10.000,10.169,81.7
9.6288,124659,1110694,10.000,9.806,88.7,10.000,9.806,75.0,10.000,10.169,81.7
9.6288,124660,1110699,10.000,9.625,88.7,10.000,9.806,75.0,10.000,10.169,81.7
9.6288,124661,1110704,10.000,9.806,88.7,10.000,9.806,75.0,10.000,10.169,81.7
9.6288,124662,1110709,10.000,9.625,88.7,10.000,9.806,75.0,10.000,10.169,81.7
9.6288,124663,1110714,10.000,9.625,91.0,10.000,9.806,77.8,10.000,10.169,81.3
9.7119,124664,1110719,10.000,9.625,91.0,10.000,9.806,77.8,10.000,10.169,81.3
9.7119,124665,1110724,10.000,9.625,91.0,10.000,9.806,77.8,10.000,10.169,81.3
9.7119,124666,1110729,10.000,9.806,91.0,10.000,9.806,77.8,10.000,9.988,81.3
9.7119,124667,1110734,10.000,9.261,91.0,10.000,9.806,77.8,10.000,10.169,81.3
9.7119,124668,1110739,10.000,9.080,91.0,10.000,9.806,77.8,10.000,9.988,81.3
9.7119,124669,1110744,10.000,9.261,91.0,10.000,9.806,77.8,10.000,9.988,81.3
9.7119,124670,1110749,10.000,9.261,91.0,10.000,9.806,77.8,10.000,9.988,81.3
9.7119,124671,1110754,10.000,9.080,91.0,10.000,9.806,77.8,10.000,9.806,81.3
9.7119,124672,1110759,10.000,9.261,91.0,10.000,9.806,77.8,10.000,9.806,81.3
9.7119,124673,1110764,10.000,9.261,91.0,10.000,9.988,77.8,10.000,9.806,81.3
9.7119,124674,1110769,10.000,9.261,91.0,10.000,10.169,77.8,10.000,9.806,81.3
9.7119,124675,1110774,10.000,9.261,91.0,10.000,9.806,77.8,10.000,9.625,81.3
9.7119,124676,1110779,10.000,9.080,91.0,10.000,9.988,77.8,10.000,9.806,81.3
9.7119,124677,1110784,10.000,9.806,91.0,10.000,9.806,77.8,10.000,9.625,81.3
9.7119,124678,1110789,10.000,9.806,91.0,10.000,9.988,77.8,10.000,9.625,81.3
9.7119,124679,1110794,10.000,9.806,91.0,10.000,9.988,77.8,10.000,9.806,81.3
9.7693,124680,1110799,10.000,9.806,91.0,10.000,9.988,77.8,10.000,9.625,81.3
9.7693,124681,1110804,10.000,9.988,91.0,10.000,9.988,77.8,10.000,9.625,81.3
9.7693,124682,1110809,10.000,9.806,91.0,10.000,9.988,77.8,10.000,9.625,81.3
9.7693,124683,1110814,10.000,9.806,90.7,10.000,9.988,77.0,10.000,9.443,85.5
9.7693,124684,1110819,10.000,9.806,90.7,10.000,9.988,77.0,10.000,9.625,85.5
9.7693,124685,1110824,10.000,9.806,90.7,10.000,10.169,77.0,10.000,9.625,85.5
9.7693,124686,1110829,10.000,9.988,90.7,10.000,10.169,77.0,10.000,9.443,85.5
9.7693,124687,1110834,10.000,9.806,90.7,10.000,10.169,77.0,10.000,9.625,85.5
9.7693,124688,1110839,10.000,9.988,90.7,10.000,10.169,77.0,10.000,9.625,85.5
9.7693,124689,1110844,10.000,9.806,90.7,10.000,10.169,77.0,10.000,9.443,85.5
9.7693,124690,1110849,10.000,9.806,90.7,10.000,10.169,77.0,10.000,9.443,85.5
9.7693,124691,1110854,10.000,9.806,90.7,10.000,10.169,77.0,10.000,9.625,85.5
9.7693,124692,1110859,10.000,9.806,90.7,10.000,10.169,77.0,10.000,9.625,85.5
9.7693,124693,1110864,10.000,9.988,90.7,10.000,10.169,77.0,10.000,9.625,85.5
9.7693,124694,1110869,10.000,9.988,90.7,10.000,9.988,77.0,10.000,9.443,85.5
9.7693,124695,1110874,10.000,9.988,90.7,10.000,10.169,77.0,10.000,9.625,85.5
9.8689,124696,1110879,10.000,9.988,90.7,10.000,10.169,77.0,10.000,9.625,85.5
9.8689,124697,1110884,10.000,9.988,90.7,10.000,10.169,77.0,10.000,9.443,85.5
9.8689,124698,1110889,10.000,9.988,90.7,10.000,10.169,77.0,10.000,9.625,85.5
9.8689,124699,1110894,10.000,10.169,90.7,10.000,9.988,77.0,10.000,9.625,85.5
9.8689,124700,1110899,10.000,10.169,90.7,10.000,10.169,77.0,10.000,9.806,85.5
9.8689,124701,1110904,10.000,10.169,90.7,10.000,10.169,77.0,10.000,9.625,85.5
9.8689,124702,1110909,10.000,10.169,90.7,10.000,10.169,77.0,10.000,9.625,85.5
9.8689,124703,1110914,10.000,9.988,90.0,10.000,9.988,77.0,10.000,9.806,84.4
9.8689,124704,1110919,10.000,9.988,90.0,10.000,9.988,77.0,10.000,9.806,84.4
9.8689,124705,1110924,10.000,9.988,90.0,10.000,9.988,77.0,10.000,9.806,84.4
9.8689,124706,1110929,10.000,9.988,90.0,10.000,9.806,77.0,10.000,9.806,84.4
9.8689,124707,1110934,10.000,10.169,90.0,10.000,9.988,77.0,10.000,9.988,84.4
9.8689,124708,1110939,10.000,9.988,90.0,10.000,9.988,77.0,10.000,9.806,84.4
9.8689,124709,1110944,10.000,9.988,90.0,10.000,9.988,77.0,10.000,9.988,84.4
9.8689,124710,1110949,10.000,10.169,90.0,10.000,9.988,77.0,10.000,9.806,84.4
9.8689,124711,1110954,10.000,9.988,90.0,10.000,9.806,77.0,10.000,9.988,84.4
9.9263,124712,1110959,10.000,10.169,90.0,10.000,9.988,77.0,10.000,9.988,84.4
9.9263,124713,1110964,10.000,10.351,90.0,10.000,9.806,77.0,10.000,9.988,84.4
9.9263,124714,1110969,10.000,10.169,90.0,10.000,9.806,77.0,10.000,9.988,84.4
9.9263,124715,1110974,10.000,10.351,90.0,10.000,9.806,77.0,10.000,9.988,84.4
9.9263,124716,1110979,10.000,10.351,90.0,10.000,9.806,77.0,10.000,9.988,84.4
9.9263,124717,1110984,10.000,10.169,90.0,10.000,9.806,77.0,10.000,9.988,84.4
9.9263,124718,1110989,10.000,10.351,90.0,10.000,9.625,77.0,10.000,10.169,84.4
9.9263,124719,1110994,10.000,10.351,90.0,10.000,9.625,77.0,10.000,9.988,84.4
9.9263,124720,1110999,10.000,10.169,90.0,10.000,9.625,77.0,10.000,10.169,84.4
9.9263,124721,1111004,10.000,10.351,90.0,10.000,9.806,77.0,10.000,9.988,84.4
9.9263,124722,1111009,10.000,10.351,90.0,10.000,9.625,77.0,10.000,10.169,84.4
9.9263,124723,1111014,10.000,10.169,88.8,10.000,9.988,77.1,10.000,10.169,82.6
9.9263,124724,1111019,10.000,10.351,88.8,10.000,9.988,77.1,10.000,10.169,82.6
9.9263,124725,1111024,10.000,10.351,88.8,10.000,9.806,77.1,10.000,10.169,82.6
9.9263,124726,1111029,10.000,10.169,88.8,10.000,9.988,77.1,10.000,10.169,82.6
9.9263,124727,1111034,10.000,10.351,88.8,10.000,9.806,77.1,10.000,10.169,82.6
9.9839,124728,1111039,10.000,10.169,88.8,10.000,9.988,77.1,10.000,10.169,82.6
9.9839,124729,1111044,10.000,10.169,88.8,10.000,10.169,77.1,10.000,10.169,82.6
9.9839,124730,1111049,10.000,10.351,88.8,10.000,10.169,77.1,10.000,10.169,82.6
9.9839,124731,1111054,10.000,10.169,88.8,10.000,9.988,77.1,10.000,10.169,82.6
9.9839,124732,1111059,10.000,10.169,88.8,10.000,10.169,77.1,10.000,10.169,82.6
9.9839,124733,1111064,10.000,10.351,88.8,10.000,9.988,77.1,10.000,10.169,82.6
9.9839,124734,1111069,10.000,10.169,88.8,10.000,10.169,77.1,10.000,10.169,82.6
9.9839,124735,1111074,10.000,10.169,88.8,10.000,10.351,77.1,10.000,10.169,82.6
10.0741,124736,1111079,10.000,10.169,88.8,10.000,10.169,77.1,10.000,10.169,82.6
10.0741,124737,1111084,10.000,10.169,88.8,10.000,10.351,77.1,10.000,10.169,82.6
10.0741,124738,1111089,10.000,10.169,88.8,10.000,10.351,77.1,10.000,10.169,82.6
10.0741,124739,1111094,10.000,10.169,88.8,10.000,10.169,77.1,10.000,10.169,82.6
10.0741,124740,1111099,10.000,10.169,88.8,10.000,10.169,77.1,10.000,10.169,82.6
10.0741,124741,1111104,10.000,10.169,88.8,10.000,10.351,77.1,10.000,10.169,82.6
10.0741,124742,1111109,10.000,10.169,88.8,10.000,10.169,77.1,10.000,10.169,82.6
10.0741,124743,1111114,10.000,9.988,89.6,10.000,10.351,74.8,10.000,10.169,82.2
10.0741,124744,1111119,10.000,9.988,89.6,10.000,10.169,74.8,10.000,10.169,82.2
10.0741,124745,1111124,10.000,9.988,89.6,10.000,10.169,74.8,10.000,10.169,82.2
10.0741,124746,1111129,10.000,9.988,89.6,10.000,10.351,74.8,10.000,10.169,82.2
10.0741,124747,1111134,10.000,9.988,89.6,10.000,10.169,74.8,10.000,10.169,82.2
10.0741,124748,1111139,10.000,9.988,89.6,10.000,9.988,74.8,10.000,9.988,82.2
10.0741,124749,1111144,10.000,9.988,89.6,10.000,9.988,74.8,10.000,10.169,82.2
10.0741,124750,1111149,10.000,9.988,89.6,10.000,9.988,74.8,10.000,10.169,82.2
10.0741,124751,1111154,10.000,9.988,89.6,10.000,9.806,74.8,10.000,10.169,82.2
10.1192,124752,1111159,10.000,9.988,89.6,10.000,9.806,74.8,10.000,10.169,82.2
10.1192,124753,1111164,10.000,10.169,89.6,10.000,9.625,74.8,10.000,10.169,82.2
10.1192,124754,1111169,10.000,10.169,89.6,10.000,9.806,74.8,10.000,10.169,82.2
10.1192,124755,1111174,10.000,10.169,89.6,10.000,9.443,74.8,10.000,10.169,82.2
10.1192,124756,1111179,10.000,10.351,89.6,10.000,9.443,74.8,10.000,10.169,82.2
10.1192,124757,1111184,10.000,10.169,89.6,10.000,9.443,74.8,10.000,10.169,82.2
10.1192,124758,1111189,10.000,10.351,89.6,10.000,9.625,74.8,10.000,10.351,82.2
10.1192,124759,1111194,10.000,10.169,89.6,10.000,9.625,74.8,10.000,10.169,82.2
10.1192,124760,1111199,10.000,10.169,89.6,10.000,9.625,74.8,10.000,10.169,82.2
10.1192,124761,1111204,10.000,10.351,89.6,10.000,9.806,74.8,10.000,10.351,82.2
10.1202,124762,1111209,10.000,10.169,89.6,10.000,9.625,74.8,10.000,10.169,82.2
10.1202,124763,1111214,10.000,10.169,88.5,10.000,9.625,78.7,10.000,10.169,81.8
10.1202,124764,1111219,10.000,10.169,88.5,10.000,9.625,78.7,10.000,10.351,81.8
10.1202,124765,1111224,10.000,10.169,88.5,10.000,9.806,78.7,10.000,10.169,81.8
10.1202,124766,1111229,10.000,9.988,88.5,10.000,9.806,78.7,10.000,10.351,81.8
10.1202,124767,1111234,10.000,9.988,88.5,10.000,9.806,78.7,10.000,10.169,81.8
10.1749,124768,1111239,10.000,9.806,88.5,10.000,9.806,78.7,10.000,10.169,81.8
10.1749,124769,1111244,10.000,9.806,88.5,10.000,9.988,78.7,10.000,10.351,81.8
10.1749,124770,1111249,10.000,9.806,88.5,10.000,9.806,78.7,10.000,10.351,81.8
10.1749,124771,1111254,10.000,9.806,88.5,10.000,9.806,78.7,10.000,10.169,81.8
10.1749,124772,1111259,10.000,9.806,88.5,10.000,9.988,78.7,10.000,10.351,81.8
10.1749,124773,1111264,10.000,9.806,88.5,10.000,10.169,78.7,10.000,10.169,81.8
10.1749,124774,1111269,10.000,9.806,88.5,10.000,10.169,78.7,10.000,10.169,81.8
10.1749,124775,1111274,10.000,9.625,88.5,10.000,10.169,78.7,10.000,10.351,81.8
10.2674,124776,1111279,10.000,9.625,88.5,10.000,10.169,78.7,10.000,10.169,81.8
10.2674,124777,1111284,10.000,9.806,88.5,10.000,10.169,78.7,10.000,10.351,81.8
10.2674,124778,1111289,10.000,9.806,88.5,10.000,10.169,78.7,10.000,10.351,81.8
10.2674,124779,1111294,10.000,9.988,88.5,10.000,10.169,78.7,10.000,10.169,81.8
10.2674,124780,1111299,10.000,9.806,88.5,10.000,10.351,78.7,10.000,10.169,81.8
10.2674,124781,1111304,10.000,9.806,88.5,10.000,10.169,78.7,10.000,10.169,81.8
10.2674,124782,1111309,10.000,9.625,88.5,10.000,10.351,78.7,10.000,10.169,81.8
10.2674,124783,1111314,10.000,9.443,92.8,10.000,10.169,75.9,10.000,10.351,80.3
10.2674,124784,1111319,10.000,9.625,92.8,10.000,10.169,75.9,10.000,10.169,80.3
10.2674,124785,1111324,10.000,9.625,92.8,10.000,10.351,75.9,10.000,10.169,80.3
10.2674,124786,1111329,10.000,9.806,92.8,10.000,10.169,75.9,10.000,10.169,80.3
10.2674,124787,1111334,10.000,9.625,92.8,10.000,10.351,75.9,10.000,10.169,80.3
10.2674,124788,1111339,10.000,9.806,92.8,10.000,9.806,75.9,10.000,9.988,80.3
10.2674,124789,1111344,10.000,9.625,92.8,10.000,9.625,75.9,10.000,10.169,80.3
10.2674,124790,1111349,10.000,9.806,92.8,10.000,9.625,75.9,10.000,9.988,80.3
10.2674,124791,1111354,10.000,9.625,92.8,10.000,9.806,75.9,10.000,10.169,80.3
10.3268,124792,1111359,10.000,9.988,92.8,10.000,9.625,75.9,10.000,9.988,80.3
10.3268,124793,1111364,10.000,9.806,92.8,10.000,9.806,75.9,10.000,9.988,80.3
10.3268,124794,1111369,10.000,9.806,92.8,10.000,9.625,75.9,10.000,9.988,80.3
10.3268,124795,1111374,10.000,9.806,92.8,10.000,9.625,75.9,10.000,9.806,80.3
10.3268,124796,1111379,10.000,9.806,92.8,10.000,9.625,75.9,10.000,9.988,80.3
10.3268,124797,1111384,10.000,9.806,92.8,10.000,9.261,75.9,10.000,9.806,80.3
10.3268,124798,1111389,10.000,9.806,92.8,10.000,9.625,75.9,10.000,9.806,80.3
10.3268,124799,1111394,10.000,9.806,92.8,10.000,9.806,75.9,10.000,9.806,80.3
10.3268,124800,1111399,10.000,9.806,92.8,10.000,9.806,75.9,10.000,9.806,80.3
10.3268,124801,1111404,10.000,9.806,92.8,10.000,9.443,75.9,10.000,9.625,80.3
10.3268,124802,1111409,10.000,9.806,92.8,10.000,9.443,75.9,10.000,9.625,80.3
10.3268,124803,1111414,10.000,9.988,90.5,10.000,9.443,80.3,10.000,9.625,84.1
10.3268,124804,1111419,10.000,9.806,90.5,10.000,9.625,80.3,10.000,9.625,84.1
10.3268,124805,1111424,10.000,9.988,90.5,10.000,9.261,80.3,10.000,9.625,84.1
10.3268,124806,1111429,10.000,9.806,90.5,10.000,9.443,80.3,10.000,9.443,84.1
10.3268,124807,1111434,10.000,9.988,90.5,10.000,9.625,80.3,10.000,9.443,84.1
10.3842,124808,1111439,10.000,9.806,90.5,10.000,9.806,80.3,10.000,9.625,84.1
10.3842,124809,1111444,10.000,9.988,90.5,10.000,9.806,80.3,10.000,9.443,84.1
10.3842,124810,1111449,10.000,9.806,90.5,10.000,9.625,80.3,10.000,9.443,84.1
10.3842,124811,1111454,10.000,9.443,90.5,10.000,9.988,80.3,10.000,9.625,84.1
10.3842,124812,1111459,10.000,9.443,90.5,10.000,10.169,80.3,10.000,9.625,84.1
10.3842,124813,1111464,10.000,9.443,90.5,10.000,9.988,80.3,10.000,9.443,84.1
10.3842,124814,1111469,10.000,9.625,90.5,10.000,9.988,80.3,10.000,9.443,84.1
10.3842,124815,1111474,10.000,9.443,90.5,10.000,10.351,80.3,10.000,9.625,84.1
10.4512,124816,1111479,10.000,9.625,90.5,10.000,10.351,80.3,10.000,9.625,84.1
10.4512,124817,1111484,10.000,9.625,90.5,10.000,10.533,80.3,10.000,9.625,84.1
10.4512,124818,1111489,10.000,9.625,90.5,10.000,10.351,80.3,10.000,9.443,84.1
10.4512,124819,1111494,10.000,9.625,90.5,10.000,10.351,80.3,10.000,9.625,84.1
10.4512,124820,1111499,10.000,9.625,90.5,10.000,10.533,80.3,10.000,9.625,84.1
10.4512,124821,1111504,10.000,10.169,90.5,10.000,10.533,80.3,10.000,9.443,84.1
10.4512,124822,1111509,10.000,9.988,90.5,10.000,10.533,80.3,10.000,9.443,84.1
10.4512,124823,1111514,10.000,10.169,89.4,10.000,10.533,74.5,10.000,9.625,84.9
10.4512,124824,1111519,10.000,9.988,89.4,10.000,10.533,74.5,10.000,9.625,84.9
10.4512,124825,1111524,10.000,10.169,89.4,10.000,10.533,74.5,10.000,9.625,84.9
10.4512,124826,1111529,10.000,10.169,89.4,10.000,10.351,74.5,10.000,9.625,84.9
10.4512,124827,1111534,10.000,10.169,89.4,10.000,10.351,74.5,10.000,9.625,84.9
10.4512,124828,1111539,10.000,10.169,89.4,10.000,10.533,74.5,10.000,9.806,84.9
10.4512,124829,1111544,10.000,10.169,89.4,10.000,10.533,74.5,10.000,9.625,84.9
10.4512,124830,1111549,10.000,10.169,89.4,10.000,10.351,74.5,10.000,9.625,84.9
10.4512,124831,1111554,10.000,10.169,89.4,10.000,10.351,74.5,10.000,9.806,84.9
10.5613,124832,1111559,10.000,10.351,89.4,10.000,10.351,74.5,10.000,9.806,84.9
10.5623,124833,1111564,10.000,10.169,89.4,10.000,10.351,74.5,10.000,9.806,84.9
10.5623,124834,1111569,10.000,10.351,89.4,10.000,10.351,74.5,10.000,9.806,84.9
10.5623,124835,1111574,10.000,10.351,89.4,10.000,10.169,74.5,10.000,9.806,84.9
10.5623,124836,1111579,10.000,10.169,89.4,10.000,10.351,74.5,10.000,9.806,84.9
10.5623,124837,1111584,10.000,9.988,89.4,10.000,10.169,74.5,10.000,9.988,84.9
10.5623,124838,1111589,10.000,10.169,89.4,10.000,9.988,74.5,10.000,9.806,84.9
10.5623,124839,1111594,10.000,9.988,89.4,10.000,9.988,74.5,10.000,9.988,84.9
10.5623,124840,1111599,10.000,10.169,89.4,10.000,9.988,74.5,10.000,9.988,84.9
10.5623,124841,1111604,10.000,9.988,89.4,10.000,9.988,74.5,10.000,9.988,84.9
10.5623,124842,1111609,10.000,9.806,89.4,10.000,9.806,74.5,10.000,9.988,84.9
10.5623,124843,1111614,10.000,9.988,90.2,10.000,9.806,78.0,10.000,9.988,83.5
10.5623,124844,1111619,10.000,9.988,90.2,10.000,9.806,78.0,10.000,9.988,83.5
10.5623,124845,1111624,10.000,9.806,90.2,10.000,9.988,78.0,10.000,9.988,83.5
10.5623,124846,1111629,10.000,9.988,90.2,10.000,9.806,78.0,10.000,10.169,83.5
10.5623,124847,1111634,10.000,10.169,90.2,10.000,9.988,78.0,10.000,9.988,83.5
10.6486,124848,1111639,10.000,9.988,90.2,10.000,9.988,78.0,10.000,10.169,83.5
10.6486,124849,1111644,10.000,9.988,90.2,10.000,9.806,78.0,10.000,9.988,83.5
10.6486,124850,1111649,10.000,9.988,90.2,10.000,9.806,78.0,10.000,10.169,83.5
10.6486,124851,1111654,10.000,9.988,90.2,10.000,9.806,78.0,10.000,10.169,83.5
10.6486,124852,1111659,10.000,10.169,90.2,10.000,9.988,78.0,10.000,10.169,83.5
10.6486,124853,1111664,10.000,10.169,90.2,10.000,9.988,78.0,10.000,10.169,83.5
10.6486,124854,1111669,10.000,10.169,90.2,10.000,9.988,78.0,10.000,10.169,83.5
10.6486,124855,1111674,10.000,10.169,90.2,10.000,9.806,78.0,10.000,10.169,83.5
10.6486,124856,1111679,10.000,10.169,90.2,10.000,9.988,78.0,10.000,9.988,83.5
10.6486,124857,1111684,10.000,10.169,90.2,10.000,9.988,78.0,10.000,10.169,83.5
10.6486,124858,1111689,10.000,10.169,90.2,10.000,10.169,78.0,10.000,10.169,83.5
10.6486,124859,1111694,10.000,10.351,90.2,10.000,10.169,78.0,10.000,10.169,83.5
10.6486,124860,1111699,10.000,10.169,90.2,10.000,10.169,78.0,10.000,10.169,83.5
10.6486,124861,1111704,10.000,10.351,90.2,10.000,9.988,78.0,10.000,9.988,83.5
10.6486,124862,1111709,10.000,10.351,90.2,10.000,9.988,78.0,10.000,10.169,83.5
10.6486,124863,1111714,10.000,10.351,87.9,10.000,10.169,76.1,10.000,10.169,82.4
10.7474,124864,1111719,10.000,10.169,87.9,10.000,9.988,76.1,10.000,10.169,82.4
10.7474,124865,1111724,10.000,10.351,87.9,10.000,10.169,76.1,10.000,10.169,82.4
10.7474,124866,1111729,10.000,10.351,87.9,10.000,10.169,76.1,10.000,10.169,82.4
10.7474,124867,1111734,10.000,10.169,87.9,10.000,10.169,76.1,10.000,10.169,82.4
10.7474,124868,1111739,10.000,10.351,87.9,10.000,9.988,76.1,10.000,10.169,82.4
10.7474,124869,1111744,10.000,10.351,87.9,10.000,10.169,76.1,10.000,10.169,82.4
10.7474,124870,1111749,10.000,10.351,87.9,10.000,10.169,76.1,10.000,10.169,82.4
10.7474,124871,1111754,10.000,10.351,87.9,10.000,10.351,76.1,10.000,10.169,82.4
10.7474,124872,1111759,10.000,10.169,87.9,10.000,10.351,76.1,10.000,10.169,82.4
10.7474,124873,1111764,10.000,10.169,87.9,10.000,10.169,76.1,10.000,10.169,82.4
10.7474,124874,1111769,10.000,10.351,87.9,10.000,9.988,76.1,10.000,10.169,82.4
10.7474,124875,1111774,10.000,10.169,87.9,10.000,9.988,76.1,10.000,10.169,82.4
10.7474,124876,1111779,10.000,10.169,87.9,10.000,9.806,76.1,10.000,10.351,82.4
10.7474,124877,1111784,10.000,10.169,87.9,10.000,9.806,76.1,10.000,10.169,82.4
10.7474,124878,1111789,10.000,10.169,87.9,10.000,9.806,76.1,10.000,10.169,82.4
10.7484,124879,1111794,10.000,10.169,87.9,10.000,9.806,76.1,10.000,10.351,82.4
10.7484,124880,1111799,10.000,10.169,87.9,10.000,9.988,76.1,10.000,10.169,82.4
10.7484,124881,1111804,10.000,10.169,87.9,10.000,9.806,76.1,10.000,10.351,82.4
10.7484,124882,1111809,10.000,10.169,87.9,10.000,9.625,76.1,10.000,10.169,82.4
10.7484,124883,1111814,10.000,10.169,88.3,10.000,9.625,79.2,10.000,10.169,82.0
10.7484,124884,1111819,10.000,9.988,88.3,10.000,9.806,79.2,10.000,10.351,82.0
10.7484,124885,1111824,10.000,10.169,88.3,10.000,9.625,79.2,10.000,10.169,82.0
10.7484,124886,1111829,10.000,10.169,88.3,10.000,9.806,79.2,10.000,10.169,82.0
10.7484,124887,1111834,10.000,10.169,88.3,10.000,9.806,79.2,10.000,10.351,82.0
10.8078,124888,1111839,10.000,10.169,88.3,10.000,9.988,79.2,10.000,10.169,82.0
10.8086,124889,1111844,10.000,9.988,88.3,10.000,9.806,79.2,10.000,10.169,82.0
10.8086,124890,1111849,10.000,9.988,88.3,10.000,9.443,79.2,10.000,10.169,82.0
10.8086,124891,1111854,10.000,9.806,88.3,10.000,9.443,79.2,10.000,10.169,82.0
10.8086,124892,1111859,10.000,9.988,88.3,10.000,9.625,79.2,10.000,10.351,82.0
10.8086,124893,1111864,10.000,9.806,88.3,10.000,9.806,79.2,10.000,10.169,82.0
10.8086,124894,1111869,10.000,9.988,88.3,10.000,9.988,79.2,10.000,10.169,82.0
10.8086,124895,1111874,10.000,9.806,88.3,10.000,9.988,79.2,10.000,10.351,82.0
10.8086,124896,1111879,10.000,9.625,88.3,10.000,9.988,79.2,10.000,10.169,82.0
10.8086,124897,1111884,10.000,9.806,88.3,10.000,9.988,79.2,10.000,10.169,82.0
10.8086,124898,1111889,10.000,9.625,88.3,10.000,9.988,79.2,10.000,10.351,82.0
10.8086,124899,1111894,10.000,9.806,88.3,10.000,10.169,79.2,10.000,10.169,82.0
10.8086,124900,1111899,10.000,9.806,88.3,10.000,10.533,79.2,10.000,10.351,82.0
10.8086,124901,1111904,10.000,9.988,88.3,10.000,10.714,79.2,10.000,10.169,82.0
10.8086,124902,1111909,10.000,9.806,88.3,10.000,10.714,79.2,10.000,10.169,82.0
10.8086,124903,1111914,10.000,9.806,90.2,10.000,10.714,73.0,10.000,10.351,80.4
10.9096,124904,1111919,10.000,9.806,90.2,10.000,10.533,73.0,10.000,10.169,80.4
10.9096,124905,1111924,10.000,9.806,90.2,10.000,10.533,73.0,10.000,10.169,80.4
10.9096,124906,1111929,10.000,9.988,90.2,10.000,10.533,73.0,10.000,10.169,80.4
10.9096,124907,1111934,10.000,9.806,90.2,10.000,10.533,73.0,10.000,10.169,80.4
10.9096,124908,1111939,10.000,9.988,90.2,10.000,10.351,73.0,10.000,10.169,80.4
10.9096,124909,1111944,10.000,9.806,90.2,10.000,10.351,73.0,10.000,10.169,80.4
10.9096,124910,1111949,10.000,9.988,90.2,10.000,10.351,73.0,10.000,10.169,80.4
10.9096,124911,1111954,10.000,9.806,90.2,10.000,10.351,73.0,10.000,10.351,80.4
10.9096,124912,1111959,10.000,9.988,90.2,10.000,9.988,73.0,10.000,10.169,80.4
10.9096,124913,1111964,10.000,9.988,90.2,10.000,9.988,73.0,10.000,9.988,80.4
10.9096,124914,1111969,10.000,9.988,90.2,10.000,9.988,73.0,10.000,10.169,80.4
10.9096,124915,1111974,10.000,9.988,90.2,10.000,10.169,73.0,10.000,10.169,80.4
10.9096,124916,1111979,10.000,9.806,90.2,10.000,9.988,73.0,10.000,10.169,80.4
10.9096,124917,1111984,10.000,9.625,90.2,10.000,9.625,73.0,10.000,9.988,80.4
10.9096,124918,1111989,10.000,9.443,90.2,10.000,9.625,73.0,10.000,9.988,80.4
10.9096,124919,1111994,10.000,9.625,90.2,10.000,9.625,73.0,10.000,9.988,80.4
10.9615,124920,1111999,10.000,9.443,90.2,10.000,9.443,73.0,10.000,9.806,80.4
10.9615,124921,1112004,10.000,9.625,90.2,10.000,9.443,73.0,10.000,9.806,80.4
10.9615,124922,1112009,10.000,9.443,90.2,10.000,9.625,73.0,10.000,9.806,80.4
10.9615,124923,1112014,10.000,9.443,92.9,10.000,9.261,80.8,10.000,9.988,82.0
10.9615,124924,1112019,10.000,9.443,92.9,10.000,9.261,80.8,10.000,9.806,82.0
10.9615,124925,1112024,10.000,9.443,92.9,10.000,9.261,80.8,10.000,9.625,82.0
10.9615,124926,1112029,10.000,9.625,92.9,10.000,9.261,80.8,10.000,9.625,82.0
10.9615,124927,1112034,10.000,9.806,92.9,10.000,9.625,80.8,10.000,9.806,82.0
10.9615,124928,1112039,10.000,9.806,92.9,10.000,9.625,80.8,10.000,9.625,82.0
10.9615,124929,1112044,10.000,9.806,92.9,10.000,9.625,80.8,10.000,9.625,82.0
10.9615,124930,1112049,10.000,9.806,92.9,10.000,9.806,80.8,10.000,9.806,82.0
10.9615,124931,1112054,10.000,9.806,92.9,10.000,9.625,80.8,10.000,9.625,82.0
10.9615,124932,1112059,10.000,9.806,92.9,10.000,9.806,80.8,10.000,9.625,82.0
10.9615,124933,1112064,10.000,9.988,92.9,10.000,10.169,80.8,10.000,9.443,82.0
10.9615,124934,1112069,10.000,9.806,92.9,10.000,10.169,80.8,10.000,9.443,82.0
10.9615,124935,1112074,10.000,9.988,92.9,10.000,9.988,80.8,10.000,9.625,82.0
11.0277,124936,1112079,10.000,9.806,92.9,10.000,10.169,80.8,10.000,9.625,82.0
11.0277,124937,1112084,10.000,9.988,92.9,10.000,10.169,80.8,10.000,9.443,82.0
11.0277,124938,1112089,10.000,9.988,92.9,10.000,10.169,80.8,10.000,9.443,82.0
11.0277,124939,1112094,10.000,9.988,92.9,10.000,10.169,80.8,10.000,9.443,82.0
11.0277,124940,1112099,10.000,9.988,92.9,10.000,10.169,80.8,10.000,9.261,82.0
11.0277,124941,1112104,10.000,9.988,92.9,10.000,10.351,80.8,10.000,9.443,82.0
11.0277,124942,1112109,10.000,9.988,92.9,10.000,10.351,80.8,10.000,9.443,82.0
11.0277,124943,1112114,10.000,9.988,90.7,10.000,10.351,75.4,10.000,9.443,85.5
11.1083,124944,1112119,10.000,9.988,90.7,10.000,10.533,75.4,10.000,9.443,85.5
11.1083,124945,1112124,10.000,9.988,90.7,10.000,10.714,75.4,10.000,9.261,85.5
11.1083,124946,1112129,10.000,10.169,90.7,10.000,10.714,75.4,10.000,9.443,85.5
11.1083,124947,1112134,10.000,10.169,90.7,10.000,10.533,75.4,10.000,9.443,85.5
11.1083,124948,1112139,10.000,10.169,90.7,10.000,10.714,75.4,10.000,9.443,85.5
11.1083,124949,1112144,10.000,10.169,90.7,10.000,10.714,75.4,10.000,9.443,85.5
11.1083,124950,1112149,10.000,10.351,90.7,10.000,10.714,75.4,10.000,9.625,85.5
11.1083,124951,1112154,10.000,10.169,90.7,10.000,10.533,75.4,10.000,9.443,85.5
11.1083,124952,1112159,10.000,10.351,90.7,10.000,10.533,75.4,10.000,9.443,85.5
11.1083,124953,1112164,10.000,10.351,90.7,10.000,10.533,75.4,10.000,9.443,85.5
11.1083,124954,1112169,10.000,10.351,90.7,10.000,10.533,75.4,10.000,9.625,85.5
11.1083,124955,1112174,10.000,10.351,90.7,10.000,10.351,75.4,10.000,9.625,85.5
11.1083,124956,1112179,10.000,10.351,90.7,10.000,10.351,75.4,10.000,9.443,85.5
11.1083,124957,1112184,10.000,10.169,90.7,10.000,10.533,75.4,10.000,9.625,85.5
11.1083,124958,1112189,10.000,10.351,90.7,10.000,10.533,75.4,10.000,9.625,85.5
11.1083,124959,1112194,10.000,10.351,90.7,10.000,10.533,75.4,10.000,9.806,85.5
11.1662,124960,1112199,10.000,10.351,90.7,10.000,10.533,75.4,10.000,9.625,85.5
11.1662,124961,1112204,10.000,10.533,90.7,10.000,10.533,75.4,10.000,9.806,85.5
11.1662,124962,1112209,10.000,10.351,90.7,10.000,10.533,75.4,10.000,9.806,85.5
11.1662,124963,1112214,10.000,10.351,88.4,10.000,10.533,73.5,10.000,9.988,83.2
11.1662,124964,1112219,10.000,10.533,88.4,10.000,10.533,73.5,10.000,9.806,83.2
11.1662,124965,1112224,10.000,10.533,88.4,10.000,10.714,73.5,10.000,9.988,83.2
11.1662,124966,1112229,10.000,10.533,88.4,10.000,10.351,73.5,10.000,9.988,83.2
11.1662,124967,1112234,10.000,10.714,88.4,10.000,10.351,73.5,10.000,9.988,83.2
11.1662,124968,1112239,10.000,10.714,88.4,10.000,10.169,73.5,10.000,10.169,83.2
11.1662,124969,1112244,10.000,10.714,88.4,10.000,10.169,73.5,10.000,9.988,83.2
11.1662,124970,1112249,10.000,10.714,88.4,10.000,9.988,73.5,10.000,10.169,83.2
11.1662,124971,1112254,10.000,10.714,88.4,10.000,10.169,73.5,10.000,9.988,83.2
11.1662,124972,1112259,10.000,10.714,88.4,10.000,10.169,73.5,10.000,10.169,83.2
11.1662,124973,1112264,10.000,10.714,88.4,10.000,9.988,73.5,10.000,9.988,83.2
11.1662,124974,1112269,10.000,10.714,88.4,10.000,9.988,73.5,10.000,10.169,83.2
11.1662,124975,1112274,10.000,10.714,88.4,10.000,9.443,73.5,10.000,10.169,83.2
11.2231,124976,1112279,10.000,10.533,88.4,10.000,9.806,73.5,10.000,10.169,83.2
11.2231,124977,1112284,10.000,10.533,88.4,10.000,9.625,73.5,10.000,10.169,83.2
11.2231,124978,1112289,10.000,10.351,88.4,10.000,9.625,73.5,10.000,9.988,83.2
11.2231,124979,1112294,10.000,10.351,88.4,10.000,9.443,73.5,10.000,10.169,83.2
11.2231,124980,1112299,10.000,10.351,88.4,10.000,9.443,73.5,10.000,9.988,83.2
11.2231,124981,1112304,10.000,10.169,88.4,10.000,9.443,73.5,10.000,10.169,83.2
11.2231,124982,1112309,10.000,10.169,88.4,10.000,9.261,73.5,10.000,10.169,83.2
11.2231,124983,1112314,10.000,10.169,88.8,10.000,9.443,79.3,10.000,10.169,82.1
11.2776,124984,1112319,10.000,10.169,88.8,10.000,9.261,79.3,10.000,10.169,82.1
11.2776,124985,1112324,10.000,10.169,88.8,10.000,9.806,79.3,10.000,9.988,82.1
11.2776,124986,1112329,10.000,10.351,88.8,10.000,9.625,79.3,10.000,10.169,82.1
11.2776,124987,1112334,10.000,10.351,88.8,10.000,9.806,79.3,10.000,10.169,82.1
11.2776,124988,1112339,10.000,10.351,88.8,10.000,9.806,79.3,10.000,10.169,82.1
11.2776,124989,1112344,10.000,10.351,88.8,10.000,9.988,79.3,10.000,10.169,82.1
11.2776,124990,1112349,10.000,10.351,88.8,10.000,9.988,79.3,10.000,10.169,82.1
11.2776,124991,1112354,10.000,10.533,88.8,10.000,9.988,79.3,10.000,10.169,82.1
11.2776,124992,1112359,10.000,10.714,88.8,10.000,10.169,79.3,10.000,10.169,82.1
11.2776,124993,1112364,10.000,10.533,88.8,10.000,9.988,79.3,10.000,10.169,82.1
11.2776,124994,1112369,10.000,10.533,88.8,10.000,10.169,79.3,10.000,10.169,82.1
11.2776,124995,1112374,10.000,10.351,88.8,10.000,10.169,79.3,10.000,10.169,82.1
11.2776,124996,1112379,10.000,10.351,88.8,10.000,10.169,79.3,10.000,10.169,82.1
11.2776,124997,1112384,10.000,10.351,88.8,10.000,10.169,79.3,10.000,10.169,82.1
11.2776,124998,1112389,10.000,10.533,88.8,10.000,10.351,79.3,10.000,10.169,82.1
11.2776,124999,1112394,10.000,10.533,88.8,10.000,10.351,79.3,10.000,10.169,82.1
11.3746,125000,1112399,10.000,10.533,88.8,10.000,10.533,79.3,10.000,10.169,82.1
11.3746,125001,1112404,10.000,10.351,88.8,10.000,10.351,79.3,10.000,10.169,82.1
11.3746,125002,1112409,10.000,10.351,88.8,10.000,10.351,79.3,10.000,10.169,82.1
11.3746,125003,1112414,10.000,10.533,86.1,10.000,10.533,73.5,10.000,10.169,81.7
11.3746,125004,1112419,10.000,10.533,86.1,10.000,10.533,73.5,10.000,10.169,81.7
11.3746,125005,1112424,10.000,10.714,86.1,10.000,10.533,73.5,10.000,10.169,81.7
11.3746,125006,1112429,10.000,10.714,86.1,10.000,10.714,73.5,10.000,10.169,81.7
11.3746,125007,1112434,10.000,10.533,86.1,10.000,10.714,73.5,10.000,10.169,81.7
11.3746,125008,1112439,10.000,10.533,86.1,10.000,10.533,73.5,10.000,10.169,81.7
11.3746,125009,1112444,10.000,10.533,86.1,10.000,10.533,73.5,10.000,10.169,81.7
11.3746,125010,1112449,10.000,10.533,86.1,10.000,10.533,73.5,10.000,10.351,81.7
11.3746,125011,1112454,10.000,10.714,86.1,10.000,10.714,73.5,10.000,10.169,81.7
11.3746,125012,1112459,10.000,10.714,86.1,10.000,10.714,73.5,10.000,10.169,81.7
11.3746,125013,1112464,10.000,10.533,86.1,10.000,10.714,73.5,10.000,10.351,81.7
11.3746,125014,1112469,10.000,10.533,86.1,10.000,10.533,73.5,10.000,10.169,81.7
11.3746,125015,1112474,10.000,10.533,86.1,10.000,10.533,73.5,10.000,10.351,81.7
11.4311,125016,1112479,10.000,10.533,86.1,10.000,10.533,73.5,10.000,10.169,81.7
11.4311,125017,1112484,10.000,10.714,86.1,10.000,10.533,73.5,10.000,10.169,81.7
11.4311,125018,1112489,10.000,10.714,86.1,10.000,10.714,73.5,10.000,10.351,81.7
11.4311,125019,1112494,10.000,10.533,86.1,10.000,10.714,73.5,10.000,10.169,81.7
11.4311,125020,1112499,10.000,10.533,86.1,10.000,10.533,73.5,10.000,10.169,81.7
11.4311,125021,1112504,10.000,10.533,86.1,10.000,10.533,73.5,10.000,10.169,81.7
11.4311,125022,1112509,10.000,10.533,86.1,10.000,10.533,73.5,10.000,10.169,81.7
11.4311,125023,1112514,10.000,10.714,83.7,10.000,10.533,72.4,10.000,10.169,81.4
11.4311,125024,1112519,10.000,10.533,83.7,10.000,10.714,72.4,10.000,10.169,81.4
11.4311,125025,1112524,10.000,10.533,83.7,10.000,10.533,72.4,10.000,10.169,81.4
11.4311,125026,1112529,10.000,10.533,83.7,10.000,10.533,72.4,10.000,10.169,81.4
11.4311,125027,1112534,10.000,10.351,83.7,10.000,10.351,72.4,10.000,10.169,81.4
11.4311,125028,1112539,10.000,10.351,83.7,10.000,10.169,72.4,10.000,10.169,81.4
11.4311,125029,1112544,10.000,10.351,83.7,10.000,10.169,72.4,10.000,10.169,81.4
11.4311,125030,1112549,10.000,10.351,83.7,10.000,10.169,72.4,10.000,10.169,81.4
11.4311,125031,1112554,10.000,10.169,83.7,10.000,9.625,72.4,10.000,10.169,81.4
11.5533,125032,1112559,10.000,10.169,83.7,10.000,9.443,72.4,10.000,10.169,81.4
11.5533,125033,1112564,10.000,9.988,83.7,10.000,9.443,72.4,10.000,10.169,81.4
11.5533,125034,1112569,10.000,10.169,83.7,10.000,9.261,72.4,10.000,10.169,81.4
11.5533,125035,1112574,10.000,9.988,83.7,10.000,9.443,72.4,10.000,10.169,81.4
11.5533,125036,1112579,10.000,9.806,83.7,10.000,9.261,72.4,10.000,10.169,81.4
11.5533,125037,1112584,10.000,9.806,83.7,10.000,9.443,72.4,10.000,10.169,81.4
11.5533,125038,1112589,10.000,9.806,83.7,10.000,9.261,72.4,10.000,10.169,81.4
11.5533,125039,1112594,10.000,9.806,83.7,10.000,9.080,72.4,10.000,10.169,81.4
11.5533,125040,1112599,10.000,9.625,83.7,10.000,9.080,72.4,10.000,10.169,81.4
11.5533,125041,1112604,10.000,9.625,83.7,10.000,9.443,72.4,10.000,10.169,81.4
11.5533,125042,1112609,10.000,9.443,83.7,10.000,9.625,72.4,10.000,10.169,81.4
11.5533,125043,1112614,10.000,9.443,90.3,10.000,9.443,78.2,10.000,9.988,82.1
11.5533,125044,1112619,10.000,9.443,90.3,10.000,9.443,78.2,10.000,10.169,82.1
11.5533,125045,1112624,10.000,9.443,90.3,10.000,9.443,78.2,10.000,9.988,82.1
11.5533,125046,1112629,10.000,9.443,90.3,10.000,9.261,78.2,10.000,10.169,82.1
11.5533,125047,1112634,10.000,9.443,90.3,10.000,9.261,78.2,10.000,9.988,82.1
11.6338,125048,1112639,10.000,9.261,90.3,10.000,9.443,78.2,10.000,9.806,82.1
11.6338,125049,1112644,10.000,9.261,90.3,10.000,9.625,78.2,10.000,9.988,82.1
11.6338,125050,1112649,10.000,9.443,90.3,10.000,9.625,78.2,10.000,9.806,82.1
11.6338,125051,1112654,10.000,9.443,90.3,10.000,9.806,78.2,10.000,9.806,82.1
11.6338,125052,1112659,10.000,9.443,90.3,10.000,9.625,78.2,10.000,9.806,82.1
11.6338,125053,1112664,10.000,9.443,90.3,10.000,9.806,78.2,10.000,9.806,82.1
11.6338,125054,1112669,10.000,9.261,90.3,10.000,9.806,78.2,10.000,9.806,82.1
11.6338,125055,1112674,10.000,9.261,90.3,10.000,9.806,78.2,10.000,9.806,82.1
11.6338,125056,1112679,10.000,9.261,90.3,10.000,10.169,78.2,10.000,9.625,82.1
11.6338,125057,1112684,10.000,9.443,90.3,10.000,9.988,78.2,10.000,9.625,82.1
11.6338,125058,1112689,10.000,9.443,90.3,10.000,10.169,78.2,10.000,9.806,82.1
11.6338,125059,1112694,10.000,9.443,90.3,10.000,9.988,78.2,10.000,9.625,82.1
11.6338,125060,1112699,10.000,9.443,90.3,10.000,10.169,78.2,10.000,9.625,82.1
11.6338,125061,1112704,10.000,9.443,90.3,10.000,10.169,78.2,10.000,9.806,82.1
11.6338,125062,1112709,10.000,9.625,90.3,10.000,10.169,78.2,10.000,9.625,82.1
11.6338,125063,1112714,10.000,9.625,90.3,10.000,10.169,74.6,10.000,9.625,84.5
11.7556,125064,1112719,10.000,9.625,90.3,10.000,10.351,74.6,10.000,9.443,84.5
11.7556,125065,1112724,10.000,9.806,90.3,10.000,10.169,74.6,10.000,9.625,84.5
11.7556,125066,1112729,10.000,9.806,90.3,10.000,10.169,74.6,10.000,9.625,84.5
11.7556,125067,1112734,10.000,9.806,90.3,10.000,10.351,74.6,10.000,9.625,84.5
11.7556,125068,1112739,10.000,9.806,90.3,10.000,10.169,74.6,10.000,9.443,84.5
11.7556,125069,1112744,10.000,9.988,90.3,10.000,9.988,74.6,10.000,9.625,84.5
11.7556,125070,1112749,10.000,9.806,90.3,10.000,9.806,74.6,10.000,9.625,84.5
11.7556,125071,1112754,10.000,9.988,90.3,10.000,9.806,74.6,10.000,9.443,84.5
11.7556,125072,1112759,10.000,9.988,90.3,10.000,9.806,74.6,10.000,9.625,84.5
11.7556,125073,1112764,10.000,9.988,90.3,10.000,9.806,74.6,10.000,9.625,84.5
11.7556,125074,1112769,10.000,10.169,90.3,10.000,9.625,74.6,10.000,9.625,84.5
11.7556,125075,1112774,10.000,9.988,90.3,10.000,9.806,74.6,10.000,9.443,84.5
11.7556,125076,1112779,10.000,10.169,90.3,10.000,9.443,74.6,10.000,9.625,84.5
11.7556,125077,1112784,10.000,10.169,90.3,10.000,9.443,74.6,10.000,9.625,84.5
11.7556,125078,1112789,10.000,10.169,90.3,10.000,9.443,74.6,10.000,9.625,84.5
11.7556,125079,1112794,10.000,10.169,90.3,10.000,9.806,74.6,10.000,9.625,84.5
11.7556,125080,1112799,10.000,10.351,90.3,10.000,9.625,74.6,10.000,9.625,84.5
11.7556,125081,1112804,10.000,10.169,90.3,10.000,9.625,74.6,10.000,9.625,84.5
11.7556,125082,1112809,10.000,10.169,90.3,10.000,9.625,74.6,10.000,9.625,84.5
11.7556,125083,1112814,10.000,10.351,86.5,10.000,9.443,79.0,10.000,9.625,85.3
11.7556,125084,1112819,10.000,10.169,86.5,10.000,9.443,79.0,10.000,9.806,85.3
11.7556,125085,1112824,10.000,10.351,86.5,10.000,9.443,79.0,10.000,9.806,85.3
11.7556,125086,1112829,10.000,10.351,86.5,10.000,9.625,79.0,10.000,9.806,85.3
11.7556,125087,1112834,10.000,10.351,86.5,10.000,9.443,79.0,10.000,9.806,85.3
11.8305,125088,1112839,10.000,10.351,86.5,10.000,9.443,79.0,10.000,9.988,85.3
11.8305,125089,1112844,10.000,10.351,86.5,10.000,9.443,79.0,10.000,9.806,85.3
11.8305,125090,1112849,10.000,10.351,86.5,10.000,9.806,79.0,10.000,9.988,85.3
11.8305,125091,1112854,10.000,10.351,86.5,10.000,9.443,79.0,10.000,9.988,85.3
11.8305,125092,1112859,10.000,10.351,86.5,10.000,9.625,79.0,10.000,9.988,85.3
11.8305,125093,1112864,10.000,10.169,86.5,10.000,9.625,79.0,10.000,9.988,85.3
11.8305,125094,1112869,10.000,10.351,86.5,10.000,9.806,79.0,10.000,9.988,85.3
11.8305,125095,1112874,10.000,10.169,86.5,10.000,9.806,79.0,10.000,10.169,85.3
11.8305,125096,1112879,10.000,10.169,86.5,10.000,9.806,79.0,10.000,9.988,85.3
11.8305,125097,1112884,10.000,9.988,86.5,10.000,9.988,79.0,10.000,10.169,85.3
11.8305,125098,1112889,10.000,10.169,86.5,10.000,10.169,79.0,10.000,9.988,85.3
11.8305,125099,1112894,10.000,9.988,86.5,10.000,10.169,79.0,10.000,10.169,85.3
11.8305,125100,1112899,10.000,9.988,86.5,10.000,9.988,79.0,10.000,10.169,85.3
11.8305,125101,1112904,10.000,9.988,86.5,10.000,10.169,79.0,10.000,10.169,85.3
11.8305,125102,1112909,10.000,9.988,86.5,10.000,10.169,79.0,10.000,10.169,85.3
11.8305,125103,1112914,10.000,9.988,88.1,10.000,10.169,75.5,10.000,10.351,81.5
11.9259,125104,1112919,10.000,9.988,88.1,10.000,10.169,75.5,10.000,10.351,81.5
11.9259,125105,1112924,10.000,9.988,88.1,10.000,10.169,75.5,10.000,10.169,81.5
11.9259,125106,1112929,10.000,9.988,88.1,10.000,10.351,75.5,10.000,10.351,81.5
11.9259,125107,1112934,10.000,9.988,88.1,10.000,10.169,75.5,10.000,10.169,81.5
11.9259,125108,1112939,10.000,9.988,88.1,10.000,10.169,75.5,10.000,10.351,81.5
11.9259,125109,1112944,10.000,9.988,88.1,10.000,10.169,75.5,10.000,10.351,81.5
11.9259,125110,1112949,10.000,9.988,88.1,10.000,10.169,75.5,10.000,10.169,81.5
11.9259,125111,1112954,10.000,9.988,88.1,10.000,10.351,75.5,10.000,10.351,81.5
11.9259,125112,1112959,10.000,9.988,88.1,10.000,10.351,75.5,10.000,10.169,81.5
11.9259,125113,1112964,10.000,10.169,88.1,10.000,10.351,75.5,10.000,10.169,81.5
11.9259,125114,1112969,10.000,9.988,88.1,10.000,10.351,75.5,10.000,10.169,81.5
11.9259,125115,1112974,10.000,10.169,88.1,10.000,10.169,75.5,10.000,10.169,81.5
11.9259,125116,1112979,10.000,9.988,88.1,10.000,10.169,75.5,10.000,10.169,81.5
11.9259,125117,1112984,10.000,10.169,88.1,10.000,10.169,75.5,10.000,10.169,81.5
11.9259,125118,1112989,10.000,9.988,88.1,10.000,10.169,75.5,10.000,10.169,81.5
11.9259,125119,1112994,10.000,10.169,88.1,10.000,10.169,75.5,10.000,9.988,81.5
11.9927,125120,1112999,10.000,10.169,88.1,10.000,10.169,75.5,10.000,10.169,81.5
11.9927,125121,1113004,10.000,10.169,88.1,10.000,10.169,75.5,10.000,9.988,81.5
11.9927,125122,1113009,10.000,10.169,88.1,10.000,9.988,75.5,10.000,10.169,81.5
11.9927,125123,1113014,10.000,9.988,88.1,10.000,9.806,77.6,10.000,10.169,81.9
11.9927,125124,1113019,10.000,10.169,88.1,10.000,9.625,77.6,10.000,9.988,81.9
11.9927,125125,1113024,10.000,9.988,88.1,10.000,9.806,77.6,10.000,10.169,81.9
11.9927,125126,1113029,10.000,10.169,88.1,10.000,9.443,77.6,10.000,9.988,81.9
11.9927,125127,1113034,10.000,10.169,88.1,10.000,9.625,77.6,10.000,10.169,81.9
11.9927,125128,1113039,10.000,10.169,88.1,10.000,9.443,77.6,10.000,9.988,81.9
11.9927,125129,1113044,10.000,10.169,88.1,10.000,9.443,77.6,10.000,10.169,81.9
11.9927,125130,1113049,10.000,9.988,88.1,10.000,9.625,77.6,10.000,10.169,81.9
11.9927,125131,1113054,10.000,10.169,88.1,10.000,9.443,77.6,10.000,10.169,81.9
11.9927,125132,1113059,10.000,9.988,88.1,10.000,9.625,77.6,10.000,10.169,81.9
11.9927,125133,1113064,10.000,10.169,88.1,10.000,9.988,77.6,10.000,9.988,81.9
11.9927,125134,1113069,10.000,9.988,88.1,10.000,9.988,77.6,10.000,10.169,81.9
11.9927,125135,1113074,10.000,10.169,88.1,10.000,9.988,77.6,10.000,10.169,81.9
12.1236,125136,1113079,10.000,10.169,88.1,10.000,10.169,77.6,10.000,10.169,81.9
12.1236,125137,1113084,10.000,9.988,88.1,10.000,10.169,77.6,10.000,10.169,81.9
12.1236,125138,1113089,10.000,10.169,88.1,10.000,10.351,77.6,10.000,10.169,81.9
12.1236,125139,1113094,10.000,9.988,88.1,10.000,10.169,77.6,10.000,10.169,81.9
12.1236,125140,1113099,10.000,10.169,88.1,10.000,10.169,77.6,10.000,9.988,81.9
12.1236,125141,1113104,10.000,9.988,88.1,10.000,10.169,77.6,10.000,10.169,81.9
12.1236,125142,1113109,10.000,10.169,88.1,10.000,10.169,77.6,10.000,10.169,81.9
12.1236,125143,1113114,10.000,9.988,88.1,10.000,10.169,75.6,10.000,10.169,81.5
12.1236,125144,1113119,10.000,10.169,88.1,10.000,10.169,75.6,10.000,10.169,81.5
12.1236,125145,1113124,10.000,9.988,88.1,10.000,10.169,75.6,10.000,9.988,81.5
12.1236,125146,1113129,10.000,9.988,88.1,10.000,10.351,75.6,10.000,10.169,81.5
12.1236,125147,1113134,10.000,9.806,88.1,10.000,10.169,75.6,10.000,9.988,81.5
12.1236,125148,1113139,10.000,9.806,88.1,10.000,9.988,75.6,10.000,10.169,81.5
12.1236,125149,1113144,10.000,9.988,88.1,10.000,9.988,75.6,10.000,10.169,81.5
12.1236,125150,1113149,10.000,9.806,88.1,10.000,9.988,75.6,10.000,10.169,81.5
12.1236,125151,1113154,10.000,9.988,88.1,10.000,9.988,75.6,10.000,10.169,81.5
12.1236,125152,1113159,10.000,9.806,88.1,10.000,9.988,75.6,10.000,9.988,81.5
12.1236,125153,1113164,10.000,9.806,88.1,10.000,9.806,75.6,10.000,10.169,81.5
12.1236,125154,1113169,10.000,9.806,88.1,10.000,9.988,75.6,10.000,10.169,81.5
12.1236,125155,1113174,10.000,9.806,88.1,10.000,9.988,75.6,10.000,10.169,81.5
12.1236,125156,1113179,10.000,9.443,88.1,10.000,9.806,75.6,10.000,10.169,81.5
12.1236,125157,1113184,10.000,9.625,88.1,10.000,9.988,75.6,10.000,10.169,81.5
12.1236,125158,1113189,10.000,9.625,88.1,10.000,9.988,75.6,10.000,10.169,81.5
12.1236,125159,1113194,10.000,9.443,88.1,10.000,10.169,75.6,10.000,10.169,81.5
12.1785,125160,1113199,10.000,9.443,88.1,10.000,9.988,75.6,10.000,10.169,81.5
12.1785,125161,1113204,10.000,9.443,88.1,10.000,10.169,75.6,10.000,10.169,81.5
12.1785,125162,1113209,10.000,9.443,88.1,10.000,9.988,75.6,10.000,10.351,81.5
12.1785,125163,1113214,10.000,9.625,90.5,10.000,10.169,75.3,10.000,10.169,81.1
12.1785,125164,1113219,10.000,9.443,90.5,10.000,9.988,75.3,10.000,10.169,81.1
12.1785,125165,1113224,10.000,9.443,90.5,10.000,9.988,75.3,10.000,10.169,81.1
12.1785,125166,1113229,10.000,9.806,90.5,10.000,9.988,75.3,10.000,10.169,81.1
12.1785,125167,1113234,10.000,9.806,90.5,10.000,9.988,75.3,10.000,10.351,81.1
12.1785,125168,1113239,10.000,9.625,90.5,10.000,9.988,75.3,10.000,10.169,81.1
12.1785,125169,1113244,10.000,9.806,90.5,10.000,9.988,75.3,10.000,10.169,81.1
12.1785,125170,1113249,10.000,9.806,90.5,10.000,10.169,75.3,10.000,10.169,81.1
12.1785,125171,1113254,10.000,9.806,90.5,10.000,9.988,75.3,10.000,10.169,81.1
12.1785,125172,1113259,10.000,9.806,90.5,10.000,10.169,75.3,10.000,9.988,81.1
12.1785,125173,1113264,10.000,9.625,90.5,10.000,9.988,75.3,10.000,9.988,81.1
12.1785,125174,1113269,10.000,9.806,90.5,10.000,9.988,75.3,10.000,9.988,81.1
12.1785,125175,1113274,10.000,9.806,90.5,10.000,9.806,75.3,10.000,9.988,81.1
12.2714,125176,1113279,10.000,9.625,90.5,10.000,9.988,75.3,10.000,9.806,81.1
12.2714,125177,1113284,10.000,9.806,90.5,10.000,9.806,75.3,10.000,9.806,81.1
12.2714,125178,1113289,10.000,9.806,90.5,10.000,9.988,75.3,10.000,9.806,81.1
12.2714,125179,1113294,10.000,9.625,90.5,10.000,9.443,75.3,10.000,9.625,81.1
12.2714,125180,1113299,10.000,9.806,90.5,10.000,9.443,75.3,10.000,9.806,81.1
12.2714,125181,1113304,10.000,9.625,90.5,10.000,9.443,75.3,10.000,9.625,81.1
12.2714,125182,1113309,10.000,9.806,90.5,10.000,9.443,75.3,10.000,9.625,81.1
12.2714,125183,1113314,10.000,9.806,90.1,10.000,9.443,79.6,10.000,9.806,83.1
12.2714,125184,1113319,10.000,9.625,90.1,10.000,9.625,79.6,10.000,9.625,83.1
12.2714,125185,1113324,10.000,9.806,90.1,10.000,9.625,79.6,10.000,9.625,83.1
12.2714,125186,1113329,10.000,9.806,90.1,10.000,9.625,79.6,10.000,9.625,83.1
12.2714,125187,1113334,10.000,9.806,90.1,10.000,9.625,79.6,10.000,9.443,83.1
12.2714,125188,1113339,10.000,9.806,90.1,10.000,9.625,79.6,10.000,9.625,83.1
12.2714,125189,1113344,10.000,9.988,90.1,10.000,10.169,79.6,10.000,9.625,83.1
12.2714,125190,1113349,10.000,9.806,90.1,10.000,9.988,79.6,10.000,9.443,83.1
12.2714,125191,1113354,10.000,9.988,90.1,10.000,9.988,79.6,10.000,9.443,83.1
12.3499,125192,1113359,10.000,9.806,90.1,10.000,9.806,79.6,10.000,9.625,83.1
12.3499,125193,1113364,10.000,9.988,90.1,10.000,9.988,79.6,10.000,9.443,83.1
12.3499,125194,1113369,10.000,9.988,90.1,10.000,9.988,79.6,10.000,9.443,83.1
12.3499,125195,1113374,10.000,9.988,90.1,10.000,9.988,79.6,10.000,9.443,83.1
12.3499,125196,1113379,10.000,9.988,90.1,10.000,9.988,79.6,10.000,9.625,83.1
12.3499,125197,1113384,10.000,9.988,90.1,10.000,10.169,79.6,10.000,9.625,83.1
12.3499,125198,1113389,10.000,9.988,90.1,10.000,10.169,79.6,10.000,9.443,83.1
12.3499,125199,1113394,10.000,9.806,90.1,10.000,9.988,79.6,10.000,9.443,83.1
12.3499,125200,1113399,10.000,9.988,90.1,10.000,10.169,79.6,10.000,9.625,83.1
12.3499,125201,1113404,10.000,9.988,90.1,10.000,10.351,79.6,10.000,9.625,83.1
12.3499,125202,1113409,10.000,9.988,90.1,10.000,10.351,79.6,10.000,9.443,83.1
12.3499,125203,1113414,10.000,9.988,89.4,10.000,10.351,74.9,10.000,9.443,85.8
12.3499,125204,1113419,10.000,9.988,89.4,10.000,10.351,74.9,10.000,9.625,85.8
12.3499,125205,1113424,10.000,9.988,89.4,10.000,10.533,74.9,10.000,9.625,85.8
12.3499,125206,1113429,10.000,10.169,89.4,10.000,10.533,74.9,10.000,9.625,85.8
12.3499,125207,1113434,10.000,9.988,89.4,10.000,10.351,74.9,10.000,9.625,85.8
12.4764,125208,1113439,10.000,10.169,89.4,10.000,10.351,74.9,10.000,9.625,85.8
12.4764,125209,1113444,10.000,10.351,89.4,10.000,10.533,74.9,10.000,9.806,85.8
12.4764,125210,1113449,10.000,10.351,89.4,10.000,10.533,74.9,10.000,9.625,85.8
12.4764,125211,1113454,10.000,10.169,89.4,10.000,10.351,74.9,10.000,9.806,85.8
12.4764,125212,1113459,10.000,10.351,89.4,10.000,10.533,74.9,10.000,9.806,85.8
12.4764,125213,1113464,10.000,10.169,89.4,10.000,10.351,74.9,10.000,9.806,85.8
12.4764,125214,1113469,10.000,10.351,89.4,10.000,10.351,74.9,10.000,9.806,85.8
12.4764,125215,1113474,10.000,10.351,89.4,10.000,10.351,74.9,10.000,9.806,85.8
12.4764,125216,1113479,10.000,10.169,89.4,10.000,10.169,74.9,10.000,9.806,85.8
12.4764,125217,1113484,10.000,10.169,89.4,10.000,10.351,74.9,10.000,9.988,85.8
12.4764,125218,1113489,10.000,10.169,89.4,10.000,10.169,74.9,10.000,9.988,85.8
12.4764,125219,1113494,10.000,10.169,89.4,10.000,10.169,74.9,10.000,9.988,85.8
12.4764,125220,1113499,10.000,9.988,89.4,10.000,9.988,74.9,10.000,9.988,85.8
12.4764,125221,1113504,10.000,10.169,89.4,10.000,10.169,74.9,10.000,9.988,85.8
12.4764,125222,1113509,10.000,10.169,89.4,10.000,9.988,74.9,10.000,9.988,85.8
12.4764,125223,1113514,10.000,10.169,88.3,10.000,10.169,75.4,10.000,10.169,82.4
12.4764,125224,1113519,10.000,10.169,88.3,10.000,9.988,75.4,10.000,10.169,82.4
12.4764,125225,1113524,10.000,9.988,88.3,10.000,9.988,75.4,10.000,10.169,82.4
12.4764,125226,1113529,10.000,10.169,88.3,10.000,9.988,75.4,10.000,10.169,82.4
12.4764,125227,1113534,10.000,10.169,88.3,10.000,9.988,75.4,10.000,10.169,82.4
12.4764,125228,1113539,10.000,9.988,88.3,10.000,9.988,75.4,10.000,10.169,82.4
12.4764,125229,1113544,10.000,9.988,88.3,10.000,9.988,75.4,10.000,10.169,82.4
12.4764,125230,1113549,10.000,9.988,88.3,10.000,9.625,75.4,10.000,10.169,82.4
12.4764,125231,1113554,10.000,9.988,88.3,10.000,9.625,75.4,10.000,10.169,82.4
12.5513,125232,1113559,10.000,9.988,88.3,10.000,9.625,75.4,10.000,10.351,82.4
12.5513,125233,1113564,10.000,9.988,88.3,10.000,9.625,75.4,10.000,10.169,82.4
12.5513,125234,1113569,10.000,9.806,88.3,10.000,9.443,75.4,10.000,10.169,82.4
12.5513,125235,1113574,10.000,9.806,88.3,10.000,9.443,75.4,10.000,10.169,82.4
12.5513,125236,1113579,10.000,9.806,88.3,10.000,9.443,75.4,10.000,10.169,82.4
12.5513,125237,1113584,10.000,9.806,88.3,10.000,9.443,75.4,10.000,9.988,82.4
12.5513,125238,1113589,10.000,9.988,88.3,10.000,9.443,75.4,10.000,10.169,82.4
12.5513,125239,1113594,10.000,9.988,88.3,10.000,9.443,75.4,10.000,10.169,82.4
12.5513,125240,1113599,10.000,9.988,88.3,10.000,9.806,75.4,10.000,10.169,82.4
12.5513,125241,1113604,10.000,9.988,88.3,10.000,9.806,75.4,10.000,10.169,82.4
12.5513,125242,1113609,10.000,9.806,88.3,10.000,9.806,75.4,10.000,9.988,82.4
12.5513,125243,1113614,10.000,9.988,89.1,10.000,9.806,77.3,10.000,10.169,82.1
12.5513,125244,1113619,10.000,10.169,89.1,10.000,9.988,77.3,10.000,10.169,82.1
12.5513,125245,1113624,10.000,10.169,89.1,10.000,9.988,77.3,10.000,10.169,82.1
12.5513,125246,1113629,10.000,10.169,89.1,10.000,9.988,77.3,10.000,10.169,82.1
12.5513,125247,1113634,10.000,10.351,89.1,10.000,9.988,77.3,10.000,10.169,82.1
12.6673,125248,1113639,10.000,10.169,89.1,10.000,9.988,77.3,10.000,10.169,82.1
12.6673,125249,1113644,10.000,10.169,89.1,10.000,9.988,77.3,10.000,10.169,82.1
12.6673,125250,1113649,10.000,10.351,89.1,10.000,10.169,77.3,10.000,10.169,82.1
12.6673,125251,1113654,10.000,10.169,89.1,10.000,9.988,77.3,10.000,10.169,82.1
12.6673,125252,1113659,10.000,10.351,89.1,10.000,10.169,77.3,10.000,10.169,82.1
12.6673,125253,1113664,10.000,10.169,89.1,10.000,9.988,77.3,10.000,10.169,82.1
12.6673,125254,1113669,10.000,10.169,89.1,10.000,10.169,77.3,10.000,10.169,82.1
12.6673,125255,1113674,10.000,10.351,89.1,10.000,9.988,77.3,10.000,10.169,82.1
12.6673,125256,1113679,10.000,10.169,89.1,10.000,10.169,77.3,10.000,10.169,82.1
12.6673,125257,1113684,10.000,9.988,89.1,10.000,10.169,77.3,10.000,10.169,82.1
12.6673,125258,1113689,10.000,10.169,89.1,10.000,10.169,77.3,10.000,10.169,82.1
12.6673,125259,1113694,10.000,9.806,89.1,10.000,10.169,77.3,10.000,10.169,82.1
12.6673,125260,1113699,10.000,9.806,89.1,10.000,9.988,77.3,10.000,10.169,82.1
12.6673,125261,1113704,10.000,9.806,89.1,10.000,10.169,77.3,10.000,10.169,82.1
12.6673,125262,1113709,10.000,9.806,89.1,10.000,10.169,77.3,10.000,10.351,82.1
12.6673,125263,1113714,10.000,9.988,89.1,10.000,10.169,75.4,10.000,10.169,81.7
12.6673,125264,1113719,10.000,9.806,89.1,10.000,10.169,75.4,10.000,10.169,81.7
12.6673,125265,1113724,10.000,9.806,89.1,10.000,10.169,75.4,10.000,10.351,81.7
12.6673,125266,1113729,10.000,9.806,89.1,10.000,10.169,75.4,10.000,10.169,81.7
12.6673,125267,1113734,10.000,9.988,89.1,10.000,10.169,75.4,10.000,10.351,81.7
12.6673,125268,1113739,10.000,9.988,89.1,10.000,10.169,75.4,10.000,10.169,81.7
12.6673,125269,1113744,10.000,10.169,89.1,10.000,10.169,75.4,10.000,10.169,81.7
12.6673,125270,1113749,10.000,10.169,89.1,10.000,10.169,75.4,10.000,10.351,81.7
12.6673,125271,1113754,10.000,10.351,89.1,10.000,10.169,75.4,10.000,10.169,81.7
12.7244,125272,1113759,10.000,9.988,89.1,10.000,9.988,75.4,10.000,10.169,81.7
12.7244,125273,1113764,10.000,9.988,89.1,10.000,10.169,75.4,10.000,10.351,81.7
12.7244,125274,1113769,10.000,9.988,89.1,10.000,9.988,75.4,10.000,10.169,81.7
12.7244,125275,1113774,10.000,9.988,89.1,10.000,10.169,75.4,10.000,10.169,81.7
12.7244,125276,1113779,10.000,9.988,89.1,10.000,9.988,75.4,10.000,10.169,81.7
12.7244,125277,1113784,10.000,9.988,89.1,10.000,9.988,75.4,10.000,10.169,81.7
12.7244,125278,1113789,10.000,9.806,89.1,10.000,9.988,75.4,10.000,10.351,81.7
12.7244,125279,1113794,10.000,9.988,89.1,10.000,9.988,75.4,10.000,10.169,81.7
12.7244,125280,1113799,10.000,9.806,89.1,10.000,10.169,75.4,10.000,10.169,81.7
12.7244,125281,1113804,10.000,9.806,89.1,10.000,9.988,75.4,10.000,10.351,81.7
12.7244,125282,1113809,10.000,9.988,89.1,10.000,10.169,75.4,10.000,10.169,81.7
12.7244,125283,1113814,10.000,9.988,89.1,10.000,9.988,76.2,10.000,10.169,81.3
12.7244,125284,1113819,10.000,9.988,89.1,10.000,10.169,76.2,10.000,10.169,81.3
12.7244,125285,1113824,10.000,9.988,89.1,10.000,9.988,76.2,10.000,10.169,81.3
12.7244,125286,1113829,10.000,9.988,89.1,10.000,10.169,76.2,10.000,10.351,81.3
12.7244,125287,1113834,10.000,9.988,89.1,10.000,9.806,76.2,10.000,10.169,81.3
12.8042,125288,1113839,10.000,9.988,89.1,10.000,9.988,76.2,10.000,10.169,81.3
12.8042,125289,1113844,10.000,9.988,89.1,10.000,9.988,76.2,10.000,10.351,81.3
12.8042,125290,1113849,10.000,9.988,89.1,10.000,9.806,76.2,10.000,10.169,81.3
12.8042,125291,1113854,10.000,9.806,89.1,10.000,9.988,76.2,10.000,10.169,81.3
12.8042,125292,1113859,10.000,9.988,89.1,10.000,9.806,76.2,10.000,10.169,81.3
12.8042,125293,1113864,10.000,9.806,89.1,10.000,9.988,76.2,10.000,10.169,81.3
12.8042,125294,1113869,10.000,9.806,89.1,10.000,9.806,76.2,10.000,10.169,81.3
12.8042,125295,1113874,10.000,9.806,89.1,10.000,9.988,76.2,10.000,10.169,81.3
12.8042,125296,1113879,10.000,9.625,89.1,10.000,9.806,76.2,10.000,9.988,81.3
12.8042,125297,1113884,10.000,9.625,89.1,10.000,10.169,76.2,10.000,10.169,81.3
12.8042,125298,1113889,10.000,9.625,89.1,10.000,9.988,76.2,10.000,9.988,81.3
12.8042,125299,1113894,10.000,9.443,89.1,10.000,9.988,76.2,10.000,9.988,81.3
12.8042,125300,1113899,10.000,9.443,89.1,10.000,9.988,76.2,10.000,9.988,81.3
12.8042,125301,1113904,10.000,9.625,89.1,10.000,9.806,76.2,10.000,9.806,81.3
12.8042,125302,1113909,10.000,9.443,89.1,10.000,9.988,76.2,10.000,9.988,81.3
12.8042,125303,1113914,10.000,9.625,91.5,10.000,9.806,77.4,10.000,9.806,83.2
12.9084,125304,1113919,10.000,9.625,91.5,10.000,9.988,77.4,10.000,9.806,83.2
12.9084,125305,1113924,10.000,9.443,91.5,10.000,9.806,77.4,10.000,9.625,83.2
12.9084,125306,1113929,10.000,9.806,91.5,10.000,9.988,77.4,10.000,9.806,83.2
12.9084,125307,1113934,10.000,9.625,91.5,10.000,9.988,77.4,10.000,9.625,83.2
12.9084,125308,1113939,10.000,9.625,91.5,10.000,9.988,77.4,10.000,9.625,83.2
12.9084,125309,1113944,10.000,9.806,91.5,10.000,9.806,77.4,10.000,9.625,83.2
12.9084,125310,1113949,10.000,9.806,91.5,10.000,9.806,77.4,10.000,9.625,83.2
12.9084,125311,1113954,10.000,9.806,91.5,10.000,9.988,77.4,10.000,9.625,83.2
12.9084,125312,1113959,10.000,9.806,91.5,10.000,9.988,77.4,10.000,9.625,83.2
12.9084,125313,1113964,10.000,9.806,91.5,10.000,9.988,77.4,10.000,9.625,83.2
12.9084,125314,1113969,10.000,9.806,91.5,10.000,9.988,77.4,10.000,9.625,83.2
12.9084,125315,1113974,10.000,9.988,91.5,10.000,9.988,77.4,10.000,9.625,83.2
12.9084,125316,1113979,10.000,9.806,91.5,10.000,9.988,77.4,10.000,9.625,83.2
12.9084,125317,1113984,10.000,9.988,91.5,10.000,9.988,77.4,10.000,9.625,83.2
12.9084,125318,1113989,10.000,9.988,91.5,10.000,9.988,77.4,10.000,9.625,83.2
12.9084,125319,1113994,10.000,9.988,91.5,10.000,9.806,77.4,10.000,9.625,83.2
12.9921,125320,1113999,10.000,10.169,91.5,10.000,9.988,77.4,10.000,9.625,83.2
12.9921,125321,1114004,10.000,9.988,91.5,10.000,9.806,77.4,10.000,9.625,83.2
12.9921,125322,1114009,10.000,10.169,91.5,10.000,9.806,77.4,10.000,9.443,83.2
12.9921,125323,1114014,10.000,9.988,90.0,10.000,9.806,77.8,10.000,9.625,84.8
12.9921,125324,1114019,10.000,10.169,90.0,10.000,9.806,77.8,10.000,9.625,84.8
12.9921,125325,1114024,10.000,10.169,90.0,10.000,9.806,77.8,10.000,9.625,84.8
12.9921,125326,1114029,10.000,10.351,90.0,10.000,9.625,77.8,10.000,9.443,84.8
12.9921,125327,1114034,10.000,10.169,90.0,10.000,9.625,77.8,10.000,9.625,84.8
12.9921,125328,1114039,10.000,10.351,90.0,10.000,9.806,77.8,10.000,9.625,84.8
12.9921,125329,1114044,10.000,10.351,90.0,10.000,9.988,77.8,10.000,9.443,84.8
12.9921,125330,1114049,10.000,10.169,90.0,10.000,9.806,77.8,10.000,9.625,84.8
12.9921,125331,1114054,10.000,10.169,90.0,10.000,9.988,77.8,10.000,9.625,84.8
12.9921,125332,1114059,10.000,10.169,90.0,10.000,9.806,77.8,10.000,9.625,84.8
12.9921,125333,1114064,10.000,10.169,90.0,10.000,9.988,77.8,10.000,9.625,84.8
12.9921,125334,1114069,10.000,10.169,90.0,10.000,9.806,77.8,10.000,9.625,84.8
12.9921,125335,1114074,10.000,10.169,90.0,10.000,9.988,77.8,10.000,9.806,84.8
13.0528,125336,1114079,10.000,9.988,90.0,10.000,10.169,77.8,10.000,9.806,84.8
13.0528,125337,1114084,10.000,10.169,90.0,10.000,9.806,77.8,10.000,9.806,84.8
13.0528,125338,1114089,10.000,10.169,90.0,10.000,9.625,77.8,10.000,9.806,84.8
13.0528,125339,1114094,10.000,9.988,90.0,10.000,9.806,77.8,10.000,9.806,84.8
13.0528,125340,1114099,10.000,10.169,90.0,10.000,9.806,77.8,10.000,9.806,84.8
13.0528,125341,1114104,10.000,10.351,90.0,10.000,9.806,77.8,10.000,9.806,84.8
13.0528,125342,1114109,10.000,10.351,90.0,10.000,9.988,77.8,10.000,9.988,84.8
13.0528,125343,1114114,10.000,10.351,87.7,10.000,9.806,78.2,10.000,9.806,84.5
13.0528,125344,1114119,10.000,10.169,87.7,10.000,9.988,78.2,10.000,9.988,84.5
13.0528,125345,1114124,10.000,10.169,87.7,10.000,9.988,78.2,10.000,9.988,84.5
13.0528,125346,1114129,10.000,10.169,87.7,10.000,9.806,78.2,10.000,9.988,84.5
13.0528,125347,1114134,10.000,10.169,87.7,10.000,10.169,78.2,10.000,9.988,84.5
13.0528,125348,1114139,10.000,9.988,87.7,10.000,10.351,78.2,10.000,9.988,84.5
13.0528,125349,1114144,10.000,10.169,87.7,10.000,10.351,78.2,10.000,10.169,84.5
13.0528,125350,1114149,10.000,10.169,87.7,10.000,10.351,78.2,10.000,9.988,84.5
13.0528,125351,1114154,10.000,9.988,87.7,10.000,10.169,78.2,10.000,10.169,84.5
13.1498,125352,1114159,10.000,9.988,87.7,10.000,10.169,78.2,10.000,10.169,84.5
13.1498,125353,1114164,10.000,9.806,87.7,10.000,10.169,78.2,10.000,10.169,84.5
13.1498,125354,1114169,10.000,9.806,87.7,10.000,9.988,78.2,10.000,10.169,84.5
13.1498,125355,1114174,10.000,9.625,87.7,10.000,9.988,78.2,10.000,9.988,84.5
13.1498,125356,1114179,10.000,9.806,87.7,10.000,9.988,78.2,10.000,10.169,84.5
13.1498,125357,1114184,10.000,9.625,87.7,10.000,9.988,78.2,10.000,10.169,84.5
13.1498,125358,1114189,10.000,9.806,87.7,10.000,9.988,78.2,10.000,10.169,84.5
13.1498,125359,1114194,10.000,9.625,87.7,10.000,9.988,78.2,10.000,10.169,84.5
13.1498,125360,1114199,10.000,9.625,87.7,10.000,10.169,78.2,10.000,10.169,84.5
13.1498,125361,1114204,10.000,9.806,87.7,10.000,10.169,78.2,10.000,10.169,84.5
13.1498,125362,1114209,10.000,9.625,87.7,10.000,10.169,78.2,10.000,10.169,84.5
13.1498,125363,1114214,10.000,9.988,89.3,10.000,10.351,75.2,10.000,10.169,82.6
13.1498,125364,1114219,10.000,9.806,89.3,10.000,10.533,75.2,10.000,10.169,82.6
13.1498,125365,1114224,10.000,9.988,89.3,10.000,10.533,75.2,10.000,10.351,82.6
13.1498,125366,1114229,10.000,9.806,89.3,10.000,10.714,75.2,10.000,10.169,82.6
13.1498,125367,1114234,10.000,9.988,89.3,10.000,10.533,75.2,10.000,10.169,82.6
13.2263,125368,1114239,10.000,9.806,89.3,10.000,10.533,75.2,10.000,10.169,82.6
13.2263,125369,1114244,10.000,9.988,89.3,10.000,10.533,75.2,10.000,10.169,82.6
13.2263,125370,1114249,10.000,9.806,89.3,10.000,10.169,75.2,10.000,10.351,82.6
13.2263,125371,1114254,10.000,9.625,89.3,10.000,10.351,75.2,10.000,10.169,82.6
13.2263,125372,1114259,10.000,9.806,89.3,10.000,10.351,75.2,10.000,10.169,82.6
13.2263,125373,1114264,10.000,9.806,89.3,10.000,10.169,75.2,10.000,10.351,82.6
13.2263,125374,1114269,10.000,9.988,89.3,10.000,10.169,75.2,10.000,10.169,82.6
13.2263,125375,1114274,10.000,9.988,89.3,10.000,9.988,75.2,10.000,10.169,82.6
13.2263,125376,1114279,10.000,9.988,89.3,10.000,9.806,75.2,10.000,10.351,82.6
13.2263,125377,1114284,10.000,9.806,89.3,10.000,9.988,75.2,10.000,10.169,82.6
13.2263,125378,1114289,10.000,9.988,89.3,10.000,9.806,75.2,10.000,10.351,82.6
13.2263,125379,1114294,10.000,9.806,89.3,10.000,9.806,75.2,10.000,10.169,82.6
13.2263,125380,1114299,10.000,9.988,89.3,10.000,9.988,75.2,10.000,10.169,82.6
13.2263,125381,1114304,10.000,10.169,89.3,10.000,9.988,75.2,10.000,10.351,82.6
13.2263,125382,1114309,10.000,9.988,89.3,10.000,9.806,75.2,10.000,10.169,82.6
13.2263,125383,1114314,10.000,9.988,89.3,10.000,9.988,76.8,10.000,10.169,82.3
13.3653,125384,1114319,10.000,10.169,89.3,10.000,9.988,76.8,10.000,10.351,82.3
13.3653,125385,1114324,10.000,9.988,89.3,10.000,9.988,76.8,10.000,10.169,82.3
13.3653,125386,1114329,10.000,10.169,89.3,10.000,10.169,76.8,10.000,10.169,82.3
13.3653,125387,1114334,10.000,10.169,89.3,10.000,9.988,76.8,10.000,10.351,82.3
13.3653,125388,1114339,10.000,10.169,89.3,10.000,10.169,76.8,10.000,10.169,82.3
13.3653,125389,1114344,10.000,10.351,89.3,10.000,9.988,76.8,10.000,10.351,82.3
13.3653,125390,1114349,10.000,10.169,89.3,10.000,9.988,76.8,10.000,10.169,82.3
13.3653,125391,1114354,10.000,10.169,89.3,10.000,9.988,76.8,10.000,10.169,82.3
13.3653,125392,1114359,10.000,10.169,89.3,10.000,9.988,76.8,10.000,10.351,82.3
13.3653,125393,1114364,10.000,10.169,89.3,10.000,9.988,76.8,10.000,10.169,82.3
13.3653,125394,1114369,10.000,9.988,89.3,10.000,9.806,76.8,10.000,10.169,82.3
13.3653,125395,1114374,10.000,10.169,89.3,10.000,9.988,76.8,10.000,10.351,82.3
13.3653,125396,1114379,10.000,10.169,89.3,10.000,9.988,76.8,10.000,10.169,82.3
13.3653,125397,1114384,10.000,10.169,89.3,10.000,9.988,76.8,10.000,10.169,82.3
13.3653,125398,1114389,10.000,10.169,89.3,10.000,9.988,76.8,10.000,10.351,82.3
13.3653,125399,1114394,10.000,9.988,89.3,10.000,9.988,76.8,10.000,10.169,82.3
13.3653,125400,1114399,10.000,10.169,89.3,10.000,10.169,76.8,10.000,10.351,82.3
13.3653,125401,1114404,10.000,10.169,89.3,10.000,10.169,76.8,10.000,10.169,82.3
13.3653,125402,1114409,10.000,10.169,89.3,10.000,9.988,76.8,10.000,10.169,82.3
13.3653,125403,1114414,10.000,10.169,88.1,10.000,9.988,76.8,10.000,10.351,80.7
13.3653,125404,1114419,10.000,10.169,88.1,10.000,9.988,76.8,10.000,10.169,80.7
13.3653,125405,1114424,10.000,10.169,88.1,10.000,9.988,76.8,10.000,10.169,80.7
13.3653,125406,1114429,10.000,9.988,88.1,10.000,9.988,76.8,10.000,10.351,80.7
13.3653,125407,1114434,10.000,10.169,88.1,10.000,9.988,76.8,10.000,10.169,80.7
13.4421,125408,1114439,10.000,9.988,88.1,10.000,9.806,76.8,10.000,10.169,80.7
13.4421,125409,1114444,10.000,10.169,88.1,10.000,9.806,76.8,10.000,10.351,80.7
13.4421,125410,1114449,10.000,9.988,88.1,10.000,9.806,76.8,10.000,10.169,80.7
13.4421,125411,1114454,10.000,9.806,88.1,10.000,9.806,76.8,10.000,10.351,80.7
13.4421,125412,1114459,10.000,9.988,88.1,10.000,9.988,76.8,10.000,10.169,80.7
13.4421,125413,1114464,10.000,9.806,88.1,10.000,9.806,76.8,10.000,10.169,80.7
13.4421,125414,1114469,10.000,9.988,88.1,10.000,9.806,76.8,10.000,10.351,80.7
13.4421,125415,1114474,10.000,9.806,88.1,10.000,9.806,76.8,10.000,10.169,80.7
13.4421,125416,1114479,10.000,9.806,88.1,10.000,9.806,76.8,10.000,10.169,80.7
13.4421,125417,1114484,10.000,9.806,88.1,10.000,9.806,76.8,10.000,10.169,80.7
13.4421,125418,1114489,10.000,9.806,88.1,10.000,9.988,76.8,10.000,10.169,80.7
13.4421,125419,1114494,10.000,9.625,88.1,10.000,9.988,76.8,10.000,9.988,80.7
13.4421,125420,1114499,10.000,9.806,88.1,10.000,9.988,76.8,10.000,10.169,80.7
13.4421,125421,1114504,10.000,9.806,88.1,10.000,9.806,76.8,10.000,9.988,80.7
13.4421,125422,1114509,10.000,9.625,88.1,10.000,9.988,76.8,10.000,9.988,80.7
13.4421,125423,1114514,10.000,9.806,90.1,10.000,10.169,75.6,10.000,9.988,82.3
13.5059,125424,1114519,10.000,9.625,90.1,10.000,10.169,75.6,10.000,9.806,82.3
13.5059,125425,1114524,10.000,9.625,90.1,10.000,10.169,75.6,10.000,9.988,82.3
13.5059,125426,1114529,10.000,9.625,90.1,10.000,9.988,75.6,10.000,9.806,82.3
13.5059,125427,1114534,10.000,9.625,90.1,10.000,10.169,75.6,10.000,9.806,82.3
13.5059,125428,1114539,10.000,9.625,90.1,10.000,9.988,75.6,10.000,9.806,82.3
13.5059,125429,1114544,10.000,9.625,90.1,10.000,10.169,75.6,10.000,9.806,82.3
13.5059,125430,1114549,10.000,9.625,90.1,10.000,10.169,75.6,10.000,9.625,82.3
13.5059,125431,1114554,10.000,9.625,90.1,10.000,9.988,75.6,10.000,9.806,82.3
13.5059,125432,1114559,10.000,9.625,90.1,10.000,9.988,75.6,10.000,9.806,82.3
13.5059,125433,1114564,10.000,9.625,90.1,10.000,9.806,75.6,10.000,9.625,82.3
13.5059,125434,1114569,10.000,9.625,90.1,10.000,9.988,75.6,10.000,9.806,82.3
13.5059,125435,1114574,10.000,9.806,90.1,10.000,9.806,75.6,10.000,9.625,82.3
13.5059,125436,1114579,10.000,9.806,90.1,10.000,9.988,75.6,10.000,9.625,82.3
13.5069,125437,1114584,10.000,9.625,90.1,10.000,9.806,75.6,10.000,9.625,82.3
13.5069,125438,1114589,10.000,9.806,90.1,10.000,9.988,75.6,10.000,9.625,82.3
13.5069,125439,1114594,10.000,9.806,90.1,10.000,9.625,75.6,10.000,9.625,82.3
13.6246,125440,1114599,10.000,9.806,90.1,10.000,9.625,75.6,10.000,9.625,82.3
13.6246,125441,1114604,10.000,9.806,90.1,10.000,9.988,75.6,10.000,9.443,82.3
13.6246,125442,1114609,10.000,9.988,90.1,10.000,9.806,75.6,10.000,9.625,82.3
13.6246,125443,1114614,10.000,9.806,90.5,10.000,9.988,76.4,10.000,9.443,85.8
13.6246,125444,1114619,10.000,9.988,90.5,10.000,9.806,76.4,10.000,9.261,85.8
13.6246,125445,1114624,10.000,9.988,90.5,10.000,9.988,76.4,10.000,9.261,85.8
13.6246,125446,1114629,10.000,9.988,90.5,10.000,9.806,76.4,10.000,9.261,85.8
13.6246,125447,1114634,10.000,10.169,90.5,10.000,9.988,76.4,10.000,9.443,85.8
13.6246,125448,1114639,10.000,9.988,90.5,10.000,9.806,76.4,10.000,9.261,85.8
13.6246,125449,1114644,10.000,10.169,90.5,10.000,10.169,76.4,10.000,9.261,85.8
13.6246,125450,1114649,10.000,10.169,90.5,10.000,9.988,76.4,10.000,9.443,85.8
13.6246,125451,1114654,10.000,10.169,90.5,10.000,9.806,76.4,10.000,9.443,85.8
13.6246,125452,1114659,10.000,10.169,90.5,10.000,9.806,76.4,10.000,9.261,85.8
13.6246,125453,1114664,10.000,10.169,90.5,10.000,9.806,76.4,10.000,9.443,85.8
13.6246,125454,1114669,10.000,10.169,90.5,10.000,9.806,76.4,10.000,9.625,85.8
13.6246,125455,1114674,10.000,10.169,90.5,10.000,9.806,76.4,10.000,9.625,85.8
13.6749,125456,1114679,10.000,10.351,90.5,10.000,9.806,76.4,10.000,9.625,85.8
13.6749,125457,1114684,10.000,10.169,90.5,10.000,9.806,76.4,10.000,9.625,85.8
13.6749,125458,1114689,10.000,10.351,90.5,10.000,9.988,76.4,10.000,9.625,85.8
13.6749,125459,1114694,10.000,10.351,90.5,10.000,9.625,76.4,10.000,9.806,85.8
13.6749,125460,1114699,10.000,10.169,90.5,10.000,9.806,76.4,10.000,9.625,85.8
13.6749,125461,1114704,10.000,10.351,90.5,10.000,9.806,76.4,10.000,9.806,85.8
13.6749,125462,1114709,10.000,10.351,90.5,10.000,9.988,76.4,10.000,9.806,85.8
13.6749,125463,1114714,10.000,10.533,86.3,10.000,9.988,76.4,10.000,9.988,83.5
13.6749,125464,1114719,10.000,10.351,86.3,10.000,9.988,76.4,10.000,9.806,83.5
13.6749,125465,1114724,10.000,10.351,86.3,10.000,9.988,76.4,10.000,9.988,83.5
13.6749,125466,1114729,10.000,10.351,86.3,10.000,9.988,76.4,10.000,9.988,83.5
13.6749,125467,1114734,10.000,10.351,86.3,10.000,9.988,76.4,10.000,9.988,83.5
13.6749,125468,1114739,10.000,10.351,86.3,10.000,9.988,76.4,10.000,9.988,83.5
13.6749,125469,1114744,10.000,10.351,86.3,10.000,9.988,76.4,10.000,9.988,83.5
13.6749,125470,1114749,10.000,10.351,86.3,10.000,9.988,76.4,10.000,9.988,83.5
13.6749,125471,1114754,10.000,10.351,86.3,10.000,9.988,76.4,10.000,9.988,83.5
13.6749,125472,1114759,10.000,10.169,86.3,10.000,9.988,76.4,10.000,9.988,83.5
13.6749,125473,1114764,10.000,10.169,86.3,10.000,9.806,76.4,10.000,9.988,83.5
13.6749,125474,1114769,10.000,10.351,86.3,10.000,9.988,76.4,10.000,9.988,83.5
13.6759,125475,1114774,10.000,10.169,86.3,10.000,9.988,76.4,10.000,9.988,83.5
13.6759,125476,1114779,10.000,10.169,86.3,10.000,9.988,76.4,10.000,9.988,83.5
13.6759,125477,1114784,10.000,10.169,86.3,10.000,9.988,76.4,10.000,9.988,83.5
13.6759,125478,1114789,10.000,10.169,86.3,10.000,9.625,76.4,10.000,10.169,83.5
13.6759,125479,1114794,10.000,9.988,86.3,10.000,9.988,76.4,10.000,9.988,83.5
13.7972,125480,1114799,10.000,10.169,86.3,10.000,9.806,76.4,10.000,10.169,83.5
13.7972,125481,1114804,10.000,9.988,86.3,10.000,9.806,76.4,10.000,9.988,83.5
13.7972,125482,1114809,10.000,10.169,86.3,10.000,9.806,76.4,10.000,10.169,83.5
13.7972,125483,1114814,10.000,9.988,88.6,10.000,9.806,77.6,10.000,9.988,83.6
13.7972,125484,1114819,10.000,9.988,88.6,10.000,9.806,77.6,10.000,10.169,83.6
13.7972,125485,1114824,10.000,9.988,88.6,10.000,9.625,77.6,10.000,10.169,83.6
13.7972,125486,1114829,10.000,9.988,88.6,10.000,9.806,77.6,10.000,10.169,83.6
13.7972,125487,1114834,10.000,9.988,88.6,10.000,9.625,77.6,10.000,10.169,83.6
13.7972,125488,1114839,10.000,9.988,88.6,10.000,9.806,77.6,10.000,9.988,83.6
13.7972,125489,1114844,10.000,9.988,88.6,10.000,9.806,77.6,10.000,10.169,83.6
13.7972,125490,1114849,10.000,9.988,88.6,10.000,9.806,77.6,10.000,10.169,83.6
13.7972,125491,1114854,10.000,10.169,88.6,10.000,9.806,77.6,10.000,10.169,83.6
13.7972,125492,1114859,10.000,9.988,88.6,10.000,9.806,77.6,10.000,10.169,83.6
13.7972,125493,1114864,10.000,10.169,88.6,10.000,9.806,77.6,10.000,10.169,83.6
13.7972,125494,1114869,10.000,9.988,88.6,10.000,9.806,77.6,10.000,10.169,83.6
13.7982,125495,1114874,10.000,10.169,88.6,10.000,9.806,77.6,10.000,10.169,83.6
13.8698,125496,1114879,10.000,9.988,88.6,10.000,9.806,77.6,10.000,10.169,83.6
13.8698,125497,1114884,10.000,10.169,88.6,10.000,9.988,77.6,10.000,10.169,83.6
13.8698,125498,1114889,10.000,10.169,88.6,10.000,9.988,77.6,10.000,10.351,83.6
13.8698,125499,1114894,10.000,10.169,88.6,10.000,9.988,77.6,10.000,10.169,83.6
13.8698,125500,1114899,10.000,10.169,88.6,10.000,10.169,77.6,10.000,10.169,83.6
13.8698,125501,1114904,10.000,9.988,88.6,10.000,10.169,77.6,10.000,10.169,83.6
13.8698,125502,1114909,10.000,10.169,88.6,10.000,10.169,77.6,10.000,10.169,83.6
13.8698,125503,1114914,10.000,9.988,88.6,10.000,10.351,74.6,10.000,10.351,81.3
13.8698,125504,1114919,10.000,10.169,88.6,10.000,10.169,74.6,10.000,10.351,81.3
13.8698,125505,1114924,10.000,10.169,88.6,10.000,10.169,74.6,10.000,10.169,81.3
13.8698,125506,1114929,10.000,10.169,88.6,10.000,9.988,74.6,10.000,10.351,81.3
13.8698,125507,1114934,10.000,10.169,88.6,10.000,9.988,74.6,10.000,10.169,81.3
13.8698,125508,1114939,10.000,9.988,88.6,10.000,10.169,74.6,10.000,10.169,81.3
13.8698,125509,1114944,10.000,9.988,88.6,10.000,9.988,74.6,10.000,10.351,81.3
13.8698,125510,1114949,10.000,9.806,88.6,10.000,9.988,74.6,10.000,10.169,81.3
13.8698,125511,1114954,10.000,9.988,88.6,10.000,9.988,74.6,10.000,10.351,81.3
13.9202,125512,1114959,10.000,9.806,88.6,10.000,9.988,74.6,10.000,10.351,81.3
13.9202,125513,1114964,10.000,9.988,88.6,10.000,9.806,74.6,10.000,10.169,81.3
13.9202,125514,1114969,10.000,9.988,88.6,10.000,9.988,74.6,10.000,10.169,81.3
13.9202,125515,1114974,10.000,9.806,88.6,10.000,9.988,74.6,10.000,10.351,81.3
13.9202,125516,1114979,10.000,9.988,88.6,10.000,10.169,74.6,10.000,10.169,81.3
13.9202,125517,1114984,10.000,9.806,88.6,10.000,9.988,74.6,10.000,10.351,81.3
13.9202,125518,1114989,10.000,9.988,88.6,10.000,9.988,74.6,10.000,10.169,81.3
13.9202,125519,1114994,10.000,9.988,88.6,10.000,9.988,74.6,10.000,10.169,81.3
13.9212,125520,1114999,10.000,10.169,88.6,10.000,9.988,74.6,10.000,10.351,81.3
13.9212,125521,1115004,10.000,9.988,88.6,10.000,9.988,74.6,10.000,10.169,81.3
13.9212,125522,1115009,10.000,10.169,88.6,10.000,9.988,74.6,10.000,10.169,81.3
13.9212,125523,1115014,10.000,9.988,88.6,10.000,9.988,76.1,10.000,10.169,81.7
13.9212,125524,1115019,10.000,9.988,88.6,10.000,9.806,76.1,10.000,10.169,81.7
13.9212,125525,1115024,10.000,9.988,88.6,10.000,9.806,76.1,10.000,10.169,81.7
13.9212,125526,1115029,10.000,9.988,88.6,10.000,9.806,76.1,10.000,10.169,81.7
13.9212,125527,1115034,10.000,9.988,88.6,10.000,9.625,76.1,10.000,10.169,81.7
14.0282,125528,1115039,10.000,9.988,88.6,10.000,9.625,76.1,10.000,10.351,81.7
14.0282,125529,1115044,10.000,9.988,88.6,10.000,9.625,76.1,10.000,10.169,81.7
14.0282,125530,1115049,10.000,9.988,88.6,10.000,9.625,76.1,10.000,10.169,81.7
14.0282,125531,1115054,10.000,9.988,88.6,10.000,9.625,76.1,10.000,10.169,81.7
14.0282,125532,1115059,10.000,9.806,88.6,10.000,9.625,76.1,10.000,10.169,81.7
14.0282,125533,1115064,10.000,9.988,88.6,10.000,9.625,76.1,10.000,10.351,81.7
14.0282,125534,1115069,10.000,9.806,88.6,10.000,9.806,76.1,10.000,10.169,81.7
14.0282,125535,1115074,10.000,9.988,88.6,10.000,9.806,76.1,10.000,10.169,81.7
14.0282,125536,1115079,10.000,9.806,88.6,10.000,9.625,76.1,10.000,10.169,81.7
14.0282,125537,1115084,10.000,9.806,88.6,10.000,9.988,76.1,10.000,10.169,81.7
14.0282,125538,1115089,10.000,9.806,88.6,10.000,9.806,76.1,10.000,10.169,81.7
14.0282,125539,1115094,10.000,9.806,88.6,10.000,9.988,76.1,10.000,10.169,81.7
14.0282,125540,1115099,10.000,9.806,88.6,10.000,9.806,76.1,10.000,10.169,81.7
14.0282,125541,1115104,10.000,9.806,88.6,10.000,9.988,76.1,10.000,10.169,81.7
14.0282,125542,1115109,10.000,9.806,88.6,10.000,9.806,76.1,10.000,10.169,81.7
14.0282,125543,1115114,10.000,9.806,89.8,10.000,9.988,76.1,10.000,10.169,81.3
14.0788,125544,1115119,10.000,9.806,89.8,10.000,9.988,76.1,10.000,10.169,81.3
14.0788,125545,1115124,10.000,9.625,89.8,10.000,9.988,76.1,10.000,10.169,81.3
14.0788,125546,1115129,10.000,9.806,89.8,10.000,9.988,76.1,10.000,10.169,81.3
14.0788,125547,1115134,10.000,9.806,89.8,10.000,9.806,76.1,10.000,10.169,81.3
14.0788,125548,1115139,10.000,9.625,89.8,10.000,9.988,76.1,10.000,9.988,81.3
14.0788,125549,1115144,10.000,9.806,89.8,10.000,9.806,76.1,10.000,10.169,81.3
14.0788,125550,1115149,10.000,9.625,89.8,10.000,9.988,76.1,10.000,9.988,81.3
14.0788,125551,1115154,10.000,9.625,89.8,10.000,9.806,76.1,10.000,9.988,81.3
14.0788,125552,1115159,10.000,9.625,89.8,10.000,9.806,76.1,10.000,9.988,81.3
14.0788,125553,1115164,10.000,9.625,89.8,10.000,9.806,76.1,10.000,9.806,81.3
14.0788,125554,1115169,10.000,9.625,89.8,10.000,9.625,76.1,10.000,9.806,81.3
14.0788,125555,1115174,10.000,9.625,89.8,10.000,9.806,76.1,10.000,9.806,81.3
14.0788,125556,1115179,10.000,9.625,89.8,10.000,9.806,76.1,10.000,9.806,81.3
14.0788,125557,1115184,10.000,9.625,89.8,10.000,9.988,76.1,10.000,9.625,81.3
14.0788,125558,1115189,10.000,9.625,89.8,10.000,9.988,76.1,10.000,9.806,81.3
14.0788,125559,1115194,10.000,9.625,89.8,10.000,9.988,76.1,10.000,9.625,81.3
14.1883,125560,1115199,10.000,9.625,89.8,10.000,9.988,76.1,10.000,9.625,81.3
14.1883,125561,1115204,10.000,9.625,89.8,10.000,9.988,76.1,10.000,9.806,81.3
14.1883,125562,1115209,10.000,9.806,89.8,10.000,10.169,76.1,10.000,9.625,81.3
14.1883,125563,1115214,10.000,9.625,91.4,10.000,9.988,76.2,10.000,9.625,84.4
14.1883,125564,1115219,10.000,9.625,91.4,10.000,10.169,76.2,10.000,9.625,84.4
14.1883,125565,1115224,10.000,9.806,91.4,10.000,10.169,76.2,10.000,9.443,84.4
14.1883,125566,1115229,10.000,9.625,91.4,10.000,10.169,76.2,10.000,9.625,84.4
14.1883,125567,1115234,10.000,9.806,91.4,10.000,10.169,76.2,10.000,9.625,84.4
14.1883,125568,1115239,10.000,9.806,91.4,10.000,9.988,76.2,10.000,9.443,84.4
14.1883,125569,1115244,10.000,9.806,91.4,10.000,10.169,76.2,10.000,9.443,84.4
14.1883,125570,1115249,10.000,9.988,91.4,10.000,9.988,76.2,10.000,9.625,84.4
14.1883,125571,1115254,10.000,9.988,91.4,10.000,10.169,76.2,10.000,9.443,84.4
14.1883,125572,1115259,10.000,9.988,91.4,10.000,9.988,76.2,10.000,9.443,84.4
14.1883,125573,1115264,10.000,9.988,91.4,10.000,9.988,76.2,10.000,9.625,84.4
14.1883,125574,1115269,10.000,10.169,91.4,10.000,9.988,76.2,10.000,9.625,84.4
14.1883,125575,1115274,10.000,10.169,91.4,10.000,9.806,76.2,10.000,9.625,84.4
14.2707,125576,1115279,10.000,10.169,91.4,10.000,9.988,76.2,10.000,9.443,84.4
14.2707,125577,1115284,10.000,10.169,91.4,10.000,9.806,76.2,10.000,9.625,84.4
14.2707,125578,1115289,10.000,10.351,91.4,10.000,9.988,76.2,10.000,9.625,84.4
14.2707,125579,1115294,10.000,10.169,91.4,10.000,9.988,76.2,10.000,9.625,84.4
14.2707,125580,1115299,10.000,10.169,91.4,10.000,9.988,76.2,10.000,9.625,84.4
14.2707,125581,1115304,10.000,10.351,91.4,10.000,9.988,76.2,10.000,9.625,84.4
14.2707,125582,1115309,10.000,10.169,91.4,10.000,9.988,76.2,10.000,9.625,84.4
14.2707,125583,1115314,10.000,10.351,87.6,10.000,9.625,78.5,10.000,9.443,86.3
14.2707,125584,1115319,10.000,10.351,87.6,10.000,9.625,78.5,10.000,9.625,86.3
14.2707,125585,1115324,10.000,10.351,87.6,10.000,9.625,78.5,10.000,9.625,86.3
14.2707,125586,1115329,10.000,10.351,87.6,10.000,9.625,78.5,10.000,9.806,86.3
14.2707,125587,1115334,10.000,10.351,87.6,10.000,9.625,78.5,10.000,9.625,86.3
14.2707,125588,1115339,10.000,10.351,87.6,10.000,9.443,78.5,10.000,9.806,86.3
14.2707,125589,1115344,10.000,10.533,87.6,10.000,9.443,78.5,10.000,9.806,86.3
14.2707,125590,1115349,10.000,10.533,87.6,10.000,9.443,78.5,10.000,9.806,86.3
14.2707,125591,1115354,10.000,10.351,87.6,10.000,9.443,78.5,10.000,9.806,86.3
14.3864,125592,1115359,10.000,10.533,87.6,10.000,9.625,78.5,10.000,9.988,86.3
14.3864,125593,1115364,10.000,10.533,87.6,10.000,9.988,78.5,10.000,9.988,86.3
14.3864,125594,1115369,10.000,10.351,87.6,10.000,9.988,78.5,10.000,9.988,86.3
14.3864,125595,1115374,10.000,10.351,87.6,10.000,10.169,78.5,10.000,10.169,86.3
14.3864,125596,1115379,10.000,10.533,87.6,10.000,9.988,78.5,10.000,9.988,86.3
14.3864,125597,1115384,10.000,10.351,87.6,10.000,10.169,78.5,10.000,10.169,86.3
14.3864,125598,1115389,10.000,10.351,87.6,10.000,10.351,78.5,10.000,9.988,86.3
14.3864,125599,1115394,10.000,10.169,87.6,10.000,10.169,78.5,10.000,10.169,86.3
14.3874,125600,1115399,10.000,10.169,87.6,10.000,10.351,78.5,10.000,10.169,86.3
14.3874,125601,1115404,10.000,10.351,87.6,10.000,10.351,78.5,10.000,10.351,86.3
14.3874,125602,1115409,10.000,10.169,87.6,10.000,10.351,78.5,10.000,10.169,86.3
14.3874,125603,1115414,10.000,10.169,88.0,10.000,10.351,74.7,10.000,10.351,81.8
14.3874,125604,1115419,10.000,10.169,88.0,10.000,10.351,74.7,10.000,10.169,81.8
14.3874,125605,1115424,10.000,10.169,88.0,10.000,10.169,74.7,10.000,10.169,81.8
14.3874,125606,1115429,10.000,9.988,88.0,10.000,10.169,74.7,10.000,10.351,81.8
14.3874,125607,1115434,10.000,10.169,88.0,10.000,10.169,74.7,10.000,10.351,81.8
14.3874,125608,1115439,10.000,9.988,88.0,10.000,10.169,74.7,10.000,10.351,81.8
14.3874,125609,1115444,10.000,10.169,88.0,10.000,10.169,74.7,10.000,10.351,81.8
14.3874,125610,1115449,10.000,10.169,88.0,10.000,10.169,74.7,10.000,10.169,81.8
14.3874,125611,1115454,10.000,9.988,88.0,10.000,9.988,74.7,10.000,10.169,81.8
14.3874,125612,1115459,10.000,10.169,88.0,10.000,9.988,74.7,10.000,10.351,81.8
14.3874,125613,1115464,10.000,9.988,88.0,10.000,9.988,74.7,10.000,10.169,81.8
14.3874,125614,1115469,10.000,10.169,88.0,10.000,9.988,74.7,10.000,10.351,81.8
14.3874,125615,1115474,10.000,9.988,88.0,10.000,9.988,74.7,10.000,10.169,81.8
14.4448,125616,1115479,10.000,10.169,88.0,10.000,10.169,74.7,10.000,10.169,81.8
14.4448,125617,1115484,10.000,10.169,88.0,10.000,9.988,74.7,10.000,10.169,81.8
14.4448,125618,1115489,10.000,10.169,88.0,10.000,9.988,74.7,10.000,10.169,81.8
14.4448,125619,1115494,10.000,10.169,88.0,10.000,9.988,74.7,10.000,10.169,81.8
14.4448,125620,1115499,10.000,10.169,88.0,10.000,9.988,74.7,10.000,10.169,81.8
14.4448,125621,1115504,10.000,10.169,88.0,10.000,9.988,74.7,10.000,10.169,81.8
14.4448,125622,1115509,10.000,10.169,88.0,10.000,9.806,74.7,10.000,9.988,81.8
14.4448,125623,1115514,10.000,10.169,87.6,10.000,9.806,77.5,10.000,10.169,82.2
14.4448,125624,1115519,10.000,10.169,87.6,10.000,9.806,77.5,10.000,9.988,82.2
14.4448,125625,1115524,10.000,10.351,87.6,10.000,9.806,77.5,10.000,10.169,82.2
14.4448,125626,1115529,10.000,10.169,87.6,10.000,9.806,77.5,10.000,10.169,82.2
14.4448,125627,1115534,10.000,10.169,87.6,10.000,9.988,77.5,10.000,9.988,82.2
14.4448,125628,1115539,10.000,10.169,87.6,10.000,9.806,77.5,10.000,10.169,82.2
14.4448,125629,1115544,10.000,10.169,87.6,10.000,9.806,77.5,10.000,9.988,82.2
14.4448,125630,1115549,10.000,9.988,87.6,10.000,9.625,77.5,10.000,10.169,82.2
14.4448,125631,1115554,10.000,10.169,87.6,10.000,9.806,77.5,10.000,10.169,82.2
14.5759,125632,1115559,10.000,9.988,87.6,10.000,9.806,77.5,10.000,10.169,82.2
14.5759,125633,1115564,10.000,10.169,87.6,10.000,9.806,77.5,10.000,10.169,82.2
14.5759,125634,1115569,10.000,10.169,87.6,10.000,9.625,77.5,10.000,10.169,82.2
14.5759,125635,1115574,10.000,9.988,87.6,10.000,9.806,77.5,10.000,10.169,82.2
14.5759,125636,1115579,10.000,10.169,87.6,10.000,9.806,77.5,10.000,10.169,82.2
14.5759,125637,1115584,10.000,9.988,87.6,10.000,9.625,77.5,10.000,10.169,82.2
14.5759,125638,1115589,10.000,9.988,87.6,10.000,9.806,77.5,10.000,10.169,82.2
14.5759,125639,1115594,10.000,9.806,87.6,10.000,9.806,77.5,10.000,10.351,82.2
14.5759,125640,1115599,10.000,9.988,87.6,10.000,9.806,77.5,10.000,10.169,82.2
14.5759,125641,1115604,10.000,9.806,87.6,10.000,9.806,77.5,10.000,10.169,82.2
14.5759,125642,1115609,10.000,9.988,87.6,10.000,9.988,77.5,10.000,10.169,82.2
14.5759,125643,1115614,10.000,9.806,89.6,10.000,9.988,76.7,10.000,10.169,81.8
14.5759,125644,1115619,10.000,9.806,89.6,10.000,9.988,76.7,10.000,10.169,81.8
14.5759,125645,1115624,10.000,9.625,89.6,10.000,9.806,76.7,10.000,10.169,81.8
14.5759,125646,1115629,10.000,9.625,89.6,10.000,9.806,76.7,10.000,10.169,81.8
14.5759,125647,1115634,10.000,9.625,89.6,10.000,9.988,76.7,10.000,10.169,81.8
14.6288,125648,1115639,10.000,9.806,89.6,10.000,9.806,76.7,10.000,10.169,81.8
14.6288,125649,1115644,10.000,9.806,89.6,10.000,9.988,76.7,10.000,10.169,81.8
14.6288,125650,1115649,10.000,9.806,89.6,10.000,10.169,76.7,10.000,10.169,81.8
14.6288,125651,1115654,10.000,9.806,89.6,10.000,9.988,76.7,10.000,10.169,81.8
14.6288,125652,1115659,10.000,9.806,89.6,10.000,9.988,76.7,10.000,10.351,81.8
14.6288,125653,1115664,10.000,9.806,89.6,10.000,10.169,76.7,10.000,10.169,81.8
14.6288,125654,1115669,10.000,9.806,89.6,10.000,10.169,76.7,10.000,10.351,81.8
14.6288,125655,1115674,10.000,9.988,89.6,10.000,10.351,76.7,10.000,10.169,81.8
14.6288,125656,1115679,10.000,9.806,89.6,10.000,10.169,76.7,10.000,10.169,81.8
14.6298,125657,1115684,10.000,9.806,89.6,10.000,10.169,76.7,10.000,10.351,81.8
14.6298,125658,1115689,10.000,9.806,89.6,10.000,10.169,76.7,10.000,10.169,81.8
14.6298,125659,1115694,10.000,9.806,89.6,10.000,10.169,76.7,10.000,10.169,81.8
14.6298,125660,1115699,10.000,9.806,89.6,10.000,10.169,76.7,10.000,10.169,81.8
14.6298,125661,1115704,10.000,9.625,89.6,10.000,10.169,76.7,10.000,10.169,81.8
14.6298,125662,1115709,10.000,9.625,89.6,10.000,10.169,76.7,10.000,10.169,81.8
14.6298,125663,1115714,10.000,9.625,91.1,10.000,10.169,75.6,10.000,10.169,81.4
14.6379,125664,1115719,10.000,9.443,91.1,10.000,10.169,75.6,10.000,10.169,81.4
14.6379,125665,1115724,10.000,9.625,91.1,10.000,10.169,75.6,10.000,10.351,81.4
14.6379,125666,1115729,10.000,9.625,91.1,10.000,10.169,75.6,10.000,10.169,81.4
14.6379,125667,1115734,10.000,9.806,91.1,10.000,10.169,75.6,10.000,10.169,81.4
14.6379,125668,1115739,10.000,9.625,91.1,10.000,10.351,75.6,10.000,10.351,81.4
14.6379,125669,1115744,10.000,9.625,91.1,10.000,10.169,75.6,10.000,10.169,81.4
14.6379,125670,1115749,10.000,9.625,91.1,10.000,10.169,75.6,10.000,10.169,81.4
14.6379,125671,1115754,10.000,9.806,91.1,10.000,10.169,75.6,10.000,10.169,81.4
14.6872,125672,1115759,10.000,9.806,91.1,10.000,10.169,75.6,10.000,10.169,81.4
14.6872,125673,1115764,10.000,9.806,91.1,10.000,9.988,75.6,10.000,10.169,81.4
14.6872,125674,1115769,10.000,9.988,91.1,10.000,10.169,75.6,10.000,9.988,81.4
14.6872,125675,1115774,10.000,9.806,91.1,10.000,9.988,75.6,10.000,9.988,81.4
14.6872,125676,1115779,10.000,9.806,91.1,10.000,10.169,75.6,10.000,9.988,81.4
14.6872,125677,1115784,10.000,9.806,91.1,10.000,10.169,75.6,10.000,9.988,81.4
14.6872,125678,1115789,10.000,9.806,91.1,10.000,9.988,75.6,10.000,9.806,81.4
14.6872,125679,1115794,10.000,9.988,91.1,10.000,10.169,75.6,10.000,9.806,81.4
14.7876,125680,1115799,10.000,9.806,91.1,10.000,9.988,75.6,10.000,9.988,81.4
14.7876,125681,1115804,10.000,9.988,91.1,10.000,10.169,75.6,10.000,9.806,81.4
14.7876,125682,1115809,10.000,9.806,91.1,10.000,9.988,75.6,10.000,9.625,81.4
14.7876,125683,1115814,10.000,9.988,89.7,10.000,10.169,75.2,10.000,9.806,83.4
14.7876,125684,1115819,10.000,9.806,89.7,10.000,9.988,75.2,10.000,9.806,83.4
14.7876,125685,1115824,10.000,9.988,89.7,10.000,10.169,75.2,10.000,9.625,83.4
14.7876,125686,1115829,10.000,9.988,89.7,10.000,9.988,75.2,10.000,9.625,83.4
14.7876,125687,1115834,10.000,9.806,89.7,10.000,9.988,75.2,10.000,9.625,83.4
14.7876,125688,1115839,10.000,9.988,89.7,10.000,9.988,75.2,10.000,9.625,83.4
14.7876,125689,1115844,10.000,9.806,89.7,10.000,9.988,75.2,10.000,9.625,83.4
14.7876,125690,1115849,10.000,9.988,89.7,10.000,9.988,75.2,10.000,9.443,83.4
14.7876,125691,1115854,10.000,9.806,89.7,10.000,9.988,75.2,10.000,9.625,83.4
14.7876,125692,1115859,10.000,9.988,89.7,10.000,9.988,75.2,10.000,9.625,83.4
14.7876,125693,1115864,10.000,9.806,89.7,10.000,9.988,75.2,10.000,9.443,83.4
14.7876,125694,1115869,10.000,9.988,89.7,10.000,9.988,75.2,10.000,9.625,83.4
14.7876,125695,1115874,10.000,9.806,89.7,10.000,9.988,75.2,10.000,9.625,83.4
14.8413,125696,1115879,10.000,9.988,89.7,10.000,9.988,75.2,10.000,9.625,83.4
14.8413,125697,1115884,10.000,9.988,89.7,10.000,9.988,75.2,10.000,9.443,83.4
14.8413,125698,1115889,10.000,9.988,89.7,10.000,9.988,75.2,10.000,9.625,83.4
14.8413,125699,1115894,10.000,10.169,89.7,10.000,9.988,75.2,10.000,9.625,83.4
14.8413,125700,1115899,10.000,9.988,89.7,10.000,9.988,75.2,10.000,9.625,83.4
14.8413,125701,1115904,10.000,9.988,89.7,10.000,9.806,75.2,10.000,9.625,83.4
14.8413,125702,1115909,10.000,9.806,89.7,10.000,9.806,75.2,10.000,9.625,83.4
14.8413,125703,1115914,10.000,9.988,89.7,10.000,9.806,77.1,10.000,9.625,84.9
14.8413,125704,1115919,10.000,9.988,89.7,10.000,9.625,77.1,10.000,9.443,84.9
14.8413,125705,1115924,10.000,9.988,89.7,10.000,9.625,77.1,10.000,9.625,84.9
14.8413,125706,1115929,10.000,9.806,89.7,10.000,9.806,77.1,10.000,9.625,84.9
14.8413,125707,1115934,10.000,9.806,89.7,10.000,9.625,77.1,10.000,9.625,84.9
14.8413,125708,1115939,10.000,9.806,89.7,10.000,9.806,77.1,10.000,9.443,84.9
14.8413,125709,1115944,10.000,9.806,89.7,10.000,9.625,77.1,10.000,9.625,84.9
14.8413,125710,1115949,10.000,9.806,89.7,10.000,9.806,77.1,10.000,9.625,84.9
14.8413,125711,1115954,10.000,9.988,89.7,10.000,9.988,77.1,10.000,9.625,84.9
14.8669,125712,1115959,10.000,10.169,89.7,10.000,9.988,77.1,10.000,9.625,84.9
14.8669,125713,1115964,10.000,9.988,89.7,10.000,9.988,77.1,10.000,9.625,84.9
14.8669,125714,1115969,10.000,9.988,89.7,10.000,10.169,77.1,10.000,9.806,84.9
14.8669,125715,1115974,10.000,10.169,89.7,10.000,10.169,77.1,10.000,9.625,84.9
14.8669,125716,1115979,10.000,10.169,89.7,10.000,10.169,77.1,10.000,9.806,84.9
14.8669,125717,1115984,10.000,10.351,89.7,10.000,10.169,77.1,10.000,9.806,84.9
14.8669,125718,1115989,15.000,10.351,89.7,15.000,10.169,77.1,15.000,9.988,84.9
14.8669,125719,1115994,15.000,10.169,89.7,15.000,9.806,77.1,15.000,9.806,84.9
14.9199,125720,1115999,15.000,10.351,89.7,15.000,9.806,77.1,15.000,9.988,84.9
14.9199,125721,1116004,15.000,10.169,89.7,15.000,9.806,77.1,15.000,9.806,84.9
14.9199,125722,1116009,15.000,10.169,89.7,15.000,9.806,77.1,15.000,9.988,84.9
14.9199,125723,1116014,15.000,10.351,118.9,15.000,9.806,109.0,15.000,9.988,114.9
14.9199,125724,1116019,15.000,10.351,118.9,15.000,9.988,109.0,15.000,9.988,114.9
14.9199,125725,1116024,15.000,10.169,118.9,15.000,9.988,109.0,15.000,9.988,114.9
14.9199,125726,1116029,15.000,10.351,118.9,15.000,9.988,109.0,15.000,9.988,114.9
14.9199,125727,1116034,15.000,10.351,118.9,15.000,10.169,109.0,15.000,10.169,114.9
15.0308,125728,1116039,15.000,10.351,118.9,15.000,10.169,109.0,15.000,10.351,114.9
15.0308,125729,1116044,15.000,10.533,118.9,15.000,10.896,109.0,15.000,10.533,114.9
15.0308,125730,1116049,15.000,10.533,118.9,15.000,10.896,109.0,15.000,10.533,114.9
15.0308,125731,1116054,15.000,10.896,118.9,15.000,11.077,109.0,15.000,10.896,114.9
15.0308,125732,1116059,15.000,10.896,118.9,15.000,11.440,109.0,15.000,10.896,114.9
15.0308,125733,1116064,15.000,11.077,118.9,15.000,11.622,109.0,15.000,11.259,114.9
15.0308,125734,1116069,15.000,10.896,118.9,15.000,11.804,109.0,15.000,11.259,114.9
15.0308,125735,1116074,15.000,11.259,118.9,15.000,11.804,109.0,15.000,11.622,114.9
15.0308,125736,1116079,15.000,11.259,118.9,15.000,11.985,109.0,15.000,11.622,114.9
15.0308,125737,1116084,15.000,11.077,118.9,15.000,12.167,109.0,15.000,11.804,114.9
15.0308,125738,1116089,15.000,11.259,118.9,15.000,11.985,109.0,15.000,11.804,114.9
15.0308,125739,1116094,15.000,11.440,118.9,15.000,11.985,109.0,15.000,11.985,114.9
15.0308,125740,1116099,15.000,11.622,118.9,15.000,12.167,109.0,15.000,12.167,114.9
15.0308,125741,1116104,15.000,11.622,118.9,15.000,12.348,109.0,15.000,12.167,114.9
15.0308,125742,1116109,15.000,11.804,118.9,15.000,12.348,109.0,15.000,12.348,114.9
15.0308,125743,1116114,15.000,11.804,120.3,15.000,11.804,108.2,15.000,12.348,111.4
15.1110,125744,1116119,15.000,12.167,120.3,15.000,11.985,108.2,15.000,12.530,111.4
15.1110,125745,1116124,15.000,12.167,120.3,15.000,12.167,108.2,15.000,12.530,111.4
15.1110,125746,1116129,15.000,12.167,120.3,15.000,12.167,108.2,15.000,12.712,111.4
15.1110,125747,1116134,15.000,12.348,120.3,15.000,12.348,108.2,15.000,12.712,111.4
15.1110,125748,1116139,15.000,12.348,120.3,15.000,12.712,108.2,15.000,12.712,111.4
15.1110,125749,1116144,15.000,12.167,120.3,15.000,12.530,108.2,15.000,12.712,111.4
15.1110,125750,1116149,15.000,12.167,120.3,15.000,12.712,108.2,15.000,12.893,111.4
15.1110,125751,1116154,15.000,12.167,120.3,15.000,12.530,108.2,15.000,12.893,111.4
15.1110,125752,1116159,15.000,11.985,120.3,15.000,12.348,108.2,15.000,12.893,111.4
15.1110,125753,1116164,15.000,12.167,120.3,15.000,13.075,108.2,15.000,12.893,111.4
15.1110,125754,1116169,15.000,12.167,120.3,15.000,12.893,108.2,15.000,12.893,111.4
15.1110,125755,1116174,15.000,11.985,120.3,15.000,13.075,108.2,15.000,12.893,111.4
15.1110,125756,1116179,15.000,12.167,120.3,15.000,13.075,108.2,15.000,13.075,111.4
15.1110,125757,1116184,15.000,12.530,120.3,15.000,12.893,108.2,15.000,13.075,111.4
15.1110,125758,1116189,15.000,12.348,120.3,15.000,12.893,108.2,15.000,13.075,111.4
15.1110,125759,1116194,15.000,12.530,120.3,15.000,13.075,108.2,15.000,13.256,111.4
15.1716,125760,1116199,15.000,12.530,120.3,15.000,13.075,108.2,15.000,13.075,111.4
15.1716,125761,1116204,15.000,12.712,120.3,15.000,13.075,108.2,15.000,13.075,111.4
15.1716,125762,1116209,15.000,12.893,120.3,15.000,13.256,108.2,15.000,13.075,111.4
15.1716,125763,1116214,15.000,12.712,122.0,15.000,13.256,106.4,15.000,13.075,113.1
15.1716,125764,1116219,15.000,12.712,122.0,15.000,13.256,106.4,15.000,13.256,113.1
15.1716,125765,1116224,15.000,13.075,122.0,15.000,13.075,106.4,15.000,13.256,113.1
15.1716,125766,1116229,15.000,12.893,122.0,15.000,13.075,106.4,15.000,13.075,113.1
15.1716,125767,1116234,15.000,12.712,122.0,15.000,13.256,106.4,15.000,13.075,113.1
15.1716,125768,1116239,15.000,13.075,122.0,15.000,13.256,106.4,15.000,13.256,113.1
15.1716,125769,1116244,15.000,13.075,122.0,15.000,13.075,106.4,15.000,13.075,113.1
15.1716,125770,1116249,15.000,13.075,122.0,15.000,13.075,106.4,15.000,13.075,113.1
15.1716,125771,1116254,15.000,12.893,122.0,15.000,13.075,106.4,15.000,13.256,113.1
15.1716,125772,1116259,15.000,13.075,122.0,15.000,12.893,106.4,15.000,13.256,113.1
15.1716,125773,1116264,15.000,13.075,122.0,15.000,12.712,106.4,15.000,13.256,113.1
15.1716,125774,1116269,15.000,12.893,122.0,15.000,12.530,106.4,15.000,13.256,113.1
15.1716,125775,1116274,15.000,12.712,122.0,15.000,12.712,106.4,15.000,13.256,113.1
15.2643,125776,1116279,15.000,13.075,122.0,15.000,12.530,106.4,15.000,13.438,113.1
15.2643,125777,1116284,15.000,12.893,122.0,15.000,12.530,106.4,15.000,13.438,113.1
15.2643,125778,1116289,15.000,12.712,122.0,15.000,12.530,106.4,15.000,13.256,113.1
15.2643,125779,1116294,15.000,12.530,122.0,15.000,12.530,106.4,15.000,13.438,113.1
15.2643,125780,1116299,15.000,12.712,122.0,15.000,12.530,106.4,15.000,13.438,113.1
15.2643,125781,1116304,15.000,12.530,122.0,15.000,12.348,106.4,15.000,13.256,113.1
15.2643,125782,1116309,15.000,12.348,122.0,15.000,12.530,106.4,15.000,13.438,113.1
15.2643,125783,1116314,15.000,12.348,129.7,15.000,12.530,115.3,15.000,13.438,115.3
15.2643,125784,1116319,15.000,12.530,129.7,15.000,12.712,115.3,15.000,13.256,115.3
15.2643,125785,1116324,15.000,12.712,129.7,15.000,12.530,115.3,15.000,13.438,115.3
15.2643,125786,1116329,15.000,12.530,129.7,15.000,12.893,115.3,15.000,13.256,115.3
15.2643,125787,1116334,15.000,12.712,129.7,15.000,12.530,115.3,15.000,13.256,115.3
15.2643,125788,1116339,15.000,12.712,129.7,15.000,12.712,115.3,15.000,13.256,115.3
15.2643,125789,1116344,15.000,13.075,129.7,15.000,12.893,115.3,15.000,13.256,115.3
15.2643,125790,1116349,15.000,12.893,129.7,15.000,12.712,115.3,15.000,13.256,115.3
15.2643,125791,1116354,15.000,13.256,129.7,15.000,12.893,115.3,15.000,13.256,115.3
15.3539,125792,1116359,15.000,13.256,129.7,15.000,13.075,115.3,15.000,13.075,115.3
15.3539,125793,1116364,15.000,13.256,129.7,15.000,13.256,115.3,15.000,13.075,115.3
15.3539,125794,1116369,15.000,13.438,129.7,15.000,13.256,115.3,15.000,13.256,115.3
15.3539,125795,1116374,15.000,13.075,129.7,15.000,13.438,115.3,15.000,13.075,115.3
15.3539,125796,1116379,15.000,13.256,129.7,15.000,13.075,115.3,15.000,13.075,115.3
15.3539,125797,1116384,15.000,13.438,129.7,15.000,13.438,115.3,15.000,13.075,115.3
15.3539,125798,1116389,15.000,13.438,129.7,15.000,12.712,115.3,15.000,13.075,115.3
15.3539,125799,1116394,15.000,13.438,129.7,15.000,12.893,115.3,15.000,12.893,115.3
15.3539,125800,1116399,15.000,13.620,129.7,15.000,13.075,115.3,15.000,13.075,115.3
15.3539,125801,1116404,15.000,13.075,129.7,15.000,13.256,115.3,15.000,13.075,115.3
15.3539,125802,1116409,15.000,13.256,129.7,15.000,13.256,115.3,15.000,13.075,115.3
15.3539,125803,1116414,15.000,13.438,128.8,15.000,12.893,118.5,15.000,13.075,121.2
15.3539,125804,1116419,15.000,13.256,128.8,15.000,12.893,118.5,15.000,12.893,121.2
15.3539,125805,1116424,15.000,13.620,128.8,15.000,12.530,118.5,15.000,12.893,121.2
15.3539,125806,1116429,15.000,13.620,128.8,15.000,12.893,118.5,15.000,12.893,121.2
15.3539,125807,1116434,15.000,13.438,128.8,15.000,12.712,118.5,15.000,13.075,121.2
15.4076,125808,1116439,15.000,13.438,128.8,15.000,13.438,118.5,15.000,13.075,121.2
15.4076,125809,1116444,15.000,13.075,128.8,15.000,13.075,118.5,15.000,13.075,121.2
15.4076,125810,1116449,15.000,13.075,128.8,15.000,13.075,118.5,15.000,12.893,121.2
15.4076,125811,1116454,15.000,13.620,128.8,15.000,13.075,118.5,15.000,13.075,121.2
15.4076,125812,1116459,15.000,13.620,128.8,15.000,13.075,118.5,15.000,13.075,121.2
15.4076,125813,1116464,15.000,13.620,128.8,15.000,13.438,118.5,15.000,13.075,121.2
15.4076,125814,1116469,15.000,13.620,128.8,15.000,13.620,118.5,15.000,13.256,121.2
15.4076,125815,1116474,15.000,13.620,128.8,15.000,13.983,118.5,15.000,13.256,121.2
15.4076,125816,1116479,15.000,13.620,128.8,15.000,13.983,118.5,15.000,13.438,121.2
15.4076,125817,1116484,15.000,13.801,128.8,15.000,14.164,118.5,15.000,13.256,121.2
15.4076,125818,1116489,15.000,13.983,128.8,15.000,14.164,118.5,15.000,13.438,121.2
15.4076,125819,1116494,15.000,14.164,128.8,15.000,14.528,118.5,15.000,13.438,121.2
15.4076,125820,1116499,15.000,14.164,128.8,15.000,14.528,118.5,15.000,13.620,121.2
15.4076,125821,1116504,15.000,14.164,128.8,15.000,14.528,118.5,15.000,13.438,121.2
15.4076,125822,1116509,15.000,14.164,128.8,15.000,14.528,118.5,15.000,13.620,121.2
15.4076,125823,1116514,15.000,13.983,129.0,15.000,14.346,114.1,15.000,13.620,122.1
15.5114,125824,1116519,15.000,13.620,129.0,15.000,14.164,114.1,15.000,13.620,122.1
15.5114,125825,1116524,15.000,13.620,129.0,15.000,14.164,114.1,15.000,13.620,122.1
15.5114,125826,1116529,15.000,13.620,129.0,15.000,14.164,114.1,15.000,13.620,122.1
15.5114,125827,1116534,15.000,13.438,129.0,15.000,13.983,114.1,15.000,13.801,122.1
15.5114,125828,1116539,15.000,13.438,129.0,15.000,13.801,114.1,15.000,13.801,122.1
15.5114,125829,1116544,15.000,13.256,129.0,15.000,13.620,114.1,15.000,13.801,122.1
15.5114,125830,1116549,15.000,13.256,129.0,15.000,13.620,114.1,15.000,13.801,122.1
15.5114,125831,1116554,15.000,13.256,129.0,15.000,13.075,114.1,15.000,13.983,122.1
15.5114,125832,1116559,15.000,13.256,129.0,15.000,13.075,114.1,15.000,13.801,122.1
15.5114,125833,1116564,15.000,13.256,129.0,15.000,13.075,114.1,15.000,13.983,122.1
15.5114,125834,1116569,15.000,13.801,129.0,15.000,13.075,114.1,15.000,13.983,122.1
15.5114,125835,1116574,15.000,13.801,129.0,15.000,12.893,114.1,15.000,14.164,122.1
15.5114,125836,1116579,15.000,13.801,129.0,15.000,12.893,114.1,15.000,13.983,122.1
15.5114,125837,1116584,15.000,13.620,129.0,15.000,13.075,114.1,15.000,13.983,122.1
15.5114,125838,1116589,15.000,13.620,129.0,15.000,12.893,114.1,15.000,13.983,122.1
15.5114,125839,1116594,15.000,13.983,129.0,15.000,13.075,114.1,15.000,14.164,122.1
15.5691,125840,1116599,15.000,13.983,129.0,15.000,12.893,114.1,15.000,13.983,122.1
15.5691,125841,1116604,15.000,13.983,129.0,15.000,13.075,114.1,15.000,13.983,122.1
15.5691,125842,1116609,15.000,13.983,129.0,15.000,13.075,114.1,15.000,14.164,122.1
15.5701,125843,1116614,15.000,14.164,130.3,15.000,13.075,123.9,15.000,14.164,121.9
15.5701,125844,1116619,15.000,14.164,130.3,15.000,13.256,123.9,15.000,14.164,121.9
15.5701,125845,1116624,15.000,14.164,130.3,15.000,13.438,123.9,15.000,14.164,121.9
15.5701,125846,1116629,15.000,14.164,130.3,15.000,13.438,123.9,15.000,14.164,121.9
15.5701,125847,1116634,15.000,14.346,130.3,15.000,13.256,123.9,15.000,14.164,121.9
15.5701,125848,1116639,15.000,14.346,130.3,15.000,13.620,123.9,15.000,14.164,121.9
15.5701,125849,1116644,15.000,14.346,130.3,15.000,13.620,123.9,15.000,14.164,121.9
15.5701,125850,1116649,15.000,14.346,130.3,15.000,13.620,123.9,15.000,14.346,121.9
15.5701,125851,1116654,15.000,14.346,130.3,15.000,13.801,123.9,15.000,14.346,121.9
15.5701,125852,1116659,15.000,13.983,130.3,15.000,13.801,123.9,15.000,14.164,121.9
15.5701,125853,1116664,15.000,13.983,130.3,15.000,13.801,123.9,15.000,14.164,121.9
15.5701,125854,1116669,15.000,13.983,130.3,15.000,13.801,123.9,15.000,14.164,121.9
15.5701,125855,1116674,15.000,13.983,130.3,15.000,13.801,123.9,15.000,14.164,121.9
15.6672,125856,1116679,15.000,13.983,130.3,15.000,13.620,123.9,15.000,14.346,121.9
15.6672,125857,1116684,15.000,13.983,130.3,15.000,13.620,123.9,15.000,14.346,121.9
15.6672,125858,1116689,15.000,13.983,130.3,15.000,13.801,123.9,15.000,14.346,121.9
15.6672,125859,1116694,15.000,13.801,130.3,15.000,13.438,123.9,15.000,14.164,121.9
15.6672,125860,1116699,15.000,13.801,130.3,15.000,13.620,123.9,15.000,14.164,121.9
15.6672,125861,1116704,15.000,13.801,130.3,15.000,13.801,123.9,15.000,14.164,121.9
15.6672,125862,1116709,15.000,14.164,130.3,15.000,13.983,123.9,15.000,14.346,121.9
15.6672,125863,1116714,15.000,14.164,132.2,15.000,13.620,124.7,15.000,14.346,122.7
15.6672,125864,1116719,15.000,13.983,132.2,15.000,13.438,124.7,15.000,14.346,122.7
15.6672,125865,1116724,15.000,13.801,132.2,15.000,13.256,124.7,15.000,14.346,122.7
15.6672,125866,1116729,15.000,13.801,132.2,15.000,13.438,124.7,15.000,14.164,122.7
15.6672,125867,1116734,15.000,13.983,132.2,15.000,13.620,124.7,15.000,14.164,122.7
15.6672,125868,1116739,15.000,14.164,132.2,15.000,13.256,124.7,15.000,14.164,122.7
15.6672,125869,1116744,15.000,13.983,132.2,15.000,13.801,124.7,15.000,14.346,122.7
15.6672,125870,1116749,15.000,13.983,132.2,15.000,13.620,124.7,15.000,14.346,122.7
15.6672,125871,1116754,15.000,13.801,132.2,15.000,13.256,124.7,15.000,14.346,122.7
15.7172,125872,1116759,15.000,13.801,132.2,15.000,13.256,124.7,15.000,14.346,122.7
15.7172,125873,1116764,15.000,13.801,132.2,15.000,13.620,124.7,15.000,14.346,122.7
15.7172,125874,1116769,15.000,13.801,132.2,15.000,13.801,124.7,15.000,14.164,122.7
15.7172,125875,1116774,15.000,13.983,132.2,15.000,13.983,124.7,15.000,14.164,122.7
15.7172,125876,1116779,15.000,13.983,132.2,15.000,13.983,124.7,15.000,14.346,122.7
15.7172,125877,1116784,15.000,13.983,132.2,15.000,14.164,124.7,15.000,14.346,122.7
15.7172,125878,1116789,15.000,13.801,132.2,15.000,14.346,124.7,15.000,14.346,122.7
15.7172,125879,1116794,15.000,13.983,132.2,15.000,14.346,124.7,15.000,14.164,122.7
15.7172,125880,1116799,15.000,13.983,132.2,15.000,14.346,124.7,15.000,14.164,122.7
15.7172,125881,1116804,15.000,13.983,132.2,15.000,14.346,124.7,15.000,14.164,122.7
15.7172,125882,1116809,15.000,13.983,132.2,15.000,14.346,124.7,15.000,14.164,122.7
15.7172,125883,1116814,15.000,13.983,135.3,15.000,14.528,122.1,15.000,13.983,126.5
15.7172,125884,1116819,15.000,14.164,135.3,15.000,14.709,122.1,15.000,14.164,126.5
15.7172,125885,1116824,15.000,14.164,135.3,15.000,14.709,122.1,15.000,14.164,126.5
15.7172,125886,1116829,15.000,13.983,135.3,15.000,14.346,122.1,15.000,13.983,126.5
15.7172,125887,1116834,15.000,13.983,135.3,15.000,14.346,122.1,15.000,13.983,126.5
15.7684,125888,1116839,15.000,13.983,135.3,15.000,14.346,122.1,15.000,13.983,126.5
15.7684,125889,1116844,15.000,14.346,135.3,15.000,14.164,122.1,15.000,13.983,126.5
15.7684,125890,1116849,15.000,14.346,135.3,15.000,14.346,122.1,15.000,13.983,126.5
15.7684,125891,1116854,15.000,14.528,135.3,15.000,14.709,122.1,15.000,13.983,126.5
15.7684,125892,1116859,15.000,14.528,135.3,15.000,14.528,122.1,15.000,13.801,126.5
15.7684,125893,1116864,15.000,14.528,135.3,15.000,14.709,122.1,15.000,13.983,126.5
15.7684,125894,1116869,15.000,14.528,135.3,15.000,14.528,122.1,15.000,13.983,126.5
15.7684,125895,1116874,15.000,14.528,135.3,15.000,14.346,122.1,15.000,13.801,126.5
15.8662,125896,1116879,15.000,14.709,135.3,15.000,14.891,122.1,15.000,13.983,126.5
15.8662,125897,1116884,15.000,14.891,135.3,15.000,14.709,122.1,15.000,13.983,126.5
15.8662,125898,1116889,15.000,14.891,135.3,15.000,14.709,122.1,15.000,13.983,126.5
15.8662,125899,1116894,15.000,14.709,135.3,15.000,14.528,122.1,15.000,13.983,126.5
15.8662,125900,1116899,15.000,14.709,135.3,15.000,14.528,122.1,15.000,13.983,126.5
15.8662,125901,1116904,15.000,14.709,135.3,15.000,14.528,122.1,15.000,13.983,126.5
15.8662,125902,1116909,15.000,14.709,135.3,15.000,14.709,122.1,15.000,13.983,126.5
15.8662,125903,1116914,15.000,14.891,131.8,15.000,14.528,123.3,15.000,13.983,128.8
15.8662,125904,1116919,15.000,14.891,131.8,15.000,14.528,123.3,15.000,13.983,128.8
15.8662,125905,1116924,15.000,14.891,131.8,15.000,14.891,123.3,15.000,14.164,128.8
15.8662,125906,1116929,15.000,14.891,131.8,15.000,14.528,123.3,15.000,14.164,128.8
15.8662,125907,1116934,15.000,14.891,131.8,15.000,14.528,123.3,15.000,14.164,128.8
15.8662,125908,1116939,15.000,14.891,131.8,15.000,14.346,123.3,15.000,13.983,128.8
15.8662,125909,1116944,15.000,14.891,131.8,15.000,14.528,123.3,15.000,14.164,128.8
15.8662,125910,1116949,15.000,14.891,131.8,15.000,14.528,123.3,15.000,14.164,128.8
15.8662,125911,1116954,15.000,14.891,131.8,15.000,14.709,123.3,15.000,14.164,128.8
15.9426,125912,1116959,15.000,14.891,131.8,15.000,14.528,123.3,15.000,14.346,128.8
15.9426,125913,1116964,15.000,14.709,131.8,15.000,14.528,123.3,15.000,14.346,128.8
15.9426,125914,1116969,15.000,14.528,131.8,15.000,14.709,123.3,15.000,14.346,128.8
15.9426,125915,1116974,15.000,14.528,131.8,15.000,14.528,123.3,15.000,14.346,128.8
15.9426,125916,1116979,15.000,14.709,131.8,15.000,14.891,123.3,15.000,14.346,128.8
15.9426,125917,1116984,15.000,14.528,131.8,15.000,14.891,123.3,15.000,14.346,128.8
15.9426,125918,1116989,15.000,14.528,131.8,15.000,15.072,123.3,15.000,14.528,128.8
15.9426,125919,1116994,15.000,14.528,131.8,15.000,15.254,123.3,15.000,14.528,128.8
15.9426,125920,1116999,15.000,14.528,131.8,15.000,15.254,123.3,15.000,14.528,128.8
15.9426,125921,1117004,15.000,14.528,131.8,15.000,14.891,123.3,15.000,14.709,128.8
15.9426,125922,1117009,15.000,14.528,131.8,15.000,15.072,123.3,15.000,14.709,128.8
15.9426,125923,1117014,15.000,14.528,134.5,15.000,15.072,120.9,15.000,14.709,126.5
15.9426,125924,1117019,15.000,14.709,134.5,15.000,15.072,120.9,15.000,14.709,126.5
15.9426,125925,1117024,15.000,14.709,134.5,15.000,15.072,120.9,15.000,14.709,126.5
15.9426,125926,1117029,15.000,14.528,134.5,15.000,14.891,120.9,15.000,14.709,126.5
15.9426,125927,1117034,15.000,14.709,134.5,15.000,15.072,120.9,15.000,14.709,126.5
16.0264,125928,1117039,15.000,14.709,134.5,15.000,14.528,120.9,15.000,14.891,126.5
16.0264,125929,1117044,15.000,14.346,134.5,15.000,14.346,120.9,15.000,14.891,126.5
16.0264,125930,1117049,15.000,14.346,134.5,15.000,14.346,120.9,15.000,14.891,126.5
16.0264,125931,1117054,15.000,14.346,134.5,15.000,14.709,120.9,15.000,14.709,126.5
16.0264,125932,1117059,15.000,14.346,134.5,15.000,14.528,120.9,15.000,14.709,126.5
16.0264,125933,1117064,15.000,14.346,134.5,15.000,14.346,120.9,15.000,14.709,126.5
16.0264,125934,1117069,15.000,14.346,134.5,15.000,14.164,120.9,15.000,14.709,126.5
16.0264,125935,1117074,15.000,14.346,134.5,15.000,14.346,120.9,15.000,14.709,126.5
16.0264,125936,1117079,15.000,14.346,134.5,15.000,14.164,120.9,15.000,14.709,126.5
16.0264,125937,1117084,15.000,14.164,134.5,15.000,13.801,120.9,15.000,14.709,126.5
16.0264,125938,1117089,15.000,14.346,134.5,15.000,14.528,120.9,15.000,14.709,126.5
16.0264,125939,1117094,15.000,14.709,134.5,15.000,14.346,120.9,15.000,14.709,126.5
16.0264,125940,1117099,15.000,14.709,134.5,15.000,14.164,120.9,15.000,14.709,126.5
16.0264,125941,1117104,15.000,14.709,134.5,15.000,13.983,120.9,15.000,14.709,126.5
16.0264,125942,1117109,15.000,14.709,134.5,15.000,13.983,120.9,15.000,14.709,126.5
16.0264,125943,1117114,15.000,14.528,135.5,15.000,13.983,127.8,15.000,14.891,126.1
16.0830,125944,1117119,15.000,14.709,135.5,15.000,13.983,127.8,15.000,14.891,126.1
16.0830,125945,1117124,15.000,14.709,135.5,15.000,13.801,127.8,15.000,14.891,126.1
16.0830,125946,1117129,15.000,14.709,135.5,15.000,13.801,127.8,15.000,14.891,126.1
16.0830,125947,1117134,15.000,14.709,135.5,15.000,13.801,127.8,15.000,14.891,126.1
16.0830,125948,1117139,15.000,14.346,135.5,15.000,13.438,127.8,15.000,14.709,126.1
16.0830,125949,1117144,15.000,14.346,135.5,15.000,13.801,127.8,15.000,14.891,126.1
16.0830,125950,1117149,15.000,14.346,135.5,15.000,13.983,127.8,15.000,14.891,126.1
16.0830,125951,1117154,15.000,14.528,135.5,15.000,14.164,127.8,15.000,14.891,126.1
16.0830,125952,1117159,15.000,14.528,135.5,15.000,13.983,127.8,15.000,14.891,126.1
16.0830,125953,1117164,15.000,14.709,135.5,15.000,14.164,127.8,15.000,14.709,126.1
16.0830,125954,1117169,15.000,14.528,135.5,15.000,14.346,127.8,15.000,14.709,126.1
16.0830,125955,1117174,15.000,14.346,135.5,15.000,14.346,127.8,15.000,14.709,126.1
16.0830,125956,1117179,15.000,14.346,135.5,15.000,14.709,127.8,15.000,14.891,126.1
16.0830,125957,1117184,15.000,14.346,135.5,15.000,14.891,127.8,15.000,14.891,126.1
16.0830,125958,1117189,15.000,14.346,135.5,15.000,15.254,127.8,15.000,14.891,126.1
16.0830,125959,1117194,15.000,14.346,135.5,15.000,15.072,127.8,15.000,14.709,126.1
16.2100,125960,1117199,15.000,14.164,135.5,15.000,15.072,127.8,15.000,14.709,126.1
16.2100,125961,1117204,15.000,13.983,135.5,15.000,14.891,127.8,15.000,14.709,126.1
16.2100,125962,1117209,15.000,13.983,135.5,15.000,15.254,127.8,15.000,14.709,126.1
16.2100,125963,1117214,15.000,13.983,140.1,15.000,15.436,120.7,15.000,14.709,127.5
16.2100,125964,1117219,15.000,13.983,140.1,15.000,15.254,120.7,15.000,14.709,127.5
16.2100,125965,1117224,15.000,14.164,140.1,15.000,15.436,120.7,15.000,14.709,127.5
16.2100,125966,1117229,15.000,14.164,140.1,15.000,15.072,120.7,15.000,14.528,127.5
16.2100,125967,1117234,15.000,14.164,140.1,15.000,14.891,120.7,15.000,14.709,127.5
16.2100,125968,1117239,15.000,14.346,140.1,15.000,14.709,120.7,15.000,14.528,127.5
16.2100,125969,1117244,15.000,14.528,140.1,15.000,14.709,120.7,15.000,14.528,127.5
16.2100,125970,1117249,15.000,14.709,140.1,15.000,14.891,120.7,15.000,14.528,127.5
16.2100,125971,1117254,15.000,14.709,140.1,15.000,14.891,120.7,15.000,14.528,127.5
16.2100,125972,1117259,15.000,14.891,140.1,15.000,14.528,120.7,15.000,14.528,127.5
16.2100,125973,1117264,15.000,14.891,140.1,15.000,14.346,120.7,15.000,14.528,127.5
16.2100,125974,1117269,15.000,14.891,140.1,15.000,14.346,120.7,15.000,14.528,127.5
16.2100,125975,1117274,15.000,14.891,140.1,15.000,14.346,120.7,15.000,14.528,127.5
16.3298,125976,1117279,15.000,15.072,140.1,15.000,14.164,120.7,15.000,14.528,127.5
16.3298,125977,1117284,15.000,15.072,140.1,15.000,14.346,120.7,15.000,14.346,127.5
16.3298,125978,1117289,15.000,15.254,140.1,15.000,14.346,120.7,15.000,14.528,127.5
16.3298,125979,1117294,15.000,15.072,140.1,15.000,14.346,120.7,15.000,14.346,127.5
16.3298,125980,1117299,15.000,15.072,140.1,15.000,13.983,120.7,15.000,14.346,127.5
16.3298,125981,1117304,15.000,15.254,140.1,15.000,13.983,120.7,15.000,14.346,127.5
16.3298,125982,1117309,15.000,14.891,140.1,15.000,14.164,120.7,15.000,14.346,127.5
16.3298,125983,1117314,15.000,14.891,136.5,15.000,14.346,126.8,15.000,14.346,130.5
16.3298,125984,1117319,15.000,14.891,136.5,15.000,14.346,126.8,15.000,14.346,130.5
16.3298,125985,1117324,15.000,15.072,136.5,15.000,14.164,126.8,15.000,14.346,130.5
16.3298,125986,1117329,15.000,14.891,136.5,15.000,14.709,126.8,15.000,14.164,130.5
16.3298,125987,1117334,15.000,15.072,136.5,15.000,14.528,126.8,15.000,14.164,130.5
16.3298,125988,1117339,15.000,14.709,136.5,15.000,14.528,126.8,15.000,14.164,130.5
16.3298,125989,1117344,15.000,14.891,136.5,15.000,14.709,126.8,15.000,14.346,130.5
16.3298,125990,1117349,15.000,14.891,136.5,15.000,14.891,126.8,15.000,14.346,130.5
16.3298,125991,1117354,15.000,14.709,136.5,15.000,14.891,126.8,15.000,14.346,130.5
16.4045,125992,1117359,15.000,15.072,136.5,15.000,14.709,126.8,15.000,14.346,130.5
16.4045,125993,1117364,15.000,15.072,136.5,15.000,14.346,126.8,15.000,14.346,130.5
16.4045,125994,1117369,15.000,15.072,136.5,15.000,14.528,126.8,15.000,14.346,130.5
16.4045,125995,1117374,15.000,15.072,136.5,15.000,14.528,126.8,15.000,14.346,130.5
16.4045,125996,1117379,15.000,15.072,136.5,15.000,14.528,126.8,15.000,14.528,130.5
16.4045,125997,1117384,15.000,15.072,136.5,15.000,14.346,126.8,15.000,14.528,130.5
16.4045,125998,1117389,15.000,15.254,136.5,15.000,14.164,126.8,15.000,14.709,130.5
16.4045,125999,1117394,15.000,15.072,136.5,15.000,13.983,126.8,15.000,14.709,130.5
16.4045,126000,1117399,15.000,15.254,136.5,15.000,14.164,126.8,15.000,14.709,130.5
16.4045,126001,1117404,15.000,15.254,136.5,15.000,14.164,126.8,15.000,14.709,130.5
16.4045,126002,1117409,15.000,15.072,136.5,15.000,14.528,126.8,15.000,14.709,130.5
16.4045,126003,1117414,15.000,15.254,134.6,15.000,14.528,127.1,15.000,14.709,129.6
16.4045,126004,1117419,15.000,15.254,134.6,15.000,14.346,127.1,15.000,14.891,129.6
16.4045,126005,1117424,15.000,15.072,134.6,15.000,14.164,127.1,15.000,14.891,129.6
16.4045,126006,1117429,15.000,15.254,134.6,15.000,13.983,127.1,15.000,14.891,129.6
16.4045,126007,1117434,15.000,15.072,134.6,15.000,14.346,127.1,15.000,14.891,129.6
16.5118,126008,1117461,15.000,21.973,134.6,15.000,21.791,127.1,15.000,21.428,129.6
16.5118,126009,1117466,15.000,21.791,134.6,15.000,21.610,127.1,15.000,21.428,129.6
16.5118,126010,1117471,15.000,21.610,134.6,15.000,21.428,127.1,15.000,21.428,129.6
16.5118,126011,1117476,15.000,21.791,134.6,15.000,21.428,127.1,15.000,21.428,129.6
16.5118,126012,1117481,15.000,21.791,134.6,15.000,21.428,127.1,15.000,21.428,129.6
16.5118,126013,1117486,15.000,21.610,134.6,15.000,21.610,127.1,15.000,21.610,129.6
16.5118,126014,1117491,15.000,21.610,134.6,15.000,21.791,127.1,15.000,21.428,129.6
16.5118,126015,1117496,15.000,21.791,134.6,15.000,22.155,127.1,15.000,21.428,129.6
16.5128,126016,1117501,15.000,21.610,134.6,15.000,22.155,127.1,15.000,21.428,129.6
16.5128,126017,1117506,15.000,21.610,134.6,15.000,22.155,127.1,15.000,21.610,129.6
16.5128,126018,1117511,15.000,14.709,134.6,15.000,14.709,127.1,15.000,14.891,129.6
16.5128,126019,1117516,15.000,15.072,135.2,15.000,14.709,127.0,15.000,14.891,129.2
16.5128,126020,1117521,15.000,15.072,135.2,15.000,14.528,127.0,15.000,15.072,129.2
16.5128,126021,1117526,15.000,14.891,135.2,15.000,14.528,127.0,15.000,15.072,129.2
16.5128,126022,1117531,15.000,14.891,135.2,15.000,14.346,127.0,15.000,15.072,129.2
16.5128,126023,1117536,15.000,15.072,135.2,15.000,14.346,127.0,15.000,14.891,129.2
16.5128,126024,1117541,15.000,15.072,135.2,15.000,14.346,127.0,15.000,15.072,129.2
16.5128,126025,1117546,15.000,14.891,135.2,15.000,14.164,127.0,15.000,15.072,129.2
16.5128,126026,1117551,15.000,14.891,135.2,15.000,14.346,127.0,15.000,15.072,129.2
16.5128,126027,1117556,15.000,14.891,135.2,15.000,14.346,127.0,15.000,14.891,129.2
16.5128,126028,1117561,15.000,14.891,135.2,15.000,14.709,127.0,15.000,15.072,129.2
16.5128,126029,1117566,15.000,14.709,135.2,15.000,14.709,127.0,15.000,15.072,129.2
16.5128,126030,1117571,15.000,14.709,135.2,15.000,15.072,127.0,15.000,14.891,129.2
16.5128,126031,1117576,15.000,14.709,135.2,15.000,15.254,127.0,15.000,15.072,129.2
16.5691,126032,1117581,15.000,14.709,135.2,15.000,15.072,127.0,15.000,15.072,129.2
16.5691,126033,1117586,15.000,14.528,135.2,15.000,15.254,127.0,15.000,15.254,129.2
16.5701,126034,1117591,15.000,14.528,135.2,15.000,14.891,127.0,15.000,15.072,129.2
16.5701,126035,1117596,15.000,14.346,135.2,15.000,15.072,127.0,15.000,15.072,129.2
16.5701,126036,1117601,15.000,14.346,135.2,15.000,14.891,127.0,15.000,15.254,129.2
16.5701,126037,1117606,15.000,14.346,135.2,15.000,14.709,127.0,15.000,15.254,129.2
16.5701,126038,1117611,15.000,14.346,135.2,15.000,14.346,127.0,15.000,15.072,129.2
16.5701,126039,1117616,15.000,14.346,139.7,15.000,14.709,127.7,15.000,15.072,128.3
16.5701,126040,1117621,15.000,14.346,139.7,15.000,14.528,127.7,15.000,15.254,128.3
16.5701,126041,1117626,15.000,14.346,139.7,15.000,14.164,127.7,15.000,15.072,128.3
16.5701,126042,1117631,15.000,14.346,139.7,15.000,14.528,127.7,15.000,15.072,128.3
16.5701,126043,1117636,15.000,14.346,139.7,15.000,14.346,127.7,15.000,14.891,128.3
16.5701,126044,1117641,15.000,14.346,139.7,15.000,14.709,127.7,15.000,15.072,128.3
16.5701,126045,1117646,15.000,14.346,139.7,15.000,13.983,127.7,15.000,15.072,128.3
16.5701,126046,1117651,15.000,14.346,139.7,15.000,13.801,127.7,15.000,14.891,128.3
16.5701,126047,1117656,15.000,14.164,139.7,15.000,13.075,127.7,15.000,14.891,128.3
16.6686,126048,1117661,15.000,14.164,139.7,15.000,13.438,127.7,15.000,14.891,128.3
16.6686,126049,1117666,15.000,13.801,139.7,15.000,13.075,127.7,15.000,14.891,128.3
16.6686,126050,1117671,15.000,13.983,139.7,15.000,13.075,127.7,15.000,14.709,128.3
16.6686,126051,1117676,15.000,13.801,139.7,15.000,13.438,127.7,15.000,14.891,128.3
16.6686,126052,1117681,15.000,13.801,139.7,15.000,13.256,127.7,15.000,14.891,128.3
16.6686,126053,1117686,15.000,13.983,139.7,15.000,13.438,127.7,15.000,14.891,128.3
16.6686,126054,1117691,15.000,13.983,139.7,15.000,13.256,127.7,15.000,14.528,128.3
16.6686,126055,1117696,15.000,14.164,139.7,15.000,13.256,127.7,15.000,14.709,128.3
16.6696,126056,1117701,15.000,14.164,139.7,15.000,13.620,127.7,15.000,14.528,128.3
16.6696,126057,1117706,15.000,14.528,139.7,15.000,14.528,127.7,15.000,14.709,128.3
16.6696,126058,1117711,15.000,14.528,139.7,15.000,14.346,127.7,15.000,14.528,128.3
16.6696,126059,1117716,15.000,14.891,137.6,15.000,14.164,131.9,15.000,14.528,131.7
16.6696,126060,1117721,15.000,14.891,137.6,15.000,14.164,131.9,15.000,14.528,131.7
16.6696,126061,1117726,15.000,15.072,137.6,15.000,13.983,131.9,15.000,14.346,131.7
16.6696,126062,1117731,15.000,15.254,137.6,15.000,13.983,131.9,15.000,14.346,131.7
16.6696,126063,1117736,15.000,15.072,137.6,15.000,13.983,131.9,15.000,14.346,131.7
16.7271,126064,1117741,15.000,15.254,137.6,15.000,14.164,131.9,15.000,14.528,131.7
16.7271,126065,1117746,15.000,15.254,137.6,15.000,14.709,131.9,15.000,14.346,131.7
16.7271,126066,1117751,15.000,15.254,137.6,15.000,14.709,131.9,15.000,14.528,131.7
16.7271,126067,1117756,15.000,15.254,137.6,15.000,14.891,131.9,15.000,14.346,131.7
16.7271,126068,1117761,15.000,15.254,137.6,15.000,14.891,131.9,15.000,14.528,131.7
16.7271,126069,1117766,15.000,15.436,137.6,15.000,15.436,131.9,15.000,14.528,131.7
16.7271,126070,1117771,15.000,15.254,137.6,15.000,15.617,131.9,15.000,14.528,131.7
16.7271,126071,1117776,15.000,15.254,137.6,15.000,15.799,131.9,15.000,14.528,131.7
16.7281,126072,1117781,15.000,15.254,137.6,15.000,15.980,131.9,15.000,14.528,131.7
16.7281,126073,1117786,15.000,15.072,137.6,15.000,15.799,131.9,15.000,14.528,131.7
16.7281,126074,1117791,15.000,15.072,137.6,15.000,15.799,131.9,15.000,14.709,131.7
16.7281,126075,1117796,15.000,15.072,137.6,15.000,15.980,131.9,15.000,14.709,131.7
16.7281,126076,1117801,15.000,15.072,137.6,15.000,15.980,131.9,15.000,14.709,131.7
16.7281,126077,1117806,15.000,15.072,137.6,15.000,15.980,131.9,15.000,14.709,131.7
16.7281,126078,1117811,15.000,15.072,137.6,15.000,16.162,131.9,15.000,14.709,131.7
16.7281,126079,1117816,15.000,14.891,137.9,15.000,15.980,122.0,15.000,14.709,131.5
16.7857,126080,1117821,15.000,15.072,137.9,15.000,15.980,122.0,15.000,14.891,131.5
16.7857,126081,1117826,15.000,15.072,137.9,15.000,15.980,122.0,15.000,14.891,131.5
16.7857,126082,1117831,15.000,14.891,137.9,15.000,15.980,122.0,15.000,14.891,131.5
16.7857,126083,1117836,15.000,15.254,137.9,15.000,15.980,122.0,15.000,14.891,131.5
16.7857,126084,1117841,15.000,15.072,137.9,15.000,15.799,122.0,15.000,14.891,131.5
16.7857,126085,1117846,15.000,15.072,137.9,15.000,15.799,122.0,15.000,14.891,131.5
16.7857,126086,1117851,15.000,15.254,137.9,15.000,15.617,122.0,15.000,14.891,131.5
16.7857,126087,1117856,15.000,15.072,137.9,15.000,15.617,122.0,15.000,14.891,131.5
16.7869,126088,1117861,15.000,15.254,137.9,15.000,15.617,122.0,15.000,15.072,131.5
16.7869,126089,1117866,15.000,15.254,137.9,15.000,15.617,122.0,15.000,15.072,131.5
16.7869,126090,1117871,15.000,15.072,137.9,15.000,15.436,122.0,15.000,14.891,131.5
16.7869,126091,1117876,15.000,15.254,137.9,15.000,14.709,122.0,15.000,14.891,131.5
16.7869,126092,1117881,15.000,15.254,137.9,15.000,14.346,122.0,15.000,15.072,131.5
16.7869,126093,1117886,15.000,15.072,137.9,15.000,14.164,122.0,15.000,15.072,131.5
16.7869,126094,1117891,15.000,15.254,137.9,15.000,14.164,122.0,15.000,14.891,131.5
16.7869,126095,1117896,15.000,15.254,137.9,15.000,14.164,122.0,15.000,15.072,131.5
16.8467,126096,1117901,15.000,15.254,137.9,15.000,13.983,122.0,15.000,15.072,131.5
16.8467,126097,1117906,15.000,15.254,137.9,15.000,13.620,122.0,15.000,15.072,131.5
16.8467,126098,1117911,15.000,15.072,137.9,15.000,13.256,122.0,15.000,15.072,131.5
16.8467,126099,1117916,15.000,15.254,135.8,15.000,13.256,137.5,15.000,15.072,129.9
16.8467,126100,1117921,15.000,15.254,135.8,15.000,13.256,137.5,15.000,15.072,129.9
16.8467,126101,1117926,15.000,15.072,135.8,15.000,13.801,137.5,15.000,15.254,129.9
16.8467,126102,1117931,15.000,15.254,135.8,15.000,13.983,137.5,15.000,15.072,129.9
16.8467,126103,1117936,15.000,15.072,135.8,15.000,13.801,137.5,15.000,15.254,129.9
16.9753,126104,1117941,15.000,15.072,135.8,15.000,13.620,137.5,15.000,15.254,129.9
16.9753,126105,1117946,15.000,15.072,135.8,15.000,13.620,137.5,15.000,15.072,129.9
16.9753,126106,1117951,15.000,14.891,135.8,15.000,13.075,137.5,15.000,15.254,129.9
16.9753,126107,1117956,15.000,15.072,135.8,15.000,13.256,137.5,15.000,15.254,129.9
16.9753,126108,1117961,15.000,15.072,135.8,15.000,13.438,137.5,15.000,15.072,129.9
16.9753,126109,1117966,15.000,14.891,135.8,15.000,13.075,137.5,15.000,15.254,129.9
16.9753,126110,1117971,15.000,14.891,135.8,15.000,12.893,137.5,15.000,15.254,129.9
16.9753,126111,1117976,15.000,15.072,135.8,15.000,13.075,137.5,15.000,15.072,129.9
16.9753,126112,1117981,15.000,14.891,135.8,15.000,13.256,137.5,15.000,15.254,129.9
16.9753,126113,1117986,15.000,15.072,135.8,15.000,13.801,137.5,15.000,15.072,129.9
16.9753,126114,1117991,15.000,14.891,135.8,15.000,14.164,137.5,15.000,15.072,129.9
16.9753,126115,1117996,15.000,14.891,135.8,15.000,13.801,137.5,15.000,15.254,129.9
16.9753,126116,1118001,15.000,14.891,135.8,15.000,14.346,137.5,15.000,15.072,129.9
16.9753,126117,1118006,15.000,14.346,135.8,15.000,13.983,137.5,15.000,15.072,129.9
16.9753,126118,1118011,15.000,14.346,135.8,15.000,14.164,137.5,15.000,15.254,129.9
16.9753,126119,1118016,15.000,14.346,141.1,15.000,14.709,131.9,15.000,15.072,129.7
17.0697,126120,1118021,15.000,14.346,141.1,15.000,14.891,131.9,15.000,15.072,129.7
17.0697,126121,1118026,15.000,14.164,141.1,15.000,14.709,131.9,15.000,15.254,129.7
17.0697,126122,1118031,15.000,13.620,141.1,15.000,14.346,131.9,15.000,15.072,129.7
17.0697,126123,1118036,15.000,13.620,141.1,15.000,14.346,131.9,15.000,15.254,129.7
17.0697,126124,1118041,15.000,13.438,141.1,15.000,14.346,131.9,15.000,15.254,129.7
17.0697,126125,1118046,15.000,13.438,141.1,15.000,14.528,131.9,15.000,15.072,129.7
17.0697,126126,1118051,15.000,13.620,141.1,15.000,14.891,131.9,15.000,15.072,129.7
17.0697,126127,1118056,15.000,13.983,141.1,15.000,15.436,131.9,15.000,15.254,129.7
17.0697,126128,1118061,15.000,13.801,141.1,15.000,15.436,131.9,15.000,15.072,129.7
17.0697,126129,1118066,15.000,13.801,141.1,15.000,15.436,131.9,15.000,15.072,129.7
17.0697,126130,1118071,15.000,13.983,141.1,15.000,15.617,131.9,15.000,15.072,129.7
17.0697,126131,1118076,15.000,13.983,141.1,15.000,15.254,131.9,15.000,15.072,129.7
17.0697,126132,1118081,15.000,14.528,141.1,15.000,15.617,131.9,15.000,15.072,129.7
17.0697,126133,1118086,15.000,14.709,141.1,15.000,15.617,131.9,15.000,14.891,129.7
17.0697,126134,1118091,15.000,14.891,141.1,15.000,15.617,131.9,15.000,14.891,129.7
17.0697,126135,1118096,15.000,14.891,141.1,15.000,15.799,131.9,15.000,14.891,129.7
17.1882,126136,1118101,15.000,14.891,141.1,15.000,15.617,131.9,15.000,14.891,129.7
17.1882,126137,1118106,15.000,14.891,141.1,15.000,15.617,131.9,15.000,14.709,129.7
17.1882,126138,1118111,15.000,15.072,141.1,15.000,15.617,131.9,15.000,14.709,129.7
17.1882,126139,1118116,15.000,15.254,136.7,15.000,15.617,126.9,15.000,14.709,131.9
17.1882,126140,1118121,15.000,15.072,136.7,15.000,15.617,126.9,15.000,14.709,131.9
17.1882,126141,1118126,15.000,15.254,136.7,15.000,16.162,126.9,15.000,14.528,131.9
17.1882,126142,1118131,15.000,15.254,136.7,15.000,15.980,126.9,15.000,14.528,131.9
17.1882,126143,1118136,15.000,15.254,136.7,15.000,15.980,126.9,15.000,14.528,131.9
17.1882,126144,1118141,15.000,15.254,136.7,15.000,15.980,126.9,15.000,14.528,131.9
17.1882,126145,1118146,15.000,15.436,136.7,15.000,15.799,126.9,15.000,14.528,131.9
17.1882,126146,1118151,15.000,15.254,136.7,15.000,15.799,126.9,15.000,14.528,131.9
17.1882,126147,1118156,15.000,15.436,136.7,15.000,15.799,126.9,15.000,14.528,131.9
17.1882,126148,1118161,15.000,15.436,136.7,15.000,15.799,126.9,15.000,14.709,131.9
17.1882,126149,1118166,15.000,15.254,136.7,15.000,15.799,126.9,15.000,14.709,131.9
17.1882,126150,1118171,15.000,15.436,136.7,15.000,15.617,126.9,15.000,14.709,131.9
17.1882,126151,1118176,15.000,15.254,136.7,15.000,15.617,126.9,15.000,14.709,131.9
17.2731,126152,1118181,15.000,15.254,136.7,15.000,15.799,126.9,15.000,14.709,131.9
17.2731,126153,1118186,15.000,15.254,136.7,15.000,15.617,126.9,15.000,14.709,131.9
17.2731,126154,1118191,15.000,15.254,136.7,15.000,15.436,126.9,15.000,14.709,131.9
17.2731,126155,1118196,15.000,15.254,136.7,15.000,15.617,126.9,15.000,14.709,131.9
17.2731,126156,1118201,15.000,15.254,136.7,15.000,15.617,126.9,15.000,14.709,131.9
17.2731,126157,1118206,15.000,15.072,136.7,15.000,15.617,126.9,15.000,14.709,131.9
17.2731,126158,1118211,15.000,15.254,136.7,15.000,15.617,126.9,15.000,14.528,131.9
17.2731,126159,1118216,15.000,15.254,136.2,15.000,15.436,126.7,15.000,14.528,133.7
17.2731,126160,1118221,15.000,15.072,136.2,15.000,15.436,126.7,15.000,14.709,133.7
17.2731,126161,1118226,15.000,15.254,136.2,15.000,14.891,126.7,15.000,14.709,133.7
17.2731,126162,1118231,15.000,15.254,136.2,15.000,14.891,126.7,15.000,14.709,133.7
17.2731,126163,1118236,15.000,14.891,136.2,15.000,14.891,126.7,15.000,14.709,133.7
17.2731,126164,1118241,15.000,15.072,136.2,15.000,14.528,126.7,15.000,14.709,133.7
17.2731,126165,1118246,15.000,14.891,136.2,15.000,14.346,126.7,15.000,14.891,133.7
17.2731,126166,1118251,15.000,14.891,136.2,15.000,14.346,126.7,15.000,14.891,133.7
17.2731,126167,1118256,15.000,15.072,136.2,15.000,13.983,126.7,15.000,15.072,133.7
17.2731,126168,1118261,15.000,14.891,136.2,15.000,13.983,126.7,15.000,15.072,133.7
17.2731,126169,1118266,15.000,14.891,136.2,15.000,13.983,126.7,15.000,15.072,133.7
17.2731,126170,1118271,15.000,14.891,136.2,15.000,14.164,126.7,15.000,14.891,133.7
17.2731,126171,1118276,15.000,14.891,136.2,15.000,14.528,126.7,15.000,15.072,133.7
17.2731,126172,1118281,15.000,14.709,136.2,15.000,13.983,126.7,15.000,15.072,133.7
17.2731,126173,1118286,15.000,15.072,136.2,15.000,13.983,126.7,15.000,15.254,133.7
17.2731,126174,1118291,15.000,14.891,136.2,15.000,14.528,126.7,15.000,15.254,133.7
17.2731,126175,1118296,15.000,14.709,136.2,15.000,14.528,126.7,15.000,15.072,133.7
17.2907,126176,1118301,15.000,14.891,136.2,15.000,14.709,126.7,15.000,15.254,133.7
17.2907,126177,1118306,15.000,14.709,136.2,15.000,15.072,126.7,15.000,15.072,133.7
17.2907,126178,1118311,15.000,14.709,136.2,15.000,14.891,126.7,15.000,15.254,133.7
17.2907,126179,1118316,15.000,14.891,137.9,15.000,15.072,128.0,15.000,15.254,130.1
17.2907,126180,1118321,15.000,14.709,137.9,15.000,14.709,128.0,15.000,15.254,130.1
17.2907,126181,1118326,15.000,14.346,137.9,15.000,14.346,128.0,15.000,15.254,130.1
17.2907,126182,1118331,15.000,14.709,137.9,15.000,14.891,128.0,15.000,15.072,130.1
17.2907,126183,1118336,15.000,14.528,137.9,15.000,14.709,128.0,15.000,15.072,130.1
17.2907,126184,1118341,15.000,14.528,137.9,15.000,14.709,128.0,15.000,15.072,130.1
17.2907,126185,1118346,15.000,14.891,137.9,15.000,14.709,128.0,15.000,15.254,130.1
17.2907,126186,1118351,15.000,14.709,137.9,15.000,14.709,128.0,15.000,15.072,130.1
17.2907,126187,1118356,15.000,14.709,137.9,15.000,14.528,128.0,15.000,15.254,130.1
17.2907,126188,1118361,15.000,14.891,137.9,15.000,14.528,128.0,15.000,15.072,130.1
17.2907,126189,1118366,15.000,14.709,137.9,15.000,14.528,128.0,15.000,15.072,130.1
17.2907,126190,1118371,15.000,15.072,137.9,15.000,14.709,128.0,15.000,15.254,130.1
17.2907,126191,1118376,15.000,15.254,137.9,15.000,15.254,128.0,15.000,15.072,130.1
17.2967,126192,1118381,15.000,15.072,137.9,15.000,15.254,128.0,15.000,15.436,130.1
17.2967,126193,1118386,15.000,15.254,137.9,15.000,15.254,128.0,15.000,15.254,130.1
17.2967,126194,1118391,15.000,15.072,137.9,15.000,15.072,128.0,15.000,15.254,130.1
17.2967,126195,1118396,15.000,14.528,137.9,15.000,14.891,128.0,15.000,15.254,130.1
17.2967,126196,1118401,15.000,14.346,137.9,15.000,14.709,128.0,15.000,15.254,130.1
17.2967,126197,1118406,15.000,14.528,137.9,15.000,14.528,128.0,15.000,15.254,130.1
17.2967,126198,1118411,15.000,14.346,137.9,15.000,14.528,128.0,15.000,15.254,130.1
17.2967,126199,1118416,15.000,14.346,141.7,15.000,14.528,131.3,15.000,15.254,129.6
17.4169,126200,1118421,15.000,14.164,141.7,15.000,14.709,131.3,15.000,15.254,129.6
17.4169,126201,1118426,15.000,14.164,141.7,15.000,14.528,131.3,15.000,15.254,129.6
17.4169,126202,1118431,15.000,14.346,141.7,15.000,14.346,131.3,15.000,15.072,129.6
17.4169,126203,1118436,15.000,14.164,141.7,15.000,14.709,131.3,15.000,15.254,129.6
17.4169,126204,1118441,15.000,14.346,141.7,15.000,14.709,131.3,15.000,15.254,129.6
17.4169,126205,1118446,15.000,14.709,141.7,15.000,15.072,131.3,15.000,15.072,129.6
17.4169,126206,1118451,15.000,14.891,141.7,15.000,15.254,131.3,15.000,15.254,129.6
17.4169,126207,1118456,15.000,14.891,141.7,15.000,15.436,131.3,15.000,15.072,129.6
17.4169,126208,1118461,15.000,14.891,141.7,15.000,15.617,131.3,15.000,15.254,129.6
17.4169,126209,1118466,15.000,14.891,141.7,15.000,15.617,131.3,15.000,15.254,129.6
17.4169,126210,1118471,15.000,15.072,141.7,15.000,15.617,131.3,15.000,15.254,129.6
17.4169,126211,1118476,15.000,15.072,141.7,15.000,15.799,131.3,15.000,15.254,129.6
17.4169,126212,1118481,15.000,14.891,141.7,15.000,15.617,131.3,15.000,15.254,129.6
17.4169,126213,1118486,15.000,15.072,141.7,15.000,15.617,131.3,15.000,15.072,129.6
17.4169,126214,1118491,15.000,15.072,141.7,15.000,15.799,131.3,15.000,15.072,129.6
17.4169,126215,1118496,15.000,15.072,141.7,15.000,15.617,131.3,15.000,15.254,129.6
17.4827,126216,1118501,15.000,15.072,141.7,15.000,15.436,131.3,15.000,15.072,129.6
17.4827,126217,1118506,15.000,15.072,141.7,15.000,15.617,131.3,15.000,15.072,129.6
17.4827,126218,1118511,15.000,15.072,141.7,15.000,15.617,131.3,15.000,14.891,129.6
17.4827,126219,1118516,15.000,15.072,138.4,15.000,15.617,125.3,15.000,14.891,131.4
17.4827,126220,1118521,15.000,14.891,138.4,15.000,15.617,125.3,15.000,14.709,131.4
17.4827,126221,1118526,15.000,15.072,138.4,15.000,15.436,125.3,15.000,14.709,131.4
17.4827,126222,1118531,15.000,15.072,138.4,15.000,15.617,125.3,15.000,14.709,131.4
17.4827,126223,1118536,15.000,14.891,138.4,15.000,15.436,125.3,15.000,14.709,131.4
17.4827,126224,1118541,15.000,14.891,138.4,15.000,15.436,125.3,15.000,14.709,131.4
17.4827,126225,1118546,15.000,14.891,138.4,15.000,15.436,125.3,15.000,14.709,131.4
17.4827,126226,1118551,15.000,15.072,138.4,15.000,15.254,125.3,15.000,14.709,131.4
17.4827,126227,1118556,15.000,14.891,138.4,15.000,15.254,125.3,15.000,14.709,131.4
17.4827,126228,1118561,15.000,14.891,138.4,15.000,15.254,125.3,15.000,14.709,131.4
17.4827,126229,1118566,15.000,14.709,138.4,15.000,15.072,125.3,15.000,14.709,131.4
17.4827,126230,1118571,15.000,14.891,138.4,15.000,15.072,125.3,15.000,14.709,131.4
17.4827,126231,1118576,15.000,14.709,138.4,15.000,15.254,125.3,15.000,14.709,131.4
17.5729,126232,1118581,15.000,14.891,138.4,15.000,15.254,125.3,15.000,14.709,131.4
17.5729,126233,1118586,15.000,14.891,138.4,15.000,15.436,125.3,15.000,14.709,131.4
17.5729,126234,1118591,15.000,15.072,138.4,15.000,15.254,125.3,15.000,14.709,131.4
17.5729,126235,1118596,15.000,15.072,138.4,15.000,15.254,125.3,15.000,14.528,131.4
17.5729,126236,1118601,15.000,14.891,138.4,15.000,15.436,125.3,15.000,14.528,131.4
17.5729,126237,1118606,15.000,15.072,138.4,15.000,14.891,125.3,15.000,14.528,131.4
17.5729,126238,1118611,15.000,15.072,138.4,15.000,14.709,125.3,15.000,14.709,131.4
17.5729,126239,1118616,15.000,15.436,136.0,15.000,14.709,129.9,15.000,14.709,132.7
17.5729,126240,1118621,15.000,15.254,136.0,15.000,14.709,129.9,15.000,14.709,132.7
17.5729,126241,1118626,15.000,15.436,136.0,15.000,14.528,129.9,15.000,14.709,132.7
17.5729,126242,1118631,15.000,15.254,136.0,15.000,14.709,129.9,15.000,14.709,132.7
17.5729,126243,1118636,15.000,15.436,136.0,15.000,14.709,129.9,15.000,14.709,132.7
17.5729,126244,1118641,15.000,15.254,136.0,15.000,14.346,129.9,15.000,14.709,132.7
17.5729,126245,1118646,15.000,15.254,136.0,15.000,14.346,129.9,15.000,14.709,132.7
17.5729,126246,1118651,15.000,15.436,136.0,15.000,13.801,129.9,15.000,14.891,132.7
17.5729,126247,1118656,15.000,15.254,136.0,15.000,14.346,129.9,15.000,14.891,132.7
17.6199,126248,1118661,15.000,15.254,136.0,15.000,14.528,129.9,15.000,14.709,132.7
17.6199,126249,1118666,15.000,15.254,136.0,15.000,14.528,129.9,15.000,14.891,132.7
17.6199,126250,1118671,15.000,15.072,136.0,15.000,14.528,129.9,15.000,14.891,132.7
17.6199,126251,1118676,15.000,14.891,136.0,15.000,14.709,129.9,15.000,14.891,132.7
17.6199,126252,1118681,15.000,15.072,136.0,15.000,14.528,129.9,15.000,15.072,132.7
17.6199,126253,1118686,15.000,14.891,136.0,15.000,14.528,129.9,15.000,15.072,132.7
17.6199,126254,1118691,15.000,14.891,136.0,15.000,15.072,129.9,15.000,15.072,132.7
17.6199,126255,1118696,15.000,14.891,136.0,15.000,15.072,129.9,15.000,15.254,132.7
17.6199,126256,1118701,15.000,14.709,136.0,15.000,15.799,129.9,15.000,15.072,132.7
17.6199,126257,1118706,15.000,14.891,136.0,15.000,15.799,129.9,15.000,15.072,132.7
17.6199,126258,1118711,15.000,14.891,136.0,15.000,15.617,129.9,15.000,15.254,132.7
17.6199,126259,1118716,15.000,14.709,139.7,15.000,15.799,123.5,15.000,15.072,131.0
17.6199,126260,1118721,15.000,15.072,139.7,15.000,15.799,123.5,15.000,15.072,131.0
17.6199,126261,1118726,15.000,15.072,139.7,15.000,15.799,123.5,15.000,15.254,131.0
17.6199,126262,1118731,15.000,14.891,139.7,15.000,15.799,123.5,15.000,15.072,131.0
17.6199,126263,1118736,15.000,14.891,139.7,15.000,15.799,123.5,15.000,15.072,131.0
17.6707,126264,1118741,15.000,14.891,139.7,15.000,15.436,123.5,15.000,15.254,131.0
17.6707,126265,1118746,15.000,14.891,139.7,15.000,15.254,123.5,15.000,15.072,131.0
17.6707,126266,1118751,15.000,14.528,139.7,15.000,15.072,123.5,15.000,15.254,131.0
17.6707,126267,1118756,15.000,14.528,139.7,15.000,14.891,123.5,15.000,15.254,131.0
17.6707,126268,1118761,15.000,14.528,139.7,15.000,15.072,123.5,15.000,15.072,131.0
17.6707,126269,1118766,15.000,14.709,139.7,15.000,14.891,123.5,15.000,15.254,131.0
17.6707,126270,1118771,15.000,14.528,139.7,15.000,14.891,123.5,15.000,15.254,131.0
17.6707,126271,1118776,15.000,14.709,139.7,15.000,14.709,123.5,15.000,15.254,131.0
17.7318,126272,1118781,15.000,14.709,139.7,15.000,14.709,123.5,15.000,15.254,131.0
17.7318,126273,1118786,15.000,14.709,139.7,15.000,14.709,123.5,15.000,15.254,131.0
17.7318,126274,1118791,15.000,14.891,139.7,15.000,14.528,123.5,15.000,15.254,131.0
17.7318,126275,1118796,15.000,14.891,139.7,15.000,14.891,123.5,15.000,15.254,131.0
17.7318,126276,1118801,15.000,15.436,139.7,15.000,14.891,123.5,15.000,15.254,131.0
17.7328,126277,1118806,15.000,15.254,139.7,15.000,15.072,123.5,15.000,15.254,131.0
17.7328,126278,1118811,15.000,15.254,139.7,15.000,14.891,123.5,15.000,15.436,131.0
17.7328,126279,1118816,15.000,15.254,136.8,15.000,14.891,127.6,15.000,15.254,129.8
17.7328,126280,1118821,15.000,15.072,136.8,15.000,14.709,127.6,15.000,15.254,129.8
17.7328,126281,1118826,15.000,14.891,136.8,15.000,14.709,127.6,15.000,15.254,129.8
17.7328,126282,1118831,15.000,14.891,136.8,15.000,14.891,127.6,15.000,15.254,129.8
17.7328,126283,1118836,15.000,15.072,136.8,15.000,14.528,127.6,15.000,15.436,129.8
17.7328,126284,1118841,15.000,14.891,136.8,15.000,14.528,127.6,15.000,15.254,129.8
17.7328,126285,1118846,15.000,14.891,136.8,15.000,14.346,127.6,15.000,15.254,129.8
17.7328,126286,1118851,15.000,14.709,136.8,15.000,14.528,127.6,15.000,15.254,129.8
17.7328,126287,1118856,15.000,14.891,136.8,15.000,14.164,127.6,15.000,15.254,129.8
17.8541,126288,1118861,15.000,14.891,136.8,15.000,14.346,127.6,15.000,15.254,129.8
17.8541,126289,1118866,15.000,14.709,136.8,15.000,14.164,127.6,15.000,15.254,129.8
17.8541,126290,1118871,15.000,14.891,136.8,15.000,14.164,127.6,15.000,15.254,129.8
17.8541,126291,1118876,15.000,14.709,136.8,15.000,14.164,127.6,15.000,15.254,129.8
17.8541,126292,1118881,15.000,14.528,136.8,15.000,13.983,127.6,15.000,15.254,129.8
17.8541,126293,1118886,15.000,14.346,136.8,15.000,14.164,127.6,15.000,15.254,129.8
17.8541,126294,1118891,15.000,14.528,136.8,15.000,14.709,127.6,15.000,15.254,129.8
17.8541,126295,1118896,15.000,14.346,136.8,15.000,14.891,127.6,15.000,15.254,129.8
17.8541,126296,1118901,15.000,14.164,136.8,15.000,14.709,127.6,15.000,15.072,129.8
17.8541,126297,1118906,15.000,13.801,136.8,15.000,14.891,127.6,15.000,15.072,129.8
17.8541,126298,1118911,15.000,13.620,136.8,15.000,14.891,127.6,15.000,15.072,129.8
17.8541,126299,1118916,15.000,13.256,149.1,15.000,14.709,128.9,15.000,15.072,130.4
17.8541,126300,1118921,15.000,13.256,149.1,15.000,14.528,128.9,15.000,15.072,130.4
17.8541,126301,1118926,15.000,13.620,149.1,15.000,14.164,128.9,15.000,14.891,130.4
17.8541,126302,1118931,15.000,13.620,149.1,15.000,14.164,128.9,15.000,14.891,130.4
17.8541,126303,1118936,15.000,13.620,149.1,15.000,14.164,128.9,15.000,14.891,130.4
17.9350,126304,1118941,15.000,13.620,149.1,15.000,14.164,128.9,15.000,14.891,130.4
17.9350,126305,1118946,15.000,13.801,149.1,15.000,13.983,128.9,15.000,14.891,130.4
17.9350,126306,1118951,15.000,14.164,149.1,15.000,14.164,128.9,15.000,14.891,130.4
17.9350,126307,1118956,15.000,14.528,149.1,15.000,14.346,128.9,15.000,14.891,130.4
17.9350,126308,1118961,15.000,14.709,149.1,15.000,14.164,128.9,15.000,14.709,130.4
17.9350,126309,1118966,15.000,15.254,149.1,15.000,14.528,128.9,15.000,14.709,130.4
17.9350,126310,1118971,15.000,15.436,149.1,15.000,14.709,128.9,15.000,14.709,130.4
17.9350,126311,1118976,15.000,15.436,149.1,15.000,15.072,128.9,15.000,14.709,130.4
17.9350,126312,1118981,15.000,15.799,149.1,15.000,15.072,128.9,15.000,14.709,130.4
17.9350,126313,1118986,15.000,15.980,149.1,15.000,15.072,128.9,15.000,14.528,130.4
17.9350,126314,1118991,15.000,15.799,149.1,15.000,14.891,128.9,15.000,14.528,130.4
17.9350,126315,1118996,15.000,15.980,149.1,15.000,14.709,128.9,15.000,14.528,130.4
17.9350,126316,1119001,15.000,15.980,149.1,15.000,14.528,128.9,15.000,14.528,130.4
17.9350,126317,1119006,15.000,15.980,149.1,15.000,14.528,128.9,15.000,14.528,130.4
17.9350,126318,1119011,15.000,16.162,149.1,15.000,14.528,128.9,15.000,14.528,130.4
17.9350,126319,1119016,15.000,16.162,134.2,15.000,14.528,130.7,15.000,14.528,133.7
18.0110,126320,1119021,15.000,16.162,134.2,15.000,14.709,130.7,15.000,14.709,133.7
18.0110,126321,1119026,15.000,16.162,134.2,15.000,14.709,130.7,15.000,14.528,133.7
18.0110,126322,1119031,15.000,15.799,134.2,15.000,14.891,130.7,15.000,14.528,133.7
18.0110,126323,1119036,15.000,15.799,134.2,15.000,15.072,130.7,15.000,14.709,133.7
18.0110,126324,1119041,15.000,15.980,134.2,15.000,15.072,130.7,15.000,14.709,133.7
18.0110,126325,1119046,15.000,15.980,134.2,15.000,15.436,130.7,15.000,14.709,133.7
18.0110,126326,1119051,15.000,15.799,134.2,15.000,15.617,130.7,15.000,14.709,133.7
18.0110,126327,1119056,15.000,15.799,134.2,15.000,15.617,130.7,15.000,14.709,133.7
18.0110,126328,1119061,15.000,15.617,134.2,15.000,15.799,130.7,15.000,14.891,133.7
18.0110,126329,1119066,15.000,15.617,134.2,15.000,15.799,130.7,15.000,14.891,133.7
18.0110,126330,1119071,15.000,15.436,134.2,15.000,15.799,130.7,15.000,14.709,133.7
18.0110,126331,1119076,15.000,15.254,134.2,15.000,15.980,130.7,15.000,14.891,133.7
18.0110,126332,1119081,15.000,15.617,134.2,15.000,15.980,130.7,15.000,15.072,133.7
18.0110,126333,1119086,15.000,15.436,134.2,15.000,15.799,130.7,15.000,14.891,133.7
18.0110,126334,1119091,15.000,15.072,134.2,15.000,15.980,130.7,15.000,14.891,133.7
18.0110,126335,1119096,15.000,15.072,134.2,15.000,15.980,130.7,15.000,15.072,133.7
18.1273,126336,1119101,15.000,15.072,134.2,15.000,15.980,130.7,15.000,15.072,133.7
18.1273,126337,1119106,15.000,14.891,134.2,15.000,15.980,130.7,15.000,15.072,133.7
18.1273,126338,1119111,15.000,15.072,134.2,15.000,15.799,130.7,15.000,15.072,133.7
18.1273,126339,1119116,15.000,14.891,140.1,15.000,15.980,122.4,15.000,15.072,131.2
18.1273,126340,1119121,15.000,15.072,140.1,15.000,15.980,122.4,15.000,15.072,131.2
18.1273,126341,1119126,15.000,15.072,140.1,15.000,15.980,122.4,15.000,15.254,131.2
18.1273,126342,1119131,15.000,14.709,140.1,15.000,15.617,122.4,15.000,15.072,131.2
18.1273,126343,1119136,15.000,14.891,140.1,15.000,15.799,122.4,15.000,15.254,131.2
18.1273,126344,1119141,15.000,15.254,140.1,15.000,15.799,122.4,15.000,15.254,131.2
18.1273,126345,1119146,15.000,15.072,140.1,15.000,15.617,122.4,15.000,15.072,131.2
18.1273,126346,1119151,15.000,15.254,140.1,15.000,15.436,122.4,15.000,15.254,131.2
18.1273,126347,1119156,15.000,15.254,140.1,15.000,15.072,122.4,15.000,15.254,131.2
18.1273,126348,1119161,15.000,15.254,140.1,15.000,14.709,122.4,15.000,15.254,131.2
18.1273,126349,1119166,15.000,15.072,140.1,15.000,14.528,122.4,15.000,15.254,131.2
18.1273,126350,1119171,15.000,14.528,140.1,15.000,14.528,122.4,15.000,15.436,131.2
18.1273,126351,1119176,15.000,14.346,140.1,15.000,14.346,122.4,15.000,15.254,131.2
18.1273,126352,1119181,15.000,14.709,140.1,15.000,14.709,122.4,15.000,15.254,131.2
18.1273,126353,1119186,15.000,14.528,140.1,15.000,14.528,122.4,15.000,15.254,131.2
18.1273,126354,1119191,15.000,14.528,140.1,15.000,14.528,122.4,15.000,15.254,131.2
18.1273,126355,1119196,15.000,14.528,140.1,15.000,14.528,122.4,15.000,15.436,131.2
18.1273,126356,1119201,15.000,14.528,140.1,15.000,14.528,122.4,15.000,15.254,131.2
18.1273,126357,1119206,15.000,14.528,140.1,15.000,14.891,122.4,15.000,15.436,131.2
18.1273,126358,1119211,15.000,14.528,140.1,15.000,14.709,122.4,15.000,15.254,131.2
18.1273,126359,1119216,15.000,14.709,141.3,15.000,14.709,128.5,15.000,15.254,129.9
18.1832,126360,1119221,15.000,15.072,141.3,15.000,14.528,128.5,15.000,15.254,129.9
18.1832,126361,1119226,15.000,15.436,141.3,15.000,14.528,128.5,15.000,15.254,129.9
18.1832,126362,1119231,15.000,15.254,141.3,15.000,14.528,128.5,15.000,15.436,129.9
18.1832,126363,1119236,15.000,15.436,141.3,15.000,14.528,128.5,15.000,15.254,129.9
18.1832,126364,1119241,15.000,15.254,141.3,15.000,14.528,128.5,15.000,15.254,129.9
18.1832,126365,1119246,15.000,15.254,141.3,15.000,14.346,128.5,15.000,15.254,129.9
18.1832,126366,1119251,15.000,14.891,141.3,15.000,14.164,128.5,15.000,15.254,129.9
18.1832,126367,1119256,15.000,14.891,141.3,15.000,13.801,128.5,15.000,15.254,129.9
18.1832,126368,1119261,15.000,14.709,141.3,15.000,14.528,128.5,15.000,15.254,129.9
18.1832,126369,1119266,15.000,14.709,141.3,15.000,14.528,128.5,15.000,15.254,129.9
18.1832,126370,1119271,15.000,14.709,141.3,15.000,14.709,128.5,15.000,15.254,129.9
18.1832,126371,1119276,15.000,14.528,141.3,15.000,14.891,128.5,15.000,15.254,129.9
18.1832,126372,1119281,15.000,14.709,141.3,15.000,14.709,128.5,15.000,15.254,129.9
18.1832,126373,1119286,15.000,14.528,141.3,15.000,14.709,128.5,15.000,15.254,129.9
18.1832,126374,1119291,15.000,14.528,141.3,15.000,14.528,128.5,15.000,15.254,129.9
18.1832,126375,1119296,15.000,14.709,141.3,15.000,14.709,128.5,15.000,15.254,129.9
18.2898,126376,1119301,15.000,14.891,141.3,15.000,14.528,128.5,15.000,15.254,129.9
18.2898,126377,1119306,15.000,15.072,141.3,15.000,14.528,128.5,15.000,15.072,129.9
18.2898,126378,1119311,15.000,15.072,141.3,15.000,14.528,128.5,15.000,15.254,129.9
18.2898,126379,1119316,15.000,15.072,139.6,15.000,14.709,129.0,15.000,15.254,129.4
18.2898,126380,1119321,15.000,15.254,139.6,15.000,14.528,129.0,15.000,15.072,129.4
18.2898,126381,1119326,15.000,15.254,139.6,15.000,14.528,129.0,15.000,15.254,129.4
18.2898,126382,1119331,15.000,15.254,139.6,15.000,14.709,129.0,15.000,15.072,129.4
18.2898,126383,1119336,15.000,15.254,139.6,15.000,14.709,129.0,15.000,15.072,129.4
18.2898,126384,1119341,15.000,15.254,139.6,15.000,14.891,129.0,15.000,15.072,129.4
18.2898,126385,1119346,15.000,15.254,139.6,15.000,14.709,129.0,15.000,14.891,129.4
18.2898,126386,1119351,15.000,15.254,139.6,15.000,15.254,129.0,15.000,14.891,129.4
18.2898,126387,1119356,15.000,15.254,139.6,15.000,15.617,129.0,15.000,14.891,129.4
18.2898,126388,1119361,15.000,15.254,139.6,15.000,15.617,129.0,15.000,14.891,129.4
18.2898,126389,1119366,15.000,15.436,139.6,15.000,15.436,129.0,15.000,14.709,129.4
18.2898,126390,1119371,15.000,15.254,139.6,15.000,15.617,129.0,15.000,14.891,129.4
18.2898,126391,1119376,15.000,15.436,139.6,15.000,15.436,129.0,15.000,14.709,129.4
18.3558,126392,1119381,15.000,15.254,139.6,15.000,15.254,129.0,15.000,14.709,129.4
18.3558,126393,1119386,15.000,15.436,139.6,15.000,15.072,129.0,15.000,14.709,129.4
18.3558,126394,1119391,15.000,15.436,139.6,15.000,14.891,129.0,15.000,14.709,129.4
18.3558,126395,1119396,15.000,15.436,139.6,15.000,15.072,129.0,15.000,14.709,129.4
18.3558,126396,1119401,15.000,15.436,139.6,15.000,15.072,129.0,15.000,14.709,129.4
18.3558,126397,1119406,15.000,15.254,139.6,15.000,14.891,129.0,15.000,14.709,129.4
18.3558,126398,1119411,15.000,15.254,139.6,15.000,14.891,129.0,15.000,14.528,129.4
18.3558,126399,1119416,15.000,15.254,138.4,15.000,14.891,128.5,15.000,14.709,132.3
18.3558,126400,1119421,15.000,15.254,138.4,15.000,14.891,128.5,15.000,14.528,132.3
18.3558,126401,1119426,15.000,14.709,138.4,15.000,14.891,128.5,15.000,14.528,132.3
18.3558,126402,1119431,15.000,14.164,138.4,15.000,14.709,128.5,15.000,14.528,132.3
18.3558,126403,1119436,15.000,14.164,138.4,15.000,14.709,128.5,15.000,14.528,132.3
18.3558,126404,1119441,15.000,14.164,138.4,15.000,14.709,128.5,15.000,14.528,132.3
18.3558,126405,1119446,15.000,14.164,138.4,15.000,14.528,128.5,15.000,14.528,132.3
18.3558,126406,1119451,15.000,14.164,138.4,15.000,14.346,128.5,15.000,14.528,132.3
18.3558,126407,1119456,15.000,14.346,138.4,15.000,14.528,128.5,15.000,14.528,132.3
18.4493,126408,1119461,15.000,14.346,138.4,15.000,14.528,128.5,15.000,14.528,132.3
18.4493,126409,1119466,15.000,14.164,138.4,15.000,14.528,128.5,15.000,14.528,132.3
18.4493,126410,1119471,15.000,13.983,138.4,15.000,14.528,128.5,15.000,14.528,132.3
18.4493,126411,1119476,15.000,14.346,138.4,15.000,14.528,128.5,15.000,14.709,132.3
18.4493,126412,1119481,15.000,15.072,138.4,15.000,14.709,128.5,15.000,14.709,132.3
18.4493,126413,1119486,15.000,14.709,138.4,15.000,15.072,128.5,15.000,14.709,132.3
18.4493,126414,1119491,15.000,14.891,138.4,15.000,15.254,128.5,15.000,14.709,132.3
18.4493,126415,1119496,15.000,14.709,138.4,15.000,15.436,128.5,15.000,14.891,132.3
18.4503,126416,1119501,15.000,14.891,138.4,15.000,15.617,128.5,15.000,14.891,132.3
18.4503,126417,1119506,15.000,14.709,138.4,15.000,15.617,128.5,15.000,14.891,132.3
18.4503,126418,1119511,15.000,14.709,138.4,15.000,15.072,128.5,15.000,14.891,132.3
18.4503,126419,1119516,15.000,14.709,141.3,15.000,15.072,127.6,15.000,15.072,130.5
18.4503,126420,1119521,15.000,14.891,141.3,15.000,14.709,127.6,15.000,15.072,130.5
18.4503,126421,1119526,15.000,14.891,141.3,15.000,14.891,127.6,15.000,14.891,130.5
18.4503,126422,1119531,15.000,14.709,141.3,15.000,14.891,127.6,15.000,14.891,130.5
18.4503,126423,1119536,15.000,15.072,141.3,15.000,14.709,127.6,15.000,15.072,130.5
18.5292,126424,1119541,15.000,14.891,141.3,15.000,14.709,127.6,15.000,15.072,130.5
18.5292,126425,1119546,15.000,15.072,141.3,15.000,14.709,127.6,15.000,14.891,130.5
18.5292,126426,1119551,15.000,14.709,141.3,15.000,14.528,127.6,15.000,15.072,130.5
18.5292,126427,1119556,15.000,14.891,141.3,15.000,14.528,127.6,15.000,15.072,130.5
18.5292,126428,1119561,15.000,14.709,141.3,15.000,15.072,127.6,15.000,15.072,130.5
18.5292,126429,1119566,15.000,14.709,141.3,15.000,15.072,127.6,15.000,15.072,130.5
18.5292,126430,1119571,15.000,14.891,141.3,15.000,15.436,127.6,15.000,15.072,130.5
18.5292,126431,1119576,15.000,14.891,141.3,15.000,15.436,127.6,15.000,15.072,130.5
18.5292,126432,1119581,15.000,15.072,141.3,15.000,15.436,127.6,15.000,15.254,130.5
18.5292,126433,1119586,15.000,14.891,141.3,15.000,15.617,127.6,15.000,15.072,130.5
18.5292,126434,1119591,15.000,14.891,141.3,15.000,15.436,127.6,15.000,15.072,130.5
18.5292,126435,1119596,15.000,14.709,141.3,15.000,15.617,127.6,15.000,15.254,130.5
18.5292,126436,1119601,15.000,14.891,141.3,15.000,15.436,127.6,15.000,15.072,130.5
18.5292,126437,1119606,15.000,14.891,141.3,15.000,15.072,127.6,15.000,15.072,130.5
18.5292,126438,1119611,15.000,15.072,141.3,15.000,14.709,127.6,15.000,15.072,130.5
18.5292,126439,1119616,15.000,15.254,138.4,15.000,14.528,131.0,15.000,14.891,131.6
18.5895,126440,1119621,15.000,15.072,138.4,15.000,14.528,131.0,15.000,14.891,131.6
18.5895,126441,1119626,15.000,15.254,138.4,15.000,14.346,131.0,15.000,15.072,131.6
18.5895,126442,1119631,15.000,14.891,138.4,15.000,14.346,131.0,15.000,14.891,131.6
18.5895,126443,1119636,15.000,15.072,138.4,15.000,14.346,131.0,15.000,15.072,131.6
18.5895,126444,1119641,15.000,15.072,138.4,15.000,14.528,131.0,15.000,15.072,131.6
18.5895,126445,1119646,15.000,15.072,138.4,15.000,14.346,131.0,15.000,14.891,131.6
18.5895,126446,1119651,15.000,15.254,138.4,15.000,14.709,131.0,15.000,15.072,131.6
18.5895,126447,1119656,15.000,15.072,138.4,15.000,15.072,131.0,15.000,15.072,131.6
18.5895,126448,1119661,15.000,15.254,138.4,15.000,15.254,131.0,15.000,15.254,131.6
18.5895,126449,1119666,15.000,15.072,138.4,15.000,15.617,131.0,15.000,15.254,131.6
18.5895,126450,1119671,15.000,15.072,138.4,15.000,15.254,131.0,15.000,15.254,131.6
18.5895,126451,1119676,15.000,14.891,138.4,15.000,15.072,131.0,15.000,15.254,131.6
18.5895,126452,1119681,15.000,15.072,138.4,15.000,14.891,131.0,15.000,15.254,131.6
18.5895,126453,1119686,15.000,14.891,138.4,15.000,14.709,131.0,15.000,15.254,131.6
18.5895,126454,1119691,15.000,14.528,138.4,15.000,14.528,131.0,15.000,15.254,131.6
18.5895,126455,1119696,15.000,14.528,138.4,15.000,14.528,131.0,15.000,15.436,131.6
18.6500,126456,1119701,15.000,14.528,138.4,15.000,14.164,131.0,15.000,15.254,131.6
18.6500,126457,1119706,15.000,14.528,138.4,15.000,13.983,131.0,15.000,15.436,131.6
18.6500,126458,1119711,15.000,14.164,138.4,15.000,13.801,131.0,15.000,15.254,131.6
18.6500,126459,1119716,15.000,14.164,144.9,15.000,13.256,140.2,15.000,15.254,129.5
18.6500,126460,1119721,15.000,13.983,144.9,15.000,13.256,140.2,15.000,15.436,129.5
18.6500,126461,1119726,15.000,14.164,144.9,15.000,13.075,140.2,15.000,15.254,129.5
18.6500,126462,1119731,15.000,14.164,144.9,15.000,13.256,140.2,15.000,15.254,129.5
18.6500,126463,1119736,15.000,14.164,144.9,15.000,13.438,140.2,15.000,15.254,129.5
18.7389,126464,1119741,15.000,14.709,144.9,15.000,13.438,140.2,15.000,15.254,129.5
18.7389,126465,1119746,15.000,14.528,144.9,15.000,13.620,140.2,15.000,15.072,129.5
18.7389,126466,1119751,15.000,14.528,144.9,15.000,13.983,140.2,15.000,15.254,129.5
18.7389,126467,1119756,15.000,14.528,144.9,15.000,14.164,140.2,15.000,15.072,129.5
18.7389,126468,1119761,15.000,14.891,144.9,15.000,14.346,140.2,15.000,15.072,129.5
18.7389,126469,1119766,15.000,14.528,144.9,15.000,14.346,140.2,15.000,15.072,129.5
18.7389,126470,1119771,15.000,14.891,144.9,15.000,14.709,140.2,15.000,14.891,129.5
18.7389,126471,1119776,15.000,14.891,144.9,15.000,15.254,140.2,15.000,15.072,129.5
18.7389,126472,1119781,15.000,14.891,144.9,15.000,15.436,140.2,15.000,15.072,129.5
18.7389,126473,1119786,15.000,14.709,144.9,15.000,14.709,140.2,15.000,14.891,129.5
18.7389,126474,1119791,15.000,14.709,144.9,15.000,14.891,140.2,15.000,14.891,129.5
18.7389,126475,1119796,15.000,14.891,144.9,15.000,15.072,140.2,15.000,14.891,129.5
18.7389,126476,1119801,15.000,14.709,144.9,15.000,15.072,140.2,15.000,14.709,129.5
18.7389,126477,1119806,15.000,14.528,144.9,15.000,14.709,140.2,15.000,14.709,129.5
18.7389,126478,1119811,15.000,14.346,144.9,15.000,14.891,140.2,15.000,14.709,129.5
18.7389,126479,1119816,15.000,14.891,142.0,15.000,15.617,128.9,15.000,14.709,132.4
18.8040,126480,1119821,15.000,14.891,142.0,15.000,15.617,128.9,15.000,14.709,132.4
18.8040,126481,1119826,15.000,14.891,142.0,15.000,15.436,128.9,15.000,14.528,132.4
18.8040,126482,1119831,15.000,14.891,142.0,15.000,15.436,128.9,15.000,14.528,132.4
18.8040,126483,1119836,15.000,15.254,142.0,15.000,16.162,128.9,15.000,14.528,132.4
18.8040,126484,1119841,15.000,15.254,142.0,15.000,15.980,128.9,15.000,14.528,132.4
18.8040,126485,1119846,15.000,15.254,142.0,15.000,15.799,128.9,15.000,14.528,132.4
18.8040,126486,1119851,15.000,15.436,142.0,15.000,15.799,128.9,15.000,14.528,132.4
18.8040,126487,1119856,15.000,15.799,142.0,15.000,15.617,128.9,15.000,14.528,132.4
18.8040,126488,1119861,15.000,15.799,142.0,15.000,15.617,128.9,15.000,14.528,132.4
18.8040,126489,1119866,15.000,15.799,142.0,15.000,15.436,128.9,15.000,14.528,132.4
18.8040,126490,1119871,15.000,15.799,142.0,15.000,15.436,128.9,15.000,14.528,132.4
18.8040,126491,1119876,15.000,15.617,142.0,15.000,15.617,128.9,15.000,14.709,132.4
18.8040,126492,1119881,15.000,15.799,142.0,15.000,15.617,128.9,15.000,14.709,132.4
18.8040,126493,1119886,15.000,15.799,142.0,15.000,15.436,128.9,15.000,14.709,132.4
18.8040,126494,1119891,15.000,15.617,142.0,15.000,15.617,128.9,15.000,14.709,132.4
18.8040,126495,1119896,15.000,15.799,142.0,15.000,15.617,128.9,15.000,14.709,132.4
18.8603,126496,1119901,15.000,15.799,142.0,15.000,15.617,128.9,15.000,14.891,132.4
18.8603,126497,1119906,15.000,15.617,142.0,15.000,16.162,128.9,15.000,14.891,132.4
18.8603,126498,1119911,15.000,15.799,142.0,15.000,16.162,128.9,15.000,14.891,132.4
18.8603,126499,1119916,15.000,15.799,136.5,15.000,15.980,125.4,15.000,14.891,131.9
18.8603,126500,1119921,15.000,15.799,136.5,15.000,15.980,125.4,15.000,15.072,131.9
18.8603,126501,1119926,15.000,15.799,136.5,15.000,15.980,125.4,15.000,14.891,131.9
18.8603,126502,1119931,15.000,15.799,136.5,15.000,15.617,125.4,15.000,14.891,131.9
18.8603,126503,1119936,15.000,15.799,136.5,15.000,15.799,125.4,15.000,15.072,131.9
18.8603,126504,1119941,15.000,15.799,136.5,15.000,15.799,125.4,15.000,15.072,131.9
18.8603,126505,1119946,15.000,15.799,136.5,15.000,15.799,125.4,15.000,15.072,131.9
18.8603,126506,1119951,15.000,15.617,136.5,15.000,15.617,125.4,15.000,15.072,131.9
18.8603,126507,1119956,15.000,15.617,136.5,15.000,15.617,125.4,15.000,15.072,131.9
18.8603,126508,1119961,15.000,15.617,136.5,15.000,15.617,125.4,15.000,15.072,131.9
18.8603,126509,1119966,15.000,15.436,136.5,15.000,15.617,125.4,15.000,15.072,131.9
18.8603,126510,1119971,15.000,15.436,136.5,15.000,15.617,125.4,15.000,15.072,131.9
18.8603,126511,1119976,15.000,15.436,136.5,15.000,15.617,125.4,15.000,15.072,131.9
18.9264,126512,1119981,15.000,15.436,136.5,15.000,15.980,125.4,15.000,15.254,131.9
18.9264,126513,1119986,15.000,15.254,136.5,15.000,15.799,125.4,15.000,15.072,131.9
18.9264,126514,1119991,15.000,15.436,136.5,15.000,15.799,125.4,15.000,15.072,131.9
18.9264,126515,1119996,15.000,15.254,136.5,15.000,15.436,125.4,15.000,15.254,131.9
18.9264,126516,1120001,15.000,15.436,136.5,15.000,15.617,125.4,15.000,15.072,131.9
18.9264,126517,1120006,15.000,15.436,136.5,15.000,14.891,125.4,15.000,15.072,131.9
18.9264,126518,1120011,15.000,15.436,136.5,15.000,14.891,125.4,15.000,15.254,131.9
18.9264,126519,1120016,15.000,15.436,137.1,15.000,14.891,130.2,15.000,15.254,129.8
18.9812,126520,1120021,15.000,15.254,137.1,15.000,14.891,130.2,15.000,15.254,129.8
18.9812,126521,1120026,15.000,15.436,137.1,15.000,14.709,130.2,15.000,15.254,129.8
18.9812,126522,1120031,15.000,15.254,137.1,15.000,14.528,130.2,15.000,15.072,129.8
18.9812,126523,1120036,15.000,15.254,137.1,15.000,14.709,130.2,15.000,15.254,129.8
18.9812,126524,1120041,15.000,15.254,137.1,15.000,14.528,130.2,15.000,15.254,129.8
18.9812,126525,1120046,15.000,15.254,137.1,15.000,14.891,130.2,15.000,15.072,129.8
18.9812,126526,1120051,15.000,15.072,137.1,15.000,14.891,130.2,15.000,15.254,129.8
18.9812,126527,1120056,15.000,14.891,137.1,15.000,15.617,130.2,15.000,15.254,129.8
18.9812,126528,1120061,15.000,14.891,137.1,15.000,14.891,130.2,15.000,15.254,129.8
18.9812,126529,1120066,15.000,14.709,137.1,15.000,14.528,130.2,15.000,15.254,129.8
18.9812,126530,1120071,15.000,14.528,137.1,15.000,13.801,130.2,15.000,15.072,129.8
18.9812,126531,1120076,15.000,14.346,137.1,15.000,13.620,130.2,15.000,15.072,129.8
18.9812,126532,1120081,15.000,14.346,137.1,15.000,13.256,130.2,15.000,15.254,129.8
18.9812,126533,1120086,15.000,13.983,137.1,15.000,13.075,130.2,15.000,15.072,129.8
18.9812,126534,1120091,15.000,13.983,137.1,15.000,12.893,130.2,15.000,15.254,129.8
18.9812,126535,1120096,15.000,13.983,137.1,15.000,12.530,130.2,15.000,15.254,129.8
19.0907,126536,1120101,15.000,13.983,137.1,15.000,11.440,130.2,15.000,15.072,129.8
19.0907,126537,1120106,15.000,14.164,137.1,15.000,11.077,130.2,15.000,15.254,129.8
19.0907,126538,1120111,15.000,13.983,137.1,15.000,11.622,130.2,15.000,15.072,129.8
19.0907,126539,1120116,15.000,14.164,144.2,15.000,11.985,149.0,15.000,15.072,130.4
19.0907,126540,1120121,15.000,14.346,144.2,15.000,12.167,149.0,15.000,15.254,130.4
19.0907,126541,1120126,15.000,14.346,144.2,15.000,12.530,149.0,15.000,15.254,130.4
19.0907,126542,1120131,15.000,14.346,144.2,15.000,12.893,149.0,15.000,15.072,130.4
19.0907,126543,1120136,15.000,14.709,144.2,15.000,13.075,149.0,15.000,15.254,130.4
19.0907,126544,1120141,15.000,14.346,144.2,15.000,13.438,149.0,15.000,15.072,130.4
19.0907,126545,1120146,15.000,14.528,144.2,15.000,13.620,149.0,15.000,15.072,130.4
19.0907,126546,1120151,15.000,14.528,144.2,15.000,14.709,149.0,15.000,15.254,130.4
19.0907,126547,1120156,15.000,14.709,144.2,15.000,15.254,149.0,15.000,15.072,130.4
19.0907,126548,1120161,15.000,14.709,144.2,15.000,15.436,149.0,15.000,15.072,130.4
19.0907,126549,1120166,15.000,14.528,144.2,15.000,15.436,149.0,15.000,15.072,130.4
19.0907,126550,1120171,15.000,14.709,144.2,15.000,16.162,149.0,15.000,15.072,130.4
19.0907,126551,1120176,15.000,14.891,144.2,15.000,16.162,149.0,15.000,15.072,130.4
19.1705,126552,1120181,15.000,14.891,144.2,15.000,16.344,149.0,15.000,15.072,130.4
19.1705,126553,1120186,15.000,15.072,144.2,15.000,16.344,149.0,15.000,14.891,130.4
19.1705,126554,1120191,15.000,15.254,144.2,15.000,16.525,149.0,15.000,14.891,130.4
19.1705,126555,1120196,15.000,15.254,144.2,15.000,16.525,149.0,15.000,14.891,130.4
19.1705,126556,1120201,15.000,15.254,144.2,15.000,16.525,149.0,15.000,14.891,130.4
19.1705,126557,1120206,15.000,15.254,144.2,15.000,16.525,149.0,15.000,14.891,130.4
19.1705,126558,1120211,15.000,15.254,144.2,15.000,16.344,149.0,15.000,14.891,130.4
19.1705,126559,1120216,15.000,15.617,136.7,15.000,16.525,126.4,15.000,14.891,131.4
19.1705,126560,1120221,15.000,15.617,136.7,15.000,16.525,126.4,15.000,14.709,131.4
19.1705,126561,1120226,15.000,15.436,136.7,15.000,16.525,126.4,15.000,14.709,131.4
19.1705,126562,1120231,15.000,15.617,136.7,15.000,16.707,126.4,15.000,14.709,131.4
19.1705,126563,1120236,15.000,15.617,136.7,15.000,16.707,126.4,15.000,14.709,131.4
19.1705,126564,1120241,15.000,15.617,136.7,15.000,16.525,126.4,15.000,14.709,131.4
19.1705,126565,1120246,15.000,15.617,136.7,15.000,16.707,126.4,15.000,14.709,131.4
19.1705,126566,1120251,15.000,15.617,136.7,15.000,16.707,126.4,15.000,14.528,131.4
19.1705,126567,1120256,15.000,15.617,136.7,15.000,16.525,126.4,15.000,14.528,131.4
19.2332,126568,1120261,15.000,15.617,136.7,15.000,16.707,126.4,15.000,14.709,131.4
19.2332,126569,1120266,15.000,15.617,136.7,15.000,16.707,126.4,15.000,14.709,131.4
19.2332,126570,1120271,15.000,15.072,136.7,15.000,16.525,126.4,15.000,14.709,131.4
19.2332,126571,1120276,15.000,15.072,136.7,15.000,16.525,126.4,15.000,14.709,131.4
19.2332,126572,1120281,15.000,14.891,136.7,15.000,15.436,126.4,15.000,14.709,131.4
19.2332,126573,1120286,15.000,14.709,136.7,15.000,15.072,126.4,15.000,14.709,131.4
19.2332,126574,1120291,15.000,14.891,136.7,15.000,14.709,126.4,15.000,14.709,131.4
19.2332,126575,1120296,15.000,14.709,136.7,15.000,14.709,126.4,15.000,14.709,131.4
19.2332,126576,1120301,15.000,14.709,136.7,15.000,14.709,126.4,15.000,14.709,131.4
19.2332,126577,1120306,15.000,14.528,136.7,15.000,14.346,126.4,15.000,14.709,131.4
19.2332,126578,1120311,15.000,14.528,136.7,15.000,14.346,126.4,15.000,14.709,131.4
19.2332,126579,1120316,15.000,14.346,143.6,15.000,14.346,137.4,15.000,14.709,132.8
19.2332,126580,1120321,15.000,14.709,143.6,15.000,14.164,137.4,15.000,14.709,132.8
19.2332,126581,1120326,15.000,14.709,143.6,15.000,13.801,137.4,15.000,14.709,132.8
19.2332,126582,1120331,15.000,14.709,143.6,15.000,14.346,137.4,15.000,14.709,132.8
19.2332,126583,1120336,15.000,14.709,143.6,15.000,13.620,137.4,15.000,14.891,132.8
19.3387,126584,1120341,15.000,14.709,143.6,15.000,13.801,137.4,15.000,14.891,132.8
19.3387,126585,1120346,15.000,14.891,143.6,15.000,13.620,137.4,15.000,14.891,132.8
19.3387,126586,1120351,15.000,14.891,143.6,15.000,13.620,137.4,15.000,15.072,132.8
19.3387,126587,1120356,15.000,15.072,143.6,15.000,13.801,137.4,15.000,15.072,132.8
19.3387,126588,1120361,15.000,15.254,143.6,15.000,13.983,137.4,15.000,14.891,132.8
19.3387,126589,1120366,15.000,15.072,143.6,15.000,13.801,137.4,15.000,15.072,132.8
19.3387,126590,1120371,15.000,15.072,143.6,15.000,13.801,137.4,15.000,15.072,132.8
19.3387,126591,1120376,15.000,14.891,143.6,15.000,14.164,137.4,15.000,15.072,132.8
19.3387,126592,1120381,15.000,15.072,143.6,15.000,13.983,137.4,15.000,15.072,132.8
19.3387,126593,1120386,15.000,15.072,143.6,15.000,14.709,137.4,15.000,15.072,132.8
19.3387,126594,1120391,15.000,15.072,143.6,15.000,14.891,137.4,15.000,15.072,132.8
19.3387,126595,1120396,15.000,15.072,143.6,15.000,15.072,137.4,15.000,15.072,132.8
19.3387,126596,1120401,15.000,14.891,143.6,15.000,15.072,137.4,15.000,15.072,132.8
19.3387,126597,1120406,15.000,14.891,143.6,15.000,15.072,137.4,15.000,15.072,132.8
19.3387,126598,1120411,15.000,14.891,143.6,15.000,14.709,137.4,15.000,15.072,132.8
19.3387,126599,1120416,15.000,15.072,140.3,15.000,14.891,135.2,15.000,15.072,131.1
19.4115,126600,1120421,15.000,15.254,140.3,15.000,15.072,135.2,15.000,15.072,131.1
19.4115,126601,1120426,15.000,15.436,140.3,15.000,15.072,135.2,15.000,15.254,131.1
19.4115,126602,1120431,15.000,15.254,140.3,15.000,15.254,135.2,15.000,15.254,131.1
19.4115,126603,1120436,15.000,15.436,140.3,15.000,15.436,135.2,15.000,15.254,131.1
19.4115,126604,1120441,15.000,15.436,140.3,15.000,15.617,135.2,15.000,15.254,131.1
19.4115,126605,1120446,15.000,15.254,140.3,15.000,15.436,135.2,15.000,15.254,131.1
19.4115,126606,1120451,15.000,15.436,140.3,15.000,15.254,135.2,15.000,15.254,131.1
19.4115,126607,1120456,15.000,15.254,140.3,15.000,15.436,135.2,15.000,15.254,131.1
19.4115,126608,1120461,15.000,15.254,140.3,15.000,15.617,135.2,15.000,15.436,131.1
19.4115,126609,1120466,15.000,15.254,140.3,15.000,15.617,135.2,15.000,15.254,131.1
19.4115,126610,1120471,15.000,15.072,140.3,15.000,15.617,135.2,15.000,15.436,131.1
19.4115,126611,1120476,15.000,15.072,140.3,15.000,15.436,135.2,15.000,15.254,131.1
19.4115,126612,1120481,15.000,15.072,140.3,15.000,15.436,135.2,15.000,15.254,131.1
19.4115,126613,1120486,15.000,14.891,140.3,15.000,15.617,135.2,15.000,15.254,131.1
19.4115,126614,1120491,15.000,14.709,140.3,15.000,15.436,135.2,15.000,15.254,131.1
19.4115,126615,1120496,15.000,14.891,140.3,15.000,15.799,135.2,15.000,15.436,131.1
19.4721,126616,1120501,15.000,14.891,140.3,15.000,15.980,135.2,15.000,15.254,131.1
19.4721,126617,1120506,15.000,14.891,140.3,15.000,15.799,135.2,15.000,15.436,131.1
19.4721,126618,1120511,15.000,14.891,140.3,15.000,15.799,135.2,15.000,15.254,131.1
19.4721,126619,1120516,15.000,14.891,141.4,15.000,15.799,129.7,15.000,15.254,129.8
19.4721,126620,1120521,15.000,14.891,141.4,15.000,15.617,129.7,15.000,15.254,129.8
19.4721,126621,1120526,15.000,15.072,141.4,15.000,15.799,129.7,15.000,15.254,129.8
19.4721,126622,1120531,15.000,14.891,141.4,15.000,16.162,129.7,15.000,15.436,129.8
19.4721,126623,1120536,15.000,14.528,141.4,15.000,15.980,129.7,15.000,15.254,129.8
19.4721,126624,1120541,15.000,14.709,141.4,15.000,15.980,129.7,15.000,15.436,129.8
19.4721,126625,1120546,15.000,14.346,141.4,15.000,15.617,129.7,15.000,15.254,129.8
19.4721,126626,1120551,15.000,14.346,141.4,15.000,15.436,129.7,15.000,15.254,129.8
19.4721,126627,1120556,15.000,14.528,141.4,15.000,15.436,129.7,15.000,15.254,129.8
19.4721,126628,1120561,15.000,14.164,141.4,15.000,15.436,129.7,15.000,15.254,129.8
19.4721,126629,1120566,15.000,14.346,141.4,15.000,15.254,129.7,15.000,15.436,129.8
19.4721,126630,1120571,15.000,14.346,141.4,15.000,15.254,129.7,15.000,15.254,129.8
19.4721,126631,1120576,15.000,14.346,141.4,15.000,15.254,129.7,15.000,15.254,129.8
19.5218,126632,1120581,15.000,14.346,141.4,15.000,15.254,129.7,15.000,15.072,129.8
19.5218,126633,1120586,15.000,14.891,141.4,15.000,15.436,129.7,15.000,15.254,129.8
19.5218,126634,1120591,15.000,14.709,141.4,15.000,15.072,129.7,15.000,15.072,129.8
19.5218,126635,1120596,15.000,15.072,141.4,15.000,15.072,129.7,15.000,15.072,129.8
19.5218,126636,1120601,15.000,15.072,141.4,15.000,15.254,129.7,15.000,15.072,129.8
19.5218,126637,1120606,15.000,15.072,141.4,15.000,15.254,129.7,15.000,14.891,129.8
19.5218,126638,1120611,15.000,15.436,141.4,15.000,15.072,129.7,15.000,14.891,129.8
19.5218,126639,1120616,15.000,15.254,139.3,15.000,15.254,131.4,15.000,14.891,131.6
19.5740,126640,1120621,15.000,15.436,139.3,15.000,15.436,131.4,15.000,14.891,131.6
19.5740,126641,1120626,15.000,15.072,139.3,15.000,15.254,131.4,15.000,14.891,131.6
19.5740,126642,1120631,15.000,15.254,139.3,15.000,14.891,131.4,15.000,14.891,131.6
19.5740,126643,1120636,15.000,15.254,139.3,15.000,14.709,131.4,15.000,14.709,131.6
19.5740,126644,1120641,15.000,15.254,139.3,15.000,14.709,131.4,15.000,14.709,131.6
19.5740,126645,1120646,15.000,15.254,139.3,15.000,14.709,131.4,15.000,14.709,131.6
19.5740,126646,1120651,15.000,15.072,139.3,15.000,14.346,131.4,15.000,14.709,131.6
19.5740,126647,1120656,15.000,15.072,139.3,15.000,14.164,131.4,15.000,14.709,131.6
19.5740,126648,1120661,15.000,14.891,139.3,15.000,14.164,131.4,15.000,14.709,131.6
19.5740,126649,1120666,15.000,15.072,139.3,15.000,13.983,131.4,15.000,14.528,131.6
19.5740,126650,1120671,15.000,14.891,139.3,15.000,13.620,131.4,15.000,14.528,131.6
19.5740,126651,1120676,15.000,15.254,139.3,15.000,13.801,131.4,15.000,14.528,131.6
19.5740,126652,1120681,15.000,15.436,139.3,15.000,13.983,131.4,15.000,14.709,131.6
19.5740,126653,1120686,15.000,15.254,139.3,15.000,14.164,131.4,15.000,14.709,131.6
19.5740,126654,1120691,15.000,15.072,139.3,15.000,14.346,131.4,15.000,14.709,131.6
19.5740,126655,1120696,15.000,14.891,139.3,15.000,14.346,131.4,15.000,14.709,131.6
19.6920,126656,1120701,15.000,15.072,139.3,15.000,14.709,131.4,15.000,14.709,131.6
19.6920,126657,1120706,15.000,15.072,139.3,15.000,14.709,131.4,15.000,14.709,131.6
19.6920,126658,1120711,15.000,15.254,139.3,15.000,14.346,131.4,15.000,14.709,131.6
19.6920,126659,1120716,15.000,14.891,141.1,15.000,13.983,138.9,15.000,14.709,133.0
19.6920,126660,1120721,15.000,14.891,141.1,15.000,14.346,138.9,15.000,14.709,133.0
19.6920,126661,1120726,15.000,14.891,141.1,15.000,14.346,138.9,15.000,14.709,133.0
19.6920,126662,1120731,15.000,14.709,141.1,15.000,14.346,138.9,15.000,14.709,133.0
19.6920,126663,1120736,15.000,14.709,141.1,15.000,14.164,138.9,15.000,14.709,133.0
19.6920,126664,1120741,15.000,15.072,141.1,15.000,14.164,138.9,15.000,14.709,133.0
19.6920,126665,1120746,15.000,15.072,141.1,15.000,14.346,138.9,15.000,14.709,133.0
19.6920,126666,1120751,15.000,15.254,141.1,15.000,14.346,138.9,15.000,14.709,133.0
19.6920,126667,1120756,15.000,15.072,141.1,15.000,14.709,138.9,15.000,14.891,133.0
19.6920,126668,1120761,15.000,15.072,141.1,15.000,15.254,138.9,15.000,14.891,133.0
19.6920,126669,1120766,15.000,15.436,141.1,15.000,15.799,138.9,15.000,14.891,133.0
19.6920,126670,1120771,15.000,15.436,141.1,15.000,15.617,138.9,15.000,15.072,133.0
19.6920,126671,1120776,15.000,15.436,141.1,15.000,15.617,138.9,15.000,15.072,133.0
19.7429,126672,1120781,15.000,15.254,141.1,15.000,15.799,138.9,15.000,14.891,133.0
19.7429,126673,1120786,15.000,15.254,141.1,15.000,15.254,138.9,15.000,14.891,133.0
19.7429,126674,1120791,15.000,15.254,141.1,15.000,15.436,138.9,15.000,15.072,133.0
19.7429,126675,1120796,15.000,15.254,141.1,15.000,15.254,138.9,15.000,15.072,133.0
19.7429,126676,1120801,15.000,15.254,141.1,15.000,15.254,138.9,15.000,15.254,133.0
19.7429,126677,1120806,15.000,15.254,141.1,15.000,15.254,138.9,15.000,15.072,133.0
19.7429,126678,1120811,15.000,15.254,141.1,15.000,15.072,138.9,15.000,15.072,133.0
19.7429,126679,1120816,15.000,15.254,138.9,15.000,15.072,134.1,15.000,15.254,130.1
19.7429,126680,1120821,15.000,15.254,138.9,15.000,15.254,134.1,15.000,15.072,130.1
19.7429,126681,1120826,15.000,15.254,138.9,15.000,15.072,134.1,15.000,15.072,130.1
19.7429,126682,1120831,15.000,15.436,138.9,15.000,14.891,134.1,15.000,15.254,130.1
19.7429,126683,1120836,15.000,15.617,138.9,15.000,15.436,134.1,15.000,15.254,130.1
19.7429,126684,1120841,15.000,15.436,138.9,15.000,15.436,134.1,15.000,15.072,130.1
19.7429,126685,1120846,15.000,15.617,138.9,15.000,15.617,134.1,15.000,15.254,130.1
19.7429,126686,1120851,15.000,15.617,138.9,15.000,15.617,134.1,15.000,15.072,130.1
19.7429,126687,1120856,15.000,15.617,138.9,15.000,15.254,134.1,15.000,15.254,130.1
19.8044,126688,1120861,15.000,15.436,138.9,15.000,15.072,134.1,15.000,15.254,130.1
19.8044,126689,1120866,15.000,15.436,138.9,15.000,15.072,134.1,15.000,15.072,130.1
19.8044,126690,1120871,15.000,15.436,138.9,15.000,14.891,134.1,15.000,15.254,130.1
19.8044,126691,1120876,15.000,15.254,138.9,15.000,15.072,134.1,15.000,15.254,130.1
19.8044,126692,1120881,15.000,15.436,138.9,15.000,14.891,134.1,15.000,15.072,130.1
19.8044,126693,1120886,15.000,15.072,138.9,15.000,14.891,134.1,15.000,15.254,130.1
19.8044,126694,1120891,15.000,15.072,138.9,15.000,14.891,134.1,15.000,15.436,130.1
19.8044,126695,1120896,15.000,14.891,138.9,15.000,14.891,134.1,15.000,15.254,130.1
19.8916,126696,1120901,15.000,14.891,138.9,15.000,14.891,134.1,15.000,15.254,130.1
19.8916,126697,1120906,15.000,14.891,138.9,15.000,15.254,134.1,15.000,15.254,130.1
19.8916,126698,1120911,15.000,14.891,138.9,15.000,15.617,134.1,15.000,15.254,130.1
19.8916,126699,1120916,15.000,14.709,141.9,15.000,15.617,130.6,15.000,15.254,129.6
19.8916,126700,1120921,15.000,14.709,141.9,15.000,15.799,130.6,15.000,15.254,129.6
19.8916,126701,1120926,15.000,14.709,141.9,15.000,15.799,130.6,15.000,15.254,129.6
19.8916,126702,1120931,15.000,14.528,141.9,15.000,16.162,130.6,15.000,15.436,129.6
19.8916,126703,1120936,15.000,14.891,141.9,15.000,16.344,130.6,15.000,15.254,129.6
19.8916,126704,1120941,15.000,14.891,141.9,15.000,16.344,130.6,15.000,15.072,129.6
19.8916,126705,1120946,15.000,14.891,141.9,15.000,16.344,130.6,15.000,15.254,129.6
19.8916,126706,1120951,15.000,14.528,141.9,15.000,16.162,130.6,15.000,15.254,129.6
19.8916,126707,1120956,15.000,14.528,141.9,15.000,16.162,130.6,15.000,15.072,129.6
19.8916,126708,1120961,15.000,14.528,141.9,15.000,16.162,130.6,15.000,15.254,129.6
19.8916,126709,1120966,15.000,14.528,141.9,15.000,16.162,130.6,15.000,15.254,129.6
19.8916,126710,1120971,15.000,14.709,141.9,15.000,16.162,130.6,15.000,15.072,129.6
19.8916,126711,1120976,15.000,14.709,141.9,15.000,15.980,130.6,15.000,15.254,129.6
19.9503,126712,1120981,15.000,14.891,141.9,15.000,15.980,130.6,15.000,15.072,129.6
19.9503,126713,1120986,15.000,14.709,141.9,15.000,15.980,130.6,15.000,15.254,129.6
19.9503,126714,1120991,15.000,14.891,141.9,15.000,15.980,130.6,15.000,15.254,129.6
19.9503,126715,1120996,15.000,14.891,141.9,15.000,15.980,130.6,15.000,15.072,129.6
19.9503,126716,1121001,15.000,15.254,141.9,15.000,15.980,130.6,15.000,15.072,129.6
19.9503,126717,1121006,15.000,15.254,141.9,15.000,15.980,130.6,15.000,15.072,129.6
19.9503,126718,1121011,15.000,15.436,141.9,15.000,15.799,130.6,15.000,15.072,129.6
19.9503,126719,1121016,15.000,15.254,139.0,15.000,15.799,128.1,15.000,15.072,130.2
19.9503,126720,1121021,15.000,15.254,139.0,15.000,15.799,128.1,15.000,15.072,130.2
19.9503,126721,1121026,15.000,15.436,139.0,15.000,15.980,128.1,15.000,14.891,130.2
19.9503,126722,1121031,15.000,15.254,139.0,15.000,15.799,128.1,15.000,14.891,130.2
19.9503,126723,1121036,15.000,15.436,139.0,15.000,15.617,128.1,15.000,14.709,130.2
19.9503,126724,1121041,15.000,15.254,139.0,15.000,15.436,128.1,15.000,14.709,130.2
19.9503,126725,1121046,15.000,14.891,139.0,15.000,15.436,128.1,15.000,14.891,130.2
19.9503,126726,1121051,15.000,14.891,139.0,15.000,15.254,128.1,15.000,14.891,130.2
19.9503,126727,1121056,15.000,15.072,139.0,15.000,15.254,128.1,15.000,14.891,130.2
20.0547,126728,1121061,15.000,14.891,139.0,15.000,15.436,128.1,15.000,14.709,130.2
20.0547,126729,1121066,15.000,15.254,139.0,15.000,15.436,128.1,15.000,14.709,130.2
20.0547,126730,1121071,15.000,14.891,139.0,15.000,15.254,128.1,15.000,14.709,130.2
20.0547,126731,1121076,15.000,14.709,139.0,15.000,15.072,128.1,15.000,14.709,130.2
20.0547,126732,1121081,15.000,14.709,139.0,15.000,15.254,128.1,15.000,14.709,130.2
20.0547,126733,1121086,15.000,14.528,139.0,15.000,15.254,128.1,15.000,14.709,130.2
20.0547,126734,1121091,15.000,14.709,139.0,15.000,15.436,128.1,15.000,14.709,130.2
20.0547,126735,1121096,15.000,15.072,139.0,15.000,15.436,128.1,15.000,14.528,130.2
20.0547,126736,1121101,15.000,14.891,139.0,15.000,15.436,128.1,15.000,14.528,130.2
20.0547,126737,1121106,15.000,14.528,139.0,15.000,15.254,128.1,15.000,14.528,130.2
20.0547,126738,1121111,15.000,14.709,139.0,15.000,15.254,128.1,15.000,14.528,130.2
20.0547,126739,1121116,15.000,14.528,143.1,15.000,15.072,130.9,15.000,14.528,133.5
20.0547,126740,1121121,15.000,14.528,143.1,15.000,15.254,130.9,15.000,14.528,133.5
20.0547,126741,1121126,15.000,14.528,143.1,15.000,15.436,130.9,15.000,14.528,133.5
20.0547,126742,1121131,15.000,14.709,143.1,15.000,15.254,130.9,15.000,14.528,133.5
20.0547,126743,1121136,15.000,14.709,143.1,15.000,15.436,130.9,15.000,14.709,133.5
20.1378,126744,1121141,15.000,14.709,143.1,15.000,15.254,130.9,15.000,14.709,133.5
20.1378,126745,1121146,15.000,14.709,143.1,15.000,15.254,130.9,15.000,14.709,133.5
20.1378,126746,1121151,15.000,14.891,143.1,15.000,15.254,130.9,15.000,14.709,133.5
20.1378,126747,1121156,15.000,15.254,143.1,15.000,15.436,130.9,15.000,14.709,133.5
20.1378,126748,1121161,15.000,15.072,143.1,15.000,15.436,130.9,15.000,14.709,133.5
20.1378,126749,1121166,15.000,15.254,143.1,15.000,15.436,130.9,15.000,14.891,133.5
20.1378,126750,1121171,15.000,15.254,143.1,15.000,15.254,130.9,15.000,14.891,133.5
20.1378,126751,1121176,15.000,15.436,143.1,15.000,15.254,130.9,15.000,14.891,133.5
20.1378,126752,1121181,15.000,15.436,143.1,15.000,15.436,130.9,15.000,15.072,133.5
20.1378,126753,1121186,15.000,15.617,143.1,15.000,15.436,130.9,15.000,14.891,133.5
20.1378,126754,1121191,15.000,15.436,143.1,15.000,15.254,130.9,15.000,14.891,133.5
20.1378,126755,1121196,15.000,15.617,143.1,15.000,15.254,130.9,15.000,15.072,133.5
20.1378,126756,1121201,15.000,15.617,143.1,15.000,15.617,130.9,15.000,15.072,133.5
20.1378,126757,1121206,15.000,15.617,143.1,15.000,15.436,130.9,15.000,15.072,133.5
20.1378,126758,1121211,15.000,15.617,143.1,15.000,15.072,130.9,15.000,15.254,133.5
20.1378,126759,1121216,15.000,15.617,137.1,15.000,15.254,129.5,15.000,15.072,131.0
20.1951,126760,1121221,15.000,15.799,137.1,15.000,15.436,129.5,15.000,15.072,131.0
20.1951,126761,1121226,15.000,15.799,137.1,15.000,15.436,129.5,15.000,15.254,131.0
20.1951,126762,1121231,15.000,15.799,137.1,15.000,15.072,129.5,15.000,15.072,131.0
20.1951,126763,1121236,15.000,15.617,137.1,15.000,15.072,129.5,15.000,15.254,131.0
20.1951,126764,1121241,15.000,15.799,137.1,15.000,15.436,129.5,15.000,15.254,131.0
20.1951,126765,1121246,15.000,15.617,137.1,15.000,15.436,129.5,15.000,15.072,131.0
20.1951,126766,1121251,15.000,15.617,137.1,15.000,15.254,129.5,15.000,15.254,131.0
20.1951,126767,1121256,15.000,15.436,137.1,15.000,15.436,129.5,15.000,15.254,131.0
20.1951,126768,1121261,15.000,15.617,137.1,15.000,15.799,129.5,15.000,15.254,131.0
20.1951,126769,1121266,15.000,15.436,137.1,15.000,15.617,129.5,15.000,15.254,131.0
20.1951,126770,1121271,15.000,15.436,137.1,15.000,15.436,129.5,15.000,15.254,131.0
20.1951,126771,1121276,15.000,15.436,137.1,15.000,15.436,129.5,15.000,15.254,131.0
20.1951,126772,1121281,15.000,15.254,137.1,15.000,15.799,129.5,15.000,15.254,131.0
20.1951,126773,1121286,15.000,15.254,137.1,15.000,15.617,129.5,15.000,15.254,131.0
20.1951,126774,1121291,15.000,15.254,137.1,15.000,15.254,129.5,15.000,15.254,131.0
20.1951,126775,1121296,15.000,15.254,137.1,15.000,15.254,129.5,15.000,15.436,131.0
20.2903,126776,1121301,15.000,15.072,137.1,15.000,15.436,129.5,15.000,15.254,131.0
20.2903,126777,1121306,15.000,15.072,137.1,15.000,15.436,129.5,15.000,15.436,131.0
20.2903,126778,1121311,15.000,15.072,137.1,15.000,15.254,129.5,15.000,15.254,131.0
20.2903,126779,1121316,15.000,15.072,139.3,15.000,15.254,129.0,15.000,15.254,129.8
20.2903,126780,1121321,15.000,14.891,139.3,15.000,15.436,129.0,15.000,15.436,129.8
20.2903,126781,1121326,15.000,14.709,139.3,15.000,15.436,129.0,15.000,15.254,129.8
20.2903,126782,1121331,15.000,14.709,139.3,15.000,15.254,129.0,15.000,15.436,129.8
20.2903,126783,1121336,15.000,14.891,139.3,15.000,15.436,129.0,15.000,15.254,129.8
20.2903,126784,1121341,15.000,14.709,139.3,15.000,15.799,129.0,15.000,15.254,129.8
20.2903,126785,1121346,15.000,14.709,139.3,15.000,15.799,129.0,15.000,15.254,129.8
20.2903,126786,1121351,15.000,14.709,139.3,15.000,15.436,129.0,15.000,15.254,129.8
20.2903,126787,1121356,15.000,14.709,139.3,15.000,15.436,129.0,15.000,15.254,129.8
20.2903,126788,1121361,15.000,14.528,139.3,15.000,15.436,129.0,15.000,15.254,129.8
20.2903,126789,1121366,15.000,14.528,139.3,15.000,15.617,129.0,15.000,15.254,129.8
20.2903,126790,1121371,15.000,14.709,139.3,15.000,15.436,129.0,15.000,15.254,129.8
20.2903,126791,1121376,15.000,14.891,139.3,15.000,15.436,129.0,15.000,15.254,129.8
20.3691,126792,1121381,15.000,14.891,139.3,15.000,15.617,129.0,15.000,15.254,129.8
20.3691,126793,1121386,15.000,14.709,139.3,15.000,15.254,129.0,15.000,15.254,129.8
20.3691,126794,1121391,15.000,14.891,139.3,15.000,14.891,129.0,15.000,15.254,129.8
20.3691,126795,1121396,15.000,14.891,139.3,15.000,14.891,129.0,15.000,15.254,129.8
20.3691,126796,1121401,15.000,14.891,139.3,15.000,15.254,129.0,15.000,15.254,129.8
20.3691,126797,1121406,15.000,15.072,139.3,15.000,15.254,129.0,15.000,15.072,129.8
20.3691,126798,1121411,15.000,15.072,139.3,15.000,15.254,129.0,15.000,15.254,129.8
20.3691,126799,1121416,15.000,15.254,138.0,15.000,15.254,128.4,15.000,15.254,129.2
20.3701,126800,1121421,15.000,15.254,138.0,15.000,15.436,128.4,15.000,15.072,129.2
20.3701,126801,1121426,15.000,14.891,138.0,15.000,15.254,128.4,15.000,15.072,129.2
20.3701,126802,1121431,15.000,14.891,138.0,15.000,15.072,128.4,15.000,15.072,129.2
20.3701,126803,1121436,15.000,14.891,138.0,15.000,15.436,128.4,15.000,15.072,129.2
20.3701,126804,1121441,15.000,14.891,138.0,15.000,15.799,128.4,15.000,15.072,129.2
20.3701,126805,1121446,15.000,14.709,138.0,15.000,15.799,128.4,15.000,14.891,129.2
20.3701,126806,1121451,15.000,14.891,138.0,15.000,15.617,128.4,15.000,14.891,129.2
20.3701,126807,1121456,15.000,14.709,138.0,15.000,15.254,128.4,15.000,14.891,129.2
20.4727,126808,1121461,15.000,14.709,138.0,15.000,15.436,128.4,15.000,14.709,129.2
20.4727,126809,1121466,15.000,14.709,138.0,15.000,15.072,128.4,15.000,14.709,129.2
20.4727,126810,1121471,15.000,14.709,138.0,15.000,15.072,128.4,15.000,14.709,129.2
20.4727,126811,1121476,15.000,15.072,138.0,15.000,15.254,128.4,15.000,14.709,129.2
20.4727,126812,1121481,15.000,15.072,138.0,15.000,15.436,128.4,15.000,14.709,129.2
20.4727,126813,1121486,15.000,15.072,138.0,15.000,15.254,128.4,15.000,14.709,129.2
20.4727,126814,1121491,15.000,14.891,138.0,15.000,15.254,128.4,15.000,14.709,129.2
20.4727,126815,1121496,15.000,15.072,138.0,15.000,15.254,128.4,15.000,14.709,129.2
20.4727,126816,1121501,15.000,14.891,138.0,15.000,15.436,128.4,15.000,14.709,129.2
20.4727,126817,1121506,15.000,14.891,138.0,15.000,15.617,128.4,15.000,14.709,129.2
20.4727,126818,1121511,15.000,14.891,138.0,15.000,15.617,128.4,15.000,14.528,129.2
20.4727,126819,1121516,15.000,14.891,139.7,15.000,15.980,123.1,15.000,14.528,133.3
20.4727,126820,1121521,15.000,14.891,139.7,15.000,15.799,123.1,15.000,14.528,133.3
20.4727,126821,1121526,15.000,14.709,139.7,15.000,15.799,123.1,15.000,14.528,133.3
20.4727,126822,1121531,15.000,14.891,139.7,15.000,15.799,123.1,15.000,14.346,133.3
20.4727,126823,1121536,15.000,14.891,139.7,15.000,15.980,123.1,15.000,14.528,133.3
20.5242,126824,1121541,15.000,15.072,139.7,15.000,15.799,123.1,15.000,14.528,133.3
20.5242,126825,1121546,15.000,15.072,139.7,15.000,15.617,123.1,15.000,14.528,133.3
20.5242,126826,1121551,15.000,15.254,139.7,15.000,15.072,123.1,15.000,14.528,133.3
20.5242,126827,1121556,15.000,15.254,139.7,15.000,14.709,123.1,15.000,14.528,133.3
20.5242,126828,1121561,15.000,15.254,139.7,15.000,14.528,123.1,15.000,14.709,133.3
20.5242,126829,1121566,15.000,15.254,139.7,15.000,14.346,123.1,15.000,14.709,133.3
20.5242,126830,1121571,15.000,15.254,139.7,15.000,14.346,123.1,15.000,14.891,133.3
20.5242,126831,1121576,15.000,15.254,139.7,15.000,14.346,123.1,15.000,14.891,133.3
20.5242,126832,1121581,15.000,15.072,139.7,15.000,13.801,123.1,15.000,14.891,133.3
20.5242,126833,1121586,15.000,15.254,139.7,15.000,13.801,123.1,15.000,14.709,133.3
20.5242,126834,1121591,15.000,15.072,139.7,15.000,13.256,123.1,15.000,14.891,133.3
20.5242,126835,1121596,15.000,15.254,139.7,15.000,13.256,123.1,15.000,14.891,133.3
20.5242,126836,1121601,15.000,15.072,139.7,15.000,13.620,123.1,15.000,14.891,133.3
20.5242,126837,1121606,15.000,15.254,139.7,15.000,13.983,123.1,15.000,15.072,133.3
20.5242,126838,1121611,15.000,15.254,139.7,15.000,14.164,123.1,15.000,15.072,133.3
20.5242,126839,1121616,15.000,15.254,137.6,15.000,13.620,136.1,15.000,15.072,130.8
20.6111,126840,1121621,15.000,15.254,137.6,15.000,13.075,136.1,15.000,14.891,130.8
20.6111,126841,1121626,15.000,15.436,137.6,15.000,12.893,136.1,15.000,14.891,130.8
20.6111,126842,1121631,15.000,15.436,137.6,15.000,13.438,136.1,15.000,14.891,130.8
20.6111,126843,1121636,15.000,15.436,137.6,15.000,13.438,136.1,15.000,15.072,130.8
20.6111,126844,1121641,15.000,15.436,137.6,15.000,13.801,136.1,15.000,14.891,130.8
20.6111,126845,1121646,15.000,15.436,137.6,15.000,13.983,136.1,15.000,14.891,130.8
20.6111,126846,1121651,15.000,15.436,137.6,15.000,14.164,136.1,15.000,15.072,130.8
20.6111,126847,1121656,15.000,15.254,137.6,15.000,14.164,136.1,15.000,14.891,130.8
20.6111,126848,1121661,15.000,15.436,137.6,15.000,14.164,136.1,15.000,14.891,130.8
20.6111,126849,1121666,15.000,15.072,137.6,15.000,14.891,136.1,15.000,15.072,130.8
20.6111,126850,1121671,15.000,15.254,137.6,15.000,15.617,136.1,15.000,15.072,130.8
20.6111,126851,1121676,15.000,15.072,137.6,15.000,15.799,136.1,15.000,15.072,130.8
20.6111,126852,1121681,15.000,15.072,137.6,15.000,15.799,136.1,15.000,15.254,130.8
20.6111,126853,1121686,15.000,14.891,137.6,15.000,15.436,136.1,15.000,15.072,130.8
20.6111,126854,1121691,15.000,14.891,137.6,15.000,15.254,136.1,15.000,15.072,130.8
20.6111,126855,1121696,15.000,14.891,137.6,15.000,15.072,136.1,15.000,15.254,130.8
20.6668,126856,1121701,15.000,14.709,137.6,15.000,15.072,136.1,15.000,15.072,130.8
20.6668,126857,1121706,15.000,14.709,137.6,15.000,15.254,136.1,15.000,15.254,130.8
20.6668,126858,1121711,15.000,14.709,137.6,15.000,15.254,136.1,15.000,15.254,130.8
20.6668,126859,1121716,15.000,14.528,141.7,15.000,15.254,128.5,15.000,15.072,130.7
20.6668,126860,1121721,15.000,14.346,141.7,15.000,14.891,128.5,15.000,15.254,130.7
20.6668,126861,1121726,15.000,14.346,141.7,15.000,14.346,128.5,15.000,15.254,130.7
20.6668,126862,1121731,15.000,14.346,141.7,15.000,14.164,128.5,15.000,15.254,130.7
20.6668,126863,1121736,15.000,14.528,141.7,15.000,14.346,128.5,15.000,15.254,130.7
20.6668,126864,1121741,15.000,14.528,141.7,15.000,14.528,128.5,15.000,15.254,130.7
20.6668,126865,1121746,15.000,14.346,141.7,15.000,14.709,128.5,15.000,15.072,130.7
20.6668,126866,1121751,15.000,14.528,141.7,15.000,14.709,128.5,15.000,15.254,130.7
20.6668,126867,1121756,15.000,14.528,141.7,15.000,14.709,128.5,15.000,15.072,130.7
20.6668,126868,1121761,15.000,14.528,141.7,15.000,14.528,128.5,15.000,15.254,130.7
20.6668,126869,1121766,15.000,14.709,141.7,15.000,14.528,128.5,15.000,15.254,130.7
20.6668,126870,1121771,15.000,14.528,141.7,15.000,14.709,128.5,15.000,15.254,130.7
20.6668,126871,1121776,15.000,14.709,141.7,15.000,15.254,128.5,15.000,15.254,130.7
20.7245,126872,1121781,15.000,14.709,141.7,15.000,15.436,128.5,15.000,15.072,130.7
20.7245,126873,1121786,15.000,14.528,141.7,15.000,15.617,128.5,15.000,15.254,130.7
20.7245,126874,1121791,15.000,14.709,141.7,15.000,15.799,128.5,15.000,15.254,130.7
20.7245,126875,1121796,15.000,14.709,141.7,15.000,15.799,128.5,15.000,15.436,130.7
20.7245,126876,1121801,15.000,14.709,141.7,15.000,15.799,128.5,15.000,15.254,130.7
20.7245,126877,1121806,15.000,14.891,141.7,15.000,15.617,128.5,15.000,15.254,130.7
20.7245,126878,1121811,15.000,14.891,141.7,15.000,15.799,128.5,15.000,15.254,130.7
20.7245,126879,1121816,15.000,15.072,139.2,15.000,15.799,124.6,15.000,15.254,129.3
20.8012,126880,1121821,15.000,15.436,139.2,15.000,15.980,124.6,15.000,15.072,129.3
20.8012,126881,1121826,15.000,15.254,139.2,15.000,15.799,124.6,15.000,15.254,129.3
20.8012,126882,1121831,15.000,15.436,139.2,15.000,15.799,124.6,15.000,15.254,129.3
20.8012,126883,1121836,15.000,15.436,139.2,15.000,15.617,124.6,15.000,15.072,129.3
20.8012,126884,1121841,15.000,15.436,139.2,15.000,15.254,124.6,15.000,15.254,129.3
20.8012,126885,1121846,15.000,15.436,139.2,15.000,14.528,124.6,15.000,15.072,129.3
20.8012,126886,1121851,15.000,15.617,139.2,15.000,14.346,124.6,15.000,15.072,129.3
20.8012,126887,1121856,15.000,15.436,139.2,15.000,13.983,124.6,15.000,15.072,129.3
20.8012,126888,1121861,15.000,15.436,139.2,15.000,13.620,124.6,15.000,14.891,129.3
20.8012,126889,1121866,15.000,15.254,139.2,15.000,13.438,124.6,15.000,14.891,129.3
20.8012,126890,1121871,15.000,15.254,139.2,15.000,13.075,124.6,15.000,15.072,129.3
20.8012,126891,1121876,15.000,15.254,139.2,15.000,13.256,124.6,15.000,14.891,129.3
20.8012,126892,1121881,15.000,15.254,139.2,15.000,13.075,124.6,15.000,14.891,129.3
20.8012,126893,1121886,15.000,15.254,139.2,15.000,12.893,124.6,15.000,14.891,129.3
20.8012,126894,1121891,15.000,15.254,139.2,15.000,12.893,124.6,15.000,14.709,129.3
20.8012,126895,1121896,15.000,15.254,139.2,15.000,13.438,124.6,15.000,14.709,129.3
20.8979,126896,1121901,15.000,15.254,139.2,15.000,13.438,124.6,15.000,14.709,129.3
20.8979,126897,1121906,15.000,15.254,139.2,15.000,13.983,124.6,15.000,14.709,129.3
20.8979,126898,1121911,15.000,15.254,139.2,15.000,14.164,124.6,15.000,14.709,129.3
20.8979,126899,1121916,15.000,15.436,136.8,15.000,14.164,133.3,15.000,14.709,132.3
20.8979,126900,1121921,15.000,15.436,136.8,15.000,13.983,133.3,15.000,14.528,132.3
20.8979,126901,1121926,15.000,15.436,136.8,15.000,13.438,133.3,15.000,14.528,132.3
20.8979,126902,1121931,15.000,15.436,136.8,15.000,13.256,133.3,15.000,14.528,132.3
20.8979,126903,1121936,15.000,15.436,136.8,15.000,13.620,133.3,15.000,14.528,132.3
20.8979,126904,1121941,15.000,15.254,136.8,15.000,14.164,133.3,15.000,14.528,132.3
20.8979,126905,1121946,15.000,15.436,136.8,15.000,14.164,133.3,15.000,14.528,132.3
20.8979,126906,1121951,15.000,15.254,136.8,15.000,14.346,133.3,15.000,14.528,132.3
20.8979,126907,1121956,15.000,15.436,136.8,15.000,14.346,133.3,15.000,14.528,132.3
20.8979,126908,1121961,15.000,15.254,136.8,15.000,14.528,133.3,15.000,14.709,132.3
20.8979,126909,1121966,15.000,15.254,136.8,15.000,14.528,133.3,15.000,14.528,132.3
20.8979,126910,1121971,15.000,15.254,136.8,15.000,15.072,133.3,15.000,14.709,132.3
20.8979,126911,1121976,15.000,15.254,136.8,15.000,15.617,133.3,15.000,14.528,132.3
20.9720,126912,1121981,15.000,15.072,136.8,15.000,15.617,133.3,15.000,14.528,132.3
20.9720,126913,1121986,15.000,15.072,136.8,15.000,15.254,133.3,15.000,14.528,132.3
20.9720,126914,1121991,15.000,15.072,136.8,15.000,15.254,133.3,15.000,14.528,132.3
20.9720,126915,1121996,15.000,15.072,136.8,15.000,15.436,133.3,15.000,14.528,132.3
20.9720,126916,1122001,15.000,15.072,136.8,15.000,15.072,133.3,15.000,14.709,132.3
20.9720,126917,1122006,15.000,14.891,136.8,15.000,14.891,133.3,15.000,14.709,132.3
20.9720,126918,1122011,15.000,14.891,136.8,15.000,14.346,133.3,15.000,14.528,132.3
20.9720,126919,1122016,15.000,14.891,139.3,15.000,14.528,132.7,15.000,14.891,131.7
20.9720,126920,1122021,15.000,14.891,139.3,15.000,14.528,132.7,15.000,14.709,131.7
20.9720,126921,1122026,15.000,14.891,139.3,15.000,14.346,132.7,15.000,14.891,131.7
20.9720,126922,1122031,15.000,14.891,139.3,15.000,14.528,132.7,15.000,14.891,131.7
20.9720,126923,1122036,15.000,15.072,139.3,15.000,14.891,132.7,15.000,15.072,131.7
20.9720,126924,1122041,15.000,15.072,139.3,15.000,14.891,132.7,15.000,15.072,131.7
20.9720,126925,1122046,15.000,15.072,139.3,15.000,14.709,132.7,15.000,15.072,131.7
20.9720,126926,1122051,15.000,15.072,139.3,15.000,15.072,132.7,15.000,15.072,131.7
20.9720,126927,1122056,15.000,15.072,139.3,15.000,15.254,132.7,15.000,15.072,131.7
21.0574,126928,1122061,15.000,14.891,139.3,15.000,15.617,132.7,15.000,15.072,131.7
21.0574,126929,1122066,15.000,14.891,139.3,15.000,14.528,132.7,15.000,14.891,131.7
21.0574,126930,1122071,15.000,14.891,139.3,15.000,14.164,132.7,15.000,15.072,131.7
21.0574,126931,1122076,15.000,14.709,139.3,15.000,14.164,132.7,15.000,15.072,131.7
21.0574,126932,1122081,15.000,14.709,139.3,15.000,13.983,132.7,15.000,15.072,131.7
21.0574,126933,1122086,15.000,14.528,139.3,15.000,13.801,132.7,15.000,15.072,131.7
21.0574,126934,1122091,15.000,14.528,139.3,15.000,13.801,132.7,15.000,15.072,131.7
21.0574,126935,1122096,15.000,14.528,139.3,15.000,13.983,132.7,15.000,15.254,131.7
21.0574,126936,1122101,15.000,14.528,139.3,15.000,13.983,132.7,15.000,15.072,131.7
21.0574,126937,1122106,15.000,14.528,139.3,15.000,13.801,132.7,15.000,15.072,131.7
21.0574,126938,1122111,15.000,14.891,139.3,15.000,13.983,132.7,15.000,15.254,131.7
21.0574,126939,1122116,15.000,14.891,139.5,15.000,15.072,130.4,15.000,15.254,129.7
21.0574,126940,1122121,15.000,14.709,139.5,15.000,15.072,130.4,15.000,15.254,129.7
21.0574,126941,1122126,15.000,15.072,139.5,15.000,15.254,130.4,15.000,15.254,129.7
21.0574,126942,1122131,15.000,15.072,139.5,15.000,15.254,130.4,15.000,15.254,129.7
21.0574,126943,1122136,15.000,15.072,139.5,15.000,15.072,130.4,15.000,15.254,129.7
21.1147,126944,1122141,15.000,15.072,139.5,15.000,14.709,130.4,15.000,15.254,129.7
21.1154,126945,1122146,15.000,15.072,139.5,15.000,14.346,130.4,15.000,15.254,129.7
21.1154,126946,1122151,15.000,15.072,139.5,15.000,13.983,130.4,15.000,15.254,129.7
21.1154,126947,1122156,15.000,15.072,139.5,15.000,13.983,130.4,15.000,15.254,129.7
21.1154,126948,1122161,15.000,14.891,139.5,15.000,13.801,130.4,15.000,15.254,129.7
21.1154,126949,1122166,15.000,15.072,139.5,15.000,13.801,130.4,15.000,15.254,129.7
21.1154,126950,1122171,15.000,15.072,139.5,15.000,14.164,130.4,15.000,15.072,129.7
21.1154,126951,1122176,15.000,14.891,139.5,15.000,14.164,130.4,15.000,15.254,129.7
21.1154,126952,1122181,15.000,15.072,139.5,15.000,14.528,130.4,15.000,15.254,129.7
21.1154,126953,1122186,15.000,15.072,139.5,15.000,14.709,130.4,15.000,15.072,129.7
21.1154,126954,1122191,15.000,15.072,139.5,15.000,15.072,130.4,15.000,15.254,129.7
21.1154,126955,1122196,15.000,14.891,139.5,15.000,15.436,130.4,15.000,15.072,129.7
21.1154,126956,1122201,15.000,14.891,139.5,15.000,15.617,130.4,15.000,15.072,129.7
21.1154,126957,1122206,15.000,15.072,139.5,15.000,15.436,130.4,15.000,15.254,129.7
21.1154,126958,1122211,15.000,15.072,139.5,15.000,15.617,130.4,15.000,15.072,129.7
21.1154,126959,1122216,15.000,14.891,139.8,15.000,14.891,131.4,15.000,15.072,130.3
22.9805,126960,1122221,15.000,15.072,139.8,15.000,14.528,131.4,15.000,15.254,130.3
22.9805,126961,1122226,15.000,14.891,139.8,15.000,14.528,131.4,15.000,15.072,130.3
22.9805,126962,1122231,15.000,14.891,139.8,15.000,14.346,131.4,15.000,15.254,130.3
22.9805,126963,1122236,15.000,14.891,139.8,15.000,13.983,131.4,15.000,15.254,130.3
22.9805,126964,1122241,15.000,14.709,139.8,15.000,13.256,131.4,15.000,15.072,130.3
22.9805,126965,1122246,15.000,14.709,139.8,15.000,12.893,131.4,15.000,15.072,130.3
22.9805,126966,1122251,15.000,14.528,139.8,15.000,12.893,131.4,15.000,15.254,130.3
22.9805,126967,1122256,15.000,14.528,139.8,15.000,13.075,131.4,15.000,15.072,130.3
22.9805,126968,1122261,15.000,14.528,139.8,15.000,12.530,131.4,15.000,15.072,130.3
22.9805,126969,1122266,15.000,14.709,139.8,15.000,13.256,131.4,15.000,15.254,130.3
22.9805,126970,1122271,15.000,14.528,139.8,15.000,13.620,131.4,15.000,15.072,130.3
22.9805,126971,1122276,15.000,14.891,139.8,15.000,13.256,131.4,15.000,15.072,130.3
22.9805,126972,1122281,15.000,14.709,139.8,15.000,13.438,131.4,15.000,14.891,130.3
22.9805,126973,1122286,15.000,14.891,139.8,15.000,13.983,131.4,15.000,14.891,130.3
22.9805,126974,1122291,15.000,15.254,139.8,15.000,14.709,131.4,15.000,15.072,130.3
22.9805,126975,1122296,15.000,15.072,139.8,15.000,15.072,131.4,15.000,15.072,130.3
22.9805,126976,1122301,15.000,15.254,139.8,15.000,15.072,131.4,15.000,14.891,130.3
22.9805,126977,1122306,15.000,15.254,139.8,15.000,15.254,131.4,15.000,14.891,130.3
22.9805,126978,1122311,15.000,15.254,139.8,15.000,15.617,131.4,15.000,14.891,130.3
22.9805,126979,1122316,15.000,15.254,137.7,15.000,15.436,128.2,15.000,14.709,132.4
22.9805,126980,1122321,15.000,15.254,137.7,15.000,15.254,128.2,15.000,14.709,132.4
22.9805,126981,1122326,15.000,15.254,137.7,15.000,15.436,128.2,15.000,14.709,132.4
22.9805,126982,1122331,15.000,15.072,137.7,15.000,15.072,128.2,15.000,14.709,132.4
22.9805,126983,1122336,15.000,15.072,137.7,15.000,14.346,128.2,15.000,14.709,132.4
22.9805,126984,1122341,15.000,14.891,137.7,15.000,14.164,128.2,15.000,14.528,132.4
22.9805,126985,1122346,15.000,15.072,137.7,15.000,13.983,128.2,15.000,14.709,132.4
22.9805,126986,1122351,15.000,15.072,137.7,15.000,13.983,128.2,15.000,14.709,132.4
22.9805,126987,1122356,15.000,14.891,137.7,15.000,13.983,128.2,15.000,14.709,132.4
22.9805,126988,1122361,15.000,14.709,137.7,15.000,13.438,128.2,15.000,14.709,132.4
22.9805,126989,1122366,15.000,14.346,137.7,15.000,12.893,128.2,15.000,14.709,132.4
22.9805,126990,1122371,15.000,14.528,137.7,15.000,13.075,128.2,15.000,14.709,132.4
22.9805,126991,1122376,15.000,14.346,137.7,15.000,13.256,128.2,15.000,14.709,132.4
22.9900,126992,1122381,15.000,14.528,137.7,15.000,13.438,128.2,15.000,14.709,132.4
22.9900,126993,1122386,15.000,14.528,137.7,15.000,14.164,128.2,15.000,14.709,132.4
22.9900,126994,1122391,15.000,14.528,137.7,15.000,14.346,128.2,15.000,14.709,132.4
22.9900,126995,1122396,15.000,14.709,137.7,15.000,14.346,128.2,15.000,14.709,132.4
22.9900,126996,1122401,15.000,14.709,137.7,15.000,14.346,128.2,15.000,14.709,132.4
22.9900,126997,1122406,15.000,14.891,137.7,15.000,14.346,128.2,15.000,14.709,132.4
22.9900,126998,1122411,15.000,15.072,137.7,15.000,15.072,128.2,15.000,14.709,132.4
22.9900,126999,1122416,15.000,15.072,138.3,15.000,15.617,126.1,15.000,14.709,133.1
23.0464,127000,1122421,15.000,15.072,138.3,15.000,15.617,126.1,15.000,14.891,133.1
23.0464,127001,1122426,15.000,15.072,138.3,15.000,15.617,126.1,15.000,14.891,133.1
23.0464,127002,1122431,15.000,15.254,138.3,15.000,15.617,126.1,15.000,14.891,133.1
23.0464,127003,1122436,15.000,15.072,138.3,15.000,15.254,126.1,15.000,15.072,133.1
23.0464,127004,1122441,15.000,15.072,138.3,15.000,15.254,126.1,15.000,15.072,133.1
23.0464,127005,1122446,15.000,14.891,138.3,15.000,15.436,126.1,15.000,14.891,133.1
23.0464,127006,1122451,15.000,14.891,138.3,15.000,15.617,126.1,15.000,15.072,133.1
23.0464,127007,1122456,15.000,14.709,138.3,15.000,15.436,126.1,15.000,15.072,133.1
23.0464,127008,1124119,15.000,506.287,0.0,15.000,485.041,0.0,15.000,522.449,0.0
23.0464,127009,1124124,15.000,506.469,0.0,15.000,484.859,0.0,15.000,522.449,0.0
23.0464,127010,1124129,15.000,506.106,0.0,15.000,484.677,0.0,15.000,522.086,0.0
23.0464,127011,1124134,15.000,505.924,0.0,15.000,484.314,0.0,15.000,521.904,0.0
23.0464,127012,1124139,15.000,505.379,0.0,15.000,483.951,0.0,15.000,521.723,0.0
23.0464,127013,1124144,15.000,505.016,0.0,15.000,483.769,0.0,15.000,520.996,0.0
23.0464,127014,1124149,15.000,504.471,0.0,15.000,483.225,0.0,15.000,520.633,0.0
23.0464,127015,1124154,15.000,503.745,0.0,15.000,482.498,0.0,15.000,520.088,0.0
23.0464,127016,1124159,15.000,503.018,0.0,15.000,481.772,0.0,15.000,519.180,0.0
23.1078,127017,1124164,15.000,502.292,0.0,15.000,481.045,0.0,15.000,518.636,0.0
23.1078,127018,1124169,15.000,9.988,0.0,15.000,10.533,0.0,15.000,10.533,0.0
23.1078,127019,1124174,15.000,9.261,0.0,15.000,9.988,0.0,15.000,9.806,0.0
23.1078,127020,1124179,15.000,8.535,0.0,15.000,9.080,0.0,15.000,9.080,0.0
23.1078,127021,1124184,15.000,7.809,0.0,15.000,8.535,0.0,15.000,8.535,0.0
23.1078,127022,1124189,15.000,7.264,0.0,15.000,7.990,0.0,15.000,7.809,0.0
23.1078,127023,1124194,15.000,6.719,0.0,15.000,7.445,0.0,15.000,7.445,0.0
23.1078,127024,1124199,15.000,6.174,0.0,15.000,6.901,0.0,15.000,6.901,0.0
23.1933,127025,1124204,15.000,5.993,0.0,15.000,6.356,0.0,15.000,6.356,0.0
23.1933,127026,1124209,15.000,5.629,0.0,15.000,5.993,0.0,15.000,6.174,0.0
23.1933,127027,1124214,15.000,5.266,0.0,15.000,5.629,0.0,15.000,5.629,0.0
23.1933,127028,1124219,15.000,4.903,123.8,15.000,5.448,117.7,15.000,5.266,123.4
23.1933,127029,1124224,15.000,4.721,123.8,15.000,5.085,117.7,15.000,5.085,123.4
23.1933,127030,1124229,15.000,4.540,123.8,15.000,5.085,117.7,15.000,5.085,123.4
23.1933,127031,1124234,15.000,4.721,123.8,15.000,5.085,117.7,15.000,4.903,123.4
23.1933,127032,1124239,15.000,4.721,123.8,15.000,5.266,117.7,15.000,5.085,123.4
23.1933,127033,1124244,15.000,4.903,123.8,15.000,5.448,117.7,15.000,5.266,123.4
23.1933,127034,1124249,15.000,5.266,123.8,15.000,5.629,117.7,15.000,5.448,123.4
23.1933,127035,1124254,15.000,5.448,123.8,15.000,6.356,117.7,15.000,5.993,123.4
23.1933,127036,1124259,15.000,5.993,123.8,15.000,6.537,117.7,15.000,6.174,123.4
23.1933,127037,1124264,15.000,6.356,123.8,15.000,7.082,117.7,15.000,6.719,123.4
23.1933,127038,1124269,15.000,6.901,123.8,15.000,7.627,117.7,15.000,7.264,123.4
23.1933,127039,1124274,15.000,7.082,123.8,15.000,8.353,117.7,15.000,7.809,123.4
23.1933,127040,1124279,15.000,7.445,123.8,15.000,8.717,117.7,15.000,8.172,123.4
23.2487,127041,1124284,15.000,7.627,123.8,15.000,8.898,117.7,15.000,8.717,123.4
23.2487,127042,1124289,15.000,8.172,123.8,15.000,9.261,117.7,15.000,9.080,123.4
23.2487,127043,1124294,15.000,8.353,123.8,15.000,9.625,117.7,15.000,9.443,123.4
23.2487,127044,1124299,15.000,8.717,123.8,15.000,10.169,117.7,15.000,9.806,123.4
23.2487,127045,1124304,15.000,9.261,123.8,15.000,10.351,117.7,15.000,10.169,123.4
23.2487,127046,1124309,15.000,9.443,123.8,15.000,10.896,117.7,15.000,10.533,123.4
23.2487,127047,1124314,15.000,9.806,123.8,15.000,11.259,117.7,15.000,10.896,123.4
23.2487,127048,1124319,15.000,10.169,53.0,15.000,11.259,44.8,15.000,11.259,45.2
23.2487,127049,1124324,15.000,10.533,53.0,15.000,11.440,44.8,15.000,11.259,45.2
23.2487,127050,1124329,15.000,10.896,53.0,15.000,11.804,44.8,15.000,11.622,45.2
23.2487,127051,1124334,15.000,11.077,53.0,15.000,11.985,44.8,15.000,11.622,45.2
23.2487,127052,1124339,15.000,10.896,53.0,15.000,12.167,44.8,15.000,11.622,45.2
23.2487,127053,1124344,15.000,11.077,53.0,15.000,12.167,44.8,15.000,11.440,45.2
23.2487,127054,1124349,15.000,10.896,53.0,15.000,11.804,44.8,15.000,11.440,45.2
23.2487,127055,1124354,15.000,10.533,53.0,15.000,11.622,44.8,15.000,11.077,45.2
23.2487,127056,1124359,15.000,10.351,53.0,15.000,11.440,44.8,15.000,10.896,45.2
23.3640,127057,1124364,15.000,9.988,53.0,15.000,11.077,44.8,15.000,10.533,45.2
23.3640,127058,1124369,15.000,9.625,53.0,15.000,10.896,44.8,15.000,10.169,45.2
23.3640,127059,1124374,15.000,9.261,53.0,15.000,10.533,44.8,15.000,9.988,45.2
23.3640,127060,1124379,15.000,9.080,53.0,15.000,10.169,44.8,15.000,9.625,45.2
23.3640,127061,1124384,15.000,8.717,53.0,15.000,9.988,44.8,15.000,9.261,45.2
23.3640,127062,1124389,15.000,8.535,53.0,15.000,9.443,44.8,15.000,9.080,45.2
23.3640,127063,1124394,15.000,8.353,53.0,15.000,9.261,44.8,15.000,8.898,45.2
23.3640,127064,1124399,15.000,8.172,53.0,15.000,9.080,44.8,15.000,8.717,45.2
23.3640,127065,1124404,15.000,7.990,53.0,15.000,8.898,44.8,15.000,8.535,45.2
23.3640,127066,1124409,15.000,7.809,53.0,15.000,8.535,44.8,15.000,8.353,45.2
23.3640,127067,1124414,15.000,7.809,53.0,15.000,8.353,44.8,15.000,8.172,45.2
23.3640,127068,1124419,15.000,7.627,81.1,15.000,8.172,74.0,15.000,7.990,75.5
23.3640,127069,1124424,15.000,7.627,81.1,15.000,8.172,74.0,15.000,7.809,75.5
23.3640,127070,1124429,15.000,7.445,81.1,15.000,7.990,74.0,15.000,7.627,75.5
23.3640,127071,1124434,15.000,7.627,81.1,15.000,7.809,74.0,15.000,7.809,75.5
23.3640,127072,1124439,15.000,7.627,81.1,15.000,7.990,74.0,15.000,7.627,75.5
23.4127,127073,1124444,15.000,7.445,81.1,15.000,7.809,74.0,15.000,7.809,75.5
23.4127,127074,1124449,15.000,7.627,81.1,15.000,7.990,74.0,15.000,7.627,75.5
23.4127,127075,1124454,15.000,7.809,81.1,15.000,7.990,74.0,15.000,7.627,75.5
23.4127,127076,1124459,15.000,7.809,81.1,15.000,7.990,74.0,15.000,7.809,75.5
23.4127,127077,1124464,15.000,7.990,81.1,15.000,7.990,74.0,15.000,7.809,75.5
23.4127,127078,1124469,15.000,8.172,81.1,15.000,8.172,74.0,15.000,7.990,75.5
23.4127,127079,1124474,15.000,8.172,81.1,15.000,8.172,74.0,15.000,7.990,75.5
23.4127,127080,1124479,15.000,8.353,81.1,15.000,8.353,74.0,15.000,8.172,75.5
23.4127,127081,1124484,15.000,8.353,81.1,15.000,8.535,74.0,15.000,7.990,75.5
23.4127,127082,1124489,15.000,8.535,81.1,15.000,8.353,74.0,15.000,8.172,75.5
23.4127,127083,1124494,15.000,8.717,81.1,15.000,8.717,74.0,15.000,8.172,75.5
23.4127,127084,1124499,15.000,8.717,81.1,15.000,8.535,74.0,15.000,8.172,75.5
23.4127,127085,1124504,15.000,8.717,81.1,15.000,8.535,74.0,15.000,8.353,75.5
23.4127,127086,1124509,15.000,8.898,81.1,15.000,8.717,74.0,15.000,8.353,75.5
23.4127,127087,1124514,15.000,8.898,81.1,15.000,8.898,74.0,15.000,8.353,75.5
23.4127,127088,1124519,15.000,8.898,89.6,15.000,9.080,83.5,15.000,8.353,88.9
23.5154,127089,1124524,15.000,9.080,89.6,15.000,9.080,83.5,15.000,8.535,88.9
23.5154,127090,1124529,15.000,9.080,89.6,15.000,9.080,83.5,15.000,8.535,88.9
23.5154,127091,1124534,15.000,9.080,89.6,15.000,9.261,83.5,15.000,8.535,88.9
23.5154,127092,1124539,15.000,9.080,89.6,15.000,9.261,83.5,15.000,8.535,88.9
23.5154,127093,1124544,15.000,9.080,89.6,15.000,9.261,83.5,15.000,8.535,88.9
23.5154,127094,1124549,15.000,9.261,89.6,15.000,9.443,83.5,15.000,8.717,88.9
23.5154,127095,1124554,15.000,9.261,89.6,15.000,9.625,83.5,15.000,8.717,88.9
23.5154,127096,1124559,15.000,9.261,89.6,15.000,9.625,83.5,15.000,8.898,88.9
23.5154,127097,1124564,15.000,9.261,89.6,15.000,9.806,83.5,15.000,9.080,88.9
23.5154,127098,1124569,15.000,9.443,89.6,15.000,9.806,83.5,15.000,9.080,88.9
23.5154,127099,1124574,15.000,9.443,89.6,15.000,9.806,83.5,15.000,9.080,88.9
23.5154,127100,1124579,15.000,9.443,89.6,15.000,9.988,83.5,15.000,9.080,88.9
23.5154,127101,1124584,15.000,9.625,89.6,15.000,9.988,83.5,15.000,9.261,88.9
23.5154,127102,1124589,15.000,9.625,89.6,15.000,10.351,83.5,15.000,9.443,88.9
23.5154,127103,1124594,15.000,9.806,89.6,15.000,10.351,83.5,15.000,9.443,88.9
23.5154,127104,1124599,15.000,9.625,89.6,15.000,10.533,83.5,15.000,9.443,88.9
23.5968,127105,1124604,15.000,9.806,89.6,15.000,10.351,83.5,15.000,9.625,88.9
23.5968,127106,1124609,15.000,9.806,89.6,15.000,10.533,83.5,15.000,9.443,88.9
23.5968,127107,1124614,15.000,9.806,89.6,15.000,10.533,83.5,15.000,9.443,88.9
23.5968,127108,1124619,15.000,9.806,97.9,15.000,10.351,89.0,15.000,9.625,96.1
23.5968,127109,1124624,15.000,9.988,97.9,15.000,10.351,89.0,15.000,9.625,96.1
23.5968,127110,1124629,15.000,9.988,97.9,15.000,10.351,89.0,15.000,9.806,96.1
23.5968,127111,1124634,15.000,9.988,97.9,15.000,9.806,89.0,15.000,9.806,96.1
23.5968,127112,1124639,15.000,9.988,97.9,15.000,9.625,89.0,15.000,9.806,96.1
23.5968,127113,1124644,15.000,9.988,97.9,15.000,9.625,89.0,15.000,9.988,96.1
23.5968,127114,1124649,15.000,10.169,97.9,15.000,9.625,89.0,15.000,9.988,96.1
23.5968,127115,1124654,15.000,9.988,97.9,15.000,9.806,89.0,15.000,9.988,96.1
23.5968,127116,1124659,15.000,9.988,97.9,15.000,9.806,89.0,15.000,10.169,96.1
23.5968,127117,1124664,15.000,10.169,97.9,15.000,9.806,89.0,15.000,10.169,96.1
23.5968,127118,1124669,15.000,9.988,97.9,15.000,9.806,89.0,15.000,10.169,96.1
23.5968,127119,1124674,15.000,9.806,97.9,15.000,9.988,89.0,15.000,10.351,96.1
23.5968,127120,1124679,15.000,9.988,97.9,15.000,9.806,89.0,15.000,10.351,96.1
23.6904,127121,1124684,15.000,9.806,97.9,15.000,10.351,89.0,15.000,10.533,96.1
23.6904,127122,1124689,15.000,9.988,97.9,15.000,10.351,89.0,15.000,10.533,96.1
23.6904,127123,1124694,15.000,9.988,97.9,15.000,10.169,89.0,15.000,10.533,96.1
23.6904,127124,1124699,15.000,9.988,97.9,15.000,10.169,89.0,15.000,10.714,96.1
23.6904,127125,1124704,15.000,10.169,97.9,15.000,10.169,89.0,15.000,10.714,96.1
23.6904,127126,1124709,15.000,10.351,97.9,15.000,9.806,89.0,15.000,10.714,96.1
23.6904,127127,1124714,15.000,10.351,97.9,15.000,9.806,89.0,15.000,10.896,96.1
23.6904,127128,1124719,15.000,10.351,106.5,15.000,9.988,102.2,15.000,10.896,100.5
23.6904,127129,1124724,15.000,10.351,106.5,15.000,9.988,102.2,15.000,10.896,100.5
23.6904,127130,1124729,15.000,10.169,106.5,15.000,9.988,102.2,15.000,10.896,100.5
23.6904,127131,1124734,15.000,10.351,106.5,15.000,9.988,102.2,15.000,11.077,100.5
23.6904,127132,1124739,15.000,10.351,106.5,15.000,10.169,102.2,15.000,11.077,100.5
23.6904,127133,1124744,15.000,10.351,106.5,15.000,10.351,102.2,15.000,11.077,100.5
23.6904,127134,1124749,15.000,10.533,106.5,15.000,10.351,102.2,15.000,11.259,100.5
23.6904,127135,1124754,15.000,10.533,106.5,15.000,9.988,102.2,15.000,11.259,100.5
23.6904,127136,1124759,15.000,10.533,106.5,15.000,10.351,102.2,15.000,11.259,100.5
23.7470,127137,1124764,15.000,10.714,106.5,15.000,10.351,102.2,15.000,11.440,100.5
23.7470,127138,1124769,15.000,10.714,106.5,15.000,10.351,102.2,15.000,11.440,100.5
23.7470,127139,1124774,15.000,10.896,106.5,15.000,10.351,102.2,15.000,11.440,100.5
23.7470,127140,1124779,15.000,11.259,106.5,15.000,10.714,102.2,15.000,11.622,100.5
23.7470,127141,1124784,15.000,11.259,106.5,15.000,10.896,102.2,15.000,11.440,100.5
23.7470,127142,1124789,15.000,11.259,106.5,15.000,11.077,102.2,15.000,11.622,100.5
23.7470,127143,1124794,15.000,11.440,106.5,15.000,11.077,102.2,15.000,11.622,100.5
23.7470,127144,1124799,15.000,11.259,106.5,15.000,11.259,102.2,15.000,11.440,100.5
23.7470,127145,1124804,15.000,11.440,106.5,15.000,11.804,102.2,15.000,11.622,100.5
23.7470,127146,1124809,15.000,11.440,106.5,15.000,11.985,102.2,15.000,11.622,100.5
23.7470,127147,1124814,15.000,11.440,106.5,15.000,12.167,102.2,15.000,11.622,100.5
23.7470,127148,1124819,15.000,11.622,109.1,15.000,12.348,98.5,15.000,11.622,105.4
23.7470,127149,1124824,15.000,11.622,109.1,15.000,12.348,98.5,15.000,11.804,105.4
23.7470,127150,1124829,15.000,11.622,109.1,15.000,12.348,98.5,15.000,11.622,105.4
23.7470,127151,1124834,15.000,11.804,109.1,15.000,12.167,98.5,15.000,11.804,105.4
23.7470,127152,1124839,15.000,11.804,109.1,15.000,12.167,98.5,15.000,11.804,105.4
23.8529,127153,1124844,15.000,11.804,109.1,15.000,12.167,98.5,15.000,11.804,105.4
23.8529,127154,1124849,15.000,11.804,109.1,15.000,12.167,98.5,15.000,11.985,105.4
23.8529,127155,1124854,15.000,11.804,109.1,15.000,12.167,98.5,15.000,11.985,105.4
23.8529,127156,1124859,15.000,11.804,109.1,15.000,12.167,98.5,15.000,11.985,105.4
23.8529,127157,1124864,15.000,11.804,109.1,15.000,12.167,98.5,15.000,11.985,105.4
23.8529,127158,1124869,15.000,11.804,109.1,15.000,12.167,98.5,15.000,12.167,105.4
23.8529,127159,1124874,15.000,11.985,109.1,15.000,12.348,98.5,15.000,12.167,105.4
23.8539,127160,1124879,15.000,11.804,109.1,15.000,12.348,98.5,15.000,12.167,105.4
23.8539,127161,1124884,15.000,11.804,109.1,15.000,12.530,98.5,15.000,12.167,105.4
23.8539,127162,1124889,15.000,11.622,109.1,15.000,12.530,98.5,15.000,12.167,105.4
23.8539,127163,1124894,15.000,11.622,109.1,15.000,12.712,98.5,15.000,12.348,105.4
23.8539,127164,1124899,15.000,11.622,109.1,15.000,12.530,98.5,15.000,12.348,105.4
23.8539,127165,1124904,15.000,11.622,109.1,15.000,12.530,98.5,15.000,12.167,105.4
23.8539,127166,1124909,15.000,11.622,109.1,15.000,12.530,98.5,15.000,12.348,105.4
23.8539,127167,1124914,15.000,11.622,109.1,15.000,12.530,98.5,15.000,12.348,105.4
23.8539,127168,1124919,15.000,11.622,117.0,15.000,12.530,103.8,15.000,12.348,108.6
23.9340,127169,1124924,15.000,11.622,117.0,15.000,12.530,103.8,15.000,12.348,108.6
23.9340,127170,1124929,15.000,11.622,117.0,15.000,12.348,103.8,15.000,12.530,108.6
23.9340,127171,1124934,15.000,11.622,117.0,15.000,12.348,103.8,15.000,12.530,108.6
23.9340,127172,1124939,15.000,11.985,117.0,15.000,12.348,103.8,15.000,12.530,108.6
23.9340,127173,1124944,15.000,11.622,117.0,15.000,12.348,103.8,15.000,12.530,108.6
23.9340,127174,1124949,15.000,11.804,117.0,15.000,12.530,103.8,15.000,12.530,108.6
23.9340,127175,1124954,15.000,11.804,117.0,15.000,12.530,103.8,15.000,12.712,108.6
23.9340,127176,1124959,15.000,11.804,117.0,15.000,12.530,103.8,15.000,12.712,108.6
23.9340,127177,1124964,15.000,11.804,117.0,15.000,12.530,103.8,15.000,12.712,108.6
23.9340,127178,1124969,15.000,11.985,117.0,15.000,12.712,103.8,15.000,12.712,108.6
23.9340,127179,1124974,15.000,11.985,117.0,15.000,12.712,103.8,15.000,12.712,108.6
23.9340,127180,1124979,15.000,12.167,117.0,15.000,12.893,103.8,15.000,12.712,108.6
23.9340,127181,1124984,15.000,11.985,117.0,15.000,12.893,103.8,15.000,12.712,108.6
23.9340,127182,1124989,15.000,11.985,117.0,15.000,12.893,103.8,15.000,12.712,108.6
23.9340,127183,1124994,15.000,12.348,117.0,15.000,12.893,103.8,15.000,12.712,108.6
23.9340,127184,1124999,15.000,12.348,117.0,15.000,12.893,103.8,15.000,12.712,108.6
24.0267,127185,1125004,15.000,12.348,117.0,15.000,12.893,103.8,15.000,12.712,108.6
24.0267,127186,1125009,15.000,12.530,117.0,15.000,13.075,103.8,15.000,12.712,108.6
24.0267,127187,1125014,15.000,12.530,117.0,15.000,12.712,103.8,15.000,12.712,108.6
24.0267,127188,1125019,15.000,12.530,119.0,15.000,12.530,109.5,15.000,12.712,112.4
24.0267,127189,1125024,15.000,12.530,119.0,15.000,12.530,109.5,15.000,12.712,112.4
24.0267,127190,1125029,15.000,12.530,119.0,15.000,12.712,109.5,15.000,12.712,112.4
24.0267,127191,1125034,15.000,12.712,119.0,15.000,12.712,109.5,15.000,12.712,112.4
24.0267,127192,1125039,15.000,12.893,119.0,15.000,12.712,109.5,15.000,12.712,112.4
24.0267,127193,1125044,15.000,12.893,119.0,15.000,12.712,109.5,15.000,12.893,112.4
24.0267,127194,1125049,15.000,12.712,119.0,15.000,12.893,109.5,15.000,12.893,112.4
24.0267,127195,1125054,15.000,12.712,119.0,15.000,12.893,109.5,15.000,12.893,112.4
24.0267,127196,1125059,15.000,12.712,119.0,15.000,12.712,109.5,15.000,12.893,112.4
24.0267,127197,1125064,15.000,12.893,119.0,15.000,13.256,109.5,15.000,12.893,112.4
24.0267,127198,1125069,15.000,12.530,119.0,15.000,13.256,109.5,15.000,12.893,112.4
24.0267,127199,1125074,15.000,12.530,119.0,15.000,13.256,109.5,15.000,12.893,112.4
24.0267,127200,1125079,15.000,12.530,119.0,15.000,13.075,109.5,15.000,12.893,112.4
24.0844,127201,1125084,15.000,12.530,119.0,15.000,13.075,109.5,15.000,12.893,112.4
24.0844,127202,1125089,15.000,12.530,119.0,15.000,13.256,109.5,15.000,12.893,112.4
24.0844,127203,1125094,15.000,12.530,119.0,15.000,13.256,109.5,15.000,12.712,112.4
24.0844,127204,1125099,15.000,12.712,119.0,15.000,13.256,109.5,15.000,12.712,112.4
24.0844,127205,1125104,15.000,12.712,119.0,15.000,13.256,109.5,15.000,12.712,112.4
24.0844,127206,1125109,15.000,12.712,119.0,15.000,13.438,109.5,15.000,12.712,112.4
24.0844,127207,1125114,15.000,12.712,119.0,15.000,13.256,109.5,15.000,12.712,112.4
24.0844,127208,1125119,15.000,13.075,121.2,15.000,13.438,109.3,15.000,12.530,118.9
24.0854,127209,1125124,15.000,13.075,121.2,15.000,13.438,109.3,15.000,12.530,118.9
24.0854,127210,1125129,15.000,13.075,121.2,15.000,13.620,109.3,15.000,12.530,118.9
24.0854,127211,1125134,15.000,13.075,121.2,15.000,13.620,109.3,15.000,12.530,118.9
24.0854,127212,1125139,15.000,13.075,121.2,15.000,13.620,109.3,15.000,12.712,118.9
24.0854,127213,1125144,15.000,13.075,121.2,15.000,13.438,109.3,15.000,12.712,118.9
24.0854,127214,1125149,15.000,13.075,121.2,15.000,13.438,109.3,15.000,12.712,118.9
24.0854,127215,1125154,15.000,12.893,121.2,15.000,13.438,109.3,15.000,12.712,118.9
24.0854,127216,1125159,15.000,12.893,121.2,15.000,13.438,109.3,15.000,12.712,118.9
24.1563,127217,1125164,15.000,12.530,121.2,15.000,12.893,109.3,15.000,12.530,118.9
24.1563,127218,1125169,15.000,12.530,121.2,15.000,12.893,109.3,15.000,12.712,118.9
24.1563,127219,1125174,15.000,12.712,121.2,15.000,12.893,109.3,15.000,12.893,118.9
24.1563,127220,1125179,15.000,12.712,121.2,15.000,12.893,109.3,15.000,12.893,118.9
24.1563,127221,1125184,15.000,12.712,121.2,15.000,12.893,109.3,15.000,12.893,118.9
24.1563,127222,1125189,15.000,12.530,121.2,15.000,12.893,109.3,15.000,12.712,118.9
24.1563,127223,1125194,15.000,12.530,121.2,15.000,13.075,109.3,15.000,12.893,118.9
24.1563,127224,1125199,15.000,12.712,121.2,15.000,13.075,109.3,15.000,12.893,118.9
24.1563,127225,1125204,15.000,12.893,121.2,15.000,13.256,109.3,15.000,12.893,118.9
24.1563,127226,1125209,15.000,12.893,121.2,15.000,13.075,109.3,15.000,13.075,118.9
24.1563,127227,1125214,15.000,13.256,121.2,15.000,13.620,109.3,15.000,13.256,118.9
24.1563,127228,1125219,15.000,13.256,124.6,15.000,13.620,111.8,15.000,13.256,119.9
24.1563,127229,1125224,15.000,13.256,124.6,15.000,13.801,111.8,15.000,13.256,119.9
24.1563,127230,1125229,15.000,13.256,124.6,15.000,13.620,111.8,15.000,13.256,119.9
24.1563,127231,1125234,15.000,13.256,124.6,15.000,13.801,111.8,15.000,13.256,119.9
24.1563,127232,1125239,15.000,13.256,124.6,15.000,13.620,111.8,15.000,13.438,119.9
24.2101,127233,1125244,15.000,13.438,124.6,15.000,13.438,111.8,15.000,13.438,119.9
24.2112,127234,1125249,15.000,13.075,124.6,15.000,13.256,111.8,15.000,13.438,119.9
24.2112,127235,1125254,15.000,13.256,124.6,15.000,13.256,111.8,15.000,13.438,119.9
24.2112,127236,1125259,15.000,13.256,124.6,15.000,13.438,111.8,15.000,13.438,119.9
24.2112,127237,1125264,15.000,12.893,124.6,15.000,13.438,111.8,15.000,13.620,119.9
24.2112,127238,1125269,15.000,12.712,124.6,15.000,13.438,111.8,15.000,13.620,119.9
24.2112,127239,1125274,15.000,12.712,124.6,15.000,13.438,111.8,15.000,13.620,119.9
24.2112,127240,1125279,15.000,12.712,124.6,15.000,13.438,111.8,15.000,13.620,119.9
24.2112,127241,1125284,15.000,12.893,124.6,15.000,13.438,111.8,15.000,13.801,119.9
24.2112,127242,1125289,15.000,12.712,124.6,15.000,13.256,111.8,15.000,13.801,119.9
24.2112,127243,1125294,15.000,12.712,124.6,15.000,13.620,111.8,15.000,13.620,119.9
24.2112,127244,1125299,15.000,12.530,124.6,15.000,13.801,111.8,15.000,13.801,119.9
24.2112,127245,1125304,15.000,12.348,124.6,15.000,13.620,111.8,15.000,13.801,119.9
24.2112,127246,1125309,15.000,12.348,124.6,15.000,13.438,111.8,15.000,13.801,119.9
24.2112,127247,1125314,15.000,12.530,124.6,15.000,13.620,111.8,15.000,13.801,119.9
24.2112,127248,1125319,15.000,12.712,132.1,15.000,13.075,118.5,15.000,13.801,120.5
24.3143,127249,1125324,15.000,12.530,132.1,15.000,13.075,118.5,15.000,13.801,120.5
24.3143,127250,1125329,15.000,12.530,132.1,15.000,13.256,118.5,15.000,13.983,120.5
24.3143,127251,1125334,15.000,12.348,132.1,15.000,13.075,118.5,15.000,13.801,120.5
24.3143,127252,1125339,15.000,12.712,132.1,15.000,13.438,118.5,15.000,13.801,120.5
24.3143,127253,1125344,15.000,12.530,132.1,15.000,13.438,118.5,15.000,13.983,120.5
24.3143,127254,1125349,15.000,12.893,132.1,15.000,13.256,118.5,15.000,13.801,120.5
24.3143,127255,1125354,15.000,13.075,132.1,15.000,13.256,118.5,15.000,13.983,120.5
24.3143,127256,1125359,15.000,13.256,132.1,15.000,13.438,118.5,15.000,13.983,120.5
24.3143,127257,1125364,15.000,13.438,132.1,15.000,13.256,118.5,15.000,13.801,120.5
24.3143,127258,1125369,15.000,13.438,132.1,15.000,13.438,118.5,15.000,13.983,120.5
24.3143,127259,1125374,15.000,13.620,132.1,15.000,13.438,118.5,15.000,13.983,120.5
24.3143,127260,1125379,15.000,13.801,132.1,15.000,13.256,118.5,15.000,13.983,120.5
24.3143,127261,1125384,15.000,13.801,132.1,15.000,13.256,118.5,15.000,14.164,120.5
24.3143,127262,1125389,15.000,13.801,132.1,15.000,13.256,118.5,15.000,13.983,120.5
24.3143,127263,1125394,15.000,13.983,132.1,15.000,13.256,118.5,15.000,13.983,120.5
24.3143,127264,1125399,15.000,13.983,132.1,15.000,13.438,118.5,15.000,14.164,120.5
24.4141,127265,1125404,15.000,13.801,132.1,15.000,13.620,118.5,15.000,13.983,120.5
24.4141,127266,1125409,15.000,13.801,132.1,15.000,13.620,118.5,15.000,13.983,120.5
24.4141,127267,1125414,15.000,13.801,132.1,15.000,13.620,118.5,15.000,14.164,120.5
24.4141,127268,1125419,15.000,13.983,129.1,15.000,13.983,117.1,15.000,14.164,121.0
24.4141,127269,1125424,15.000,13.983,129.1,15.000,13.983,117.1,15.000,14.164,121.0
24.4141,127270,1125429,15.000,13.801,129.1,15.000,14.164,117.1,15.000,14.164,121.0
24.4141,127271,1125434,15.000,13.983,129.1,15.000,14.164,117.1,15.000,13.983,121.0
24.4141,127272,1125439,15.000,13.983,129.1,15.000,14.346,117.1,15.000,14.164,121.0
24.4141,127273,1125444,15.000,13.801,129.1,15.000,14.164,117.1,15.000,14.164,121.0
24.4141,127274,1125449,15.000,13.983,129.1,15.000,13.801,117.1,15.000,14.164,121.0
24.4141,127275,1125454,15.000,14.164,129.1,15.000,13.801,117.1,15.000,14.346,121.0
24.4141,127276,1125459,15.000,14.164,129.1,15.000,13.801,117.1,15.000,14.346,121.0
24.4141,127277,1125464,15.000,13.983,129.1,15.000,13.801,117.1,15.000,14.164,121.0
24.4141,127278,1125469,15.000,13.983,129.1,15.000,13.620,117.1,15.000,14.164,121.0
24.4141,127279,1125474,15.000,13.983,129.1,15.000,13.620,117.1,15.000,14.164,121.0
24.4141,127280,1125479,15.000,14.164,129.1,15.000,13.620,117.1,15.000,14.164,121.0
24.4748,127281,1125484,15.000,14.164,129.1,15.000,13.801,117.1,15.000,14.346,121.0
24.4748,127282,1125489,15.000,14.164,129.1,15.000,13.620,117.1,15.000,14.346,121.0
24.4748,127283,1125494,15.000,14.164,129.1,15.000,13.801,117.1,15.000,14.346,121.0
24.4748,127284,1125499,15.000,14.164,129.1,15.000,14.164,117.1,15.000,14.164,121.0
24.4748,127285,1125504,15.000,14.164,129.1,15.000,14.164,117.1,15.000,14.164,121.0
24.4748,127286,1125509,15.000,13.983,129.1,15.000,14.164,117.1,15.000,14.164,121.0
24.4748,127287,1125514,15.000,14.164,129.1,15.000,14.346,117.1,15.000,14.346,121.0
24.4748,127288,1125519,15.000,14.164,130.5,15.000,14.528,116.0,15.000,14.164,123.0
24.4748,127289,1125524,15.000,14.164,130.5,15.000,14.346,116.0,15.000,14.164,123.0
24.4748,127290,1125529,15.000,14.164,130.5,15.000,14.346,116.0,15.000,14.164,123.0
24.4748,127291,1125534,15.000,14.164,130.5,15.000,14.164,116.0,15.000,13.983,123.0
24.4748,127292,1125539,15.000,13.983,130.5,15.000,13.983,116.0,15.000,13.983,123.0
24.4748,127293,1125544,15.000,14.164,130.5,15.000,13.983,116.0,15.000,13.983,123.0
24.4748,127294,1125549,15.000,13.983,130.5,15.000,13.983,116.0,15.000,13.983,123.0
24.4748,127295,1125554,15.000,13.983,130.5,15.000,13.983,116.0,15.000,13.983,123.0
24.4748,127296,1125559,15.000,13.983,130.5,15.000,13.983,116.0,15.000,13.983,123.0
24.5964,127297,1125564,15.000,13.983,130.5,15.000,13.983,116.0,15.000,13.801,123.0
24.5964,127298,1125569,15.000,13.801,130.5,15.000,13.620,116.0,15.000,13.983,123.0
24.5964,127299,1125574,15.000,13.801,130.5,15.000,13.801,116.0,15.000,13.801,123.0
24.5964,127300,1125579,15.000,13.620,130.5,15.000,13.438,116.0,15.000,13.801,123.0
24.5964,127301,1125584,15.000,13.620,130.5,15.000,13.620,116.0,15.000,13.801,123.0
24.5964,127302,1125589,15.000,13.801,130.5,15.000,13.801,116.0,15.000,13.801,123.0
24.5964,127303,1125594,15.000,13.620,130.5,15.000,13.620,116.0,15.000,13.620,123.0
24.5964,127304,1125599,15.000,13.801,130.5,15.000,13.438,116.0,15.000,13.801,123.0
24.5964,127305,1125604,15.000,13.620,130.5,15.000,13.256,116.0,15.000,13.801,123.0
24.5964,127306,1125609,15.000,13.620,130.5,15.000,13.256,116.0,15.000,13.620,123.0
24.5964,127307,1125614,15.000,13.620,130.5,15.000,13.256,116.0,15.000,13.620,123.0
24.5964,127308,1125619,15.000,13.801,134.7,15.000,13.620,123.0,15.000,13.438,129.6
24.5964,127309,1125624,15.000,13.620,134.7,15.000,13.620,123.0,15.000,13.620,129.6
24.5964,127310,1125629,15.000,13.620,134.7,15.000,13.438,123.0,15.000,13.620,129.6
24.5964,127311,1125634,15.000,13.620,134.7,15.000,13.438,123.0,15.000,13.620,129.6
24.5964,127312,1125639,15.000,13.620,134.7,15.000,13.075,123.0,15.000,13.620,129.6
24.5964,127313,1125644,15.000,13.801,134.7,15.000,13.438,123.0,15.000,13.801,129.6
24.5964,127314,1125649,15.000,13.801,134.7,15.000,13.620,123.0,15.000,13.801,129.6
24.5964,127315,1125654,15.000,13.983,134.7,15.000,13.620,123.0,15.000,13.620,129.6
24.5964,127316,1125659,15.000,14.164,134.7,15.000,13.620,123.0,15.000,13.801,129.6
24.5964,127317,1125664,15.000,14.164,134.7,15.000,13.438,123.0,15.000,13.983,129.6
24.5964,127318,1125669,15.000,14.164,134.7,15.000,13.256,123.0,15.000,14.164,129.6
24.5964,127319,1125674,15.000,14.346,134.7,15.000,13.075,123.0,15.000,14.164,129.6
24.5964,127320,1125679,15.000,14.528,134.7,15.000,13.801,123.0,15.000,14.164,129.6
24.6740,127321,1125684,15.000,14.528,134.7,15.000,13.801,123.0,15.000,14.346,129.6
24.6740,127322,1125689,15.000,14.164,134.7,15.000,13.801,123.0,15.000,14.346,129.6
24.6740,127323,1125694,15.000,14.164,134.7,15.000,13.801,123.0,15.000,14.346,129.6
24.6740,127324,1125699,15.000,13.983,134.7,15.000,13.438,123.0,15.000,14.346,129.6
24.6740,127325,1125704,15.000,13.983,134.7,15.000,13.620,123.0,15.000,14.528,129.6
24.6740,127326,1125709,15.000,14.164,134.7,15.000,13.801,123.0,15.000,14.528,129.6
24.6740,127327,1125714,15.000,14.164,134.7,15.000,13.983,123.0,15.000,14.528,129.6
24.6740,127328,1125719,15.000,14.164,135.1,15.000,14.164,122.6,15.000,14.528,126.1
24.6740,127329,1125724,15.000,13.983,135.1,15.000,14.164,122.6,15.000,14.528,126.1
24.6740,127330,1125729,15.000,14.164,135.1,15.000,14.164,122.6,15.000,14.528,126.1
24.6740,127331,1125734,15.000,14.164,135.1,15.000,13.983,122.6,15.000,14.528,126.1
24.6740,127332,1125739,15.000,14.528,135.1,15.000,14.346,122.6,15.000,14.528,126.1
24.6740,127333,1125744,15.000,14.346,135.1,15.000,13.620,122.6,15.000,14.528,126.1
24.6740,127334,1125749,15.000,14.528,135.1,15.000,13.983,122.6,15.000,14.709,126.1
24.6740,127335,1125754,15.000,14.528,135.1,15.000,13.983,122.6,15.000,14.709,126.1
24.6740,127336,1125759,15.000,14.528,135.1,15.000,13.983,122.6,15.000,14.709,126.1
24.7548,127337,1125764,15.000,14.528,135.1,15.000,13.620,122.6,15.000,14.709,126.1
24.7548,127338,1125769,15.000,14.528,135.1,15.000,13.256,122.6,15.000,14.709,126.1
24.7548,127339,1125774,15.000,14.709,135.1,15.000,13.620,122.6,15.000,14.709,126.1
24.7548,127340,1125779,15.000,14.528,135.1,15.000,13.256,122.6,15.000,14.709,126.1
24.7548,127341,1125784,15.000,14.528,135.1,15.000,12.893,122.6,15.000,14.709,126.1
24.7548,127342,1125789,15.000,14.528,135.1,15.000,12.712,122.6,15.000,14.891,126.1
24.7548,127343,1125794,15.000,14.709,135.1,15.000,13.256,122.6,15.000,14.891,126.1
24.7548,127344,1125799,15.000,14.891,135.1,15.000,13.256,122.6,15.000,14.709,126.1
24.7548,127345,1125804,15.000,14.891,135.1,15.000,13.438,122.6,15.000,14.709,126.1
24.7548,127346,1125809,15.000,14.528,135.1,15.000,12.712,122.6,15.000,14.709,126.1
24.7548,127347,1125814,15.000,14.528,135.1,15.000,13.256,122.6,15.000,14.709,126.1
24.7548,127348,1125819,15.000,14.528,134.8,15.000,13.620,128.1,15.000,14.709,126.1
24.7548,127349,1125824,15.000,14.528,134.8,15.000,13.256,128.1,15.000,14.891,126.1
24.7548,127350,1125829,15.000,14.164,134.8,15.000,13.256,128.1,15.000,14.891,126.1
24.7548,127351,1125834,15.000,14.164,134.8,15.000,13.256,128.1,15.000,14.891,126.1
24.7548,127352,1125839,15.000,14.164,134.8,15.000,13.075,128.1,15.000,14.709,126.1
24.8783,127353,1125844,15.000,14.164,134.8,15.000,13.256,128.1,15.000,14.709,126.1
24.8783,127354,1125849,15.000,13.801,134.8,15.000,13.256,128.1,15.000,14.709,126.1
24.8783,127355,1125854,15.000,13.256,134.8,15.000,13.075,128.1,15.000,14.891,126.1
24.8783,127356,1125859,15.000,13.438,134.8,15.000,12.893,128.1,15.000,14.891,126.1
24.8783,127357,1125864,15.000,13.075,134.8,15.000,12.348,128.1,15.000,14.891,126.1
24.8783,127358,1125869,15.000,13.075,134.8,15.000,12.348,128.1,15.000,14.891,126.1
24.8783,127359,1125874,15.000,13.075,134.8,15.000,12.712,128.1,15.000,14.709,126.1
24.8783,127360,1125879,15.000,13.438,134.8,15.000,12.893,128.1,15.000,14.709,126.1
24.8783,127361,1125884,15.000,13.438,134.8,15.000,13.620,128.1,15.000,14.891,126.1
24.8783,127362,1125889,15.000,13.438,134.8,15.000,13.983,128.1,15.000,14.891,126.1
24.8783,127363,1125894,15.000,13.438,134.8,15.000,13.801,128.1,15.000,14.891,126.1
24.8783,127364,1125899,15.000,13.620,134.8,15.000,13.983,128.1,15.000,14.891,126.1
24.8783,127365,1125904,15.000,14.164,134.8,15.000,13.983,128.1,15.000,14.709,126.1
24.8783,127366,1125909,15.000,14.164,134.8,15.000,14.891,128.1,15.000,14.891,126.1
24.8783,127367,1125914,15.000,14.528,134.8,15.000,15.254,128.1,15.000,14.891,126.1
24.8783,127368,1125919,15.000,14.346,137.1,15.000,15.436,119.5,15.000,14.891,125.6
24.8783,127369,1125924,15.000,14.346,137.1,15.000,15.436,119.5,15.000,14.891,125.6
24.8783,127370,1125929,15.000,14.346,137.1,15.000,15.436,119.5,15.000,14.891,125.6
24.8783,127371,1125934,15.000,14.346,137.1,15.000,15.254,119.5,15.000,14.709,125.6
24.8783,127372,1125939,15.000,14.528,137.1,15.000,15.254,119.5,15.000,14.709,125.6
24.8783,127373,1125944,15.000,14.528,137.1,15.000,14.709,119.5,15.000,14.709,125.6
24.8783,127374,1125949,15.000,14.528,137.1,15.000,14.709,119.5,15.000,14.709,125.6
24.8783,127375,1125954,15.000,14.528,137.1,15.000,14.528,119.5,15.000,14.709,125.6
24.8783,127376,1125959,15.000,14.709,137.1,15.000,14.528,119.5,15.000,14.528,125.6
24.9443,127377,1125964,15.000,14.709,137.1,15.000,14.528,119.5,15.000,14.528,125.6
24.9443,127378,1125969,15.000,14.709,137.1,15.000,13.620,119.5,15.000,14.528,125.6
24.9443,127379,1125974,15.000,14.709,137.1,15.000,13.620,119.5,15.000,14.528,125.6
24.9443,127380,1125979,15.000,14.891,137.1,15.000,13.620,119.5,15.000,14.528,125.6
24.9443,127381,1125984,15.000,14.891,137.1,15.000,13.620,119.5,15.000,14.528,125.6
24.9443,127382,1125989,15.000,14.346,137.1,15.000,13.256,119.5,15.000,14.528,125.6
24.9443,127383,1125994,15.000,14.528,137.1,15.000,13.801,119.5,15.000,14.528,125.6
24.9443,127384,1125999,15.000,14.528,137.1,15.000,13.620,119.5,15.000,14.528,125.6
24.9443,127385,1126004,15.000,14.346,137.1,15.000,13.438,119.5,15.000,14.346,125.6
24.9443,127386,1126009,15.000,14.346,137.1,15.000,13.256,119.5,15.000,14.346,125.6
24.9443,127387,1126014,15.000,14.346,137.1,15.000,13.256,119.5,15.000,14.346,125.6
24.9443,127388,1126019,15.000,14.528,137.4,15.000,13.256,132.7,15.000,14.346,129.4
24.9443,127389,1126024,15.000,14.709,137.4,15.000,13.075,132.7,15.000,14.346,129.4
24.9443,127390,1126029,15.000,14.164,137.4,15.000,13.256,132.7,15.000,14.164,129.4
24.9443,127391,1126034,15.000,14.164,137.4,15.000,13.256,132.7,15.000,14.164,129.4
24.9443,127392,1126039,15.000,14.528,137.4,15.000,13.620,132.7,15.000,14.164,129.4
25.0014,127393,1126044,15.000,13.801,137.4,15.000,12.348,132.7,15.000,14.164,129.4
25.0014,127394,1126049,15.000,13.801,137.4,15.000,12.167,132.7,15.000,14.164,129.4
25.0014,127395,1126054,15.000,13.983,137.4,15.000,12.712,132.7,15.000,14.164,129.4
25.0014,127396,1126059,15.000,13.983,137.4,15.000,12.712,132.7,15.000,14.164,129.4
25.0014,127397,1126064,15.000,13.983,137.4,15.000,12.893,132.7,15.000,14.164,129.4
25.0014,127398,1126069,15.000,13.983,137.4,15.000,13.620,132.7,15.000,14.164,129.4
25.0014,127399,1126074,15.000,13.983,137.4,15.000,13.620,132.7,15.000,14.164,129.4
25.0014,127400,1126079,15.000,14.346,137.4,15.000,13.620,132.7,15.000,14.346,129.4
25.0014,127401,1126084,15.000,14.346,137.4,15.000,13.801,132.7,15.000,14.346,129.4
25.0014,127402,1126089,15.000,14.528,137.4,15.000,13.620,132.7,15.000,14.346,129.4
25.0014,127403,1126094,15.000,15.072,137.4,15.000,15.072,132.7,15.000,14.346,129.4
25.0014,127404,1126099,15.000,15.254,137.4,15.000,15.436,132.7,15.000,14.346,129.4
25.0014,127405,1126104,15.000,15.254,137.4,15.000,15.436,132.7,15.000,14.528,129.4
25.0014,127406,1126109,15.000,15.072,137.4,15.000,15.617,132.7,15.000,14.528,129.4
25.0014,127407,1126114,15.000,15.254,137.4,15.000,15.617,132.7,15.000,14.528,129.4
25.0014,127408,1126119,15.000,15.072,135.0,15.000,15.617,121.3,15.000,14.528,129.7
25.1604,127409,1126124,15.000,15.072,135.0,15.000,15.799,121.3,15.000,14.528,129.7
25.1604,127410,1126129,15.000,14.891,135.0,15.000,15.799,121.3,15.000,14.528,129.7
25.1604,127411,1126134,15.000,14.891,135.0,15.000,15.799,121.3,15.000,14.709,129.7
25.1604,127412,1126139,15.000,14.709,135.0,15.000,15.980,121.3,15.000,14.709,129.7
25.1604,127413,1126144,15.000,14.891,135.0,15.000,15.980,121.3,15.000,14.709,129.7
25.1604,127414,1126149,15.000,14.709,135.0,15.000,15.799,121.3,15.000,14.709,129.7
25.1604,127415,1126154,15.000,14.709,135.0,15.000,15.617,121.3,15.000,14.709,129.7
25.1604,127416,1126159,15.000,14.709,135.0,15.000,15.436,121.3,15.000,14.709,129.7
25.1604,127417,1126164,15.000,14.528,135.0,15.000,15.072,121.3,15.000,14.709,129.7
25.1604,127418,1126169,15.000,14.709,135.0,15.000,14.891,121.3,15.000,14.891,129.7
25.1604,127419,1126174,15.000,14.709,135.0,15.000,14.891,121.3,15.000,14.891,129.7
25.1604,127420,1126179,15.000,14.891,135.0,15.000,14.709,121.3,15.000,14.891,129.7
25.1604,127421,1126184,15.000,14.891,135.0,15.000,14.709,121.3,15.000,14.709,129.7
25.1604,127422,1126189,15.000,14.891,135.0,15.000,14.528,121.3,15.000,14.709,129.7
25.1604,127423,1126194,15.000,14.891,135.0,15.000,13.983,121.3,15.000,14.891,129.7
25.1604,127424,1126199,15.000,14.709,135.0,15.000,14.164,121.3,15.000,14.891,129.7
25.1960,127425,1126204,15.000,14.709,135.0,15.000,14.164,121.3,15.000,14.891,129.7
25.1960,127426,1126209,15.000,14.528,135.0,15.000,14.346,121.3,15.000,14.891,129.7
25.1960,127427,1126214,15.000,14.528,135.0,15.000,14.528,121.3,15.000,15.072,129.7
25.1960,127428,1126219,15.000,14.346,139.5,15.000,14.709,126.0,15.000,14.891,128.5
25.1960,127429,1126224,15.000,14.346,139.5,15.000,14.709,126.0,15.000,14.891,128.5
25.1960,127430,1126229,15.000,14.346,139.5,15.000,14.709,126.0,15.000,14.891,128.5
25.1960,127431,1126234,15.000,14.346,139.5,15.000,13.983,126.0,15.000,15.072,128.5
25.1960,127432,1126239,15.000,14.346,139.5,15.000,14.164,126.0,15.000,15.072,128.5
25.1960,127433,1126244,15.000,14.164,139.5,15.000,14.528,126.0,15.000,14.891,128.5
25.1960,127434,1126249,15.000,14.346,139.5,15.000,14.346,126.0,15.000,15.072,128.5
25.1960,127435,1126254,15.000,14.346,139.5,15.000,14.528,126.0,15.000,15.072,128.5
25.1960,127436,1126259,15.000,14.528,139.5,15.000,14.164,126.0,15.000,15.072,128.5
25.1960,127437,1126264,15.000,14.528,139.5,15.000,13.801,126.0,15.000,14.891,128.5
25.1960,127438,1126269,15.000,14.709,139.5,15.000,13.801,126.0,15.000,15.072,128.5
25.1960,127439,1126274,15.000,14.528,139.5,15.000,13.620,126.0,15.000,15.072,128.5
25.1960,127440,1126279,15.000,14.528,139.5,15.000,13.620,126.0,15.000,15.072,128.5
25.2040,127441,1126284,15.000,14.528,139.5,15.000,14.346,126.0,15.000,14.891,128.5
25.2050,127442,1126289,15.000,14.528,139.5,15.000,13.801,126.0,15.000,15.072,128.5
25.2050,127443,1126294,15.000,14.528,139.5,15.000,13.438,126.0,15.000,15.072,128.5
25.2050,127444,1126299,15.000,14.528,139.5,15.000,13.438,126.0,15.000,14.891,128.5
25.2050,127445,1126304,15.000,14.528,139.5,15.000,13.438,126.0,15.000,15.072,128.5
25.2050,127446,1126309,15.000,14.528,139.5,15.000,13.620,126.0,15.000,15.072,128.5
25.2050,127447,1126314,15.000,14.709,139.5,15.000,14.164,126.0,15.000,15.072,128.5
25.2050,127448,1126319,15.000,14.528,139.8,15.000,13.983,131.2,15.000,15.072,127.6
25.2982,127449,1126324,15.000,14.528,139.8,15.000,13.801,131.2,15.000,15.072,127.6
25.2982,127450,1126329,15.000,14.528,139.8,15.000,13.983,131.2,15.000,15.072,127.6
25.2982,127451,1126334,15.000,14.709,139.8,15.000,13.620,131.2,15.000,15.072,127.6
25.2982,127452,1126339,15.000,14.709,139.8,15.000,14.346,131.2,15.000,14.891,127.6
25.2982,127453,1126344,15.000,14.709,139.8,15.000,14.891,131.2,15.000,15.072,127.6
25.2982,127454,1126349,15.000,14.891,139.8,15.000,14.891,131.2,15.000,15.072,127.6
25.2982,127455,1126354,15.000,14.891,139.8,15.000,14.891,131.2,15.000,14.891,127.6
25.2982,127456,1126359,15.000,15.072,139.8,15.000,15.072,131.2,15.000,15.072,127.6
25.2982,127457,1126364,15.000,14.891,139.8,15.000,14.891,131.2,15.000,15.072,127.6
25.2982,127458,1126369,15.000,15.254,139.8,15.000,15.254,131.2,15.000,14.891,127.6
25.2982,127459,1126374,15.000,15.254,139.8,15.000,15.617,131.2,15.000,14.891,127.6
25.2982,127460,1126379,15.000,15.436,139.8,15.000,15.436,131.2,15.000,14.891,127.6
25.2982,127461,1126384,15.000,15.254,139.8,15.000,15.436,131.2,15.000,14.891,127.6
25.2982,127462,1126389,15.000,15.072,139.8,15.000,15.254,131.2,15.000,14.891,127.6
25.2982,127463,1126394,15.000,15.254,139.8,15.000,14.891,131.2,15.000,14.709,127.6
25.2982,127464,1126399,15.000,15.072,139.8,15.000,15.072,131.2,15.000,14.709,127.6
25.3956,127465,1126404,15.000,15.254,139.8,15.000,14.709,131.2,15.000,14.709,127.6
25.3956,127466,1126409,15.000,15.072,139.8,15.000,14.346,131.2,15.000,14.528,127.6
25.3966,127467,1126414,15.000,15.254,139.8,15.000,14.346,131.2,15.000,14.528,127.6
25.3966,127468,1126419,15.000,15.072,137.4,15.000,14.164,132.3,15.000,14.528,130.9
25.3966,127469,1126424,15.000,15.254,137.4,15.000,13.620,132.3,15.000,14.528,130.9
25.3966,127470,1126429,15.000,15.072,137.4,15.000,13.438,132.3,15.000,14.528,130.9
25.3966,127471,1126434,15.000,15.254,137.4,15.000,13.620,132.3,15.000,14.528,130.9
25.3966,127472,1126439,15.000,15.254,137.4,15.000,13.438,132.3,15.000,14.528,130.9
25.3966,127473,1126444,15.000,15.072,137.4,15.000,13.620,132.3,15.000,14.528,130.9
25.3966,127474,1126449,15.000,15.254,137.4,15.000,13.620,132.3,15.000,14.528,130.9
25.3966,127475,1126454,15.000,15.072,137.4,15.000,13.983,132.3,15.000,14.528,130.9
25.3966,127476,1126459,15.000,15.072,137.4,15.000,14.346,132.3,15.000,14.528,130.9
25.3966,127477,1126464,15.000,15.072,137.4,15.000,14.346,132.3,15.000,14.528,130.9
25.3966,127478,1126469,15.000,15.072,137.4,15.000,14.528,132.3,15.000,14.528,130.9
25.3966,127479,1126474,15.000,15.072,137.4,15.000,15.072,132.3,15.000,14.528,130.9
25.3966,127480,1126479,15.000,15.072,137.4,15.000,15.436,132.3,15.000,14.528,130.9
25.4508,127481,1126484,15.000,14.891,137.4,15.000,15.436,132.3,15.000,14.528,130.9
25.4508,127482,1126489,15.000,15.254,137.4,15.000,15.799,132.3,15.000,14.528,130.9
25.4508,127483,1126494,15.000,15.254,137.4,15.000,15.980,132.3,15.000,14.528,130.9
25.4508,127484,1126499,15.000,15.072,137.4,15.000,15.799,132.3,15.000,14.528,130.9
25.4508,127485,1126504,15.000,15.254,137.4,15.000,15.799,132.3,15.000,14.528,130.9
25.4508,127486,1126509,15.000,15.254,137.4,15.000,15.617,132.3,15.000,14.528,130.9
25.4508,127487,1126514,15.000,15.254,137.4,15.000,15.617,132.3,15.000,14.528,130.9
25.4508,127488,1126519,15.000,15.254,136.1,15.000,15.254,127.3,15.000,14.528,132.0
25.4508,127489,1126524,15.000,15.254,136.1,15.000,14.891,127.3,15.000,14.528,132.0
25.4508,127490,1126529,15.000,15.254,136.1,15.000,14.891,127.3,15.000,14.528,132.0
25.4508,127491,1126534,15.000,15.254,136.1,15.000,15.072,127.3,15.000,14.709,132.0
25.4508,127492,1126539,15.000,15.072,136.1,15.000,14.891,127.3,15.000,14.709,132.0
25.4508,127493,1126544,15.000,15.072,136.1,15.000,14.528,127.3,15.000,14.709,132.0
25.4508,127494,1126549,15.000,15.072,136.1,15.000,14.346,127.3,15.000,14.709,132.0
25.4508,127495,1126554,15.000,14.709,136.1,15.000,13.983,127.3,15.000,14.709,132.0
25.4508,127496,1126559,15.000,14.709,136.1,15.000,14.164,127.3,15.000,14.891,132.0
25.5648,127497,1126564,15.000,14.346,136.1,15.000,13.256,127.3,15.000,14.891,132.0
25.5648,127498,1126569,15.000,14.528,136.1,15.000,13.438,127.3,15.000,14.891,132.0
25.5648,127499,1126574,15.000,14.346,136.1,15.000,13.801,127.3,15.000,14.891,132.0
25.5648,127500,1126579,15.000,14.528,136.1,15.000,13.801,127.3,15.000,15.072,132.0
25.5648,127501,1126584,15.000,14.528,136.1,15.000,13.620,127.3,15.000,14.891,132.0
25.5648,127502,1126589,15.000,14.528,136.1,15.000,13.801,127.3,15.000,14.891,132.0
25.5648,127503,1126594,15.000,14.528,136.1,15.000,14.164,127.3,15.000,14.891,132.0
25.5648,127504,1126599,15.000,14.528,136.1,15.000,14.346,127.3,15.000,15.072,132.0
25.5648,127505,1126604,15.000,14.709,136.1,15.000,14.709,127.3,15.000,15.072,132.0
25.5648,127506,1126609,15.000,14.709,136.1,15.000,14.709,127.3,15.000,14.891,132.0
25.5648,127507,1126614,15.000,15.072,136.1,15.000,15.799,127.3,15.000,15.072,132.0
25.5648,127508,1126619,15.000,14.891,137.9,15.000,15.799,123.3,15.000,15.072,129.6
25.5648,127509,1126624,15.000,14.891,137.9,15.000,15.799,123.3,15.000,15.072,129.6
25.5648,127510,1126629,15.000,14.709,137.9,15.000,15.617,123.3,15.000,15.072,129.6
25.5648,127511,1126634,15.000,14.891,137.9,15.000,15.799,123.3,15.000,15.072,129.6
25.5648,127512,1126639,15.000,14.891,137.9,15.000,15.799,123.3,15.000,15.072,129.6
25.6371,127513,1126644,15.000,14.891,137.9,15.000,15.617,123.3,15.000,15.254,129.6
25.6371,127514,1126649,15.000,14.891,137.9,15.000,15.799,123.3,15.000,15.072,129.6
25.6371,127515,1126654,15.000,14.891,137.9,15.000,15.254,123.3,15.000,15.072,129.6
25.6371,127516,1126659,15.000,15.072,137.9,15.000,15.254,123.3,15.000,15.254,129.6
25.6371,127517,1126664,15.000,14.891,137.9,15.000,15.072,123.3,15.000,15.072,129.6
25.6371,127518,1126669,15.000,14.891,137.9,15.000,15.254,123.3,15.000,15.072,129.6
25.6371,127519,1126674,15.000,14.891,137.9,15.000,14.891,123.3,15.000,15.254,129.6
25.6371,127520,1126679,15.000,14.891,137.9,15.000,15.072,123.3,15.000,15.072,129.6
25.6371,127521,1126684,15.000,14.709,137.9,15.000,14.891,123.3,15.000,15.072,129.6
25.6371,127522,1126689,15.000,14.891,137.9,15.000,14.891,123.3,15.000,15.254,129.6
25.6371,127523,1126694,15.000,14.891,137.9,15.000,14.891,123.3,15.000,15.072,129.6
25.6371,127524,1126699,15.000,14.891,137.9,15.000,14.891,123.3,15.000,15.072,129.6
25.6371,127525,1126704,15.000,14.891,137.9,15.000,15.254,123.3,15.000,15.254,129.6
25.6371,127526,1126709,15.000,14.709,137.9,15.000,15.254,123.3,15.000,15.072,129.6
25.6371,127527,1126714,15.000,14.709,137.9,15.000,14.891,123.3,15.000,15.072,129.6
25.6371,127528,1126719,15.000,14.528,140.4,15.000,14.346,130.9,15.000,15.254,128.3
25.6876,127529,1126724,15.000,14.528,140.4,15.000,14.528,130.9,15.000,15.072,128.3
25.6876,127530,1126729,15.000,14.528,140.4,15.000,14.346,130.9,15.000,15.072,128.3
25.6876,127531,1126734,15.000,14.709,140.4,15.000,14.346,130.9,15.000,15.254,128.3
25.6876,127532,1126739,15.000,14.528,140.4,15.000,14.346,130.9,15.000,15.072,128.3
25.6876,127533,1126744,15.000,14.528,140.4,15.000,13.801,130.9,15.000,15.254,128.3
25.6876,127534,1126749,15.000,14.709,140.4,15.000,13.801,130.9,15.000,15.254,128.3
25.6876,127535,1126754,15.000,14.528,140.4,15.000,13.801,130.9,15.000,15.072,128.3
25.6876,127536,1126759,15.000,14.528,140.4,15.000,13.438,130.9,15.000,15.254,128.3
25.6876,127537,1126764,15.000,14.709,140.4,15.000,13.438,130.9,15.000,15.254,128.3
25.6876,127538,1126769,15.000,14.891,140.4,15.000,13.983,130.9,15.000,15.072,128.3
25.6876,127539,1126774,15.000,14.891,140.4,15.000,14.164,130.9,15.000,15.072,128.3
25.6876,127540,1126779,15.000,15.072,140.4,15.000,14.346,130.9,15.000,15.254,128.3
25.6876,127541,1126784,15.000,14.891,140.4,15.000,14.346,130.9,15.000,15.072,128.3
25.6876,127542,1126789,15.000,15.072,140.4,15.000,14.346,130.9,15.000,15.072,128.3
25.6876,127543,1126794,15.000,15.072,140.4,15.000,15.072,130.9,15.000,14.891,128.3
25.6876,127544,1126799,15.000,15.072,140.4,15.000,14.891,130.9,15.000,14.891,128.3
25.7964,127545,1126804,15.000,15.072,140.4,15.000,15.072,130.9,15.000,15.072,128.3
25.7964,127546,1126809,15.000,15.254,140.4,15.000,15.436,130.9,15.000,14.891,128.3
25.7964,127547,1126814,15.000,15.072,140.4,15.000,15.980,130.9,15.000,14.891,128.3
25.7964,127548,1126819,15.000,15.072,138.0,15.000,15.980,121.7,15.000,14.891,130.1
25.7964,127549,1126824,15.000,15.072,138.0,15.000,15.799,121.7,15.000,14.891,130.1
25.7964,127550,1126829,15.000,15.072,138.0,15.000,15.799,121.7,15.000,14.709,130.1
25.7964,127551,1126834,15.000,15.072,138.0,15.000,15.980,121.7,15.000,14.709,130.1
25.7964,127552,1126839,15.000,15.072,138.0,15.000,15.980,121.7,15.000,14.709,130.1
25.7964,127553,1126844,15.000,15.072,138.0,15.000,15.799,121.7,15.000,14.709,130.1
25.7964,127554,1126849,15.000,14.891,138.0,15.000,15.980,121.7,15.000,14.709,130.1
25.7964,127555,1126854,15.000,15.254,138.0,15.000,15.980,121.7,15.000,14.528,130.1
25.7964,127556,1126859,15.000,15.072,138.0,15.000,15.799,121.7,15.000,14.528,130.1
25.7964,127557,1126864,15.000,15.072,138.0,15.000,15.617,121.7,15.000,14.528,130.1
25.7964,127558,1126869,15.000,15.254,138.0,15.000,15.254,121.7,15.000,14.528,130.1
25.7964,127559,1126874,15.000,14.891,138.0,15.000,15.254,121.7,15.000,14.528,130.1
25.7964,127560,1126879,15.000,14.891,138.0,15.000,14.891,121.7,15.000,14.528,130.1
25.8731,127561,1126884,15.000,14.891,138.0,15.000,14.709,121.7,15.000,14.528,130.1
25.8731,127562,1126889,15.000,14.709,138.0,15.000,14.346,121.7,15.000,14.528,130.1
25.8731,127563,1126894,15.000,14.891,138.0,15.000,14.346,121.7,15.000,14.528,130.1
25.8731,127564,1126899,15.000,14.891,138.0,15.000,13.983,121.7,15.000,14.528,130.1
25.8731,127565,1126904,15.000,14.891,138.0,15.000,13.801,121.7,15.000,14.528,130.1
25.8731,127566,1126909,15.000,14.891,138.0,15.000,13.983,121.7,15.000,14.528,130.1
25.8731,127567,1126914,15.000,15.072,138.0,15.000,13.983,121.7,15.000,14.528,130.1
25.8731,127568,1126919,15.000,14.891,139.1,15.000,14.164,131.3,15.000,14.528,132.6
25.8731,127569,1126924,15.000,15.254,139.1,15.000,14.346,131.3,15.000,14.709,132.6
25.8731,127570,1126929,15.000,15.254,139.1,15.000,14.528,131.3,15.000,14.709,132.6
25.8731,127571,1126934,15.000,15.254,139.1,15.000,14.346,131.3,15.000,14.709,132.6
25.8731,127572,1126939,15.000,15.436,139.1,15.000,14.346,131.3,15.000,14.709,132.6
25.8731,127573,1126944,15.000,15.254,139.1,15.000,14.528,131.3,15.000,14.709,132.6
25.8731,127574,1126949,15.000,15.254,139.1,15.000,14.709,131.3,15.000,14.709,132.6
25.8731,127575,1126954,15.000,15.072,139.1,15.000,14.891,131.3,15.000,14.709,132.6
25.8731,127576,1126959,15.000,15.254,139.1,15.000,14.709,131.3,15.000,14.891,132.6
25.9519,127577,1126964,15.000,14.709,139.1,15.000,14.528,131.3,15.000,14.891,132.6
25.9519,127578,1126969,15.000,14.528,139.1,15.000,14.709,131.3,15.000,14.891,132.6
25.9519,127579,1126974,15.000,14.709,139.1,15.000,14.528,131.3,15.000,14.709,132.6
25.9519,127580,1126979,15.000,14.528,139.1,15.000,14.709,131.3,15.000,14.891,132.6
25.9519,127581,1126984,15.000,14.709,139.1,15.000,15.072,131.3,15.000,14.891,132.6
25.9519,127582,1126989,15.000,14.528,139.1,15.000,15.436,131.3,15.000,14.891,132.6
25.9519,127583,1126994,15.000,14.709,139.1,15.000,15.254,131.3,15.000,15.072,132.6
25.9519,127584,1126999,15.000,14.709,139.1,15.000,15.436,131.3,15.000,15.072,132.6
25.9519,127585,1127004,15.000,14.709,139.1,15.000,15.254,131.3,15.000,15.072,132.6
25.9519,127586,1127009,15.000,14.528,139.1,15.000,15.436,131.3,15.000,14.891,132.6
25.9519,127587,1127014,15.000,14.709,139.1,15.000,15.799,131.3,15.000,15.072,132.6
25.9519,127588,1127019,15.000,14.891,139.3,15.000,15.617,123.7,15.000,15.072,130.1
25.9519,127589,1127024,15.000,14.709,139.3,15.000,15.617,123.7,15.000,15.072,130.1
25.9519,127590,1127029,15.000,14.891,139.3,15.000,15.617,123.7,15.000,15.072,130.1
25.9519,127591,1127034,15.000,14.709,139.3,15.000,15.617,123.7,15.000,15.072,130.1
25.9519,127592,1127039,15.000,14.891,139.3,15.000,15.436,123.7,15.000,15.254,130.1
26.0740,127593,1127044,15.000,14.709,139.3,15.000,15.617,123.7,15.000,15.072,130.1
26.0740,127594,1127049,15.000,14.709,139.3,15.000,15.617,123.7,15.000,15.072,130.1
26.0740,127595,1127054,15.000,14.891,139.3,15.000,15.799,123.7,15.000,15.254,130.1
26.0740,127596,1127059,15.000,14.891,139.3,15.000,15.617,123.7,15.000,15.254,130.1
26.0740,127597,1127064,15.000,15.254,139.3,15.000,15.617,123.7,15.000,15.254,130.1
26.0740,127598,1127069,15.000,15.254,139.3,15.000,15.254,123.7,15.000,15.254,130.1
26.0740,127599,1127074,15.000,15.254,139.3,15.000,15.436,123.7,15.000,15.254,130.1
26.0740,127600,1127079,15.000,15.072,139.3,15.000,15.254,123.7,15.000,15.254,130.1
26.0740,127601,1127084,15.000,15.254,139.3,15.000,14.891,123.7,15.000,15.254,130.1
26.0740,127602,1127089,15.000,15.072,139.3,15.000,14.709,123.7,15.000,15.254,130.1
26.0740,127603,1127094,15.000,15.072,139.3,15.000,14.528,123.7,15.000,15.254,130.1
26.0740,127604,1127099,15.000,15.254,139.3,15.000,14.346,123.7,15.000,15.254,130.1
26.0740,127605,1127104,15.000,15.072,139.3,15.000,14.346,123.7,15.000,15.072,130.1
26.0740,127606,1127109,15.000,15.072,139.3,15.000,14.164,123.7,15.000,15.254,130.1
26.0740,127607,1127114,15.000,14.709,139.3,15.000,13.983,123.7,15.000,15.072,130.1
26.0740,127608,1127119,15.000,14.891,139.5,15.000,14.346,130.6,15.000,15.254,128.9
26.0740,127609,1127124,15.000,14.891,139.5,15.000,14.346,130.6,15.000,15.254,128.9
26.0740,127610,1127129,15.000,14.891,139.5,15.000,14.346,130.6,15.000,15.072,128.9
26.0740,127611,1127134,15.000,14.709,139.5,15.000,14.528,130.6,15.000,15.254,128.9
26.0740,127612,1127139,15.000,14.891,139.5,15.000,14.528,130.6,15.000,15.072,128.9
26.0740,127613,1127144,15.000,14.891,139.5,15.000,14.346,130.6,15.000,15.254,128.9
26.0740,127614,1127149,15.000,14.346,139.5,15.000,13.801,130.6,15.000,15.254,128.9
26.0740,127615,1127154,15.000,14.528,139.5,15.000,13.620,130.6,15.000,15.254,128.9
26.0740,127616,1127159,15.000,14.528,139.5,15.000,13.801,130.6,15.000,15.254,128.9
26.1271,127617,1127164,15.000,14.709,139.5,15.000,13.983,130.6,15.000,15.254,128.9
26.1271,127618,1127169,15.000,14.709,139.5,15.000,13.801,130.6,15.000,15.072,128.9
26.1271,127619,1127174,15.000,14.709,139.5,15.000,13.620,130.6,15.000,15.254,128.9
26.1271,127620,1127179,15.000,14.891,139.5,15.000,13.801,130.6,15.000,15.254,128.9
26.1271,127621,1127184,15.000,14.891,139.5,15.000,13.983,130.6,15.000,15.072,128.9
26.1271,127622,1127189,15.000,14.709,139.5,15.000,14.346,130.6,15.000,15.254,128.9
26.1271,127623,1127194,15.000,14.891,139.5,15.000,14.528,130.6,15.000,15.072,128.9
26.1271,127624,1127199,15.000,15.254,139.5,15.000,15.254,130.6,15.000,15.072,128.9
26.1271,127625,1127204,15.000,15.254,139.5,15.000,15.436,130.6,15.000,15.072,128.9
26.1271,127626,1127209,15.000,15.254,139.5,15.000,15.254,130.6,15.000,15.072,128.9
26.1271,127627,1127214,15.000,15.436,139.5,15.000,15.254,130.6,15.000,15.072,128.9
26.1271,127628,1127219,15.000,15.254,137.5,15.000,15.617,123.8,15.000,15.072,129.5
26.1271,127629,1127224,15.000,15.254,137.5,15.000,15.254,123.8,15.000,14.891,129.5
26.1271,127630,1127229,15.000,15.254,137.5,15.000,15.254,123.8,15.000,14.891,129.5
26.1271,127631,1127234,15.000,15.436,137.5,15.000,15.254,123.8,15.000,15.072,129.5
26.1271,127632,1127239,15.000,15.436,137.5,15.000,15.254,123.8,15.000,14.891,129.5
26.2532,127633,1127244,15.000,15.254,137.5,15.000,15.072,123.8,15.000,14.709,129.5
26.2532,127634,1127249,15.000,15.436,137.5,15.000,15.072,123.8,15.000,14.709,129.5
26.2532,127635,1127254,15.000,15.072,137.5,15.000,14.891,123.8,15.000,14.709,129.5
26.2532,127636,1127259,15.000,15.254,137.5,15.000,15.072,123.8,15.000,14.528,129.5
26.2532,127637,1127264,15.000,15.072,137.5,15.000,14.891,123.8,15.000,14.528,129.5
26.2532,127638,1127269,15.000,15.072,137.5,15.000,14.891,123.8,15.000,14.528,129.5
26.2532,127639,1127274,15.000,15.254,137.5,15.000,15.254,123.8,15.000,14.528,129.5
26.2532,127640,1127279,15.000,15.072,137.5,15.000,15.254,123.8,15.000,14.528,129.5
26.2532,127641,1127284,15.000,14.891,137.5,15.000,14.709,123.8,15.000,14.346,129.5
26.2532,127642,1127289,15.000,15.072,137.5,15.000,14.528,123.8,15.000,14.346,129.5
26.2532,127643,1127294,15.000,15.072,137.5,15.000,14.709,123.8,15.000,14.528,129.5
26.2532,127644,1127299,15.000,14.891,137.5,15.000,14.528,123.8,15.000,14.528,129.5
26.2532,127645,1127304,15.000,15.254,137.5,15.000,14.709,123.8,15.000,14.528,129.5
26.2532,127646,1127309,15.000,15.072,137.5,15.000,14.709,123.8,15.000,14.528,129.5
26.2532,127647,1127314,15.000,15.072,137.5,15.000,14.346,123.8,15.000,14.528,129.5
26.2532,127648,1127319,15.000,15.072,138.1,15.000,13.983,133.0,15.000,14.528,132.8
26.3147,127649,1127324,15.000,15.072,138.1,15.000,14.164,133.0,15.000,14.528,132.8
26.3147,127650,1127329,15.000,15.072,138.1,15.000,13.983,133.0,15.000,14.528,132.8
26.3147,127651,1127334,15.000,15.072,138.1,15.000,14.528,133.0,15.000,14.528,132.8
26.3147,127652,1127339,15.000,15.072,138.1,15.000,14.528,133.0,15.000,14.528,132.8
26.3147,127653,1127344,15.000,15.072,138.1,15.000,14.346,133.0,15.000,14.528,132.8
26.3147,127654,1127349,15.000,15.254,138.1,15.000,14.346,133.0,15.000,14.528,132.8
26.3147,127655,1127354,15.000,15.072,138.1,15.000,13.983,133.0,15.000,14.528,132.8
26.3147,127656,1127359,15.000,14.891,138.1,15.000,13.983,133.0,15.000,14.528,132.8
26.3147,127657,1127364,15.000,15.072,138.1,15.000,14.346,133.0,15.000,14.528,132.8
26.3147,127658,1127369,15.000,15.072,138.1,15.000,14.709,133.0,15.000,14.709,132.8
26.3147,127659,1127374,15.000,15.072,138.1,15.000,14.346,133.0,15.000,14.709,132.8
26.3147,127660,1127379,15.000,15.072,138.1,15.000,14.346,133.0,15.000,14.709,132.8
26.3147,127661,1127384,15.000,15.254,138.1,15.000,14.164,133.0,15.000,14.709,132.8
26.3147,127662,1127389,15.000,15.072,138.1,15.000,13.983,133.0,15.000,14.891,132.8
26.3147,127663,1127394,15.000,15.072,138.1,15.000,14.164,133.0,15.000,14.891,132.8
26.3147,127664,1127399,15.000,15.072,138.1,15.000,14.346,133.0,15.000,14.891,132.8
26.3662,127665,1127404,15.000,15.072,138.1,15.000,14.709,133.0,15.000,14.891,132.8
26.3662,127666,1127409,15.000,15.436,138.1,15.000,14.891,133.0,15.000,15.072,132.8
26.3662,127667,1127414,15.000,15.254,138.1,15.000,15.072,133.0,15.000,15.072,132.8
26.3662,127668,1127419,15.000,15.436,135.6,15.000,14.891,129.3,15.000,14.891,131.5
26.3662,127669,1127424,15.000,15.254,135.6,15.000,15.072,129.3,15.000,15.072,131.5
26.3662,127670,1127429,15.000,15.254,135.6,15.000,15.072,129.3,15.000,15.072,131.5
26.3662,127671,1127434,15.000,15.254,135.6,15.000,15.254,129.3,15.000,15.072,131.5
26.3662,127672,1127439,15.000,15.254,135.6,15.000,15.436,129.3,15.000,15.072,131.5
26.3662,127673,1127444,15.000,15.254,135.6,15.000,15.617,129.3,15.000,15.072,131.5
26.3662,127674,1127449,15.000,15.254,135.6,15.000,15.617,129.3,15.000,15.072,131.5
26.3662,127675,1127454,15.000,15.254,135.6,15.000,15.436,129.3,15.000,15.254,131.5
26.3662,127676,1127459,15.000,15.072,135.6,15.000,15.436,129.3,15.000,15.072,131.5
26.3662,127677,1127464,15.000,15.072,135.6,15.000,15.072,129.3,15.000,15.072,131.5
26.3662,127678,1127469,15.000,15.072,135.6,15.000,14.709,129.3,15.000,15.254,131.5
26.3662,127679,1127474,15.000,14.891,135.6,15.000,14.891,129.3,15.000,15.072,131.5
26.3662,127680,1127479,15.000,14.891,135.6,15.000,14.528,129.3,15.000,15.072,131.5
26.4738,127681,1127484,15.000,14.346,135.6,15.000,14.164,129.3,15.000,15.254,131.5
26.4738,127682,1127489,15.000,14.346,135.6,15.000,13.983,129.3,15.000,15.072,131.5
26.4738,127683,1127494,15.000,14.346,135.6,15.000,13.801,129.3,15.000,15.254,131.5
26.4738,127684,1127499,15.000,14.346,135.6,15.000,13.620,129.3,15.000,15.254,131.5
26.4738,127685,1127504,15.000,14.164,135.6,15.000,13.438,129.3,15.000,15.072,131.5
26.4738,127686,1127509,15.000,14.346,135.6,15.000,13.438,129.3,15.000,15.254,131.5
26.4738,127687,1127514,15.000,14.346,135.6,15.000,13.801,129.3,15.000,15.254,131.5
26.4738,127688,1127519,15.000,14.164,142.8,15.000,14.164,134.3,15.000,15.254,129.4
26.4738,127689,1127524,15.000,14.346,142.8,15.000,14.164,134.3,15.000,15.254,129.4
26.4738,127690,1127529,15.000,14.164,142.8,15.000,14.709,134.3,15.000,15.436,129.4
26.4738,127691,1127534,15.000,14.528,142.8,15.000,14.891,134.3,15.000,15.254,129.4
26.4738,127692,1127539,15.000,14.528,142.8,15.000,14.891,134.3,15.000,15.254,129.4
26.4738,127693,1127544,15.000,14.528,142.8,15.000,15.072,134.3,15.000,15.254,129.4
26.4738,127694,1127549,15.000,14.528,142.8,15.000,15.072,134.3,15.000,15.254,129.4
26.4738,127695,1127554,15.000,14.528,142.8,15.000,15.254,134.3,15.000,15.254,129.4
26.4738,127696,1127559,15.000,14.346,142.8,15.000,15.254,134.3,15.000,15.254,129.4
26.4833,127697,1127564,15.000,14.346,142.8,15.000,15.254,134.3,15.000,15.254,129.4
26.4833,127698,1127569,15.000,14.528,142.8,15.000,15.436,134.3,15.000,15.254,129.4
26.4833,127699,1127574,15.000,14.528,142.8,15.000,15.254,134.3,15.000,15.254,129.4
26.4833,127700,1127579,15.000,14.709,142.8,15.000,15.254,134.3,15.000,15.072,129.4
26.4833,127701,1127584,15.000,14.891,142.8,15.000,15.436,134.3,15.000,15.254,129.4
26.4833,127702,1127589,15.000,14.891,142.8,15.000,15.799,134.3,15.000,15.254,129.4
26.4833,127703,1127594,15.000,15.072,142.8,15.000,15.254,134.3,15.000,15.072,129.4
26.4833,127704,1127599,15.000,14.891,142.8,15.000,15.254,134.3,15.000,15.254,129.4
26.5839,127705,1127604,15.000,15.254,142.8,15.000,15.254,134.3,15.000,15.254,129.4
26.5839,127706,1127609,25.000,15.436,142.8,25.000,15.254,134.3,25.000,15.254,129.4
26.5839,127707,1127614,25.000,15.436,142.8,25.000,15.254,134.3,25.000,15.254,129.4
26.5839,127708,1127619,25.000,15.436,199.4,25.000,15.254,192.2,25.000,15.072,193.1
26.5839,127709,1127624,25.000,15.617,199.4,25.000,15.254,192.2,25.000,15.254,193.1
26.5839,127710,1127629,25.000,15.799,199.4,25.000,15.072,192.2,25.000,15.436,193.1
26.5839,127711,1127634,25.000,15.799,199.4,25.000,15.254,192.2,25.000,15.436,193.1
26.5839,127712,1127639,25.000,15.799,199.4,25.000,15.072,192.2,25.000,15.436,193.1
26.6371,127713,1127644,25.000,15.980,199.4,25.000,15.799,192.2,25.000,15.799,193.1
26.6371,127714,1127649,25.000,16.344,199.4,25.000,16.162,192.2,25.000,15.799,193.1
26.6371,127715,1127654,25.000,16.525,199.4,25.000,16.525,192.2,25.000,16.162,193.1
26.6371,127716,1127659,25.000,16.707,199.4,25.000,16.707,192.2,25.000,16.162,193.1
26.6371,127717,1127664,25.000,17.070,199.4,25.000,17.070,192.2,25.000,16.525,193.1
26.6371,127718,1127669,25.000,17.433,199.4,25.000,17.433,192.2,25.000,16.888,193.1
26.6371,127719,1127674,25.000,17.615,199.4,25.000,17.978,192.2,25.000,17.070,193.1
26.6371,127720,1127679,25.000,17.978,199.4,25.000,18.704,192.2,25.000,17.433,193.1
26.6371,127721,1127684,25.000,18.341,199.4,25.000,18.886,192.2,25.000,17.615,193.1
26.6371,127722,1127689,25.000,18.704,199.4,25.000,19.431,192.2,25.000,17.978,193.1
26.6371,127723,1127694,25.000,18.886,199.4,25.000,19.612,192.2,25.000,17.978,193.1
26.6371,127724,1127699,25.000,18.886,199.4,25.000,19.975,192.2,25.000,18.341,193.1
26.6371,127725,1127704,25.000,19.067,199.4,25.000,20.339,192.2,25.000,18.523,193.1
26.6371,127726,1127709,25.000,18.886,199.4,25.000,20.339,192.2,25.000,18.704,193.1
26.6371,127727,1127714,25.000,19.067,199.4,25.000,20.520,192.2,25.000,18.886,193.1
26.6371,127728,1127719,25.000,19.249,197.0,25.000,20.520,180.9,25.000,19.067,190.2
26.6955,127729,1127724,25.000,19.431,197.0,25.000,20.520,180.9,25.000,19.249,190.2
26.6955,127730,1127729,25.000,19.431,197.0,25.000,20.520,180.9,25.000,19.249,190.2
26.6955,127731,1127734,25.000,19.249,197.0,25.000,20.520,180.9,25.000,19.431,190.2
26.6955,127732,1127739,25.000,19.612,197.0,25.000,20.702,180.9,25.000,19.612,190.2
26.6955,127733,1127744,25.000,19.612,197.0,25.000,21.065,180.9,25.000,19.794,190.2
26.6955,127734,1127749,25.000,19.975,197.0,25.000,20.883,180.9,25.000,19.794,190.2
26.6955,127735,1127754,25.000,19.975,197.0,25.000,20.883,180.9,25.000,19.794,190.2
26.6955,127736,1127759,25.000,20.339,197.0,25.000,21.247,180.9,25.000,19.975,190.2
26.6955,127737,1127764,25.000,20.339,197.0,25.000,21.247,180.9,25.000,20.157,190.2
26.6955,127738,1127769,25.000,20.157,197.0,25.000,21.428,180.9,25.000,20.157,190.2
26.6955,127739,1127774,25.000,20.339,197.0,25.000,21.610,180.9,25.000,20.157,190.2
26.6955,127740,1127779,25.000,20.339,197.0,25.000,21.610,180.9,25.000,20.339,190.2
26.6955,127741,1127784,25.000,20.702,197.0,25.000,21.610,180.9,25.000,20.339,190.2
26.6955,127742,1127789,25.000,20.339,197.0,25.000,21.610,180.9,25.000,20.520,190.2
26.6955,127743,1127794,25.000,20.520,197.0,25.000,21.247,180.9,25.000,20.520,190.2
26.6955,127744,1127799,25.000,20.339,197.0,25.000,21.428,180.9,25.000,20.520,190.2
27.9912,127745,1127804,25.000,20.339,197.0,25.000,21.065,180.9,25.000,20.702,190.2
27.9912,127746,1127809,25.000,20.339,197.0,25.000,20.883,180.9,25.000,20.702,190.2
27.9912,127747,1127814,25.000,20.339,197.0,25.000,20.883,180.9,25.000,20.702,190.2
27.9912,127748,1127819,25.000,20.520,202.6,25.000,20.883,189.5,25.000,20.883,192.7
27.9912,127749,1127824,25.000,20.520,202.6,25.000,20.883,189.5,25.000,20.883,192.7
27.9912,127750,1127829,25.000,20.520,202.6,25.000,20.702,189.5,25.000,20.883,192.7
27.9912,127751,1127834,25.000,20.520,202.6,25.000,20.883,189.5,25.000,20.883,192.7
27.9912,127752,1127839,25.000,20.883,202.6,25.000,20.883,189.5,25.000,20.883,192.7
27.9912,127753,1127844,25.000,20.702,202.6,25.000,20.883,189.5,25.000,21.065,192.7
27.9912,127754,1127849,25.000,20.883,202.6,25.000,20.883,189.5,25.000,21.247,192.7
27.9912,127755,1127854,25.000,21.065,202.6,25.000,20.883,189.5,25.000,21.065,192.7
27.9912,127756,1127859,25.000,20.883,202.6,25.000,21.065,189.5,25.000,21.247,192.7
27.9912,127757,1127864,25.000,20.883,202.6,25.000,20.702,189.5,25.000,21.247,192.7
27.9912,127758,1127869,25.000,20.520,202.6,25.000,20.702,189.5,25.000,21.247,192.7
27.9912,127759,1127874,25.000,20.339,202.6,25.000,20.702,189.5,25.000,21.428,192.7
27.9912,127760,1127879,25.000,20.520,202.6,25.000,20.883,189.5,25.000,21.428,192.7
27.9912,127761,1127884,25.000,20.339,202.6,25.000,20.883,189.5,25.000,21.428,192.7
27.9912,127762,1127889,25.000,20.339,202.6,25.000,20.702,189.5,25.000,21.428,192.7
27.9912,127763,1127894,25.000,20.339,202.6,25.000,20.883,189.5,25.000,21.428,192.7
27.9912,127764,1127899,25.000,20.339,202.6,25.000,20.883,189.5,25.000,21.428,192.7
27.9912,127765,1127904,25.000,20.339,202.6,25.000,21.247,189.5,25.000,21.610,192.7
27.9912,127766,1127909,25.000,20.520,202.6,25.000,21.247,189.5,25.000,21.428,192.7
27.9912,127767,1127914,25.000,20.520,202.6,25.000,21.610,189.5,25.000,21.428,192.7
27.9912,127768,1127919,25.000,20.339,214.2,25.000,21.610,194.4,25.000,21.428,198.9
27.9912,127769,1127924,25.000,20.339,214.2,25.000,21.610,194.4,25.000,21.428,198.9
27.9912,127770,1127929,25.000,20.339,214.2,25.000,21.610,194.4,25.000,21.428,198.9
27.9912,127771,1127934,25.000,20.339,214.2,25.000,21.610,194.4,25.000,21.610,198.9
27.9912,127772,1127939,25.000,19.794,214.2,25.000,21.973,194.4,25.000,21.610,198.9
27.9912,127773,1127944,25.000,19.975,214.2,25.000,21.973,194.4,25.000,21.428,198.9
27.9912,127774,1127949,25.000,19.975,214.2,25.000,21.973,194.4,25.000,21.428,198.9
27.9912,127775,1127954,25.000,19.975,214.2,25.000,22.155,194.4,25.000,21.428,198.9
27.9912,127776,1127959,25.000,20.157,214.2,25.000,22.155,194.4,25.000,21.610,198.9
28.0001,127777,1127964,25.000,20.339,214.2,25.000,22.155,194.4,25.000,21.610,198.9
28.0001,127778,1127969,25.000,20.883,214.2,25.000,22.336,194.4,25.000,21.610,198.9
28.0001,127779,1127974,25.000,20.883,214.2,25.000,22.336,194.4,25.000,21.428,198.9
28.0001,127780,1127979,25.000,20.883,214.2,25.000,22.336,194.4,25.000,21.428,198.9
28.0001,127781,1127984,25.000,21.247,214.2,25.000,22.518,194.4,25.000,21.428,198.9
28.0001,127782,1127989,25.000,21.610,214.2,25.000,22.336,194.4,25.000,21.428,198.9
28.0001,127783,1127994,25.000,21.610,214.2,25.000,22.518,194.4,25.000,21.610,198.9
28.0001,127784,1127999,25.000,21.428,214.2,25.000,22.518,194.4,25.000,21.428,198.9
28.0829,127785,1128004,25.000,21.610,214.2,25.000,22.518,194.4,25.000,21.428,198.9
28.0829,127786,1128009,25.000,21.610,214.2,25.000,22.518,194.4,25.000,21.428,198.9
28.0829,127787,1128014,25.000,21.610,214.2,25.000,22.699,194.4,25.000,21.428,198.9
28.0829,127788,1128019,25.000,21.428,217.9,25.000,22.518,196.4,25.000,21.428,207.2
28.0829,127789,1128024,25.000,21.610,217.9,25.000,22.518,196.4,25.000,21.428,207.2
28.0829,127790,1128029,25.000,21.791,217.9,25.000,22.699,196.4,25.000,21.428,207.2
28.0829,127791,1128034,25.000,21.428,217.9,25.000,22.518,196.4,25.000,21.428,207.2
28.0829,127792,1128039,25.000,21.610,217.9,25.000,22.518,196.4,25.000,21.428,207.2
28.0829,127793,1129129,25.000,485.767,0.0,25.000,515.004,0.0,25.000,520.089,0.0
28.0829,127794,1129134,25.000,485.767,0.0,25.000,514.822,0.0,25.000,520.089,0.0
28.0829,127795,1129139,25.000,485.404,0.0,25.000,514.459,0.0,25.000,519.907,0.0
28.0829,127796,1129144,25.000,484.859,0.0,25.000,514.096,0.0,25.000,519.544,0.0
28.0829,127797,1129149,25.000,484.314,0.0,25.000,513.551,0.0,25.000,518.999,0.0
28.0829,127798,1129154,25.000,483.770,0.0,25.000,512.825,0.0,25.000,518.454,0.0
28.0829,127799,1129159,25.000,482.862,0.0,25.000,512.098,0.0,25.000,517.728,0.0
28.0829,127800,1129164,25.000,481.590,0.0,25.000,511.009,0.0,25.000,516.820,0.0
28.0829,127801,1129169,25.000,480.682,0.0,25.000,509.919,0.0,25.000,515.912,0.0
28.1627,127802,1129174,25.000,479.593,0.0,25.000,509.011,0.0,25.000,514.822,0.0
28.1627,127803,1129179,25.000,14.164,0.0,25.000,15.072,0.0,25.000,15.072,0.0
28.1627,127804,1129184,25.000,13.075,0.0,25.000,13.983,0.0,25.000,13.983,0.0
28.1627,127805,1129189,25.000,11.985,0.0,25.000,12.893,0.0,25.000,12.893,0.0
28.1627,127806,1129194,25.000,11.077,0.0,25.000,11.804,0.0,25.000,11.804,0.0
28.1627,127807,1129199,25.000,10.169,0.0,25.000,10.714,0.0,25.000,11.077,0.0
28.1627,127808,1129204,25.000,9.261,0.0,25.000,9.988,0.0,25.000,9.988,0.0
28.1627,127809,1129209,25.000,8.535,0.0,25.000,9.261,0.0,25.000,9.443,0.0
28.1627,127810,1129214,25.000,8.172,0.0,25.000,8.535,0.0,25.000,8.717,0.0
28.1627,127811,1129219,25.000,7.627,0.0,25.000,7.990,0.0,25.000,8.172,0.0
28.1627,127812,1129224,25.000,6.901,0.0,25.000,7.264,0.0,25.000,7.627,0.0
28.1627,127813,1129229,25.000,6.537,173.8,25.000,6.901,175.0,25.000,6.901,175.6
28.1627,127814,1129234,25.000,6.174,173.8,25.000,6.356,175.0,25.000,6.537,175.6
28.1627,127815,1129239,25.000,5.811,173.8,25.000,6.174,175.0,25.000,6.356,175.6
28.1627,127816,1129244,25.000,5.993,173.8,25.000,6.356,175.0,25.000,6.356,175.6
28.1627,127817,1129249,25.000,6.174,173.8,25.000,6.537,175.0,25.000,6.174,175.6
28.2816,127818,1129254,25.000,6.537,173.8,25.000,6.356,175.0,25.000,6.537,175.6
28.2816,127819,1129259,25.000,6.901,173.8,25.000,6.537,175.0,25.000,6.356,175.6
28.2816,127820,1129264,25.000,7.264,173.8,25.000,7.264,175.0,25.000,6.719,175.6
28.2816,127821,1129269,25.000,7.809,173.8,25.000,7.809,175.0,25.000,7.082,175.6
28.2816,127822,1129274,25.000,8.535,173.8,25.000,8.353,175.0,25.000,7.445,175.6
28.2816,127823,1129279,25.000,9.080,173.8,25.000,9.080,175.0,25.000,8.172,175.6
28.2816,127824,1129284,25.000,9.625,173.8,25.000,9.806,175.0,25.000,8.717,175.6
28.2816,127825,1129289,25.000,10.169,173.8,25.000,10.714,175.0,25.000,9.080,175.6
28.2816,127826,1129294,25.000,10.533,173.8,25.000,11.077,175.0,25.000,9.443,175.6
28.2816,127827,1129299,25.000,11.077,173.8,25.000,11.804,175.0,25.000,9.988,175.6
28.2816,127828,1129304,25.000,11.622,173.8,25.000,12.712,175.0,25.000,10.351,175.6
28.2816,127829,1129309,25.000,12.167,173.8,25.000,13.256,175.0,25.000,11.259,175.6
28.2816,127830,1129314,25.000,12.530,173.8,25.000,13.620,175.0,25.000,11.622,175.6
28.2816,127831,1129319,25.000,13.075,173.8,25.000,14.346,175.0,25.000,11.985,175.6
28.2816,127832,1129324,25.000,13.438,173.8,25.000,15.072,175.0,25.000,12.530,175.6
28.2816,127833,1129329,25.000,13.801,112.1,25.000,15.436,100.9,25.000,12.893,117.2
28.2816,127834,1129334,25.000,14.346,112.1,25.000,15.799,100.9,25.000,13.438,117.2
28.2816,127835,1129339,25.000,14.891,112.1,25.000,15.980,100.9,25.000,13.801,117.2
28.2816,127836,1129344,25.000,15.072,112.1,25.000,16.344,100.9,25.000,14.164,117.2
28.2816,127837,1129349,25.000,15.254,112.1,25.000,16.344,100.9,25.000,14.346,117.2
28.2816,127838,1129354,25.000,15.254,112.1,25.000,16.525,100.9,25.000,14.528,117.2
28.2816,127839,1129359,25.000,15.254,112.1,25.000,16.525,100.9,25.000,14.528,117.2
28.2816,127840,1129364,25.000,15.254,112.1,25.000,16.525,100.9,25.000,14.709,117.2
28.2816,127841,1129369,25.000,14.891,112.1,25.000,16.162,100.9,25.000,14.709,117.2
28.3636,127842,1129374,25.000,14.891,112.1,25.000,15.980,100.9,25.000,14.709,117.2
28.3636,127843,1129379,25.000,14.346,112.1,25.000,15.617,100.9,25.000,14.709,117.2
28.3636,127844,1129384,25.000,14.164,112.1,25.000,15.617,100.9,25.000,14.528,117.2
28.3636,127845,1129389,25.000,13.801,112.1,25.000,15.072,100.9,25.000,14.528,117.2
28.3636,127846,1129394,25.000,13.620,112.1,25.000,14.891,100.9,25.000,14.528,117.2
28.3636,127847,1129399,25.000,13.438,112.1,25.000,14.709,100.9,25.000,14.528,117.2
28.3636,127848,1129404,25.000,13.256,112.1,25.000,14.346,100.9,25.000,14.528,117.2
28.3636,127849,1129409,25.000,13.256,112.1,25.000,14.346,100.9,25.000,14.528,117.2
28.3636,127850,1129414,25.000,13.075,112.1,25.000,14.164,100.9,25.000,14.528,117.2
28.3636,127851,1129419,25.000,13.075,112.1,25.000,13.983,100.9,25.000,14.528,117.2
28.3636,127852,1129424,25.000,13.075,112.1,25.000,13.801,100.9,25.000,14.528,117.2
28.3636,127853,1129429,25.000,13.438,141.1,25.000,13.801,134.4,25.000,14.528,135.3
28.3636,127854,1129434,25.000,13.256,141.1,25.000,13.801,134.4,25.000,14.346,135.3
28.3636,127855,1129439,25.000,13.438,141.1,25.000,13.801,134.4,25.000,14.346,135.3
28.3636,127856,1129444,25.000,13.620,141.1,25.000,13.801,134.4,25.000,14.346,135.3
28.3636,127857,1129449,25.000,13.438,141.1,25.000,13.801,134.4,25.000,14.346,135.3
28.4274,127858,1129454,25.000,13.620,141.1,25.000,13.983,134.4,25.000,14.528,135.3
28.4274,127859,1129459,25.000,13.620,141.1,25.000,13.983,134.4,25.000,14.528,135.3
28.4274,127860,1129464,25.000,13.801,141.1,25.000,13.983,134.4,25.000,14.528,135.3
28.4274,127861,1129469,25.000,13.983,141.1,25.000,14.346,134.4,25.000,14.528,135.3
28.4274,127862,1129474,25.000,13.983,141.1,25.000,14.164,134.4,25.000,14.528,135.3
28.4274,127863,1129479,25.000,14.164,141.1,25.000,14.164,134.4,25.000,14.528,135.3
28.4274,127864,1129484,25.000,14.346,141.1,25.000,14.346,134.4,25.000,14.709,135.3
28.4274,127865,1129489,25.000,14.346,141.1,25.000,14.528,134.4,25.000,14.891,135.3
28.4274,127866,1129494,25.000,14.164,141.1,25.000,14.709,134.4,25.000,14.891,135.3
28.4274,127867,1129499,25.000,14.346,141.1,25.000,14.891,134.4,25.000,14.891,135.3
28.4280,127868,1129504,25.000,14.346,141.1,25.000,14.891,134.4,25.000,14.709,135.3
28.4280,127869,1129509,25.000,14.346,141.1,25.000,15.072,134.4,25.000,14.709,135.3
28.4280,127870,1129514,25.000,14.346,141.1,25.000,15.254,134.4,25.000,14.891,135.3
28.4280,127871,1129519,25.000,14.346,141.1,25.000,15.072,134.4,25.000,14.891,135.3
28.4280,127872,1129524,25.000,14.346,141.1,25.000,15.254,134.4,25.000,14.891,135.3
28.4280,127873,1129529,25.000,14.346,161.8,25.000,15.617,148.3,25.000,15.072,156.0
28.5234,127874,1129534,25.000,14.346,161.8,25.000,15.617,148.3,25.000,15.072,156.0
28.5234,127875,1129539,25.000,14.528,161.8,25.000,15.799,148.3,25.000,14.891,156.0
28.5234,127876,1129544,25.000,14.709,161.8,25.000,15.799,148.3,25.000,15.072,156.0
28.5234,127877,1129549,25.000,14.709,161.8,25.000,15.799,148.3,25.000,15.072,156.0
28.5234,127878,1129554,25.000,14.891,161.8,25.000,15.980,148.3,25.000,15.254,156.0
28.5234,127879,1129559,25.000,15.072,161.8,25.000,16.162,148.3,25.000,15.436,156.0
28.5234,127880,1129564,25.000,15.254,161.8,25.000,16.162,148.3,25.000,15.254,156.0
28.5234,127881,1129569,25.000,15.254,161.8,25.000,16.162,148.3,25.000,15.436,156.0
28.5234,127882,1129574,25.000,15.436,161.8,25.000,16.525,148.3,25.000,15.617,156.0
28.5234,127883,1129579,25.000,15.617,161.8,25.000,16.525,148.3,25.000,15.617,156.0
28.5234,127884,1129584,25.000,15.799,161.8,25.000,16.525,148.3,25.000,15.799,156.0
28.5234,127885,1129589,25.000,15.799,161.8,25.000,16.525,148.3,25.000,15.980,156.0
28.5234,127886,1129594,25.000,15.980,161.8,25.000,16.525,148.3,25.000,15.980,156.0
28.5234,127887,1129599,25.000,16.162,161.8,25.000,16.707,148.3,25.000,16.162,156.0
28.5234,127888,1129604,25.000,16.344,161.8,25.000,16.888,148.3,25.000,16.162,156.0
28.5234,127889,1129609,25.000,16.344,161.8,25.000,16.707,148.3,25.000,16.344,156.0
28.5832,127890,1129614,25.000,16.344,161.8,25.000,16.888,148.3,25.000,16.525,156.0
28.5832,127891,1129619,25.000,16.525,161.8,25.000,17.252,148.3,25.000,16.525,156.0
28.5832,127892,1129624,25.000,16.525,161.8,25.000,17.070,148.3,25.000,16.525,156.0
28.5832,127893,1129629,25.000,16.525,172.4,25.000,17.252,159.6,25.000,16.707,168.4
28.5832,127894,1129634,25.000,16.525,172.4,25.000,17.433,159.6,25.000,16.707,168.4
28.5832,127895,1129639,25.000,16.707,172.4,25.000,17.615,159.6,25.000,16.888,168.4
28.5832,127896,1129644,25.000,16.707,172.4,25.000,17.615,159.6,25.000,16.888,168.4
28.5832,127897,1129649,25.000,16.888,172.4,25.000,17.615,159.6,25.000,17.070,168.4
28.5832,127898,1129654,25.000,16.888,172.4,25.000,17.796,159.6,25.000,17.252,168.4
28.5832,127899,1129659,25.000,16.888,172.4,25.000,17.978,159.6,25.000,17.252,168.4
28.5832,127900,1129664,25.000,17.070,172.4,25.000,17.978,159.6,25.000,17.252,168.4
28.5832,127901,1129669,25.000,17.252,172.4,25.000,18.160,159.6,25.000,17.433,168.4
28.5832,127902,1129674,25.000,17.070,172.4,25.000,18.341,159.6,25.000,17.615,168.4
28.5832,127903,1129679,25.000,17.252,172.4,25.000,18.341,159.6,25.000,17.615,168.4
28.5832,127904,1129684,25.000,17.433,172.4,25.000,18.160,159.6,25.000,17.796,168.4
28.5832,127905,1129689,25.000,17.433,172.4,25.000,18.160,159.6,25.000,17.796,168.4
28.6865,127906,1129694,25.000,17.615,172.4,25.000,18.523,159.6,25.000,17.978,168.4
28.6865,127907,1129699,25.000,17.433,172.4,25.000,18.523,159.6,25.000,17.978,168.4
28.6865,127908,1129704,25.000,17.433,172.4,25.000,18.341,159.6,25.000,17.978,168.4
28.6865,127909,1129709,25.000,17.615,172.4,25.000,18.160,159.6,25.000,17.978,168.4
28.6865,127910,1129714,25.000,17.615,172.4,25.000,18.341,159.6,25.000,18.341,168.4
28.6865,127911,1129719,25.000,17.615,172.4,25.000,18.160,159.6,25.000,18.341,168.4
28.6865,127912,1129724,25.000,17.978,172.4,25.000,17.796,159.6,25.000,18.341,168.4
28.6865,127913,1129729,25.000,17.796,184.0,25.000,17.978,172.9,25.000,18.523,176.1
28.6865,127914,1129734,25.000,17.796,184.0,25.000,18.160,172.9,25.000,18.523,176.1
28.6865,127915,1129739,25.000,17.796,184.0,25.000,18.341,172.9,25.000,18.523,176.1
28.6865,127916,1129744,25.000,17.978,184.0,25.000,18.160,172.9,25.000,18.704,176.1
28.6865,127917,1129749,25.000,18.160,184.0,25.000,18.341,172.9,25.000,18.886,176.1
28.6865,127918,1129754,25.000,17.978,184.0,25.000,18.523,172.9,25.000,18.886,176.1
28.6865,127919,1129759,25.000,17.978,184.0,25.000,18.704,172.9,25.000,18.886,176.1
28.6865,127920,1129764,25.000,18.160,184.0,25.000,18.704,172.9,25.000,18.886,176.1
28.6865,127921,1129769,25.000,18.160,184.0,25.000,18.886,172.9,25.000,19.067,176.1
28.7496,127922,1129774,25.000,18.160,184.0,25.000,19.431,172.9,25.000,19.067,176.1
28.7496,127923,1129779,25.000,18.341,184.0,25.000,19.431,172.9,25.000,19.067,176.1
28.7496,127924,1129784,25.000,18.160,184.0,25.000,19.794,172.9,25.000,19.249,176.1
28.7496,127925,1129789,25.000,18.341,184.0,25.000,19.794,172.9,25.000,19.431,176.1
28.7496,127926,1129794,25.000,18.160,184.0,25.000,19.975,172.9,25.000,19.249,176.1
28.7496,127927,1129799,25.000,18.341,184.0,25.000,19.975,172.9,25.000,19.249,176.1
28.7496,127928,1129804,25.000,18.704,184.0,25.000,19.975,172.9,25.000,19.431,176.1
28.7496,127929,1129809,25.000,18.886,184.0,25.000,20.157,172.9,25.000,19.612,176.1
28.7496,127930,1129814,25.000,18.704,184.0,25.000,20.157,172.9,25.000,19.612,176.1
28.7496,127931,1129819,25.000,18.886,184.0,25.000,20.339,172.9,25.000,19.612,176.1
28.7496,127932,1129824,25.000,19.067,184.0,25.000,20.339,172.9,25.000,19.794,176.1
28.7496,127933,1129829,25.000,19.249,191.4,25.000,20.339,174.0,25.000,19.612,184.2
28.7496,127934,1129834,25.000,19.431,191.4,25.000,20.157,174.0,25.000,19.612,184.2
28.7496,127935,1129839,25.000,19.431,191.4,25.000,20.157,174.0,25.000,19.612,184.2
28.7496,127936,1129844,25.000,19.612,191.4,25.000,20.339,174.0,25.000,19.794,184.2
28.7496,127937,1129849,25.000,19.612,191.4,25.000,20.339,174.0,25.000,19.794,184.2
28.8435,127938,1129854,25.000,19.612,191.4,25.000,20.339,174.0,25.000,19.794,184.2
28.8435,127939,1129859,25.000,19.612,191.4,25.000,20.339,174.0,25.000,19.794,184.2
28.8435,127940,1129864,25.000,19.794,191.4,25.000,20.520,174.0,25.000,19.794,184.2
28.8435,127941,1129869,25.000,19.612,191.4,25.000,20.339,174.0,25.000,19.794,184.2
28.8435,127942,1129874,25.000,19.612,191.4,25.000,20.339,174.0,25.000,19.794,184.2
28.8435,127943,1129879,25.000,19.431,191.4,25.000,20.339,174.0,25.000,19.975,184.2
28.8435,127944,1129884,25.000,19.612,191.4,25.000,20.339,174.0,25.000,19.975,184.2
28.8435,127945,1129889,25.000,19.612,191.4,25.000,20.520,174.0,25.000,19.975,184.2
28.8435,127946,1129894,25.000,19.612,191.4,25.000,20.339,174.0,25.000,19.975,184.2
28.8435,127947,1129899,25.000,19.612,191.4,25.000,20.520,174.0,25.000,19.975,184.2
28.8435,127948,1129904,25.000,19.612,191.4,25.000,20.520,174.0,25.000,19.975,184.2
28.8435,127949,1129909,25.000,19.612,191.4,25.000,20.520,174.0,25.000,19.975,184.2
28.8435,127950,1129914,25.000,19.612,191.4,25.000,20.520,174.0,25.000,19.975,184.2
28.8435,127951,1129919,25.000,19.794,191.4,25.000,20.520,174.0,25.000,19.975,184.2
28.8435,127952,1129924,25.000,19.794,191.4,25.000,20.520,174.0,25.000,19.975,184.2
28.8435,127953,1129929,25.000,19.794,201.3,25.000,20.702,182.7,25.000,19.975,194.4
28.9234,127954,1129934,25.000,19.612,201.3,25.000,20.883,182.7,25.000,20.157,194.4
28.9234,127955,1129939,25.000,19.612,201.3,25.000,20.702,182.7,25.000,20.157,194.4
28.9234,127956,1129944,25.000,19.431,201.3,25.000,20.702,182.7,25.000,20.157,194.4
28.9234,127957,1129949,25.000,19.249,201.3,25.000,20.702,182.7,25.000,20.157,194.4
28.9234,127958,1129954,25.000,19.249,201.3,25.000,20.702,182.7,25.000,20.157,194.4
28.9234,127959,1129959,25.000,19.249,201.3,25.000,20.883,182.7,25.000,20.339,194.4
28.9234,127960,1129964,25.000,19.249,201.3,25.000,20.883,182.7,25.000,20.339,194.4
28.9234,127961,1129969,25.000,19.249,201.3,25.000,21.065,182.7,25.000,20.339,194.4
28.9234,127962,1129974,25.000,19.431,201.3,25.000,21.247,182.7,25.000,20.520,194.4
28.9234,127963,1129979,25.000,19.612,201.3,25.000,21.065,182.7,25.000,20.702,194.4
28.9234,127964,1129984,25.000,19.794,201.3,25.000,21.065,182.7,25.000,20.702,194.4
28.9234,127965,1129989,25.000,19.794,201.3,25.000,21.247,182.7,25.000,20.702,194.4
28.9234,127966,1129994,25.000,19.975,201.3,25.000,21.610,182.7,25.000,20.883,194.4
28.9234,127967,1129999,25.000,20.339,201.3,25.000,21.610,182.7,25.000,21.065,194.4
28.9234,127968,1130004,25.000,20.339,201.3,25.000,21.428,182.7,25.000,21.065,194.4
28.9234,127969,1130009,25.000,20.339,201.3,25.000,21.428,182.7,25.000,21.065,194.4
29.0442,127970,1130014,25.000,20.520,201.3,25.000,21.428,182.7,25.000,21.247,194.4
29.0442,127971,1130019,25.000,20.702,201.3,25.000,21.428,182.7,25.000,21.428,194.4
29.0442,127972,1130024,25.000,20.520,201.3,25.000,21.065,182.7,25.000,21.428,194.4
29.0442,127973,1130029,25.000,20.339,209.9,25.000,21.247,189.1,25.000,21.247,197.8
29.0442,127974,1130034,25.000,20.339,209.9,25.000,21.247,189.1,25.000,21.247,197.8
29.0442,127975,1130039,25.000,20.339,209.9,25.000,21.247,189.1,25.000,21.428,197.8
29.0442,127976,1130044,25.000,20.339,209.9,25.000,21.065,189.1,25.000,21.428,197.8
29.0442,127977,1130049,25.000,19.975,209.9,25.000,20.883,189.1,25.000,21.247,197.8
29.0442,127978,1130054,25.000,19.975,209.9,25.000,21.247,189.1,25.000,21.428,197.8
29.0442,127979,1130059,25.000,19.794,209.9,25.000,21.247,189.1,25.000,21.428,197.8
29.0442,127980,1130064,25.000,19.431,209.9,25.000,21.065,189.1,25.000,21.428,197.8
29.0442,127981,1130069,25.000,19.431,209.9,25.000,21.065,189.1,25.000,21.428,197.8
29.0442,127982,1130074,25.000,19.067,209.9,25.000,21.428,189.1,25.000,21.428,197.8
29.0442,127983,1130079,25.000,19.431,209.9,25.000,21.247,189.1,25.000,21.610,197.8
29.0442,127984,1130084,25.000,19.431,209.9,25.000,21.247,189.1,25.000,21.610,197.8
29.0442,127985,1130089,25.000,19.612,209.9,25.000,21.247,189.1,25.000,21.610,197.8
29.1272,127986,1130094,25.000,19.794,209.9,25.000,21.610,189.1,25.000,21.610,197.8
29.1272,127987,1130099,25.000,20.157,209.9,25.000,21.791,189.1,25.000,21.791,197.8
29.1272,127988,1130104,25.000,20.157,209.9,25.000,21.791,189.1,25.000,21.791,197.8
29.1272,127989,1130109,25.000,20.339,209.9,25.000,21.791,189.1,25.000,21.791,197.8
29.1272,127990,1130114,25.000,20.520,209.9,25.000,21.973,189.1,25.000,21.973,197.8
29.1272,127991,1130119,25.000,20.157,209.9,25.000,21.973,189.1,25.000,21.791,197.8
29.1272,127992,1130124,25.000,20.702,209.9,25.000,21.791,189.1,25.000,21.791,197.8
29.1272,127993,1130129,25.000,20.520,219.5,25.000,22.155,192.0,25.000,21.973,201.9
29.1272,127994,1130134,25.000,20.702,219.5,25.000,22.155,192.0,25.000,21.973,201.9
29.1272,127995,1130139,25.000,20.520,219.5,25.000,22.155,192.0,25.000,21.973,201.9
29.1272,127996,1130144,25.000,20.520,219.5,25.000,21.791,192.0,25.000,21.973,201.9
29.1272,127997,1130149,25.000,20.520,219.5,25.000,21.791,192.0,25.000,21.973,201.9
29.1272,127998,1130154,25.000,20.702,219.5,25.000,21.791,192.0,25.000,21.973,201.9
29.1272,127999,1130159,25.000,20.883,219.5,25.000,21.973,192.0,25.000,21.973,201.9
29.1272,128000,1130164,25.000,21.065,219.5,25.000,21.973,192.0,25.000,21.791,201.9
29.1272,128001,1130169,25.000,21.065,219.5,25.000,22.155,192.0,25.000,21.973,201.9
29.1283,128002,1130178,25.000,22.881,219.5,25.000,24.334,192.0,25.000,23.789,201.9
29.1283,128003,1130183,25.000,22.881,219.5,25.000,23.971,192.0,25.000,23.426,201.9
29.1283,128004,1130188,25.000,22.699,219.5,25.000,23.971,192.0,25.000,23.607,201.9
29.1283,128005,1130193,25.000,22.881,219.5,25.000,23.971,192.0,25.000,23.607,201.9
29.1283,128006,1130198,25.000,23.063,219.5,25.000,23.971,192.0,25.000,23.789,201.9
29.1283,128007,1130203,25.000,23.063,219.5,25.000,24.334,192.0,25.000,23.789,201.9
29.1283,128008,1130208,25.000,23.063,219.5,25.000,24.334,192.0,25.000,23.789,201.9
29.1283,128009,1130213,25.000,23.063,219.5,25.000,24.152,192.0,25.000,23.789,201.9
29.2134,128010,1130218,25.000,23.063,219.5,25.000,24.334,192.0,25.000,23.789,201.9
29.2134,128011,1130223,25.000,23.607,219.5,25.000,23.971,192.0,25.000,23.789,201.9
29.2134,128012,1130228,25.000,21.610,219.5,25.000,21.973,192.0,25.000,21.973,201.9
29.2134,128013,1130233,25.000,21.791,221.7,25.000,22.155,198.6,25.000,22.155,207.8
29.2134,128014,1130238,25.000,21.973,221.7,25.000,22.336,198.6,25.000,21.973,207.8
29.2134,128015,1130243,25.000,21.973,221.7,25.000,22.155,198.6,25.000,21.973,207.8
29.2134,128016,1130248,25.000,21.973,221.7,25.000,22.336,198.6,25.000,21.791,207.8
29.2134,128017,1130253,25.000,21.791,221.7,25.000,21.973,198.6,25.000,21.791,207.8
29.2134,128018,1130258,25.000,21.610,221.7,25.000,21.973,198.6,25.000,21.791,207.8
29.2134,128019,1130263,25.000,21.428,221.7,25.000,21.973,198.6,25.000,21.791,207.8
29.2134,128020,1130268,25.000,21.428,221.7,25.000,21.973,198.6,25.000,21.973,207.8
29.2134,128021,1130273,25.000,21.247,221.7,25.000,22.155,198.6,25.000,21.973,207.8
29.2134,128022,1130278,25.000,21.428,221.7,25.000,22.336,198.6,25.000,21.973,207.8
29.2134,128023,1130283,25.000,21.247,221.7,25.000,22.336,198.6,25.000,22.155,207.8
29.2134,128024,1130288,25.000,21.247,221.7,25.000,22.336,198.6,25.000,22.155,207.8
29.2134,128025,1130293,25.000,21.428,221.7,25.000,22.518,198.6,25.000,22.155,207.8
29.2648,128026,1130298,25.000,21.247,221.7,25.000,22.518,198.6,25.000,22.336,207.8
29.2648,128027,1130303,25.000,21.428,221.7,25.000,22.518,198.6,25.000,22.336,207.8
29.2648,128028,1130308,25.000,21.610,221.7,25.000,22.518,198.6,25.000,22.518,207.8
29.2648,128029,1130313,25.000,21.973,221.7,25.000,22.699,198.6,25.000,22.518,207.8
29.2648,128030,1130318,25.000,22.155,221.7,25.000,22.699,198.6,25.000,22.518,207.8
29.2648,128031,1130323,25.000,21.791,221.7,25.000,22.699,198.6,25.000,22.518,207.8
29.2648,128032,1130328,25.000,21.610,221.7,25.000,22.699,198.6,25.000,22.699,207.8
29.2648,128033,1130333,25.000,21.610,230.4,25.000,22.881,200.5,25.000,22.518,212.0
29.2648,128034,1130338,25.000,21.791,230.4,25.000,22.699,200.5,25.000,22.699,212.0
29.2648,128035,1130343,25.000,21.428,230.4,25.000,22.699,200.5,25.000,22.881,212.0
29.2648,128036,1130348,25.000,21.428,230.4,25.000,22.699,200.5,25.000,22.699,212.0
29.2648,128037,1130353,25.000,21.428,230.4,25.000,22.881,200.5,25.000,22.881,212.0
29.2648,128038,1130358,25.000,21.247,230.4,25.000,22.881,200.5,25.000,22.881,212.0
29.2648,128039,1130363,25.000,21.247,230.4,25.000,22.881,200.5,25.000,23.063,212.0
29.2648,128040,1130368,25.000,20.883,230.4,25.000,22.881,200.5,25.000,22.881,212.0
29.2648,128041,1130373,25.000,21.428,230.4,25.000,22.881,200.5,25.000,23.244,212.0
29.3714,128042,1130378,25.000,21.610,230.4,25.000,22.699,200.5,25.000,23.063,212.0
29.3714,128043,1130383,25.000,21.973,230.4,25.000,22.699,200.5,25.000,23.244,212.0
29.3714,128044,1130388,25.000,21.791,230.4,25.000,22.881,200.5,25.000,23.244,212.0
29.3714,128045,1130393,25.000,21.973,230.4,25.000,23.063,200.5,25.000,23.244,212.0
29.3714,128046,1130398,25.000,22.155,230.4,25.000,23.063,200.5,25.000,23.426,212.0
29.3714,128047,1130403,25.000,22.155,230.4,25.000,22.881,200.5,25.000,23.244,212.0
29.3714,128048,1130408,25.000,22.336,230.4,25.000,22.881,200.5,25.000,23.426,212.0
29.3714,128049,1130413,25.000,22.336,230.4,25.000,22.881,200.5,25.000,23.426,212.0
29.3714,128050,1130418,25.000,22.699,230.4,25.000,22.881,200.5,25.000,23.426,212.0
29.3714,128051,1130423,25.000,22.881,230.4,25.000,23.063,200.5,25.000,23.426,212.0
29.3714,128052,1130428,25.000,22.699,230.4,25.000,23.244,200.5,25.000,23.426,212.0
29.3714,128053,1130433,25.000,22.699,231.1,25.000,23.063,204.3,25.000,23.426,212.0
29.3714,128054,1130438,25.000,22.881,231.1,25.000,23.063,204.3,25.000,23.426,212.0
29.3714,128055,1130443,25.000,22.336,231.1,25.000,23.063,204.3,25.000,23.426,212.0
29.3714,128056,1130448,25.000,22.336,231.1,25.000,23.063,204.3,25.000,23.426,212.0
29.3714,128057,1130453,25.000,22.518,231.1,25.000,23.063,204.3,25.000,23.426,212.0
29.4483,128058,1130458,25.000,22.336,231.1,25.000,23.244,204.3,25.000,23.244,212.0
29.4483,128059,1130463,25.000,22.155,231.1,25.000,23.244,204.3,25.000,23.244,212.0
29.4483,128060,1130468,25.000,21.791,231.1,25.000,23.244,204.3,25.000,23.426,212.0
29.4483,128061,1130473,25.000,21.428,231.1,25.000,23.244,204.3,25.000,23.063,212.0
29.4483,128062,1130478,25.000,21.791,231.1,25.000,23.244,204.3,25.000,23.244,212.0
29.4483,128063,1130483,25.000,21.791,231.1,25.000,23.244,204.3,25.000,23.244,212.0
29.4483,128064,1130488,25.000,21.610,231.1,25.000,23.244,204.3,25.000,23.244,212.0
29.4483,128065,1130493,25.000,22.155,231.1,25.000,23.063,204.3,25.000,23.063,212.0
29.4483,128066,1130498,25.000,21.791,231.1,25.000,23.426,204.3,25.000,23.063,212.0
29.4483,128067,1130503,25.000,21.610,231.1,25.000,23.426,204.3,25.000,23.244,212.0
29.4483,128068,1130508,25.000,21.610,231.1,25.000,23.244,204.3,25.000,23.244,212.0
29.4483,128069,1130513,25.000,21.428,231.1,25.000,23.426,204.3,25.000,23.244,212.0
29.4483,128070,1130518,25.000,21.791,231.1,25.000,23.426,204.3,25.000,23.244,212.0
29.4483,128071,1130523,25.000,21.610,231.1,25.000,23.426,204.3,25.000,23.244,212.0
29.4483,128072,1130528,25.000,21.428,231.1,25.000,23.426,204.3,25.000,23.244,212.0
29.4483,128073,1130533,25.000,21.428,244.7,25.000,23.426,206.5,25.000,23.244,216.9
29.5351,128074,1130538,25.000,21.247,244.7,25.000,23.607,206.5,25.000,23.244,216.9
29.5351,128075,1130543,25.000,21.428,244.7,25.000,23.789,206.5,25.000,23.426,216.9
29.5351,128076,1130548,25.000,21.610,244.7,25.000,23.063,206.5,25.000,23.244,216.9
29.5351,128077,1130553,25.000,21.791,244.7,25.000,23.244,206.5,25.000,23.244,216.9
29.5351,128078,1130558,25.000,21.791,244.7,25.000,23.426,206.5,25.000,23.244,216.9
29.5351,128079,1130563,25.000,21.791,244.7,25.000,23.244,206.5,25.000,23.244,216.9
29.5351,128080,1130568,25.000,21.610,244.7,25.000,23.063,206.5,25.000,23.426,216.9
29.5351,128081,1130573,25.000,21.610,244.7,25.000,23.063,206.5,25.000,23.426,216.9
29.5361,128082,1130578,25.000,21.973,244.7,25.000,23.063,206.5,25.000,23.426,216.9
29.5361,128083,1130583,25.000,22.155,244.7,25.000,23.244,206.5,25.000,23.607,216.9
29.5361,128084,1130588,25.000,22.155,244.7,25.000,23.063,206.5,25.000,23.607,216.9
29.5361,128085,1130593,25.000,21.973,244.7,25.000,23.244,206.5,25.000,23.607,216.9
29.5361,128086,1130598,25.000,22.155,244.7,25.000,23.426,206.5,25.000,23.789,216.9
29.5361,128087,1130603,25.000,21.610,244.7,25.000,23.426,206.5,25.000,23.789,216.9
29.5361,128088,1130608,25.000,21.791,244.7,25.000,23.789,206.5,25.000,23.789,216.9
29.5361,128089,1130613,25.000,22.155,244.7,25.000,23.971,206.5,25.000,23.789,216.9
29.5941,128090,1130618,25.000,22.518,244.7,25.000,24.152,206.5,25.000,23.789,216.9
29.5941,128091,1130623,25.000,22.699,244.7,25.000,24.152,206.5,25.000,23.971,216.9
29.5941,128092,1130628,25.000,22.336,244.7,25.000,23.971,206.5,25.000,23.971,216.9
29.5941,128093,1130633,25.000,21.973,249.3,25.000,23.971,206.6,25.000,23.789,217.4
29.5941,128094,1130638,25.000,22.336,249.3,25.000,24.152,206.6,25.000,23.789,217.4
29.5941,128095,1130643,25.000,22.518,249.3,25.000,23.789,206.6,25.000,23.971,217.4
29.5941,128096,1130648,25.000,22.336,249.3,25.000,23.789,206.6,25.000,23.971,217.4
29.5941,128097,1130653,25.000,22.518,249.3,25.000,23.789,206.6,25.000,23.971,217.4
29.5941,128098,1130658,25.000,22.881,249.3,25.000,23.426,206.6,25.000,23.971,217.4
29.5941,128099,1130663,25.000,23.063,249.3,25.000,23.244,206.6,25.000,24.152,217.4
29.5941,128100,1130668,25.000,22.881,249.3,25.000,23.426,206.6,25.000,23.971,217.4
29.5941,128101,1130673,25.000,22.881,249.3,25.000,23.244,206.6,25.000,23.971,217.4
29.5941,128102,1130678,25.000,23.244,249.3,25.000,23.426,206.6,25.000,23.971,217.4
29.5941,128103,1130683,25.000,23.244,249.3,25.000,23.426,206.6,25.000,23.971,217.4
29.5941,128104,1130688,25.000,23.607,249.3,25.000,22.881,206.6,25.000,23.971,217.4
29.5941,128105,1130693,25.000,23.426,249.3,25.000,23.063,206.6,25.000,23.971,217.4
29.6872,128106,1130698,25.000,23.789,249.3,25.000,22.881,206.6,25.000,23.971,217.4
29.6872,128107,1130703,25.000,24.334,249.3,25.000,22.518,206.6,25.000,24.152,217.4
29.6872,128108,1130708,25.000,23.971,249.3,25.000,22.518,206.6,25.000,24.152,217.4
29.6872,128109,1130713,25.000,23.789,249.3,25.000,22.336,206.6,25.000,23.971,217.4
29.6872,128110,1130718,25.000,23.789,249.3,25.000,21.973,206.6,25.000,23.971,217.4
29.6872,128111,1130723,25.000,23.789,249.3,25.000,21.791,206.6,25.000,23.971,217.4
29.6872,128112,1130728,25.000,23.426,249.3,25.000,21.791,206.6,25.000,23.971,217.4
29.6872,128113,1130733,25.000,23.607,245.8,25.000,21.791,223.1,25.000,23.971,219.1
29.6872,128114,1130738,25.000,23.063,245.8,25.000,21.791,223.1,25.000,23.971,219.1
29.6872,128115,1130743,25.000,23.244,245.8,25.000,21.791,223.1,25.000,23.789,219.1
29.6872,128116,1130748,25.000,23.063,245.8,25.000,22.155,223.1,25.000,23.789,219.1
29.6872,128117,1130753,25.000,22.881,245.8,25.000,22.155,223.1,25.000,23.607,219.1
29.6872,128118,1130758,25.000,23.244,245.8,25.000,22.336,223.1,25.000,23.607,219.1
29.6872,128119,1130763,25.000,23.244,245.8,25.000,22.518,223.1,25.000,23.607,219.1
29.6872,128120,1130768,25.000,23.244,245.8,25.000,22.699,223.1,25.000,23.607,219.1
29.6872,128121,1130773,25.000,23.426,245.8,25.000,23.426,223.1,25.000,23.607,219.1
29.7684,128122,1130778,25.000,23.426,245.8,25.000,23.426,223.1,25.000,23.789,219.1
29.7684,128123,1130783,25.000,23.426,245.8,25.000,23.607,223.1,25.000,23.789,219.1
29.7684,128124,1130788,25.000,23.607,245.8,25.000,23.789,223.1,25.000,23.789,219.1
29.7684,128125,1130793,25.000,23.789,245.8,25.000,23.607,223.1,25.000,23.789,219.1
29.7684,128126,1130798,25.000,23.789,245.8,25.000,23.789,223.1,25.000,23.789,219.1
29.7684,128127,1130803,25.000,23.971,245.8,25.000,24.515,223.1,25.000,23.789,219.1
29.7684,128128,1130808,25.000,23.971,245.8,25.000,24.515,223.1,25.000,23.789,219.1
29.7684,128129,1130813,25.000,24.152,245.8,25.000,24.697,223.1,25.000,23.971,219.1
29.7684,128130,1130818,25.000,24.152,245.8,25.000,24.697,223.1,25.000,23.971,219.1
29.7684,128131,1130823,25.000,24.152,245.8,25.000,24.334,223.1,25.000,23.971,219.1
29.7684,128132,1130828,25.000,24.152,245.8,25.000,24.152,223.1,25.000,23.789,219.1
29.7684,128133,1130833,25.000,23.971,246.9,25.000,24.152,215.0,25.000,23.971,221.5
29.7684,128134,1130838,25.000,24.152,246.9,25.000,24.152,215.0,25.000,23.971,221.5
29.7684,128135,1130843,25.000,24.152,246.9,25.000,24.334,215.0,25.000,23.971,221.5
29.7684,128136,1130848,25.000,24.152,246.9,25.000,24.334,215.0,25.000,24.152,221.5
29.7684,128137,1130853,25.000,23.607,246.9,25.000,23.971,215.0,25.000,24.152,221.5
29.8262,128138,1130858,25.000,23.607,246.9,25.000,24.152,215.0,25.000,24.152,221.5
29.8262,128139,1130863,25.000,23.426,246.9,25.000,24.152,215.0,25.000,24.152,221.5
29.8262,128140,1130868,25.000,23.063,246.9,25.000,24.515,215.0,25.000,24.152,221.5
29.8262,128141,1130873,25.000,23.063,246.9,25.000,24.515,215.0,25.000,24.334,221.5
29.8262,128142,1130878,25.000,22.881,246.9,25.000,24.879,215.0,25.000,24.334,221.5
29.8262,128143,1130883,25.000,23.063,246.9,25.000,24.879,215.0,25.000,24.152,221.5
29.8262,128144,1130888,25.000,22.699,246.9,25.000,24.879,215.0,25.000,24.334,221.5
29.8262,128145,1130893,25.000,22.699,246.9,25.000,25.060,215.0,25.000,24.334,221.5
29.8262,128146,1130898,25.000,22.699,246.9,25.000,25.060,215.0,25.000,24.334,221.5
29.8262,128147,1130903,25.000,22.881,246.9,25.000,25.060,215.0,25.000,24.334,221.5
29.8262,128148,1130908,25.000,22.518,246.9,25.000,24.879,215.0,25.000,24.515,221.5
29.8262,128149,1130913,25.000,22.518,246.9,25.000,24.697,215.0,25.000,24.334,221.5
29.8262,128150,1130918,25.000,23.063,246.9,25.000,24.697,215.0,25.000,24.334,221.5
29.8262,128151,1130923,25.000,23.063,246.9,25.000,24.879,215.0,25.000,24.334,221.5
29.8262,128152,1130928,25.000,23.426,246.9,25.000,24.515,215.0,25.000,24.515,221.5
29.8262,128153,1130933,25.000,23.607,251.6,25.000,24.515,214.9,25.000,24.515,220.3
29.9984,128154,1130938,25.000,23.789,251.6,25.000,25.060,214.9,25.000,24.334,220.3
29.9984,128155,1130943,25.000,23.607,251.6,25.000,25.060,214.9,25.000,24.515,220.3
29.9984,128156,1130948,25.000,23.244,251.6,25.000,24.879,214.9,25.000,24.334,220.3
29.9984,128157,1130953,25.000,23.244,251.6,25.000,25.060,214.9,25.000,24.515,220.3
29.9984,128158,1130958,25.000,23.244,251.6,25.000,24.697,214.9,25.000,24.515,220.3
29.9984,128159,1130963,25.000,23.426,251.6,25.000,24.879,214.9,25.000,24.515,220.3
29.9984,128160,1130968,25.000,23.244,251.6,25.000,24.515,214.9,25.000,24.515,220.3
29.9984,128161,1130973,25.000,23.426,251.6,25.000,24.152,214.9,25.000,24.334,220.3
29.9984,128162,1130978,25.000,23.607,251.6,25.000,24.515,214.9,25.000,24.334,220.3
29.9984,128163,1130983,25.000,23.607,251.6,25.000,24.334,214.9,25.000,24.334,220.3
29.9984,128164,1130988,25.000,23.607,251.6,25.000,23.971,214.9,25.000,24.334,220.3
29.9984,128165,1130993,25.000,23.789,251.6,25.000,23.971,214.9,25.000,24.152,220.3
29.9984,128166,1130998,25.000,23.971,251.6,25.000,23.971,214.9,25.000,24.334,220.3
29.9984,128167,1131003,25.000,23.789,251.6,25.000,23.971,214.9,25.000,24.152,220.3
29.9984,128168,1131008,25.000,23.607,251.6,25.000,24.152,214.9,25.000,23.971,220.3
29.9984,128169,1131013,25.000,23.607,251.6,25.000,24.152,214.9,25.000,23.971,220.3
30.0123,128170,1131018,25.000,23.426,251.6,25.000,23.971,214.9,25.000,23.971,220.3
30.0123,128171,1131023,25.000,23.063,251.6,25.000,24.334,214.9,25.000,23.971,220.3
30.0123,128172,1131028,25.000,22.336,251.6,25.000,24.152,214.9,25.000,23.971,220.3
30.0123,128173,1131033,25.000,22.155,255.0,25.000,24.334,217.2,25.000,23.971,225.0
30.0123,128174,1131038,25.000,22.155,255.0,25.000,24.515,217.2,25.000,23.971,225.0
30.0123,128175,1131043,25.000,22.155,255.0,25.000,24.334,217.2,25.000,23.971,225.0
30.0123,128176,1131048,25.000,22.336,255.0,25.000,24.515,217.2,25.000,23.971,225.0
30.0123,128177,1131053,25.000,22.518,255.0,25.000,24.515,217.2,25.000,23.971,225.0
30.0123,128178,1131058,25.000,23.063,255.0,25.000,24.152,217.2,25.000,23.971,225.0
30.0123,128179,1131063,25.000,22.881,255.0,25.000,24.152,217.2,25.000,24.152,225.0
30.0123,128180,1131068,25.000,22.881,255.0,25.000,24.334,217.2,25.000,24.152,225.0
30.0123,128181,1131073,25.000,23.063,255.0,25.000,23.789,217.2,25.000,24.334,225.0
30.0123,128182,1131078,25.000,23.789,255.0,25.000,23.971,217.2,25.000,24.152,225.0
30.0123,128183,1131083,25.000,23.607,255.0,25.000,23.971,217.2,25.000,24.152,225.0
30.0123,128184,1131088,25.000,23.244,255.0,25.000,23.607,217.2,25.000,24.334,225.0
30.0123,128185,1131093,25.000,23.244,255.0,25.000,23.789,217.2,25.000,24.334,225.0
30.0199,128186,1131098,25.000,22.881,255.0,25.000,23.607,217.2,25.000,24.334,225.0
30.0199,128187,1131103,25.000,22.881,255.0,25.000,22.881,217.2,25.000,24.334,225.0
30.0199,128188,1131108,25.000,22.881,255.0,25.000,23.244,217.2,25.000,24.515,225.0
30.0199,128189,1131113,25.000,23.063,255.0,25.000,23.063,217.2,25.000,24.334,225.0
30.0199,128190,1131118,25.000,22.881,255.0,25.000,23.063,217.2,25.000,24.515,225.0
30.0199,128191,1131123,25.000,22.881,255.0,25.000,23.063,217.2,25.000,24.334,225.0
30.0199,128192,1131128,25.000,22.699,255.0,25.000,22.881,217.2,25.000,24.515,225.0
30.0199,128193,1131133,25.000,23.063,255.0,25.000,22.881,228.1,25.000,24.697,222.6
30.0749,128194,1131138,25.000,23.607,255.0,25.000,23.063,228.1,25.000,24.515,222.6
30.0749,128195,1131143,25.000,23.607,255.0,25.000,22.699,228.1,25.000,24.697,222.6
30.0749,128196,1131148,25.000,24.152,255.0,25.000,22.699,228.1,25.000,24.697,222.6
30.0749,128197,1131153,25.000,24.334,255.0,25.000,23.244,228.1,25.000,24.697,222.6
30.0749,128198,1131158,25.000,24.152,255.0,25.000,23.244,228.1,25.000,24.697,222.6
30.0749,128199,1131163,25.000,23.789,255.0,25.000,23.244,228.1,25.000,24.697,222.6
30.0749,128200,1131168,25.000,24.152,255.0,25.000,23.244,228.1,25.000,24.697,222.6
30.0749,128201,1131173,25.000,24.515,255.0,25.000,23.426,228.1,25.000,24.879,222.6
30.1672,128202,1131178,25.000,24.515,255.0,25.000,23.426,228.1,25.000,24.697,222.6
30.1672,128203,1131183,25.000,24.334,255.0,25.000,23.426,228.1,25.000,24.697,222.6
30.1682,128204,1131188,25.000,24.334,255.0,25.000,23.426,228.1,25.000,24.697,222.6
30.1682,128205,1131193,25.000,24.334,255.0,25.000,23.789,228.1,25.000,24.697,222.6
30.1682,128206,1131198,25.000,24.515,255.0,25.000,23.971,228.1,25.000,24.697,222.6
30.1682,128207,1131203,25.000,24.697,255.0,25.000,23.971,228.1,25.000,24.697,222.6
30.1682,128208,1131208,25.000,24.879,255.0,25.000,24.152,228.1,25.000,24.697,222.6
30.1682,128209,1131213,25.000,25.242,255.0,25.000,24.334,228.1,25.000,24.697,222.6
30.1682,128210,1131218,25.000,25.605,255.0,25.000,24.515,228.1,25.000,24.697,222.6
30.1682,128211,1131223,25.000,25.423,255.0,25.000,24.697,228.1,25.000,24.515,222.6
30.1682,128212,1131228,25.000,25.423,255.0,25.000,24.697,228.1,25.000,24.697,222.6
30.1682,128213,1131233,25.000,25.605,250.9,25.000,24.515,222.3,25.000,24.515,224.6
30.1682,128214,1131238,25.000,25.605,250.9,25.000,25.060,222.3,25.000,24.515,224.6
30.1682,128215,1131243,25.000,25.423,250.9,25.000,25.060,222.3,25.000,24.515,224.6
30.1682,128216,1131248,25.000,25.242,250.9,25.000,25.060,222.3,25.000,24.334,224.6
30.1682,128217,1131253,25.000,25.242,250.9,25.000,25.242,222.3,25.000,24.515,224.6
30.2463,128218,1131258,25.000,25.242,250.9,25.000,25.242,222.3,25.000,24.334,224.6
30.2463,128219,1131263,25.000,25.060,250.9,25.000,25.423,222.3,25.000,24.334,224.6
30.2463,128220,1131268,25.000,24.697,250.9,25.000,25.242,222.3,25.000,24.334,224.6
30.2463,128221,1131273,25.000,24.697,250.9,25.000,25.605,222.3,25.000,24.334,224.6
30.2463,128222,1131278,25.000,24.879,250.9,25.000,25.787,222.3,25.000,24.152,224.6
30.2463,128223,1131283,25.000,25.060,250.9,25.000,25.423,222.3,25.000,24.334,224.6
30.2463,128224,1131288,25.000,24.879,250.9,25.000,24.879,222.3,25.000,24.152,224.6
30.2463,128225,1131293,25.000,24.697,250.9,25.000,24.879,222.3,25.000,23.971,224.6
30.2463,128226,1131298,25.000,24.697,250.9,25.000,24.697,222.3,25.000,24.152,224.6
30.2463,128227,1131303,25.000,24.697,250.9,25.000,24.879,222.3,25.000,23.971,224.6
30.2463,128228,1131308,25.000,24.515,250.9,25.000,24.879,222.3,25.000,24.152,224.6
30.2463,128229,1131313,25.000,24.515,250.9,25.000,24.515,222.3,25.000,24.152,224.6
30.2463,128230,1131318,25.000,24.152,250.9,25.000,24.697,222.3,25.000,24.152,224.6
30.2463,128231,1131323,25.000,24.152,250.9,25.000,24.334,222.3,25.000,24.152,224.6
30.2463,128232,1131328,25.000,24.152,250.9,25.000,24.152,222.3,25.000,24.334,224.6
30.2463,128233,1131333,25.000,23.789,255.0,25.000,24.879,221.3,25.000,24.152,228.0
30.3283,128234,1131338,25.000,23.971,255.0,25.000,25.060,221.3,25.000,24.515,228.0
30.3283,128235,1131343,25.000,24.152,255.0,25.000,25.060,221.3,25.000,24.697,228.0
30.3283,128236,1131348,25.000,23.789,255.0,25.000,25.242,221.3,25.000,24.515,228.0
30.3283,128237,1131353,25.000,23.789,255.0,25.000,25.060,221.3,25.000,24.697,228.0
30.3283,128238,1131358,25.000,23.789,255.0,25.000,25.060,221.3,25.000,24.515,228.0
30.3283,128239,1131363,25.000,23.244,255.0,25.000,25.060,221.3,25.000,24.697,228.0
30.3283,128240,1131368,25.000,23.607,255.0,25.000,24.879,221.3,25.000,24.515,228.0
30.3283,128241,1131373,25.000,23.607,255.0,25.000,25.060,221.3,25.000,24.697,228.0
30.3283,128242,1131378,25.000,23.789,255.0,25.000,25.242,221.3,25.000,24.697,228.0
30.3283,128243,1131383,25.000,23.607,255.0,25.000,25.060,221.3,25.000,24.697,228.0
30.3283,128244,1131388,25.000,23.607,255.0,25.000,24.879,221.3,25.000,24.697,228.0
30.3283,128245,1131393,25.000,23.607,255.0,25.000,24.515,221.3,25.000,24.697,228.0
30.3283,128246,1131398,25.000,23.789,255.0,25.000,24.515,221.3,25.000,24.879,228.0
30.3283,128247,1131403,25.000,23.426,255.0,25.000,24.334,221.3,25.000,24.697,228.0
30.3283,128248,1131408,25.000,23.426,255.0,25.000,24.515,221.3,25.000,24.879,228.0
30.3283,128249,1131413,25.000,23.971,255.0,25.000,24.515,221.3,25.000,24.879,228.0
30.4262,128250,1131418,25.000,23.971,255.0,25.000,24.879,221.3,25.000,25.060,228.0
30.4262,128251,1131423,25.000,24.152,255.0,25.000,24.697,221.3,25.000,25.060,228.0
30.4262,128252,1131428,25.000,23.789,255.0,25.000,24.515,221.3,25.000,24.879,228.0
30.4262,128253,1131433,25.000,24.152,255.0,25.000,23.971,227.4,25.000,25.060,224.1
30.4262,128254,1131438,25.000,24.334,255.0,25.000,24.152,227.4,25.000,25.060,224.1
30.4262,128255,1131443,25.000,24.515,255.0,25.000,24.515,227.4,25.000,25.060,224.1
30.4262,128256,1131448,25.000,24.697,255.0,25.000,24.515,227.4,25.000,25.060,224.1
30.4262,128257,1131453,25.000,24.879,255.0,25.000,24.152,227.4,25.000,25.060,224.1
30.4262,128258,1131458,25.000,24.697,255.0,25.000,23.789,227.4,25.000,25.060,224.1
30.4262,128259,1131463,25.000,24.697,255.0,25.000,23.789,227.4,25.000,25.060,224.1
30.4262,128260,1131468,25.000,24.697,255.0,25.000,23.607,227.4,25.000,25.060,224.1
30.4262,128261,1131473,25.000,24.515,255.0,25.000,23.789,227.4,25.000,24.879,224.1
30.4262,128262,1131478,25.000,24.334,255.0,25.000,24.152,227.4,25.000,25.060,224.1
30.4262,128263,1131483,25.000,24.152,255.0,25.000,24.879,227.4,25.000,24.879,224.1
30.4262,128264,1131488,25.000,23.607,255.0,25.000,24.334,227.4,25.000,24.879,224.1
30.4262,128265,1131493,25.000,23.244,255.0,25.000,23.971,227.4,25.000,24.879,224.1
30.4262,128266,1131498,25.000,23.063,255.0,25.000,23.789,227.4,25.000,24.697,224.1
30.4262,128267,1131503,25.000,22.881,255.0,25.000,24.152,227.4,25.000,24.697,224.1
30.4262,128268,1131508,25.000,23.063,255.0,25.000,23.789,227.4,25.000,24.697,224.1
30.4262,128269,1131513,25.000,23.244,255.0,25.000,23.789,227.4,25.000,24.697,224.1
30.4262,128270,1131518,25.000,23.244,255.0,25.000,23.789,227.4,25.000,24.515,224.1
30.4262,128271,1131523,25.000,23.063,255.0,25.000,23.789,227.4,25.000,24.515,224.1
30.4262,128272,1131528,25.000,23.063,255.0,25.000,23.607,227.4,25.000,24.515,224.1
30.4262,128273,1131533,25.000,23.063,255.0,25.000,23.426,233.2,25.000,24.515,227.6
30.4771,128274,1131538,25.000,23.063,255.0,25.000,23.607,233.2,25.000,24.334,227.6
30.4771,128275,1131543,25.000,23.244,255.0,25.000,23.971,233.2,25.000,24.334,227.6
30.4771,128276,1131548,25.000,23.426,255.0,25.000,24.334,233.2,25.000,24.334,227.6
30.4771,128277,1131553,25.000,23.426,255.0,25.000,24.515,233.2,25.000,24.515,227.6
30.4771,128278,1131558,25.000,23.789,255.0,25.000,25.060,233.2,25.000,24.334,227.6
30.4771,128279,1131563,25.000,23.607,255.0,25.000,25.060,233.2,25.000,24.152,227.6
30.4771,128280,1131568,25.000,23.971,255.0,25.000,25.242,233.2,25.000,24.334,227.6
30.4771,128281,1131573,25.000,23.789,255.0,25.000,25.242,233.2,25.000,24.515,227.6
30.5695,128282,1131578,25.000,24.152,255.0,25.000,25.242,233.2,25.000,24.334,227.6
30.5695,128283,1131583,25.000,24.334,255.0,25.000,25.242,233.2,25.000,24.515,227.6
30.5695,128284,1131588,25.000,24.515,255.0,25.000,25.787,233.2,25.000,24.515,227.6
30.5695,128285,1131593,25.000,24.334,255.0,25.000,25.787,233.2,25.000,24.515,227.6
30.5695,128286,1131598,25.000,23.971,255.0,25.000,25.605,233.2,25.000,24.515,227.6
30.5695,128287,1131603,25.000,24.515,255.0,25.000,25.605,233.2,25.000,24.515,227.6
30.5695,128288,1131608,25.000,24.334,255.0,25.000,25.605,233.2,25.000,24.697,227.6
30.5695,128289,1131613,25.000,24.334,255.0,25.000,25.968,233.2,25.000,24.697,227.6
30.5695,128290,1131618,25.000,24.152,255.0,25.000,25.787,233.2,25.000,24.697,227.6
30.5695,128291,1131623,25.000,24.697,255.0,25.000,25.605,233.2,25.000,24.697,227.6
30.5695,128292,1131628,25.000,24.515,255.0,25.000,25.787,233.2,25.000,24.697,227.6
30.5695,128293,1131633,25.000,24.515,255.0,25.000,25.968,220.4,25.000,24.697,227.5
30.5695,128294,1131638,25.000,24.697,255.0,25.000,25.605,220.4,25.000,24.879,227.5
30.5695,128295,1131643,25.000,24.879,255.0,25.000,25.605,220.4,25.000,24.697,227.5
30.5695,128296,1131648,25.000,25.242,255.0,25.000,25.787,220.4,25.000,24.879,227.5
30.5695,128297,1131653,25.000,25.242,255.0,25.000,25.787,220.4,25.000,24.879,227.5
30.6868,128298,1131658,25.000,25.060,255.0,25.000,25.968,220.4,25.000,24.879,227.5
30.6868,128299,1131663,25.000,24.879,255.0,25.000,25.787,220.4,25.000,24.879,227.5
30.6868,128300,1131668,25.000,24.879,255.0,25.000,25.787,220.4,25.000,24.879,227.5
30.6878,128301,1131673,25.000,24.697,255.0,25.000,25.968,220.4,25.000,24.879,227.5
30.6878,128302,1131678,25.000,24.879,255.0,25.000,25.605,220.4,25.000,24.879,227.5
30.6878,128303,1131683,25.000,24.697,255.0,25.000,25.605,220.4,25.000,24.879,227.5
30.6878,128304,1131688,25.000,24.515,255.0,25.000,25.787,220.4,25.000,24.879,227.5
30.6878,128305,1131693,25.000,24.879,255.0,25.000,25.605,220.4,25.000,25.060,227.5
30.6878,128306,1131698,25.000,24.879,255.0,25.000,25.423,220.4,25.000,24.879,227.5
30.6878,128307,1131703,25.000,24.515,255.0,25.000,25.423,220.4,25.000,24.879,227.5
30.6878,128308,1131708,25.000,24.697,255.0,25.000,25.242,220.4,25.000,24.879,227.5
30.6878,128309,1131713,25.000,25.060,255.0,25.000,25.423,220.4,25.000,25.060,227.5
30.6878,128310,1131718,25.000,24.879,255.0,25.000,25.605,220.4,25.000,25.060,227.5
30.6878,128311,1131723,25.000,24.152,255.0,25.000,25.242,220.4,25.000,24.879,227.5
30.6878,128312,1131728,25.000,23.971,255.0,25.000,25.605,220.4,25.000,25.060,227.5
30.6878,128313,1131733,25.000,23.789,255.0,25.000,25.242,223.2,25.000,25.060,225.8
30.7270,128314,1131738,25.000,23.971,255.0,25.000,24.879,223.2,25.000,24.879,225.8
30.7270,128315,1131743,25.000,23.789,255.0,25.000,24.879,223.2,25.000,24.879,225.8
30.7270,128316,1131748,25.000,23.607,255.0,25.000,24.515,223.2,25.000,25.060,225.8
30.7270,128317,1131753,25.000,23.244,255.0,25.000,24.334,223.2,25.000,24.879,225.8
30.7270,128318,1131758,25.000,23.244,255.0,25.000,24.152,223.2,25.000,24.697,225.8
30.7270,128319,1131763,25.000,23.063,255.0,25.000,23.789,223.2,25.000,24.697,225.8
30.7270,128320,1131768,25.000,23.426,255.0,25.000,23.789,223.2,25.000,24.515,225.8
30.7270,128321,1131773,25.000,23.789,255.0,25.000,24.152,223.2,25.000,24.697,225.8
30.7270,128322,1131778,25.000,23.789,255.0,25.000,23.971,223.2,25.000,24.515,225.8
30.7270,128323,1131783,25.000,23.789,255.0,25.000,24.152,223.2,25.000,24.515,225.8
30.7270,128324,1131788,25.000,23.607,255.0,25.000,24.515,223.2,25.000,24.515,225.8
30.7270,128325,1131793,25.000,23.426,255.0,25.000,24.879,223.2,25.000,24.515,225.8
30.7270,128326,1131798,25.000,23.426,255.0,25.000,25.060,223.2,25.000,24.334,225.8
30.7270,128327,1131803,25.000,23.789,255.0,25.000,25.242,223.2,25.000,24.515,225.8
30.7270,128328,1131808,25.000,23.607,255.0,25.000,25.423,223.2,25.000,24.515,225.8
30.7270,128329,1131813,25.000,23.426,255.0,25.000,25.605,223.2,25.000,24.334,225.8
30.7359,128330,1131818,25.000,23.244,255.0,25.000,25.605,223.2,25.000,24.515,225.8
30.7359,128331,1131823,25.000,23.063,255.0,25.000,25.605,223.2,25.000,24.334,225.8
30.7359,128332,1131828,25.000,23.244,255.0,25.000,25.787,223.2,25.000,24.515,225.8
30.7359,128333,1131833,25.000,23.607,255.0,25.000,25.787,219.0,25.000,24.334,230.4
30.7359,128334,1131838,25.000,23.607,255.0,25.000,25.605,219.0,25.000,24.334,230.4
30.7359,128335,1131843,25.000,23.607,255.0,25.000,25.423,219.0,25.000,24.334,230.4
30.7359,128336,1131848,25.000,23.607,255.0,25.000,25.787,219.0,25.000,24.515,230.4
30.7359,128337,1131853,25.000,23.426,255.0,25.000,25.605,219.0,25.000,24.334,230.4
30.8517,128338,1131858,25.000,23.244,255.0,25.000,25.242,219.0,25.000,24.515,230.4
30.8517,128339,1131863,25.000,23.426,255.0,25.000,25.242,219.0,25.000,24.697,230.4
30.8517,128340,1131868,25.000,23.244,255.0,25.000,25.060,219.0,25.000,24.515,230.4
30.8517,128341,1131873,25.000,23.789,255.0,25.000,25.060,219.0,25.000,24.697,230.4
30.8517,128342,1131878,25.000,23.244,255.0,25.000,24.879,219.0,25.000,24.697,230.4
30.8517,128343,1131883,25.000,22.881,255.0,25.000,24.879,219.0,25.000,24.697,230.4
30.8517,128344,1131888,25.000,22.881,255.0,25.000,24.879,219.0,25.000,24.879,230.4
30.8517,128345,1131893,25.000,22.518,255.0,25.000,24.697,219.0,25.000,24.879,230.4
30.8517,128346,1131898,25.000,22.699,255.0,25.000,24.334,219.0,25.000,24.879,230.4
30.8517,128347,1131903,25.000,23.063,255.0,25.000,24.515,219.0,25.000,24.879,230.4
30.8517,128348,1131908,25.000,23.426,255.0,25.000,24.515,219.0,25.000,24.879,230.4
30.8517,128349,1131913,25.000,23.789,255.0,25.000,24.515,219.0,25.000,24.879,230.4
30.8517,128350,1131918,25.000,23.971,255.0,25.000,24.515,219.0,25.000,25.060,230.4
30.8517,128351,1131923,25.000,23.971,255.0,25.000,24.334,219.0,25.000,24.879,230.4
30.8517,128352,1131928,25.000,24.515,255.0,25.000,23.971,219.0,25.000,24.879,230.4
30.8517,128353,1131933,25.000,24.879,255.0,25.000,23.789,230.1,25.000,25.060,227.2
30.9722,128354,1131938,25.000,25.423,255.0,25.000,23.971,230.1,25.000,25.060,227.2
30.9722,128355,1131943,25.000,25.787,255.0,25.000,24.152,230.1,25.000,25.060,227.2
30.9722,128356,1131948,25.000,25.242,255.0,25.000,24.152,230.1,25.000,25.060,227.2
30.9722,128357,1131953,25.000,25.423,255.0,25.000,24.152,230.1,25.000,25.242,227.2
30.9722,128358,1131958,25.000,24.879,255.0,25.000,24.152,230.1,25.000,25.060,227.2
30.9722,128359,1131963,25.000,24.697,255.0,25.000,24.334,230.1,25.000,25.060,227.2
30.9722,128360,1131968,25.000,24.515,255.0,25.000,24.334,230.1,25.000,25.060,227.2
30.9722,128361,1131973,25.000,24.334,255.0,25.000,24.515,230.1,25.000,25.242,227.2
30.9722,128362,1131978,25.000,24.152,255.0,25.000,24.697,230.1,25.000,25.242,227.2
30.9722,128363,1131983,25.000,23.607,255.0,25.000,24.879,230.1,25.000,25.060,227.2
30.9722,128364,1131988,25.000,22.881,255.0,25.000,24.879,230.1,25.000,25.060,227.2
30.9722,128365,1131993,25.000,22.881,255.0,25.000,24.697,230.1,25.000,24.879,227.2
30.9722,128366,1131998,25.000,23.063,255.0,25.000,24.879,230.1,25.000,24.879,227.2
30.9722,128367,1132003,25.000,22.699,255.0,25.000,25.060,230.1,25.000,24.879,227.2
30.9722,128368,1132008,25.000,23.063,255.0,25.000,25.060,230.1,25.000,24.879,227.2
30.9722,128369,1132013,25.000,22.699,255.0,25.000,24.879,230.1,25.000,24.697,227.2
31.0067,128370,1132018,25.000,22.881,255.0,25.000,25.060,230.1,25.000,24.697,227.2
31.0067,128371,1132023,25.000,22.699,255.0,25.000,24.697,230.1,25.000,24.697,227.2
31.0067,128372,1132028,25.000,22.881,255.0,25.000,24.879,230.1,25.000,24.515,227.2
31.0067,128373,1132033,25.000,23.063,255.0,25.000,24.697,226.8,25.000,24.697,229.5
31.0067,128374,1132038,25.000,23.426,255.0,25.000,24.515,226.8,25.000,24.515,229.5
31.0067,128375,1132043,25.000,23.244,255.0,25.000,24.697,226.8,25.000,24.697,229.5
31.0067,128376,1132048,25.000,23.063,255.0,25.000,24.515,226.8,25.000,24.515,229.5
31.0067,128377,1132053,25.000,23.244,255.0,25.000,24.515,226.8,25.000,24.515,229.5
31.0067,128378,1132058,25.000,22.699,255.0,25.000,24.697,226.8,25.000,24.697,229.5
31.0067,128379,1132063,25.000,22.881,255.0,25.000,24.697,226.8,25.000,24.697,229.5
31.0067,128380,1132068,25.000,22.881,255.0,25.000,24.515,226.8,25.000,24.697,229.5
31.0067,128381,1132073,25.000,22.881,255.0,25.000,24.879,226.8,25.000,24.515,229.5
31.0067,128382,1132078,25.000,22.699,255.0,25.000,24.697,226.8,25.000,24.515,229.5
31.0067,128383,1132083,25.000,22.881,255.0,25.000,24.879,226.8,25.000,24.515,229.5
31.0067,128384,1132088,25.000,22.699,255.0,25.000,25.060,226.8,25.000,24.697,229.5
31.0067,128385,1132093,25.000,23.063,255.0,25.000,25.060,226.8,25.000,24.515,229.5
31.0153,128386,1132098,25.000,23.607,255.0,25.000,25.060,226.8,25.000,24.697,229.5
31.0153,128387,1132103,25.000,23.426,255.0,25.000,24.879,226.8,25.000,24.697,229.5
31.0153,128388,1132108,25.000,24.152,255.0,25.000,25.060,226.8,25.000,24.697,229.5
31.0153,128389,1132113,25.000,24.334,255.0,25.000,25.060,226.8,25.000,24.879,229.5
31.0153,128390,1132118,25.000,24.152,255.0,25.000,25.242,226.8,25.000,24.697,229.5
31.0153,128391,1132123,25.000,24.697,255.0,25.000,25.060,226.8,25.000,24.879,229.5
31.0153,128392,1132128,25.000,24.879,255.0,25.000,25.242,226.8,25.000,25.060,229.5
31.0153,128393,1132133,25.000,24.697,255.0,25.000,25.060,225.3,25.000,24.879,229.0
31.0692,128394,1132138,25.000,24.697,255.0,25.000,24.879,225.3,25.000,24.879,229.0
31.0692,128395,1132143,25.000,24.697,255.0,25.000,24.879,225.3,25.000,25.060,229.0
31.0692,128396,1132148,25.000,24.697,255.0,25.000,24.879,225.3,25.000,25.060,229.0
31.0692,128397,1132153,25.000,24.879,255.0,25.000,24.879,225.3,25.000,24.879,229.0
31.0692,128398,1132158,25.000,24.697,255.0,25.000,24.879,225.3,25.000,24.879,229.0
31.0692,128399,1132163,25.000,24.515,255.0,25.000,25.060,225.3,25.000,24.879,229.0
31.0692,128400,1132168,25.000,24.879,255.0,25.000,24.697,225.3,25.000,25.060,229.0
31.0692,128401,1132173,25.000,24.515,255.0,25.000,24.879,225.3,25.000,24.879,229.0
31.1772,128402,1132178,25.000,24.334,255.0,25.000,24.879,225.3,25.000,24.879,229.0
31.1772,128403,1132183,25.000,24.697,255.0,25.000,25.242,225.3,25.000,25.060,229.0
31.1772,128404,1132188,25.000,24.697,255.0,25.000,25.423,225.3,25.000,25.060,229.0
31.1772,128405,1132193,25.000,24.515,255.0,25.000,25.242,225.3,25.000,25.060,229.0
31.1772,128406,1132198,25.000,24.697,255.0,25.000,25.423,225.3,25.000,25.060,229.0
31.1772,128407,1132203,25.000,24.515,255.0,25.000,25.423,225.3,25.000,25.060,229.0
31.1772,128408,1132208,25.000,24.697,255.0,25.000,25.242,225.3,25.000,25.060,229.0
31.1772,128409,1132213,25.000,24.515,255.0,25.000,25.060,225.3,25.000,25.060,229.0
31.1772,128410,1132218,25.000,24.152,255.0,25.000,25.242,225.3,25.000,25.060,229.0
31.1772,128411,1132223,25.000,24.334,255.0,25.000,25.242,225.3,25.000,25.242,229.0
31.1772,128412,1132228,25.000,24.334,255.0,25.000,25.242,225.3,25.000,25.060,229.0
31.1772,128413,1132233,25.000,24.152,255.0,25.000,25.242,224.0,25.000,25.060,228.1
31.1772,128414,1132238,25.000,24.152,255.0,25.000,25.242,224.0,25.000,24.879,228.1
31.1772,128415,1132243,25.000,24.334,255.0,25.000,25.423,224.0,25.000,24.879,228.1
31.1772,128416,1132248,25.000,24.152,255.0,25.000,25.423,224.0,25.000,24.879,228.1
31.1772,128417,1132253,25.000,23.789,255.0,25.000,25.242,224.0,25.000,24.879,228.1
31.2305,128418,1132258,25.000,23.789,255.0,25.000,25.605,224.0,25.000,24.879,228.1
31.2305,128419,1132263,25.000,23.971,255.0,25.000,25.423,224.0,25.000,24.697,228.1
31.2305,128420,1132268,25.000,23.789,255.0,25.000,25.605,224.0,25.000,24.697,228.1
31.2305,128421,1132273,25.000,23.789,255.0,25.000,25.423,224.0,25.000,24.515,228.1
31.2305,128422,1132278,25.000,23.607,255.0,25.000,25.242,224.0,25.000,24.697,228.1
31.2305,128423,1132283,25.000,23.607,255.0,25.000,25.060,224.0,25.000,24.515,228.1
31.2305,128424,1132288,25.000,23.607,255.0,25.000,24.879,224.0,25.000,24.697,228.1
31.2305,128425,1132293,25.000,23.426,255.0,25.000,24.334,224.0,25.000,24.697,228.1
31.2305,128426,1132298,25.000,23.607,255.0,25.000,24.152,224.0,25.000,24.515,228.1
31.2305,128427,1132303,25.000,23.789,255.0,25.000,24.334,224.0,25.000,24.515,228.1
31.2305,128428,1132308,25.000,23.789,255.0,25.000,23.971,224.0,25.000,24.515,228.1
31.2305,128429,1132313,25.000,23.789,255.0,25.000,23.971,224.0,25.000,24.697,228.1
31.2305,128430,1132318,25.000,23.789,255.0,25.000,23.789,224.0,25.000,24.515,228.1
31.2305,128431,1132323,25.000,23.063,255.0,25.000,24.152,224.0,25.000,24.697,228.1
31.2305,128432,1132328,25.000,23.426,255.0,25.000,24.515,224.0,25.000,24.515,228.1
31.2305,128433,1132333,25.000,23.607,255.0,25.000,24.515,228.2,25.000,24.697,230.3
31.3272,128434,1132338,25.000,23.607,255.0,25.000,24.697,228.2,25.000,24.697,230.3
31.3272,128435,1132343,25.000,23.607,255.0,25.000,25.242,228.2,25.000,24.515,230.3
31.3272,128436,1132348,25.000,23.607,255.0,25.000,25.423,228.2,25.000,24.697,230.3
31.3272,128437,1132353,25.000,23.971,255.0,25.000,25.423,228.2,25.000,24.697,230.3
31.3272,128438,1132358,25.000,23.789,255.0,25.000,25.605,228.2,25.000,24.697,230.3
31.3272,128439,1132363,25.000,23.789,255.0,25.000,25.787,228.2,25.000,24.697,230.3
31.3272,128440,1132368,25.000,24.152,255.0,25.000,25.968,228.2,25.000,24.879,230.3
31.3272,128441,1132373,25.000,24.879,255.0,25.000,25.787,228.2,25.000,24.697,230.3
31.3272,128442,1132378,25.000,24.879,255.0,25.000,25.605,228.2,25.000,24.879,230.3
31.3280,128443,1132383,25.000,24.879,255.0,25.000,25.423,228.2,25.000,24.879,230.3
31.3280,128444,1132388,25.000,24.697,255.0,25.000,25.423,228.2,25.000,24.697,230.3
31.3280,128445,1132393,25.000,25.060,255.0,25.000,25.605,228.2,25.000,24.879,230.3
31.3280,128446,1132398,25.000,24.879,255.0,25.000,25.605,228.2,25.000,24.879,230.3
31.3280,128447,1132403,25.000,24.697,255.0,25.000,25.787,228.2,25.000,25.060,230.3
31.3280,128448,1132408,25.000,24.515,255.0,25.000,25.787,228.2,25.000,25.060,230.3
31.3280,128449,1132413,25.000,24.879,255.0,25.000,25.605,228.2,25.000,25.060,230.3
31.4064,128450,1132418,25.000,24.515,255.0,25.000,25.242,228.2,25.000,24.879,230.3
31.4064,128451,1132423,25.000,24.334,255.0,25.000,25.060,228.2,25.000,25.060,230.3
31.4064,128452,1132428,25.000,24.515,255.0,25.000,25.242,228.2,25.000,25.060,230.3
31.4064,128453,1132433,25.000,24.334,255.0,25.000,25.423,223.4,25.000,25.060,228.6
31.4064,128454,1132438,25.000,24.697,255.0,25.000,25.242,223.4,25.000,25.060,228.6
31.4064,128455,1132443,25.000,24.334,255.0,25.000,25.242,223.4,25.000,25.242,228.6
31.4064,128456,1132448,25.000,24.152,255.0,25.000,25.242,223.4,25.000,25.060,228.6
31.4064,128457,1132453,25.000,24.334,255.0,25.000,25.060,223.4,25.000,25.060,228.6
31.4064,128458,1132458,25.000,24.515,255.0,25.000,24.879,223.4,25.000,25.060,228.6
31.4064,128459,1132463,25.000,24.152,255.0,25.000,25.242,223.4,25.000,25.060,228.6
31.4064,128460,1132468,25.000,24.515,255.0,25.000,25.423,223.4,25.000,25.242,228.6
31.4064,128461,1132473,25.000,24.697,255.0,25.000,25.423,223.4,25.000,25.242,228.6
31.4064,128462,1132478,25.000,23.789,255.0,25.000,25.242,223.4,25.000,25.060,228.6
31.4064,128463,1132483,25.000,23.789,255.0,25.000,25.423,223.4,25.000,25.060,228.6
31.4064,128464,1132488,25.000,23.244,255.0,25.000,25.605,223.4,25.000,25.242,228.6
31.4064,128465,1132493,25.000,23.426,255.0,25.000,25.423,223.4,25.000,24.879,228.6
31.4874,128466,1132498,25.000,23.063,255.0,25.000,25.423,223.4,25.000,25.060,228.6
31.4874,128467,1132503,25.000,22.881,255.0,25.000,25.423,223.4,25.000,25.060,228.6
31.4874,128468,1132508,25.000,22.881,255.0,25.000,25.423,223.4,25.000,24.879,228.6
31.4874,128469,1132513,25.000,22.881,255.0,25.000,25.423,223.4,25.000,24.879,228.6
31.4874,128470,1132518,25.000,22.518,255.0,25.000,25.423,223.4,25.000,24.879,228.6
31.4874,128471,1132523,25.000,22.518,255.0,25.000,25.605,223.4,25.000,24.697,228.6
31.4874,128472,1132528,25.000,23.063,255.0,25.000,25.605,223.4,25.000,24.879,228.6
31.4874,128473,1132533,25.000,22.699,255.0,25.000,25.423,222.5,25.000,24.879,229.7
31.4874,128474,1132538,25.000,23.244,255.0,25.000,25.423,222.5,25.000,24.697,229.7
31.4874,128475,1132543,25.000,23.244,255.0,25.000,25.423,222.5,25.000,24.879,229.7
31.4874,128476,1132548,25.000,23.607,255.0,25.000,25.423,222.5,25.000,24.697,229.7
31.4874,128477,1132553,25.000,23.971,255.0,25.000,25.605,222.5,25.000,24.697,229.7
31.4874,128478,1132558,25.000,23.789,255.0,25.000,25.605,222.5,25.000,24.697,229.7
31.4874,128479,1132563,25.000,23.971,255.0,25.000,25.605,222.5,25.000,24.697,229.7
31.4874,128480,1132568,25.000,24.152,255.0,25.000,25.423,222.5,25.000,24.515,229.7
31.4874,128481,1132573,25.000,23.971,255.0,25.000,25.242,222.5,25.000,24.697,229.7
31.5421,128482,1132578,25.000,24.334,255.0,25.000,25.242,222.5,25.000,24.697,229.7
31.5421,128483,1132583,25.000,24.515,255.0,25.000,25.060,222.5,25.000,24.515,229.7
31.5421,128484,1132588,25.000,24.515,255.0,25.000,25.060,222.5,25.000,24.697,229.7
31.5421,128485,1132593,25.000,24.152,255.0,25.000,25.060,222.5,25.000,24.697,229.7
31.5421,128486,1132598,25.000,23.971,255.0,25.000,24.697,222.5,25.000,24.697,229.7
31.5421,128487,1132603,25.000,23.789,255.0,25.000,24.334,222.5,25.000,24.697,229.7
31.5421,128488,1132608,25.000,23.971,255.0,25.000,24.697,222.5,25.000,24.879,229.7
31.5421,128489,1132613,25.000,23.607,255.0,25.000,24.334,222.5,25.000,24.697,229.7
31.5421,128490,1132618,25.000,23.426,255.0,25.000,24.515,222.5,25.000,24.879,229.7
31.5421,128491,1132623,25.000,23.607,255.0,25.000,24.515,222.5,25.000,24.879,229.7
31.5421,128492,1132628,25.000,23.426,255.0,25.000,24.515,222.5,25.000,24.697,229.7
31.5421,128493,1132633,25.000,23.607,255.0,25.000,24.515,227.3,25.000,24.879,230.0
31.5421,128494,1132638,25.000,23.426,255.0,25.000,24.515,227.3,25.000,24.879,230.0
31.5421,128495,1132643,25.000,23.789,255.0,25.000,24.515,227.3,25.000,24.879,230.0
31.5421,128496,1132648,25.000,23.971,255.0,25.000,24.879,227.3,25.000,24.879,230.0
31.5421,128497,1132653,25.000,23.971,255.0,25.000,24.879,227.3,25.000,24.879,230.0
31.6515,128498,1132658,25.000,24.152,255.0,25.000,24.515,227.3,25.000,24.879,230.0
31.6515,128499,1132663,25.000,24.152,255.0,25.000,24.515,227.3,25.000,25.060,230.0
31.6515,128500,1132668,25.000,24.515,255.0,25.000,24.334,227.3,25.000,24.879,230.0
31.6515,128501,1132673,25.000,24.334,255.0,25.000,24.334,227.3,25.000,24.879,230.0
31.6515,128502,1132678,25.000,24.515,255.0,25.000,24.515,227.3,25.000,25.060,230.0
31.6515,128503,1132683,25.000,24.697,255.0,25.000,24.515,227.3,25.000,25.060,230.0
31.6515,128504,1132688,25.000,24.697,255.0,25.000,24.515,227.3,25.000,25.060,230.0
31.6515,128505,1132693,25.000,24.515,255.0,25.000,24.515,227.3,25.000,25.060,230.0
31.6525,128506,1132698,25.000,24.515,255.0,25.000,24.697,227.3,25.000,25.060,230.0
31.6525,128507,1132703,25.000,24.152,255.0,25.000,24.697,227.3,25.000,25.060,230.0
31.6525,128508,1132708,25.000,24.152,255.0,25.000,24.879,227.3,25.000,25.060,230.0
31.6525,128509,1132713,25.000,24.334,255.0,25.000,24.879,227.3,25.000,25.060,230.0
31.6525,128510,1132718,25.000,24.152,255.0,25.000,25.060,227.3,25.000,25.242,230.0
31.6525,128511,1132723,25.000,24.152,255.0,25.000,25.060,227.3,25.000,25.060,230.0
31.6525,128512,1132728,25.000,23.971,255.0,25.000,24.879,227.3,25.000,25.060,230.0
31.6525,128513,1132733,25.000,23.971,255.0,25.000,25.060,224.9,25.000,25.060,229.1
31.7273,128514,1132738,25.000,24.152,255.0,25.000,25.242,224.9,25.000,25.060,229.1
31.7273,128515,1132743,25.000,23.971,255.0,25.000,25.242,224.9,25.000,25.060,229.1
31.7273,128516,1132748,25.000,23.789,255.0,25.000,25.060,224.9,25.000,25.060,229.1
31.7273,128517,1132753,25.000,23.789,255.0,25.000,25.242,224.9,25.000,25.060,229.1
31.7273,128518,1132758,25.000,23.789,255.0,25.000,25.242,224.9,25.000,24.879,229.1
31.7273,128519,1132763,25.000,23.971,255.0,25.000,25.423,224.9,25.000,24.879,229.1
31.7273,128520,1132768,25.000,23.789,255.0,25.000,25.605,224.9,25.000,24.879,229.1
31.7273,128521,1132773,25.000,23.426,255.0,25.000,25.787,224.9,25.000,24.879,229.1
31.7273,128522,1132778,25.000,23.426,255.0,25.000,25.787,224.9,25.000,24.879,229.1
31.7273,128523,1132783,25.000,23.426,255.0,25.000,25.787,224.9,25.000,24.697,229.1
31.7273,128524,1132788,25.000,22.881,255.0,25.000,25.605,224.9,25.000,24.697,229.1
31.7273,128525,1132793,25.000,23.063,255.0,25.000,25.605,224.9,25.000,24.515,229.1
31.7273,128526,1132798,25.000,23.063,255.0,25.000,25.787,224.9,25.000,24.697,229.1
31.7273,128527,1132803,25.000,23.063,255.0,25.000,25.605,224.9,25.000,24.697,229.1
31.7273,128528,1132808,25.000,22.518,255.0,25.000,25.605,224.9,25.000,24.697,229.1
31.7273,128529,1132813,25.000,22.155,255.0,25.000,25.605,224.9,25.000,24.697,229.1
31.8076,128530,1132818,25.000,22.336,255.0,25.000,25.060,224.9,25.000,24.515,229.1
31.8076,128531,1132823,25.000,22.699,255.0,25.000,25.060,224.9,25.000,24.697,229.1
31.8076,128532,1132828,25.000,22.336,255.0,25.000,25.060,224.9,25.000,24.515,229.1
31.8076,128533,1132833,25.000,21.791,255.0,25.000,24.697,227.1,25.000,24.697,231.3
31.8076,128534,1132838,25.000,22.336,255.0,25.000,24.697,227.1,25.000,24.515,231.3
31.8076,128535,1132843,25.000,22.518,255.0,25.000,24.515,227.1,25.000,24.697,231.3
31.8076,128536,1132848,25.000,22.518,255.0,25.000,24.515,227.1,25.000,24.697,231.3
31.8076,128537,1132853,25.000,22.699,255.0,25.000,24.697,227.1,25.000,24.515,231.3
31.8076,128538,1132858,25.000,23.426,255.0,25.000,24.879,227.1,25.000,24.697,231.3
31.8076,128539,1132863,25.000,23.607,255.0,25.000,24.879,227.1,25.000,24.697,231.3
31.8076,128540,1132868,25.000,23.789,255.0,25.000,25.242,227.1,25.000,24.697,231.3
31.8076,128541,1132873,25.000,23.971,255.0,25.000,25.060,227.1,25.000,24.697,231.3
31.8076,128542,1132878,25.000,23.789,255.0,25.000,24.879,227.1,25.000,24.879,231.3
31.8076,128543,1132883,25.000,24.515,255.0,25.000,25.242,227.1,25.000,24.879,231.3
31.8076,128544,1132888,25.000,24.697,255.0,25.000,25.060,227.1,25.000,24.879,231.3
31.8076,128545,1132893,25.000,24.697,255.0,25.000,25.423,227.1,25.000,24.879,231.3
31.8640,128546,1132898,25.000,24.515,255.0,25.000,25.060,227.1,25.000,24.879,231.3
31.8640,128547,1132903,25.000,24.879,255.0,25.000,25.060,227.1,25.000,25.060,231.3
31.8640,128548,1132908,25.000,24.515,255.0,25.000,24.879,227.1,25.000,25.060,231.3
31.8640,128549,1132913,25.000,24.515,255.0,25.000,24.515,227.1,25.000,24.879,231.3
31.8640,128550,1132918,25.000,24.515,255.0,25.000,24.334,227.1,25.000,25.060,231.3
31.8640,128551,1132923,25.000,24.515,255.0,25.000,24.515,227.1,25.000,25.060,231.3
31.8640,128552,1132928,25.000,24.697,255.0,25.000,24.879,227.1,25.000,25.060,231.3
31.8640,128553,1132933,25.000,24.152,255.0,25.000,24.879,226.6,25.000,25.060,229.6
31.8640,128554,1132938,25.000,23.607,255.0,25.000,25.060,226.6,25.000,25.242,229.6
31.8640,128555,1132943,25.000,23.426,255.0,25.000,25.060,226.6,25.000,25.242,229.6
31.8640,128556,1132948,25.000,23.971,255.0,25.000,25.423,226.6,25.000,25.242,229.6
31.8640,128557,1132953,25.000,23.607,255.0,25.000,25.423,226.6,25.000,25.242,229.6
31.8640,128558,1132958,25.000,23.607,255.0,25.000,25.242,226.6,25.000,25.060,229.6
31.8640,128559,1132963,25.000,23.244,255.0,25.000,25.787,226.6,25.000,25.242,229.6
31.8640,128560,1132968,25.000,23.426,255.0,25.000,25.968,226.6,25.000,25.242,229.6
31.8640,128561,1132973,25.000,23.426,255.0,25.000,25.968,226.6,25.000,25.242,229.6
31.9676,128562,1132978,25.000,23.426,255.0,25.000,25.787,226.6,25.000,25.060,229.6
31.9676,128563,1132983,25.000,23.789,255.0,25.000,25.787,226.6,25.000,25.060,229.6
31.9676,128564,1132988,25.000,24.152,255.0,25.000,25.605,226.6,25.000,25.060,229.6
31.9676,128565,1132993,25.000,23.971,255.0,25.000,25.605,226.6,25.000,25.060,229.6
31.9676,128566,1132998,25.000,23.971,255.0,25.000,25.423,226.6,25.000,25.060,229.6
31.9676,128567,1133003,25.000,24.152,255.0,25.000,25.423,226.6,25.000,25.060,229.6
31.9676,128568,1133008,25.000,24.152,255.0,25.000,25.605,226.6,25.000,25.060,229.6
31.9676,128569,1133013,25.000,24.515,255.0,25.000,25.423,226.6,25.000,24.879,229.6
31.9676,128570,1133018,25.000,23.971,255.0,25.000,25.242,226.6,25.000,24.879,229.6
31.9676,128571,1133023,25.000,23.607,255.0,25.000,25.423,226.6,25.000,24.879,229.6
31.9676,128572,1133028,25.000,23.789,255.0,25.000,25.242,226.6,25.000,24.879,229.6
31.9676,128573,1133033,25.000,23.063,255.0,25.000,25.242,224.6,25.000,24.879,230.7
31.9676,128574,1133038,25.000,23.063,255.0,25.000,25.423,224.6,25.000,24.697,230.7
31.9676,128575,1133043,25.000,23.244,255.0,25.000,25.423,224.6,25.000,24.697,230.7
31.9676,128576,1133048,25.000,23.244,255.0,25.000,25.242,224.6,25.000,24.697,230.7
31.9676,128577,1133053,25.000,23.244,255.0,25.000,25.605,224.6,25.000,24.515,230.7
32.0210,128578,1133058,25.000,22.881,255.0,25.000,25.423,224.6,25.000,24.697,230.7
32.0210,128579,1133063,25.000,22.881,255.0,25.000,25.423,224.6,25.000,24.879,230.7
32.0210,128580,1133068,25.000,23.063,255.0,25.000,25.605,224.6,25.000,24.697,230.7
32.0210,128581,1133073,25.000,23.063,255.0,25.000,25.423,224.6,25.000,24.697,230.7
32.0210,128582,1133078,25.000,22.881,255.0,25.000,25.787,224.6,25.000,24.697,230.7
32.0210,128583,1133083,25.000,23.244,255.0,25.000,25.787,224.6,25.000,24.697,230.7
32.0210,128584,1133088,25.000,23.244,255.0,25.000,25.787,224.6,25.000,24.697,230.7
32.0210,128585,1133093,25.000,23.426,255.0,25.000,25.605,224.6,25.000,24.697,230.7
32.0210,128586,1133098,25.000,23.426,255.0,25.000,25.787,224.6,25.000,24.697,230.7
32.0210,128587,1133103,25.000,23.063,255.0,25.000,25.423,224.6,25.000,24.697,230.7
32.0210,128588,1133108,25.000,23.607,255.0,25.000,25.787,224.6,25.000,24.697,230.7
32.0210,128589,1133113,25.000,23.789,255.0,25.000,25.787,224.6,25.000,24.697,230.7
32.0210,128590,1133118,25.000,23.789,255.0,25.000,25.787,224.6,25.000,24.879,230.7
32.0210,128591,1133123,25.000,23.971,255.0,25.000,25.787,224.6,25.000,24.879,230.7
32.0210,128592,1133128,25.000,24.334,255.0,25.000,25.787,224.6,25.000,25.060,230.7
32.0210,128593,1133133,25.000,24.697,255.0,25.000,25.787,220.6,25.000,24.879,230.9
32.0821,128594,1133138,25.000,24.697,255.0,25.000,25.787,220.6,25.000,25.060,230.9
32.0821,128595,1133143,25.000,24.697,255.0,25.000,25.787,220.6,25.000,25.060,230.9
32.0821,128596,1133148,25.000,24.879,255.0,25.000,25.787,220.6,25.000,25.060,230.9
32.0821,128597,1133153,25.000,25.060,255.0,25.000,25.787,220.6,25.000,25.060,230.9
32.0821,128598,1133158,25.000,24.879,255.0,25.000,25.605,220.6,25.000,25.060,230.9
32.0821,128599,1133163,25.000,24.879,255.0,25.000,25.242,220.6,25.000,25.060,230.9
32.0821,128600,1133168,25.000,25.060,255.0,25.000,25.423,220.6,25.000,25.060,230.9
32.0821,128601,1133173,25.000,25.242,255.0,25.000,25.242,220.6,25.000,25.060,230.9
32.1664,128602,1133178,25.000,25.242,255.0,25.000,24.879,220.6,25.000,25.060,230.9
32.1664,128603,1133183,25.000,25.060,255.0,25.000,24.697,220.6,25.000,25.242,230.9
32.1664,128604,1133188,25.000,24.515,255.0,25.000,24.879,220.6,25.000,25.060,230.9
32.1664,128605,1133193,25.000,24.334,255.0,25.000,24.879,220.6,25.000,25.060,230.9
32.1664,128606,1133198,25.000,23.789,255.0,25.000,24.697,220.6,25.000,25.060,230.9
32.1664,128607,1133203,25.000,23.426,255.0,25.000,24.334,220.6,25.000,25.242,230.9
32.1664,128608,1133208,25.000,23.244,255.0,25.000,24.152,220.6,25.000,25.242,230.9
32.1664,128609,1133213,25.000,23.244,255.0,25.000,24.334,220.6,25.000,25.242,230.9
32.1664,128610,1133218,25.000,22.881,255.0,25.000,24.152,220.6,25.000,25.060,230.9
32.1664,128611,1133223,25.000,22.699,255.0,25.000,24.334,220.6,25.000,25.060,230.9
32.1664,128612,1133228,25.000,22.518,255.0,25.000,24.515,220.6,25.000,25.060,230.9
32.1664,128613,1133233,25.000,22.518,255.0,25.000,24.697,225.8,25.000,25.060,230.1
32.1664,128614,1133238,25.000,23.063,255.0,25.000,24.515,225.8,25.000,25.242,230.1
32.1664,128615,1133243,25.000,23.244,255.0,25.000,24.334,225.8,25.000,25.242,230.1
32.1664,128616,1133248,25.000,23.426,255.0,25.000,24.515,225.8,25.000,25.060,230.1
32.1664,128617,1133253,25.000,23.789,255.0,25.000,24.515,225.8,25.000,25.060,230.1
32.2501,128618,1133258,25.000,23.971,255.0,25.000,24.515,225.8,25.000,25.060,230.1
32.2501,128619,1133263,25.000,23.607,255.0,25.000,24.515,225.8,25.000,24.879,230.1
32.2501,128620,1133268,25.000,23.789,255.0,25.000,24.515,225.8,25.000,25.060,230.1
32.2501,128621,1133273,25.000,23.607,255.0,25.000,24.334,225.8,25.000,24.879,230.1
32.2501,128622,1133278,25.000,23.607,255.0,25.000,24.334,225.8,25.000,24.879,230.1
32.2501,128623,1133283,25.000,23.607,255.0,25.000,24.152,225.8,25.000,24.879,230.1
32.2501,128624,1133288,25.000,23.244,255.0,25.000,23.971,225.8,25.000,24.697,230.1
32.2501,128625,1133293,25.000,23.244,255.0,25.000,24.152,225.8,25.000,24.697,230.1
32.2501,128626,1133298,25.000,23.244,255.0,25.000,24.152,225.8,25.000,24.879,230.1
32.2501,128627,1133303,25.000,23.244,255.0,25.000,24.515,225.8,25.000,24.697,230.1
32.2501,128628,1133308,25.000,22.699,255.0,25.000,24.515,225.8,25.000,24.697,230.1
32.2501,128629,1133313,25.000,23.063,255.0,25.000,24.697,225.8,25.000,24.697,230.1
32.2501,128630,1133318,25.000,23.244,255.0,25.000,24.515,225.8,25.000,24.697,230.1
32.2501,128631,1133323,25.000,23.244,255.0,25.000,24.697,225.8,25.000,24.879,230.1
32.2501,128632,1133328,25.000,23.063,255.0,25.000,24.697,225.8,25.000,24.697,230.1
32.2501,128633,1133333,25.000,23.244,255.0,25.000,25.060,224.0,25.000,24.697,232.3
32.3287,128634,1133338,25.000,23.607,255.0,25.000,25.060,224.0,25.000,24.879,232.3
32.3287,128635,1133343,25.000,23.244,255.0,25.000,25.060,224.0,25.000,24.697,232.3
32.3287,128636,1133348,25.000,23.244,255.0,25.000,24.879,224.0,25.000,24.697,232.3
32.3287,128637,1133353,25.000,23.426,255.0,25.000,24.879,224.0,25.000,24.879,232.3
32.3287,128638,1133358,25.000,23.971,255.0,25.000,25.060,224.0,25.000,24.697,232.3
32.3287,128639,1133363,25.000,23.971,255.0,25.000,25.060,224.0,25.000,24.879,232.3
32.3287,128640,1133368,25.000,23.971,255.0,25.000,25.242,224.0,25.000,24.879,232.3
32.3287,128641,1133373,25.000,24.152,255.0,25.000,25.242,224.0,25.000,24.879,232.3
32.3287,128642,1133378,25.000,23.971,255.0,25.000,25.242,224.0,25.000,24.879,232.3
32.3287,128643,1133383,25.000,24.152,255.0,25.000,25.060,224.0,25.000,24.879,232.3
32.3287,128644,1133388,25.000,23.971,255.0,25.000,25.060,224.0,25.000,24.879,232.3
32.3287,128645,1133393,25.000,23.971,255.0,25.000,25.060,224.0,25.000,25.060,232.3
32.3287,128646,1133398,25.000,24.152,255.0,25.000,25.242,224.0,25.000,25.060,232.3
32.3287,128647,1133403,25.000,23.971,255.0,25.000,25.423,224.0,25.000,24.879,232.3
32.3287,128648,1133408,25.000,24.152,255.0,25.000,25.605,224.0,25.000,25.242,232.3
32.3287,128649,1133413,25.000,24.152,255.0,25.000,25.423,224.0,25.000,25.060,232.3
32.4478,128650,1133418,25.000,24.152,255.0,25.000,25.605,224.0,25.000,25.060,232.3
32.4478,128651,1133423,25.000,23.971,255.0,25.000,25.605,224.0,25.000,25.060,232.3
32.4478,128652,1133428,25.000,24.152,255.0,25.000,25.423,224.0,25.000,25.242,232.3
32.4478,128653,1133433,25.000,23.607,255.0,25.000,25.423,221.6,25.000,25.242,229.4
32.4478,128654,1133438,25.000,23.607,255.0,25.000,25.605,221.6,25.000,25.242,229.4
32.4478,128655,1133443,25.000,23.971,255.0,25.000,25.423,221.6,25.000,25.060,229.4
32.4478,128656,1133448,25.000,23.971,255.0,25.000,25.605,221.6,25.000,25.060,229.4
32.4478,128657,1133453,25.000,23.244,255.0,25.000,25.242,221.6,25.000,25.242,229.4
32.4478,128658,1133458,25.000,22.699,255.0,25.000,24.879,221.6,25.000,25.060,229.4
32.4478,128659,1133463,25.000,22.518,255.0,25.000,25.060,221.6,25.000,25.242,229.4
32.4478,128660,1133468,25.000,22.518,255.0,25.000,24.879,221.6,25.000,25.242,229.4
32.4478,128661,1133473,25.000,22.699,255.0,25.000,25.060,221.6,25.000,25.060,229.4
32.4478,128662,1133478,25.000,22.881,255.0,25.000,25.242,221.6,25.000,25.060,229.4
32.4478,128663,1133483,25.000,23.244,255.0,25.000,25.242,221.6,25.000,25.060,229.4
32.4478,128664,1133488,25.000,23.244,255.0,25.000,25.060,221.6,25.000,25.060,229.4
32.4488,128665,1133493,25.000,22.881,255.0,25.000,25.242,221.6,25.000,25.060,229.4
32.4488,128666,1133498,25.000,22.881,255.0,25.000,25.060,221.6,25.000,25.060,229.4
32.4488,128667,1133503,25.000,23.607,255.0,25.000,25.242,221.6,25.000,25.060,229.4
32.4488,128668,1133508,25.000,24.152,255.0,25.000,25.060,221.6,25.000,25.060,229.4
32.4488,128669,1133513,25.000,23.971,255.0,25.000,25.060,221.6,25.000,25.060,229.4
32.4488,128670,1133518,25.000,23.789,255.0,25.000,24.879,221.6,25.000,24.879,229.4
32.4488,128671,1133523,25.000,23.789,255.0,25.000,24.879,221.6,25.000,25.060,229.4
32.4488,128672,1133528,25.000,23.607,255.0,25.000,24.697,221.6,25.000,24.879,229.4
32.4488,128673,1133533,25.000,23.607,255.0,25.000,24.515,226.5,25.000,24.879,231.3
32.4994,128674,1133538,25.000,23.426,255.0,25.000,24.697,226.5,25.000,24.697,231.3
32.4994,128675,1133543,25.000,23.789,255.0,25.000,24.697,226.5,25.000,24.879,231.3
32.4994,128676,1133548,25.000,23.789,255.0,25.000,24.697,226.5,25.000,24.697,231.3
32.4994,128677,1133553,25.000,24.152,255.0,25.000,24.515,226.5,25.000,24.697,231.3
32.4994,128678,1133558,25.000,24.152,255.0,25.000,24.879,226.5,25.000,24.697,231.3
32.4994,128679,1133563,25.000,24.515,255.0,25.000,24.697,226.5,25.000,24.515,231.3
32.4994,128680,1133568,25.000,24.879,255.0,25.000,24.697,226.5,25.000,24.697,231.3
32.4994,128681,1133573,25.000,24.879,255.0,25.000,24.515,226.5,25.000,24.515,231.3
32.4994,128682,1133578,25.000,25.423,255.0,25.000,24.697,226.5,25.000,24.697,231.3
32.4994,128683,1133583,25.000,25.242,255.0,25.000,24.697,226.5,25.000,24.697,231.3
32.4994,128684,1133588,25.000,25.242,255.0,25.000,24.515,226.5,25.000,24.697,231.3
32.4994,128685,1133593,25.000,25.423,255.0,25.000,24.515,226.5,25.000,24.697,231.3
32.4994,128686,1133598,25.000,25.423,255.0,25.000,24.515,226.5,25.000,24.879,231.3
32.4994,128687,1133603,25.000,25.242,255.0,25.000,24.697,226.5,25.000,24.879,231.3
32.4994,128688,1133608,25.000,25.242,255.0,25.000,24.697,226.5,25.000,24.697,231.3
32.4994,128689,1133613,25.000,25.060,255.0,25.000,24.879,226.5,25.000,24.879,231.3
32.6104,128690,1133618,25.000,25.242,255.0,25.000,25.060,226.5,25.000,24.879,231.3
32.6104,128691,1133623,25.000,25.060,255.0,25.000,25.060,226.5,25.000,25.060,231.3
32.6104,128692,1133628,25.000,24.515,255.0,25.000,25.242,226.5,25.000,25.060,231.3
32.6104,128693,1133633,25.000,24.697,255.0,25.000,25.242,222.9,25.000,24.879,231.5
32.6104,128694,1133638,25.000,25.060,255.0,25.000,25.605,222.9,25.000,25.060,231.5
32.6104,128695,1133643,25.000,25.060,255.0,25.000,25.605,222.9,25.000,25.060,231.5
32.6104,128696,1133648,25.000,25.060,255.0,25.000,25.605,222.9,25.000,24.879,231.5
32.6104,128697,1133653,25.000,25.060,255.0,25.000,25.605,222.9,25.000,25.060,231.5
32.6104,128698,1133658,25.000,25.060,255.0,25.000,25.787,222.9,25.000,25.242,231.5
32.6104,128699,1133663,25.000,25.242,255.0,25.000,25.605,222.9,25.000,25.060,231.5
32.6104,128700,1133668,25.000,25.060,255.0,25.000,25.787,222.9,25.000,25.060,231.5
32.6104,128701,1133673,25.000,24.879,255.0,25.000,25.787,222.9,25.000,25.060,231.5
32.6104,128702,1133678,25.000,25.242,255.0,25.000,25.423,222.9,25.000,25.060,231.5
32.6104,128703,1133683,25.000,24.697,255.0,25.000,25.242,222.9,25.000,25.242,231.5
32.6104,128704,1133688,25.000,24.697,255.0,25.000,25.060,222.9,25.000,25.242,231.5
32.6104,128705,1133693,25.000,24.152,255.0,25.000,24.879,222.9,25.000,25.242,231.5
32.6879,128706,1133698,25.000,23.607,255.0,25.000,24.697,222.9,25.000,25.423,231.5
32.6879,128707,1133703,25.000,23.426,255.0,25.000,24.515,222.9,25.000,25.060,231.5
32.6879,128708,1133708,25.000,23.063,255.0,25.000,24.515,222.9,25.000,25.060,231.5
32.6879,128709,1133713,25.000,23.063,255.0,25.000,24.334,222.9,25.000,25.242,231.5
32.6879,128710,1133718,25.000,22.518,255.0,25.000,24.152,222.9,25.000,25.242,231.5
32.6879,128711,1133723,25.000,23.063,255.0,25.000,23.971,222.9,25.000,25.242,231.5
32.6879,128712,1133728,25.000,22.518,255.0,25.000,23.971,222.9,25.000,25.242,231.5
32.6879,128713,1133733,25.000,23.063,255.0,25.000,24.515,227.1,25.000,25.242,229.4
32.6879,128714,1133738,25.000,22.518,255.0,25.000,24.515,227.1,25.000,25.060,229.4
32.6879,128715,1133743,25.000,22.881,255.0,25.000,24.515,227.1,25.000,25.060,229.4
32.6879,128716,1133748,25.000,23.244,255.0,25.000,24.697,227.1,25.000,25.060,229.4
32.6879,128717,1133753,25.000,23.244,255.0,25.000,24.697,227.1,25.000,25.242,229.4
32.6879,128718,1133758,25.000,23.426,255.0,25.000,24.334,227.1,25.000,25.060,229.4
32.6879,128719,1133763,25.000,23.426,255.0,25.000,24.515,227.1,25.000,25.060,229.4
32.6879,128720,1133768,25.000,23.244,255.0,25.000,24.515,227.1,25.000,25.060,229.4
32.6879,128721,1133773,25.000,23.426,255.0,25.000,24.697,227.1,25.000,25.060,229.4
32.7680,128722,1133778,25.000,23.971,255.0,25.000,24.879,227.1,25.000,24.879,229.4
32.7680,128723,1133783,25.000,23.789,255.0,25.000,24.334,227.1,25.000,24.879,229.4
32.7680,128724,1133788,25.000,24.152,255.0,25.000,24.334,227.1,25.000,24.879,229.4
32.7680,128725,1133793,25.000,24.515,255.0,25.000,24.515,227.1,25.000,24.879,229.4
32.7680,128726,1133798,25.000,24.515,255.0,25.000,24.515,227.1,25.000,24.879,229.4
32.7680,128727,1133803,25.000,24.515,255.0,25.000,24.697,227.1,25.000,24.697,229.4
32.7680,128728,1133808,25.000,24.515,255.0,25.000,25.060,227.1,25.000,24.879,229.4
32.7680,128729,1133813,25.000,24.515,255.0,25.000,25.242,227.1,25.000,24.879,229.4
32.7680,128730,1133818,25.000,24.879,255.0,25.000,25.423,227.1,25.000,24.697,229.4
32.7680,128731,1133823,25.000,24.697,255.0,25.000,25.423,227.1,25.000,24.697,229.4
32.7680,128732,1133828,25.000,24.334,255.0,25.000,25.605,227.1,25.000,24.697,229.4
32.7680,128733,1133833,25.000,24.334,255.0,25.000,26.150,217.6,25.000,24.697,232.4
32.7680,128734,1133838,25.000,24.152,255.0,25.000,26.150,217.6,25.000,24.879,232.4
32.7680,128735,1133843,25.000,23.426,255.0,25.000,25.968,217.6,25.000,24.697,232.4
32.7680,128736,1133848,25.000,23.607,255.0,25.000,25.968,217.6,25.000,24.697,232.4
32.7680,128737,1133853,25.000,23.607,255.0,25.000,25.968,217.6,25.000,24.697,232.4
32.8775,128738,1133858,25.000,23.971,255.0,25.000,25.968,217.6,25.000,24.697,232.4
32.8775,128739,1133863,25.000,23.789,255.0,25.000,25.968,217.6,25.000,24.697,232.4
32.8775,128740,1133868,25.000,23.789,255.0,25.000,25.787,217.6,25.000,24.879,232.4
32.8775,128741,1133873,25.000,23.789,255.0,25.000,25.605,217.6,25.000,24.879,232.4
32.8775,128742,1133878,25.000,23.789,255.0,25.000,25.423,217.6,25.000,24.879,232.4
32.8775,128743,1133883,25.000,23.789,255.0,25.000,25.242,217.6,25.000,24.879,232.4
32.8775,128744,1133888,25.000,23.789,255.0,25.000,25.242,217.6,25.000,24.879,232.4
32.8775,128745,1133893,25.000,24.152,255.0,25.000,25.242,217.6,25.000,25.060,232.4
32.8775,128746,1133898,25.000,23.789,255.0,25.000,25.060,217.6,25.000,24.879,232.4
32.8775,128747,1133903,25.000,23.789,255.0,25.000,25.242,217.6,25.000,25.242,232.4
32.8775,128748,1133908,25.000,23.607,255.0,25.000,24.515,217.6,25.000,25.060,232.4
32.8775,128749,1133913,25.000,23.607,255.0,25.000,24.879,217.6,25.000,25.060,232.4
32.8775,128750,1133918,25.000,23.607,255.0,25.000,24.697,217.6,25.000,25.060,232.4
32.8775,128751,1133923,25.000,23.426,255.0,25.000,24.879,217.6,25.000,25.060,232.4
32.8775,128752,1133928,25.000,23.607,255.0,25.000,24.879,217.6,25.000,25.242,232.4
32.8775,128753,1133933,25.000,23.789,255.0,25.000,24.697,224.5,25.000,25.242,229.6
32.8775,128754,1133938,25.000,23.971,255.0,25.000,24.697,224.5,25.000,25.242,229.6
32.8775,128755,1133943,25.000,23.789,255.0,25.000,24.879,224.5,25.000,25.242,229.6
32.8775,128756,1133948,25.000,24.152,255.0,25.000,25.060,224.5,25.000,25.242,229.6
32.8775,128757,1133953,25.000,24.152,255.0,25.000,24.879,224.5,25.000,25.060,229.6
32.8775,128758,1133958,25.000,23.789,255.0,25.000,25.423,224.5,25.000,25.242,229.6
32.8775,128759,1133963,25.000,23.789,255.0,25.000,25.060,224.5,25.000,25.242,229.6
32.8775,128760,1133968,25.000,23.789,255.0,25.000,25.060,224.5,25.000,25.242,229.6
32.8775,128761,1133973,25.000,23.244,255.0,25.000,25.060,224.5,25.000,25.060,229.6
32.9741,128762,1133978,25.000,23.063,255.0,25.000,24.879,224.5,25.000,25.060,229.6
32.9741,128763,1133983,25.000,22.699,255.0,25.000,25.060,224.5,25.000,25.060,229.6
32.9741,128764,1133988,25.000,22.699,255.0,25.000,24.879,224.5,25.000,25.060,229.6
32.9741,128765,1133993,25.000,22.881,255.0,25.000,24.879,224.5,25.000,25.060,229.6
32.9741,128766,1133998,25.000,22.699,255.0,25.000,24.879,224.5,25.000,25.242,229.6
32.9741,128767,1134003,25.000,22.881,255.0,25.000,24.515,224.5,25.000,25.060,229.6
32.9741,128768,1134008,25.000,23.063,255.0,25.000,24.152,224.5,25.000,25.060,229.6
32.9741,128769,1134013,25.000,23.063,255.0,25.000,24.152,224.5,25.000,24.879,229.6
32.9741,128770,1134018,25.000,22.881,255.0,25.000,24.334,224.5,25.000,24.879,229.6
32.9752,128771,1134023,25.000,23.789,255.0,25.000,24.515,224.5,25.000,25.060,229.6
32.9752,128772,1134028,25.000,24.152,255.0,25.000,24.515,224.5,25.000,25.060,229.6
32.9752,128773,1134033,25.000,23.971,255.0,25.000,24.152,228.5,25.000,24.879,231.4
32.9752,128774,1134038,25.000,24.152,255.0,25.000,24.515,228.5,25.000,24.879,231.4
32.9752,128775,1134043,25.000,23.789,255.0,25.000,24.334,228.5,25.000,24.697,231.4
32.9752,128776,1134048,25.000,24.152,255.0,25.000,24.334,228.5,25.000,24.697,231.4
32.9752,128777,1134053,25.000,23.971,255.0,25.000,24.697,228.5,25.000,24.879,231.4
33.0464,128778,1134058,25.000,24.152,255.0,25.000,25.242,228.5,25.000,24.697,231.4
33.0464,128779,1134063,25.000,24.515,255.0,25.000,25.060,228.5,25.000,24.879,231.4
33.0464,128780,1134068,25.000,24.879,255.0,25.000,25.242,228.5,25.000,24.697,231.4
33.0464,128781,1134073,25.000,24.515,255.0,25.000,25.060,228.5,25.000,24.697,231.4
33.0464,128782,1134078,25.000,24.152,255.0,25.000,25.060,228.5,25.000,24.697,231.4
33.0464,128783,1134083,25.000,24.697,255.0,25.000,25.423,228.5,25.000,24.697,231.4
33.0464,128784,1134088,25.000,24.515,255.0,25.000,25.242,228.5,25.000,24.697,231.4
33.0464,128785,1134093,25.000,24.515,255.0,25.000,25.423,228.5,25.000,24.697,231.4
33.0474,128786,1134098,25.000,24.515,255.0,25.000,25.242,228.5,25.000,24.697,231.4
33.0474,128787,1134103,25.000,24.515,255.0,25.000,25.423,228.5,25.000,24.697,231.4
33.0474,128788,1134108,25.000,24.334,255.0,25.000,25.242,228.5,25.000,24.697,231.4
33.0474,128789,1134113,25.000,23.971,255.0,25.000,25.423,228.5,25.000,24.697,231.4
33.0474,128790,1134118,25.000,23.971,255.0,25.000,25.242,228.5,25.000,24.879,231.4
33.0474,128791,1134123,25.000,23.607,255.0,25.000,24.879,228.5,25.000,24.697,231.4
33.0474,128792,1134128,25.000,23.971,255.0,25.000,25.060,228.5,25.000,24.697,231.4
33.0474,128793,1134133,25.000,23.971,255.0,25.000,24.697,226.9,25.000,24.879,231.6
33.1166,128794,1134138,25.000,24.152,255.0,25.000,24.697,226.9,25.000,24.879,231.6
33.1166,128795,1134143,25.000,24.515,255.0,25.000,24.879,226.9,25.000,25.060,231.6
33.1166,128796,1134148,25.000,24.334,255.0,25.000,25.060,226.9,25.000,25.060,231.6
33.1166,128797,1134153,25.000,24.697,255.0,25.000,24.697,226.9,25.000,24.879,231.6
33.1166,128798,1134158,25.000,25.060,255.0,25.000,24.697,226.9,25.000,25.060,231.6
33.1166,128799,1134163,25.000,25.242,255.0,25.000,24.697,226.9,25.000,25.060,231.6
33.1166,128800,1134168,25.000,25.242,255.0,25.000,24.515,226.9,25.000,25.060,231.6
33.1166,128801,1134173,25.000,25.605,255.0,25.000,25.060,226.9,25.000,25.242,231.6
33.1166,128802,1134178,25.000,25.242,255.0,25.000,24.879,226.9,25.000,25.242,231.6
33.1166,128803,1134183,25.000,24.697,255.0,25.000,25.060,226.9,25.000,25.060,231.6
33.1166,128804,1134188,25.000,24.334,255.0,25.000,25.060,226.9,25.000,25.060,231.6
33.1166,128805,1134193,25.000,23.971,255.0,25.000,24.879,226.9,25.000,25.060,231.6
33.1166,128806,1134198,25.000,23.789,255.0,25.000,24.879,226.9,25.000,25.060,231.6
33.1166,128807,1134203,25.000,23.426,255.0,25.000,25.060,226.9,25.000,25.242,231.6
33.1166,128808,1134208,25.000,23.063,255.0,25.000,24.879,226.9,25.000,25.242,231.6
33.1166,128809,1134213,25.000,23.063,255.0,25.000,24.879,226.9,25.000,25.060,231.6
33.2463,128810,1134218,25.000,22.881,255.0,25.000,25.060,226.9,25.000,25.060,231.6
33.2463,128811,1134223,25.000,22.881,255.0,25.000,24.879,226.9,25.000,25.060,231.6
33.2463,128812,1134228,25.000,22.881,255.0,25.000,25.060,226.9,25.000,25.060,231.6
33.2463,128813,1134233,25.000,23.426,255.0,25.000,25.423,223.0,25.000,25.242,229.6
33.2463,128814,1134238,25.000,23.426,255.0,25.000,25.423,223.0,25.000,25.242,229.6
33.2463,128815,1134243,25.000,23.426,255.0,25.000,25.423,223.0,25.000,25.242,229.6
33.2463,128816,1134248,25.000,23.244,255.0,25.000,25.605,223.0,25.000,25.060,229.6
33.2463,128817,1134253,25.000,23.426,255.0,25.000,25.605,223.0,25.000,25.060,229.6
33.2463,128818,1134258,25.000,23.426,255.0,25.000,25.787,223.0,25.000,25.060,229.6
33.2463,128819,1134263,25.000,23.244,255.0,25.000,25.787,223.0,25.000,25.242,229.6
33.2463,128820,1134268,25.000,23.063,255.0,25.000,25.787,223.0,25.000,25.060,229.6
33.2463,128821,1134273,25.000,23.063,255.0,25.000,25.605,223.0,25.000,25.060,229.6
33.2463,128822,1134278,25.000,23.063,255.0,25.000,25.605,223.0,25.000,24.879,229.6
33.2463,128823,1134283,25.000,22.881,255.0,25.000,25.423,223.0,25.000,24.879,229.6
33.2463,128824,1134288,25.000,23.607,255.0,25.000,25.423,223.0,25.000,24.697,229.6
33.2463,128825,1134293,25.000,23.971,255.0,25.000,25.060,223.0,25.000,24.697,229.6
33.2866,128826,1134298,25.000,24.152,255.0,25.000,24.697,223.0,25.000,24.879,229.6
33.2866,128827,1134303,25.000,23.971,255.0,25.000,24.697,223.0,25.000,24.697,229.6
33.2866,128828,1134308,25.000,24.152,255.0,25.000,24.697,223.0,25.000,24.697,229.6
33.2866,128829,1134313,25.000,24.334,255.0,25.000,24.697,223.0,25.000,24.515,229.6
33.2866,128830,1134318,25.000,24.697,255.0,25.000,24.697,223.0,25.000,24.697,229.6
33.2866,128831,1134323,25.000,24.697,255.0,25.000,25.060,223.0,25.000,24.697,229.6
33.2866,128832,1134328,25.000,24.879,255.0,25.000,25.060,223.0,25.000,24.697,229.6
33.2866,128833,1134333,25.000,25.060,254.4,25.000,25.060,224.4,25.000,24.697,232.6
33.2866,128834,1134338,25.000,24.515,254.4,25.000,25.060,224.4,25.000,24.697,232.6
33.2866,128835,1134343,25.000,24.334,254.4,25.000,25.242,224.4,25.000,24.697,232.6
33.2866,128836,1134348,25.000,24.515,254.4,25.000,25.423,224.4,25.000,24.697,232.6
33.2866,128837,1134353,25.000,24.697,254.4,25.000,25.060,224.4,25.000,24.697,232.6
33.2866,128838,1134358,25.000,24.515,254.4,25.000,24.879,224.4,25.000,24.697,232.6
33.2866,128839,1134363,25.000,24.152,254.4,25.000,24.697,224.4,25.000,24.697,232.6
33.2866,128840,1134368,25.000,24.152,254.4,25.000,24.334,224.4,25.000,24.697,232.6
33.2866,128841,1134373,25.000,23.971,254.4,25.000,24.334,224.4,25.000,24.697,232.6
33.3538,128842,1134378,25.000,24.152,254.4,25.000,24.515,224.4,25.000,24.879,232.6
33.3538,128843,1134383,25.000,24.152,254.4,25.000,24.515,224.4,25.000,24.879,232.6
33.3538,128844,1134388,25.000,23.971,254.4,25.000,24.334,224.4,25.000,24.879,232.6
33.3538,128845,1134393,25.000,23.789,254.4,25.000,24.515,224.4,25.000,24.879,232.6
33.3538,128846,1134398,25.000,23.971,254.4,25.000,24.515,224.4,25.000,24.879,232.6
33.3538,128847,1134403,25.000,23.971,254.4,25.000,24.697,224.4,25.000,25.060,232.6
33.3538,128848,1134408,25.000,23.971,254.4,25.000,25.060,224.4,25.000,25.060,232.6
33.3538,128849,1134413,25.000,24.334,254.4,25.000,25.242,224.4,25.000,25.060,232.6
33.3538,128850,1134418,25.000,23.789,254.4,25.000,25.605,224.4,25.000,25.060,232.6
33.3538,128851,1134423,25.000,24.152,254.4,25.000,25.423,224.4,25.000,25.060,232.6
33.3538,128852,1134428,25.000,23.244,254.4,25.000,25.242,224.4,25.000,25.060,232.6
33.3538,128853,1134433,25.000,23.244,255.0,25.000,25.242,223.1,25.000,25.060,230.9
33.3538,128854,1134438,25.000,23.607,255.0,25.000,25.423,223.1,25.000,25.242,230.9
33.3538,128855,1134443,25.000,23.789,255.0,25.000,25.423,223.1,25.000,25.242,230.9
33.3538,128856,1134448,25.000,23.426,255.0,25.000,25.423,223.1,25.000,25.060,230.9
33.3538,128857,1134453,25.000,23.244,255.0,25.000,25.605,223.1,25.000,25.242,230.9
33.4483,128858,1134458,25.000,23.244,255.0,25.000,25.423,223.1,25.000,25.242,230.9
33.4483,128859,1134463,25.000,23.244,255.0,25.000,25.242,223.1,25.000,25.242,230.9
33.4483,128860,1134468,25.000,23.607,255.0,25.000,24.879,223.1,25.000,25.242,230.9
33.4483,128861,1134473,25.000,23.244,255.0,25.000,24.879,223.1,25.000,25.242,230.9
33.4483,128862,1134478,25.000,23.971,255.0,25.000,25.060,223.1,25.000,25.242,230.9
33.4483,128863,1134483,25.000,23.426,255.0,25.000,25.060,223.1,25.000,25.242,230.9
33.4483,128864,1134488,25.000,23.244,255.0,25.000,24.879,223.1,25.000,25.242,230.9
33.4483,128865,1134493,25.000,23.063,255.0,25.000,24.879,223.1,25.000,25.060,230.9
33.4483,128866,1134498,25.000,22.881,255.0,25.000,24.879,223.1,25.000,25.242,230.9
33.4483,128867,1134503,25.000,23.063,255.0,25.000,24.879,223.1,25.000,25.060,230.9
33.4483,128868,1134508,25.000,23.063,255.0,25.000,24.879,223.1,25.000,25.060,230.9
33.4483,128869,1134513,25.000,22.518,255.0,25.000,24.879,223.1,25.000,25.060,230.9
33.4483,128870,1134518,25.000,22.699,255.0,25.000,25.242,223.1,25.000,25.060,230.9
33.4483,128871,1134523,25.000,22.881,255.0,25.000,25.242,223.1,25.000,25.060,230.9
33.4483,128872,1134528,25.000,23.063,255.0,25.000,25.242,223.1,25.000,24.879,230.9
33.4483,128873,1134533,25.000,23.607,255.0,25.000,25.060,223.7,25.000,24.879,231.9
33.5360,128874,1134538,25.000,23.607,255.0,25.000,25.242,223.7,25.000,24.879,231.9
33.5360,128875,1134543,25.000,23.607,255.0,25.000,25.242,223.7,25.000,24.879,231.9
33.5360,128876,1134548,25.000,23.971,255.0,25.000,25.242,223.7,25.000,24.879,231.9
33.5360,128877,1134553,25.000,23.607,255.0,25.000,24.879,223.7,25.000,24.879,231.9
33.5360,128878,1134558,25.000,23.971,255.0,25.000,24.879,223.7,25.000,24.697,231.9
33.5360,128879,1134563,25.000,23.971,255.0,25.000,25.060,223.7,25.000,24.879,231.9
33.5360,128880,1134568,25.000,24.152,255.0,25.000,25.242,223.7,25.000,24.879,231.9
33.5360,128881,1134573,25.000,23.971,255.0,25.000,24.697,223.7,25.000,24.697,231.9
33.5360,128882,1134578,25.000,24.152,255.0,25.000,24.515,223.7,25.000,24.879,231.9
33.5360,128883,1134583,25.000,23.789,255.0,25.000,24.515,223.7,25.000,24.697,231.9
33.5360,128884,1134588,25.000,23.789,255.0,25.000,24.515,223.7,25.000,24.697,231.9
33.5360,128885,1134593,25.000,24.152,255.0,25.000,24.515,223.7,25.000,24.879,231.9
33.5360,128886,1134598,25.000,23.971,255.0,25.000,24.152,223.7,25.000,24.697,231.9
33.5360,128887,1134603,25.000,24.152,255.0,25.000,24.515,223.7,25.000,24.697,231.9
33.5360,128888,1134608,25.000,23.789,255.0,25.000,24.515,223.7,25.000,24.879,231.9
33.5360,128889,1134613,25.000,24.152,255.0,25.000,24.515,223.7,25.000,24.879,231.9
33.5928,128890,1134618,25.000,23.971,255.0,25.000,24.334,223.7,25.000,24.697,231.9
33.5928,128891,1134623,25.000,24.515,255.0,25.000,25.060,223.7,25.000,24.879,231.9
33.5928,128892,1134628,25.000,24.152,255.0,25.000,25.060,223.7,25.000,24.879,231.9
33.5928,128893,1134633,25.000,24.515,255.0,25.000,25.060,223.5,25.000,24.879,232.2
33.5928,128894,1134638,25.000,24.515,255.0,25.000,25.060,223.5,25.000,24.879,232.2
33.5928,128895,1134643,25.000,24.515,255.0,25.000,24.879,223.5,25.000,24.879,232.2
33.5928,128896,1134648,25.000,24.152,255.0,25.000,25.242,223.5,25.000,25.060,232.2
33.5928,128897,1134653,25.000,24.515,255.0,25.000,25.242,223.5,25.000,25.060,232.2
33.5928,128898,1134658,25.000,24.697,255.0,25.000,25.242,223.5,25.000,25.060,232.2
33.5928,128899,1134663,25.000,24.879,255.0,25.000,25.242,223.5,25.000,24.879,232.2
33.5928,128900,1134668,25.000,24.152,255.0,25.000,25.242,223.5,25.000,25.060,232.2
33.5928,128901,1134673,25.000,23.971,255.0,25.000,24.879,223.5,25.000,25.060,232.2
33.5928,128902,1134678,25.000,23.971,255.0,25.000,24.879,223.5,25.000,25.060,232.2
33.5928,128903,1134683,25.000,23.971,255.0,25.000,25.242,223.5,25.000,25.242,232.2
33.5928,128904,1134688,25.000,23.789,255.0,25.000,25.060,223.5,25.000,25.060,232.2
33.5928,128905,1134693,25.000,23.607,255.0,25.000,25.242,223.5,25.000,25.060,232.2
33.6977,128906,1134698,25.000,23.789,255.0,25.000,25.060,223.5,25.000,25.060,232.2
33.6977,128907,1134703,25.000,23.426,255.0,25.000,25.060,223.5,25.000,25.060,232.2
33.6977,128908,1134708,25.000,23.426,255.0,25.000,25.060,223.5,25.000,25.060,232.2
33.6977,128909,1134713,25.000,23.426,255.0,25.000,24.879,223.5,25.000,25.242,232.2
33.6977,128910,1134718,25.000,23.971,255.0,25.000,24.879,223.5,25.000,25.242,232.2
33.6977,128911,1134723,25.000,23.971,255.0,25.000,25.060,223.5,25.000,25.242,232.2
33.6977,128912,1134728,25.000,24.152,255.0,25.000,25.060,223.5,25.000,25.242,232.2
33.6977,128913,1134733,25.000,23.607,255.0,25.000,24.697,225.7,25.000,25.060,231.3
33.6977,128914,1134738,25.000,23.607,255.0,25.000,24.879,225.7,25.000,25.242,231.3
33.6977,128915,1134743,25.000,23.789,255.0,25.000,24.879,225.7,25.000,25.242,231.3
33.6977,128916,1134748,25.000,23.607,255.0,25.000,25.060,225.7,25.000,25.242,231.3
33.6977,128917,1134753,25.000,23.426,255.0,25.000,25.242,225.7,25.000,25.242,231.3
33.6977,128918,1134758,25.000,23.244,255.0,25.000,25.060,225.7,25.000,25.060,231.3
33.6977,128919,1134763,25.000,23.244,255.0,25.000,25.423,225.7,25.000,25.060,231.3
33.6977,128920,1134768,25.000,23.063,255.0,25.000,25.423,225.7,25.000,25.060,231.3
33.6977,128921,1134773,25.000,23.063,255.0,25.000,25.423,225.7,25.000,25.060,231.3
33.7697,128922,1134778,25.000,22.881,255.0,25.000,25.423,225.7,25.000,24.879,231.3
33.7697,128923,1134783,25.000,23.244,255.0,25.000,25.605,225.7,25.000,25.060,231.3
33.7697,128924,1134788,25.000,23.063,255.0,25.000,25.787,225.7,25.000,25.060,231.3
33.7697,128925,1134793,25.000,22.881,255.0,25.000,25.787,225.7,25.000,24.879,231.3
33.7697,128926,1134798,25.000,23.244,255.0,25.000,25.787,225.7,25.000,24.879,231.3
33.7697,128927,1134803,25.000,23.426,255.0,25.000,25.423,225.7,25.000,24.697,231.3
33.7697,128928,1134808,25.000,23.426,255.0,25.000,25.787,225.7,25.000,24.879,231.3
33.7697,128929,1134813,25.000,23.426,255.0,25.000,25.605,225.7,25.000,24.879,231.3
33.7697,128930,1134818,25.000,23.789,255.0,25.000,25.605,225.7,25.000,24.879,231.3
33.7697,128931,1134823,25.000,23.789,255.0,25.000,25.423,225.7,25.000,24.697,231.3
33.7697,128932,1134828,25.000,23.789,255.0,25.000,25.423,225.7,25.000,24.879,231.3
33.7697,128933,1134833,25.000,23.607,255.0,25.000,25.242,222.9,25.000,24.879,232.4
33.7697,128934,1134838,25.000,23.971,255.0,25.000,25.060,222.9,25.000,24.697,232.4
33.7697,128935,1134843,25.000,23.971,255.0,25.000,25.242,222.9,25.000,24.879,232.4
33.7697,128936,1134848,25.000,23.789,255.0,25.000,25.060,222.9,25.000,24.697,232.4
33.7697,128937,1134853,25.000,23.789,255.0,25.000,25.242,222.9,25.000,24.879,232.4
33.8495,128938,1134858,25.000,23.789,255.0,25.000,25.060,222.9,25.000,24.879,232.4
33.8495,128939,1134863,25.000,23.971,255.0,25.000,24.879,222.9,25.000,24.879,232.4
33.8495,128940,1134868,25.000,23.971,255.0,25.000,24.879,222.9,25.000,24.697,232.4
33.8495,128941,1134873,25.000,23.789,255.0,25.000,24.879,222.9,25.000,24.879,232.4
33.8495,128942,1134878,25.000,23.607,255.0,25.000,24.697,222.9,25.000,24.879,232.4
33.8495,128943,1134883,25.000,23.971,255.0,25.000,24.879,222.9,25.000,24.879,232.4
33.8495,128944,1134888,25.000,23.789,255.0,25.000,24.697,222.9,25.000,24.879,232.4
33.8495,128945,1134893,25.000,23.971,255.0,25.000,24.515,222.9,25.000,24.879,232.4
33.8495,128946,1134898,25.000,24.697,255.0,25.000,24.334,222.9,25.000,25.060,232.4
33.8495,128947,1134903,25.000,24.515,255.0,25.000,24.334,222.9,25.000,25.060,232.4
33.8495,128948,1134908,25.000,24.697,255.0,25.000,24.152,222.9,25.000,24.879,232.4
33.8495,128949,1134913,25.000,24.152,255.0,25.000,24.515,222.9,25.000,25.060,232.4
33.8495,128950,1134918,25.000,23.971,255.0,25.000,24.515,222.9,25.000,25.060,232.4
33.8495,128951,1134923,25.000,23.607,255.0,25.000,24.697,222.9,25.000,25.060,232.4
33.8495,128952,1134928,25.000,23.971,255.0,25.000,24.515,222.9,25.000,25.060,232.4
33.8495,128953,1134933,25.000,23.607,255.0,25.000,24.334,228.2,25.000,25.060,231.5
33.9192,128954,1134938,25.000,23.789,255.0,25.000,24.515,228.2,25.000,25.242,231.5
33.9192,128955,1134943,25.000,23.244,255.0,25.000,24.334,228.2,25.000,25.242,231.5
33.9192,128956,1134948,25.000,22.518,255.0,25.000,24.697,228.2,25.000,25.060,231.5
33.9192,128957,1134953,25.000,22.881,255.0,25.000,24.515,228.2,25.000,25.060,231.5
33.9202,128958,1134958,25.000,22.336,255.0,25.000,24.515,228.2,25.000,25.242,231.5
33.9202,128959,1134963,25.000,22.518,255.0,25.000,24.334,228.2,25.000,25.060,231.5
33.9202,128960,1134968,25.000,22.336,255.0,25.000,24.334,228.2,25.000,25.242,231.5
33.9202,128961,1134973,25.000,22.699,255.0,25.000,24.334,228.2,25.000,25.242,231.5
33.9202,128962,1134978,25.000,22.336,255.0,25.000,24.515,228.2,25.000,25.060,231.5
33.9202,128963,1134983,25.000,22.518,255.0,25.000,24.697,228.2,25.000,25.060,231.5
33.9202,128964,1134988,25.000,22.699,255.0,25.000,24.879,228.2,25.000,25.060,231.5
33.9202,128965,1134993,25.000,23.244,255.0,25.000,25.060,228.2,25.000,25.060,231.5
33.9202,128966,1134998,25.000,23.426,255.0,25.000,25.060,228.2,25.000,25.060,231.5
33.9202,128967,1135003,25.000,23.063,255.0,25.000,25.242,228.2,25.000,25.242,231.5
33.9202,128968,1135008,25.000,22.881,255.0,25.000,25.605,228.2,25.000,25.060,231.5
33.9202,128969,1135013,25.000,22.881,255.0,25.000,25.423,228.2,25.000,25.060,231.5
34.0517,128970,1135018,25.000,23.063,255.0,25.000,25.423,228.2,25.000,24.879,231.5
34.0517,128971,1135023,25.000,23.063,255.0,25.000,25.605,228.2,25.000,24.879,231.5
34.0517,128972,1135028,25.000,23.607,255.0,25.000,25.968,228.2,25.000,25.060,231.5
34.0517,128973,1135033,25.000,23.426,255.0,25.000,25.968,219.2,25.000,25.060,231.3
34.0517,128974,1135038,25.000,23.426,255.0,25.000,25.787,219.2,25.000,24.879,231.3
34.0517,128975,1135043,25.000,23.244,255.0,25.000,25.787,219.2,25.000,24.879,231.3
34.0517,128976,1135048,25.000,23.607,255.0,25.000,25.787,219.2,25.000,24.879,231.3
34.0517,128977,1135053,25.000,23.789,255.0,25.000,25.968,219.2,25.000,24.697,231.3
34.0517,128978,1135058,25.000,24.152,255.0,25.000,25.787,219.2,25.000,24.879,231.3
34.0517,128979,1135063,25.000,24.334,255.0,25.000,25.968,219.2,25.000,24.697,231.3
34.0517,128980,1135068,25.000,24.334,255.0,25.000,25.968,219.2,25.000,24.879,231.3
34.0517,128981,1135073,25.000,24.515,255.0,25.000,25.423,219.2,25.000,24.879,231.3
34.0517,128982,1135078,25.000,24.334,255.0,25.000,25.242,219.2,25.000,24.697,231.3
34.0517,128983,1135083,25.000,24.515,255.0,25.000,25.242,219.2,25.000,24.697,231.3
34.0517,128984,1135088,25.000,24.515,255.0,25.000,25.242,219.2,25.000,24.879,231.3
34.0517,128985,1135093,25.000,24.697,255.0,25.000,25.242,219.2,25.000,24.697,231.3
34.0863,128986,1135098,25.000,24.334,255.0,25.000,25.242,219.2,25.000,24.879,231.3
34.0863,128987,1135103,25.000,24.334,255.0,25.000,24.879,219.2,25.000,24.697,231.3
34.0863,128988,1135108,25.000,24.697,255.0,25.000,24.879,219.2,25.000,24.697,231.3
34.0863,128989,1135113,25.000,24.515,255.0,25.000,24.879,219.2,25.000,24.879,231.3
34.0863,128990,1135118,25.000,24.879,255.0,25.000,24.879,219.2,25.000,24.697,231.3
34.0863,128991,1135123,25.000,24.879,255.0,25.000,25.060,219.2,25.000,24.697,231.3
34.0863,128992,1135128,25.000,24.879,255.0,25.000,24.879,219.2,25.000,24.879,231.3
34.0863,128993,1135133,25.000,24.879,255.0,25.000,24.879,224.1,25.000,24.879,232.4
34.0863,128994,1135138,25.000,24.879,255.0,25.000,24.879,224.1,25.000,24.879,232.4
34.0863,128995,1135143,25.000,24.879,255.0,25.000,24.697,224.1,25.000,24.879,232.4
34.0863,128996,1135148,25.000,24.879,255.0,25.000,24.334,224.1,25.000,24.879,232.4
34.0863,128997,1135153,25.000,25.060,255.0,25.000,24.334,224.1,25.000,25.060,232.4
34.0863,128998,1135158,25.000,24.697,255.0,25.000,24.334,224.1,25.000,25.060,232.4
34.0863,128999,1135163,25.000,24.879,255.0,25.000,24.334,224.1,25.000,24.879,232.4
34.0863,129000,1135168,25.000,24.515,255.0,25.000,24.152,224.1,25.000,25.060,232.4
34.0863,129001,1135173,25.000,24.334,255.0,25.000,23.971,224.1,25.000,25.060,232.4
34.0998,129002,1135178,25.000,23.607,255.0,25.000,23.971,224.1,25.000,25.060,232.4
34.0998,129003,1135183,25.000,23.426,255.0,25.000,23.789,224.1,25.000,25.060,232.4
34.0998,129004,1135188,25.000,23.063,255.0,25.000,23.607,224.1,25.000,24.879,232.4
34.0998,129005,1135193,25.000,22.881,255.0,25.000,23.607,224.1,25.000,25.060,232.4
34.0998,129006,1135198,25.000,22.881,255.0,25.000,24.152,224.1,25.000,25.060,232.4
34.0998,129007,1135203,25.000,22.699,255.0,25.000,24.334,224.1,25.000,25.060,232.4
34.0998,129008,1135208,25.000,22.881,255.0,25.000,24.334,224.1,25.000,25.060,232.4
34.0998,129009,1135213,25.000,22.881,255.0,25.000,24.152,224.1,25.000,25.242,232.4
34.1621,129010,1135218,25.000,22.699,255.0,25.000,24.334,224.1,25.000,25.242,232.4
34.1621,129011,1135223,25.000,22.518,255.0,25.000,24.515,224.1,25.000,25.060,232.4
34.1621,129012,1135228,25.000,22.881,255.0,25.000,24.879,224.1,25.000,25.060,232.4
34.1621,129013,1135233,25.000,22.518,255.0,25.000,25.060,223.1,25.000,25.060,231.5
34.1621,129014,1135238,25.000,22.699,255.0,25.000,25.242,223.1,25.000,25.242,231.5
34.1621,129015,1135243,25.000,22.518,255.0,25.000,25.423,223.1,25.000,25.242,231.5
34.1621,129016,1135248,25.000,22.699,255.0,25.000,25.423,223.1,25.000,25.242,231.5
34.1621,129017,1135253,25.000,22.699,255.0,25.000,25.423,223.1,25.000,25.060,231.5
34.2467,129018,1135258,25.000,22.699,255.0,25.000,25.605,223.1,25.000,25.060,231.5
34.2467,129019,1135263,25.000,22.336,255.0,25.000,25.605,223.1,25.000,25.060,231.5
34.2467,129020,1135268,25.000,22.881,255.0,25.000,25.605,223.1,25.000,25.060,231.5
34.2467,129021,1135273,25.000,22.881,255.0,25.000,25.787,223.1,25.000,25.060,231.5
34.2467,129022,1135278,25.000,23.063,255.0,25.000,25.423,223.1,25.000,25.060,231.5
34.2467,129023,1135283,25.000,23.607,255.0,25.000,25.423,223.1,25.000,24.879,231.5
34.2467,129024,1135288,25.000,23.971,255.0,25.000,25.605,223.1,25.000,24.879,231.5
34.2467,129025,1135293,25.000,24.334,255.0,25.000,25.605,223.1,25.000,24.879,231.5
34.2467,129026,1135298,25.000,23.971,255.0,25.000,24.697,223.1,25.000,24.879,231.5
34.2467,129027,1135303,25.000,23.607,255.0,25.000,24.515,223.1,25.000,24.879,231.5
34.2467,129028,1135308,25.000,23.789,255.0,25.000,24.515,223.1,25.000,24.879,231.5
34.2467,129029,1135313,25.000,23.971,255.0,25.000,24.697,223.1,25.000,24.879,231.5
34.2467,129030,1135318,25.000,23.789,255.0,25.000,24.697,223.1,25.000,24.697,231.5
34.2467,129031,1135323,25.000,23.789,255.0,25.000,24.515,223.1,25.000,24.879,231.5
34.2467,129032,1135328,25.000,23.607,255.0,25.000,24.515,223.1,25.000,24.697,231.5
34.2467,129033,1135333,25.000,23.607,255.0,25.000,24.697,225.3,25.000,24.879,232.5
34.2952,129034,1135338,25.000,23.426,255.0,25.000,24.334,225.3,25.000,24.879,232.5
34.2952,129035,1135343,25.000,23.426,255.0,25.000,24.334,225.3,25.000,24.697,232.5
34.2952,129036,1135348,25.000,23.789,255.0,25.000,25.060,225.3,25.000,24.697,232.5
34.2952,129037,1135353,25.000,24.334,255.0,25.000,25.242,225.3,25.000,24.697,232.5
34.2952,129038,1135358,25.000,23.971,255.0,25.000,25.060,225.3,25.000,24.697,232.5
34.2952,129039,1135363,25.000,23.971,255.0,25.000,25.060,225.3,25.000,24.697,232.5
34.2952,129040,1135368,25.000,23.971,255.0,25.000,24.879,225.3,25.000,24.879,232.5
34.2952,129041,1135373,25.000,24.152,255.0,25.000,25.060,225.3,25.000,24.697,232.5
34.2962,129042,1135378,25.000,24.334,255.0,25.000,25.242,225.3,25.000,24.879,232.5
34.2962,129043,1135383,25.000,24.334,255.0,25.000,25.060,225.3,25.000,24.879,232.5
34.2962,129044,1135388,25.000,23.971,255.0,25.000,24.879,225.3,25.000,24.697,232.5
34.2962,129045,1135393,25.000,24.152,255.0,25.000,25.060,225.3,25.000,25.060,232.5
34.2962,129046,1135398,25.000,24.152,255.0,25.000,25.060,225.3,25.000,24.879,232.5
34.2962,129047,1135403,25.000,23.971,255.0,25.000,25.060,225.3,25.000,25.060,232.5
34.2962,129048,1135408,25.000,24.334,255.0,25.000,24.879,225.3,25.000,25.060,232.5
34.2962,129049,1135413,25.000,24.334,255.0,25.000,24.879,225.3,25.000,25.060,232.5
34.4539,129050,1135418,25.000,24.152,255.0,25.000,25.242,225.3,25.000,25.060,232.5
34.4539,129051,1135423,25.000,24.152,255.0,25.000,25.242,225.3,25.000,25.060,232.5
34.4539,129052,1135428,25.000,23.789,255.0,25.000,25.060,225.3,25.000,25.060,232.5
34.4539,129053,1135433,25.000,23.789,255.0,25.000,25.060,223.6,25.000,25.060,231.6
34.4539,129054,1135438,25.000,24.152,255.0,25.000,25.242,223.6,25.000,25.242,231.6
34.4539,129055,1135443,25.000,23.607,255.0,25.000,24.879,223.6,25.000,25.060,231.6
34.4539,129056,1135448,25.000,23.244,255.0,25.000,25.060,223.6,25.000,25.242,231.6
34.4539,129057,1135453,25.000,23.244,255.0,25.000,24.697,223.6,25.000,25.060,231.6
34.4539,129058,1135458,25.000,23.063,255.0,25.000,24.879,223.6,25.000,25.060,231.6
34.4539,129059,1135463,25.000,22.881,255.0,25.000,24.697,223.6,25.000,25.060,231.6
34.4539,129060,1135468,25.000,22.881,255.0,25.000,24.334,223.6,25.000,25.060,231.6
34.4539,129061,1135473,25.000,22.881,255.0,25.000,24.334,223.6,25.000,25.242,231.6
34.4539,129062,1135478,25.000,23.063,255.0,25.000,24.515,223.6,25.000,25.242,231.6
34.4539,129063,1135483,25.000,23.244,255.0,25.000,24.334,223.6,25.000,25.242,231.6
34.4539,129064,1135488,25.000,22.881,255.0,25.000,24.515,223.6,25.000,25.242,231.6
34.4539,129065,1135493,25.000,23.244,255.0,25.000,24.697,223.6,25.000,25.060,231.6
34.5317,129066,1135498,25.000,23.607,255.0,25.000,24.515,223.6,25.000,24.879,231.6
34.5317,129067,1135503,25.000,23.607,255.0,25.000,24.879,223.6,25.000,25.060,231.6
34.5317,129068,1135508,25.000,23.244,255.0,25.000,24.697,223.6,25.000,25.060,231.6
34.5317,129069,1135513,25.000,23.244,255.0,25.000,25.060,223.6,25.000,25.060,231.6
34.5317,129070,1135518,25.000,23.063,255.0,25.000,25.423,223.6,25.000,25.060,231.6
34.5317,129071,1135523,25.000,23.063,255.0,25.000,25.423,223.6,25.000,24.879,231.6
34.5317,129072,1135528,25.000,23.426,255.0,25.000,25.423,223.6,25.000,24.879,231.6
34.5317,129073,1135533,25.000,23.244,255.0,25.000,25.605,220.1,25.000,24.697,233.8
34.5317,129074,1135538,25.000,23.244,255.0,25.000,25.605,220.1,25.000,24.697,233.8
34.5317,129075,1135543,25.000,23.063,255.0,25.000,25.605,220.1,25.000,24.879,233.8
34.5317,129076,1135548,25.000,23.063,255.0,25.000,25.605,220.1,25.000,25.060,233.8
34.5317,129077,1135553,25.000,23.244,255.0,25.000,25.787,220.1,25.000,25.060,233.8
34.5317,129078,1135558,25.000,23.789,255.0,25.000,25.605,220.1,25.000,24.879,233.8
34.5317,129079,1135563,25.000,23.607,255.0,25.000,25.423,220.1,25.000,24.879,233.8
34.5317,129080,1135568,25.000,23.789,255.0,25.000,25.060,220.1,25.000,24.697,233.8
34.5317,129081,1135573,25.000,23.607,255.0,25.000,25.060,220.1,25.000,24.879,233.8
34.5755,129082,1135586,25.000,27.966,255.0,25.000,29.600,220.1,25.000,29.237,233.8
34.5755,129083,1135591,25.000,27.784,255.0,25.000,29.237,220.1,25.000,29.055,233.8
34.5755,129084,1135596,25.000,28.147,255.0,25.000,29.055,220.1,25.000,28.874,233.8
34.5755,129085,1135601,25.000,28.147,255.0,25.000,29.055,220.1,25.000,28.874,233.8
34.5755,129086,1135606,25.000,27.784,255.0,25.000,29.055,220.1,25.000,28.874,233.8
34.5755,129087,1135611,25.000,27.421,255.0,25.000,28.874,220.1,25.000,28.692,233.8
34.5755,129088,1135616,25.000,27.058,255.0,25.000,29.055,220.1,25.000,28.874,233.8
34.5755,129089,1135621,25.000,27.058,255.0,25.000,28.874,220.1,25.000,28.874,233.8
34.5755,129090,1135626,25.000,27.421,255.0,25.000,29.055,220.1,25.000,29.055,233.8
34.5755,129091,1135631,25.000,27.602,255.0,25.000,28.874,220.1,25.000,29.055,233.8
34.5755,129092,1135636,25.000,23.063,255.0,25.000,24.515,225.7,25.000,24.697,234.5
34.5755,129093,1135641,25.000,23.244,255.0,25.000,24.515,225.7,25.000,24.879,234.5
34.5755,129094,1135646,25.000,23.063,255.0,25.000,24.697,225.7,25.000,25.060,234.5
34.5755,129095,1135651,25.000,23.244,255.0,25.000,24.697,225.7,25.000,25.060,234.5
34.5755,129096,1135656,25.000,23.607,255.0,25.000,24.515,225.7,25.000,25.060,234.5
34.5755,129097,1135661,25.000,24.152,255.0,25.000,24.697,225.7,25.000,25.242,234.5
34.5980,129098,1135666,25.000,24.515,255.0,25.000,25.060,225.7,25.000,25.423,234.5
34.5980,129099,1135671,25.000,24.515,255.0,25.000,24.879,225.7,25.000,25.242,234.5
34.5980,129100,1135676,25.000,24.152,255.0,25.000,25.060,225.7,25.000,25.242,234.5
34.5980,129101,1135681,25.000,23.971,255.0,25.000,24.879,225.7,25.000,25.060,234.5
34.5980,129102,1135686,25.000,23.971,255.0,25.000,24.697,225.7,25.000,25.060,234.5
34.5980,129103,1135691,25.000,23.971,255.0,25.000,25.242,225.7,25.000,25.242,234.5
34.5980,129104,1135696,25.000,24.152,255.0,25.000,25.060,225.7,25.000,25.242,234.5
34.5980,129105,1135701,25.000,23.971,255.0,25.000,24.697,225.7,25.000,25.242,234.5
34.6961,129106,1135706,25.000,23.607,255.0,25.000,24.879,225.7,25.000,25.242,234.5
34.6961,129107,1135711,25.000,23.063,255.0,25.000,24.515,225.7,25.000,25.242,234.5
34.6961,129108,1135716,25.000,23.063,255.0,25.000,24.334,225.7,25.000,25.060,234.5
34.6961,129109,1135721,25.000,23.244,255.0,25.000,24.697,225.7,25.000,25.060,234.5
34.6961,129110,1135726,25.000,22.881,255.0,25.000,24.515,225.7,25.000,25.060,234.5
34.6961,129111,1135731,25.000,23.244,255.0,25.000,24.697,225.7,25.000,25.242,234.5
34.6961,129112,1135736,25.000,23.426,255.0,25.000,24.697,225.5,25.000,25.242,231.7
34.6961,129113,1135741,25.000,23.607,255.0,25.000,24.697,225.5,25.000,25.242,231.7
34.6961,129114,1135746,25.000,22.881,255.0,25.000,24.697,225.5,25.000,25.242,231.7
34.6961,129115,1135751,25.000,23.063,255.0,25.000,25.242,225.5,25.000,25.060,231.7
34.6961,129116,1135756,25.000,23.426,255.0,25.000,25.242,225.5,25.000,24.879,231.7
34.6961,129117,1135761,25.000,23.607,255.0,25.000,25.423,225.5,25.000,24.697,231.7
34.6961,129118,1135766,25.000,23.244,255.0,25.000,25.242,225.5,25.000,24.697,231.7
34.6961,129119,1135771,25.000,23.426,255.0,25.000,25.242,225.5,25.000,24.879,231.7
34.6961,129120,1135776,25.000,23.971,255.0,25.000,25.060,225.5,25.000,24.697,231.7
34.6961,129121,1135781,25.000,23.789,255.0,25.000,25.060,225.5,25.000,24.697,231.7
34.7532,129122,1135786,25.000,23.607,255.0,25.000,24.879,225.5,25.000,24.697,231.7
34.7532,129123,1135791,25.000,23.426,255.0,25.000,24.697,225.5,25.000,24.515,231.7
34.7532,129124,1135796,25.000,23.971,255.0,25.000,25.060,225.5,25.000,24.515,231.7
34.7532,129125,1135801,25.000,23.971,255.0,25.000,24.879,225.5,25.000,24.697,231.7
34.7532,129126,1135806,25.000,23.971,255.0,25.000,24.879,225.5,25.000,24.879,231.7
34.7532,129127,1135811,25.000,24.152,255.0,25.000,24.879,225.5,25.000,24.879,231.7
34.7532,129128,1135816,25.000,24.152,255.0,25.000,24.879,225.5,25.000,24.879,231.7
34.7532,129129,1135821,25.000,24.334,255.0,25.000,24.697,225.5,25.000,24.879,231.7
34.7532,129130,1135826,25.000,24.152,255.0,25.000,24.879,225.5,25.000,24.879,231.7
34.7532,129131,1135831,25.000,24.334,255.0,25.000,25.242,225.5,25.000,24.879,231.7
34.7532,129132,1135836,25.000,24.515,255.0,25.000,25.423,221.6,25.000,24.697,234.7
34.7532,129133,1135841,25.000,24.515,255.0,25.000,25.423,221.6,25.000,24.879,234.7
34.7532,129134,1135846,25.000,24.515,255.0,25.000,25.242,221.6,25.000,24.879,234.7
34.7532,129135,1135851,25.000,24.334,255.0,25.000,25.242,221.6,25.000,24.697,234.7
34.7532,129136,1135856,25.000,24.334,255.0,25.000,25.242,221.6,25.000,24.697,234.7
34.7532,129137,1135861,25.000,24.152,255.0,25.000,25.242,221.6,25.000,24.879,234.7
34.8089,129138,1135866,25.000,24.515,255.0,25.000,25.605,221.6,25.000,24.697,234.7
34.8089,129139,1135871,25.000,24.515,255.0,25.000,25.787,221.6,25.000,24.697,234.7
34.8089,129140,1135876,25.000,25.060,255.0,25.000,25.787,221.6,25.000,24.879,234.7
34.8089,129141,1135881,25.000,24.879,255.0,25.000,25.605,221.6,25.000,24.879,234.7
34.8089,129142,1135886,25.000,24.879,255.0,25.000,25.605,221.6,25.000,25.060,234.7
34.8089,129143,1135891,25.000,25.060,255.0,25.000,25.605,221.6,25.000,25.060,234.7
34.8089,129144,1135896,25.000,25.242,255.0,25.000,25.423,221.6,25.000,24.879,234.7
34.8089,129145,1135901,25.000,25.242,255.0,25.000,25.423,221.6,25.000,25.060,234.7
34.8970,129146,1135906,25.000,25.242,255.0,25.000,25.423,221.6,25.000,25.060,234.7
34.8970,129147,1135911,25.000,25.423,255.0,25.000,25.423,221.6,25.000,25.060,234.7
34.8970,129148,1135916,25.000,25.060,255.0,25.000,25.242,221.6,25.000,25.242,234.7
34.8970,129149,1135921,25.000,24.879,255.0,25.000,24.879,221.6,25.000,25.242,234.7
34.8970,129150,1135926,25.000,24.515,255.0,25.000,24.697,221.6,25.000,25.242,234.7
34.8970,129151,1135931,25.000,24.334,255.0,25.000,24.515,221.6,25.000,25.242,234.7
34.8970,129152,1135936,25.000,23.607,255.0,25.000,24.697,225.4,25.000,25.242,231.8
34.8970,129153,1135941,25.000,23.244,255.0,25.000,24.515,225.4,25.000,25.060,231.8
34.8970,129154,1135946,25.000,23.063,255.0,25.000,24.515,225.4,25.000,25.242,231.8
34.8970,129155,1135951,25.000,23.063,255.0,25.000,24.515,225.4,25.000,25.242,231.8
34.8970,129156,1135956,25.000,23.063,255.0,25.000,24.515,225.4,25.000,25.242,231.8
34.8970,129157,1135961,25.000,23.063,255.0,25.000,24.515,225.4,25.000,25.242,231.8
34.8970,129158,1135966,25.000,23.244,255.0,25.000,24.334,225.4,25.000,25.242,231.8
34.8970,129159,1135971,25.000,23.244,255.0,25.000,24.879,225.4,25.000,25.242,231.8
34.8970,129160,1135976,25.000,22.881,255.0,25.000,25.060,225.4,25.000,25.242,231.8
34.8970,129161,1135981,25.000,23.063,255.0,25.000,25.242,225.4,25.000,25.060,231.8
34.9468,129162,1135986,25.000,23.789,255.0,25.000,24.697,225.4,25.000,25.060,231.8
34.9468,129163,1135991,25.000,23.971,255.0,25.000,24.515,225.4,25.000,25.242,231.8
34.9468,129164,1135996,25.000,23.607,255.0,25.000,24.515,225.4,25.000,25.242,231.8
34.9468,129165,1136001,25.000,23.607,255.0,25.000,24.515,225.4,25.000,25.242,231.8
34.9468,129166,1136006,25.000,22.881,255.0,25.000,24.152,225.4,25.000,25.060,231.8
34.9468,129167,1136011,25.000,22.518,255.0,25.000,24.152,225.4,25.000,25.060,231.8
34.9468,129168,1136016,25.000,22.518,255.0,25.000,24.334,225.4,25.000,25.060,231.8
34.9468,129169,1136021,25.000,22.699,255.0,25.000,24.152,225.4,25.000,25.060,231.8
34.9468,129170,1136026,25.000,22.881,255.0,25.000,24.152,225.4,25.000,25.060,231.8
34.9468,129171,1136031,25.000,23.063,255.0,25.000,24.152,225.4,25.000,25.060,231.8
34.9468,129172,1136036,25.000,23.063,255.0,25.000,24.515,227.1,25.000,25.060,232.5
34.9468,129173,1136041,25.000,23.244,255.0,25.000,25.060,227.1,25.000,25.060,232.5
34.9468,129174,1136046,25.000,23.789,255.0,25.000,25.060,227.1,25.000,24.879,232.5
34.9468,129175,1136051,25.000,24.152,255.0,25.000,25.060,227.1,25.000,24.879,232.5
34.9468,129176,1136056,25.000,24.697,255.0,25.000,25.060,227.1,25.000,24.879,232.5
34.9468,129177,1136061,25.000,24.515,255.0,25.000,25.060,227.1,25.000,24.879,232.5
35.0579,129178,1136066,25.000,24.879,255.0,25.000,25.242,227.1,25.000,24.879,232.5
35.0579,129179,1136071,25.000,24.697,255.0,25.000,25.242,227.1,25.000,24.879,232.5
35.0579,129180,1136076,25.000,24.515,255.0,25.000,24.879,227.1,25.000,24.697,232.5
35.0579,129181,1136081,25.000,24.334,255.0,25.000,24.879,227.1,25.000,24.879,232.5
35.0579,129182,1136086,25.000,24.515,255.0,25.000,24.515,227.1,25.000,24.697,232.5
35.0579,129183,1136091,25.000,24.152,255.0,25.000,24.515,227.1,25.000,24.697,232.5
35.0579,129184,1136096,25.000,24.152,255.0,25.000,24.697,227.1,25.000,24.697,232.5
35.0579,129185,1136101,25.000,23.789,255.0,25.000,24.697,227.1,25.000,24.697,232.5
35.0579,129186,1136106,25.000,23.789,255.0,25.000,25.060,227.1,25.000,24.879,232.5
35.0579,129187,1136111,25.000,24.334,255.0,25.000,25.060,227.1,25.000,24.879,232.5
35.0579,129188,1136116,25.000,23.789,255.0,25.000,25.060,227.1,25.000,24.697,232.5
35.0579,129189,1136121,25.000,23.789,255.0,25.000,25.060,227.1,25.000,24.697,232.5
35.0579,129190,1136126,25.000,23.971,255.0,25.000,25.242,227.1,25.000,24.879,232.5
35.0579,129191,1136131,25.000,23.789,255.0,25.000,25.423,227.1,25.000,24.697,232.5
35.0579,129192,1136136,25.000,23.244,255.0,25.000,25.605,221.2,25.000,24.879,233.5
35.0579,129193,1136141,25.000,23.244,255.0,25.000,25.242,221.2,25.000,24.697,233.5
35.1451,129194,1136146,25.000,23.244,255.0,25.000,25.242,221.2,25.000,24.879,233.5
35.1451,129195,1136151,25.000,23.426,255.0,25.000,25.060,221.2,25.000,24.879,233.5
35.1451,129196,1136156,25.000,23.426,255.0,25.000,25.060,221.2,25.000,24.697,233.5
35.1451,129197,1136161,25.000,23.244,255.0,25.000,25.242,221.2,25.000,24.697,233.5
35.1451,129198,1136166,25.000,23.607,255.0,25.000,25.060,221.2,25.000,24.879,233.5
35.1451,129199,1136171,25.000,23.607,255.0,25.000,25.060,221.2,25.000,24.879,233.5
35.1451,129200,1136176,25.000,23.607,255.0,25.000,25.242,221.2,25.000,24.879,233.5
35.1451,129201,1136181,25.000,23.607,255.0,25.000,25.060,221.2,25.000,25.060,233.5
35.1451,129202,1136186,25.000,23.789,255.0,25.000,25.242,221.2,25.000,25.060,233.5
35.1451,129203,1136191,25.000,23.607,255.0,25.000,25.242,221.2,25.000,25.242,233.5
35.1451,129204,1136196,25.000,23.607,255.0,25.000,25.060,221.2,25.000,25.242,233.5
35.1451,129205,1136201,25.000,23.063,255.0,25.000,24.879,221.2,25.000,25.060,233.5
35.1451,129206,1136206,25.000,22.881,255.0,25.000,25.060,221.2,25.000,25.242,233.5
35.1451,129207,1136211,25.000,22.881,255.0,25.000,24.697,221.2,25.000,25.423,233.5
35.1451,129208,1136216,25.000,22.518,255.0,25.000,24.515,221.2,25.000,25.242,233.5
35.1451,129209,1136221,25.000,22.699,255.0,25.000,24.515,221.2,25.000,25.242,233.5
35.1939,129210,1136226,25.000,22.699,255.0,25.000,24.515,221.2,25.000,25.242,233.5
35.1939,129211,1136231,25.000,22.699,255.0,25.000,24.515,221.2,25.000,25.242,233.5
35.1939,129212,1136236,25.000,22.881,255.0,25.000,24.515,227.0,25.000,25.060,232.6
35.1939,129213,1136241,25.000,23.426,255.0,25.000,24.697,227.0,25.000,25.242,232.6
35.1939,129214,1136246,25.000,23.063,255.0,25.000,24.697,227.0,25.000,25.242,232.6
35.1939,129215,1136251,25.000,23.607,255.0,25.000,24.879,227.0,25.000,25.423,232.6
35.1939,129216,1136256,25.000,23.971,255.0,25.000,24.515,227.0,25.000,25.242,232.6
35.1939,129217,1136261,25.000,24.152,255.0,25.000,24.697,227.0,25.000,25.060,232.6
35.1949,129218,1136266,25.000,24.152,255.0,25.000,24.879,227.0,25.000,25.242,232.6
35.1949,129219,1136271,25.000,23.789,255.0,25.000,24.697,227.0,25.000,25.060,232.6
35.1949,129220,1136276,25.000,23.971,255.0,25.000,24.697,227.0,25.000,25.060,232.6
35.1949,129221,1136281,25.000,24.334,255.0,25.000,24.334,227.0,25.000,25.060,232.6
35.1949,129222,1136286,25.000,24.334,255.0,25.000,24.515,227.0,25.000,25.242,232.6
35.1949,129223,1136291,25.000,24.152,255.0,25.000,24.515,227.0,25.000,24.879,232.6
35.1949,129224,1136296,25.000,24.515,255.0,25.000,24.697,227.0,25.000,24.879,232.6
35.1949,129225,1136301,25.000,24.515,255.0,25.000,24.697,227.0,25.000,24.879,232.6
35.3103,129226,1136306,25.000,24.334,255.0,25.000,24.879,227.0,25.000,25.060,232.6
35.3113,129227,1136311,25.000,24.334,255.0,25.000,25.060,227.0,25.000,24.879,232.6
35.3113,129228,1136316,25.000,24.697,255.0,25.000,24.879,227.0,25.000,24.879,232.6
35.3113,129229,1136321,25.000,25.060,255.0,25.000,25.060,227.0,25.000,24.879,232.6
35.3113,129230,1136326,25.000,25.060,255.0,25.000,24.879,227.0,25.000,24.879,232.6
35.3113,129231,1136331,25.000,24.879,255.0,25.000,25.242,227.0,25.000,24.697,232.6
35.3113,129232,1136336,25.000,24.515,255.0,25.000,25.060,224.5,25.000,24.697,234.8
35.3113,129233,1136341,25.000,24.697,255.0,25.000,25.060,224.5,25.000,24.879,234.8
35.3113,129234,1136346,25.000,24.697,255.0,25.000,25.242,224.5,25.000,24.879,234.8
35.3113,129235,1136351,25.000,24.515,255.0,25.000,25.423,224.5,25.000,24.697,234.8
35.3113,129236,1136356,25.000,24.515,255.0,25.000,25.423,224.5,25.000,24.697,234.8
35.3113,129237,1136361,25.000,24.515,255.0,25.000,25.242,224.5,25.000,24.697,234.8
35.3113,129238,1136366,25.000,24.515,255.0,25.000,25.423,224.5,25.000,24.697,234.8
35.3113,129239,1136371,25.000,24.334,255.0,25.000,25.605,224.5,25.000,24.879,234.8
35.3113,129240,1136376,25.000,24.152,255.0,25.000,25.787,224.5,25.000,24.879,234.8
35.3113,129241,1136381,25.000,24.152,255.0,25.000,25.242,224.5,25.000,25.060,234.8
35.3946,129242,1136386,25.000,24.697,255.0,25.000,25.242,224.5,25.000,25.060,234.8
35.3956,129243,1136391,25.000,24.697,255.0,25.000,25.242,224.5,25.000,24.879,234.8
35.3956,129244,1136396,25.000,24.515,255.0,25.000,25.060,224.5,25.000,24.879,234.8
35.3956,129245,1136401,25.000,24.697,255.0,25.000,24.879,224.5,25.000,25.060,234.8
35.3956,129246,1136406,25.000,24.879,255.0,25.000,24.879,224.5,25.000,25.060,234.8
35.3956,129247,1136411,25.000,24.879,255.0,25.000,24.879,224.5,25.000,25.242,234.8
35.3956,129248,1136416,25.000,24.879,255.0,25.000,24.697,224.5,25.000,25.242,234.8
35.3956,129249,1136421,25.000,24.515,255.0,25.000,24.515,224.5,25.000,25.060,234.8
35.3956,129250,1136426,25.000,24.334,255.0,25.000,24.515,224.5,25.000,25.060,234.8
35.3956,129251,1136431,25.000,24.334,255.0,25.000,25.242,224.5,25.000,25.060,234.8
35.3956,129252,1136436,25.000,24.152,255.0,25.000,25.242,223.2,25.000,25.060,233.1
35.3956,129253,1136441,25.000,23.789,255.0,25.000,25.060,223.2,25.000,25.242,233.1
35.3956,129254,1136446,25.000,23.971,255.0,25.000,25.060,223.2,25.000,25.242,233.1
35.3956,129255,1136451,25.000,23.789,255.0,25.000,25.060,223.2,25.000,25.242,233.1
35.3956,129256,1136456,25.000,23.244,255.0,25.000,25.060,223.2,25.000,25.242,233.1
35.3956,129257,1136461,25.000,23.244,255.0,25.000,25.060,223.2,25.000,25.060,233.1
35.4752,129258,1136466,25.000,22.881,255.0,25.000,25.242,223.2,25.000,25.060,233.1
35.4752,129259,1136471,25.000,23.063,255.0,25.000,25.242,223.2,25.000,25.242,233.1
35.4752,129260,1136476,25.000,22.881,255.0,25.000,25.242,223.2,25.000,25.242,233.1
35.4752,129261,1136481,25.000,22.881,255.0,25.000,24.879,223.2,25.000,25.242,233.1
35.4752,129262,1136486,25.000,22.699,255.0,25.000,24.879,223.2,25.000,25.242,233.1
35.4752,129263,1136491,25.000,23.063,255.0,25.000,25.060,223.2,25.000,25.060,233.1
35.4752,129264,1136496,25.000,22.881,255.0,25.000,25.060,223.2,25.000,25.060,233.1
35.4752,129265,1136501,25.000,23.063,255.0,25.000,25.242,223.2,25.000,25.060,233.1
35.4752,129266,1136506,25.000,23.426,255.0,25.000,25.242,223.2,25.000,25.060,233.1
35.4752,129267,1136511,25.000,23.063,255.0,25.000,25.423,223.2,25.000,25.242,233.1
35.4752,129268,1136516,25.000,23.244,255.0,25.000,25.242,223.2,25.000,25.242,233.1
35.4752,129269,1136521,25.000,23.244,255.0,25.000,25.060,223.2,25.000,25.060,233.1
35.4752,129270,1136526,25.000,23.971,255.0,25.000,25.242,223.2,25.000,25.060,233.1
35.4752,129271,1136531,25.000,24.152,255.0,25.000,25.423,223.2,25.000,25.060,233.1
35.4752,129272,1136536,25.000,23.971,255.0,25.000,25.423,221.5,25.000,24.879,234.2
35.4752,129273,1136541,25.000,23.789,255.0,25.000,25.423,221.5,25.000,25.060,234.2
